reservoir,t,regime,status,is_surprise,residual_evidence,input_evidence,geometry_evidence,novelty_evidence,event_score,adaptation_frozen,ema_err,sigma,z,error_norm,energy_z,delta_z,rolling_var_z,period47_score,input_evidence_score,plasticity_z,state_var_z,eigen_dominance_z,low_plasticity_score,low_state_var_score,rank_collapse_score,threshold_multiplier,collapse_counter,freeze_remaining,event_active,episode_id,episode_age,merge_cooldown_remaining,rls_recovered,rls_p_clipped,w_out_clipped,recoveries
128,0,WARMUP,GREEN,False,0.0,0.0,0.0,0.0,0.0,False,0.10233504484168073,1e-06,0.0,0.10233504484168073,0.0,0.0,0.0,0.0,0.0,0.0,0.0,0.0,0.0,0.0,0.0,1.015,0,0,False,0,0,0,False,False,False,0
128,1,WARMUP,GREEN,False,0.0,0.0,0.0,0.0,0.0,False,0.10116155536693715,1e-06,39116.31582478553,0.0632187290168952,0.7071067811865481,0.7071067811865476,0.7071067811865476,0.0,0.0,-0.7071067811865474,0.7071067811865476,-0.7071067811865476,0.0,0.0,0.0,1.0299999999999998,0,0,False,0,0,0,False,False,False,0
128,2,WARMUP,GREEN,False,0.0,0.0,0.0,0.0,0.0,False,0.09936642166878455,1e-06,59837.789938419635,0.04132376542851751,-0.9220570270830408,0.5417423449008368,0.9560708858210558,0.0,0.0,-1.0107002290964022,0.921806133838986,1.1164685523961184,0.0,0.0,0.0,1.0449999999999997,0,0,False,0,0,0,False,False,False,0
128,3,WARMUP,GREEN,False,0.0,0.0,0.0,0.0,0.0,False,0.09716532167306509,1e-06,73369.99985731569,0.02599642181146887,0.458156850726266,0.4080585843211773,1.0177246416739985,0.0,0.0,-0.8659566651379302,1.0952185521570552,1.3519283834007865,0.0,0.0,0.0,1.0599999999999996,0,0,False,0,0,0,False,False,False,0
128,4,WARMUP,GREEN,False,0.0,0.0,0.0,0.0,0.0,False,0.09497965723574235,1e-06,72855.48124409135,0.02430984042897374,1.1314760091931304,0.2376257027010035,1.13922588132321,0.0,0.0,-0.7645847737374115,1.19438295855448,1.3828510248434838,0.0,0.0,0.0,1.0749999999999995,0,0,False,0,0,0,False,False,False,0
128,5,WARMUP,GREEN,False,0.0,0.0,0.0,0.0,0.0,False,0.09305567497626037,1e-06,64132.74198273278,0.03084691525300957,1.5432503367821067,0.6936049948507087,1.3673925924046146,0.0,0.0,-0.6829621637167087,1.2546801112427215,1.585232962994337,0.0,0.0,0.0,1.0899999999999994,0,0,False,0,0,0,False,False,False,0
128,6,WARMUP,GREEN,False,0.0,0.0,0.0,0.0,0.0,False,0.09094240621656347,1e-06,70442.29198989674,0.022613382986363628,0.7654434067737169,0.10875378735829086,1.3751371030115451,0.0,0.0,-0.8211470120469124,1.1807046786307664,1.3158437176147602,0.0,0.0,0.0,1.1049999999999993,0,0,False,0,0,0,False,False,False,0
128,7,WARMUP,GREEN,False,0.0,0.0,0.0,0.0,0.0,False,0.08888409026748097,0.008820046331596656,68610.53163608343,0.022331874580480044,1.701611979384043,-0.025081655476330095,1.4887025756825831,0.0,0.0,-0.6109275543635453,1.3172631764427873,1.5339150840147562,0.0,0.0,0.0,1.1199999999999992,0,0,False,0,0,0,False,False,False,0
128,8,WARMUP,GREEN,False,0.0,0.0,0.0,0.0,0.0,False,0.0869865699205783,0.005433057724664033,7.171241040254141,0.025633412037392042,1.6316442345121316,0.440775291749931,1.6963142562184412,0.0,0.0,-0.3336398543396573,1.3501555843462827,1.501595608188002,0.0,0.0,0.0,1.1349999999999991,0,0,False,0,0,0,False,False,False,0
128,9,WARMUP,GREEN,False,0.0,0.0,0.0,0.0,0.0,False,0.08554035346012923,0.008820046331596656,8.872943707087773,0.03877935457227595,1.397659918294284,1.2151528069083415,1.6163503761798756,0.0,0.0,-0.5030287391136852,1.3858536084410402,1.3324774625361353,0.0,0.0,0.0,1.149999999999999,0,0,False,0,0,0,False,False,False,0
128,10,WARMUP,GREEN,False,0.0,0.0,0.0,0.0,0.0,False,0.08384564694246278,0.009543130321329547,6.404752892644014,0.029050136204581318,1.5118978590162147,0.34903386394727076,1.5876607372165432,0.0,0.0,-0.7512686866611562,1.4041986174768024,0.9964686269373856,0.0,0.0,0.0,1.164999999999999,0,0,False,0,0,0,False,False,False,0
128,11,WARMUP,GREEN,False,0.0,0.0,0.0,0.0,0.0,False,0.08210976450766809,0.006103517469264638,6.06328802795056,0.025982899115973363,1.7487770776995628,-0.00783256725020763,1.6515106377218205,0.0,0.0,-0.4131824986937335,1.4679599022784486,0.6325025904872124,0.0,0.0,0.0,1.1799999999999988,0,0,False,0,0,0,False,False,False,0
128,12,WARMUP,GREEN,False,0.0,0.0,0.0,0.0,0.0,False,0.08046585537412099,0.005239689074941666,8.977933035200959,0.027312793389430948,1.5920901992095473,0.08433139167473337,1.6036949609679712,0.0,0.0,-0.8378008333657961,1.518742735604372,0.03506982993169231,0.0,0.0,0.0,1.1949999999999987,0,0,False,0,0,0,False,False,False,0
128,13,WARMUP,GREEN,False,0.0,0.0,0.0,0.0,0.0,False,0.07888937288135509,0.00484593356705776,10.029109680733287,0.027916438948591086,1.4253422812455574,0.27698476948373285,1.5599804537478963,0.0,0.0,-0.7639403272968435,1.4695439221607702,-0.18057803347974719,0.0,0.0,0.0,1.2099999999999986,0,0,False,0,0,0,False,False,False,0
128,14,WARMUP,GREEN,False,0.0,0.0,0.0,0.0,0.0,False,0.07722698110615639,0.005239689074941666,11.434960551251294,0.023476313708065136,1.2207279772520652,-0.15256397192195417,1.52171643732714,0.0,0.0,-0.7742725461152128,1.4024875707845599,-1.0416677316316723,0.0,0.0,0.0,1.2249999999999985,0,0,False,0,0,0,False,False,False,0
128,15,WARMUP,GREEN,False,0.0,0.0,0.0,0.0,0.0,False,0.07591165022388831,0.005517553870388811,8.367741313497207,0.03338261836388704,1.447631044077175,0.8747078176197801,1.574403733372978,0.0,0.0,-0.31565099583162054,1.4009173894938285,-1.1688053006394712,0.0,0.0,0.0,1.2399999999999984,0,0,False,0,0,0,False,False,False,0
128,16,WARMUP,GREEN,False,0.0,0.0,0.0,0.0,0.0,False,0.07431056581030482,0.005687964775592951,9.67267048160636,0.022542169771105524,0.9163942692559204,-0.21875155750615768,1.5180326398225317,0.0,0.0,-0.9163238843345288,1.2452417820732924,-1.3614813903087444,0.0,0.0,0.0,1.2549999999999983,0,0,False,0,0,0,False,False,False,0
128,17,WARMUP,GREEN,False,0.0,0.0,0.0,0.0,0.0,False,0.07268458925073448,0.006044309969315153,9.528754271635687,0.02011134715796016,0.7550275534789118,-0.7025402762039756,1.4745512322091423,0.0,0.0,-0.6528954162289305,1.0816225014415717,-1.6380640590083484,0.0,0.0,0.0,1.2699999999999982,0,0,False,0,0,0,False,False,False,0
128,18,WARMUP,GREEN,False,0.0,0.0,0.0,0.0,0.0,False,0.07136911862351594,0.005687964775592951,7.254595004209041,0.028835568343449868,0.8861417381652918,0.33111215893482454,1.432801598717648,0.0,0.0,-0.8261812377304693,1.0697075293158422,-1.736494519690242,0.0,0.0,0.0,1.2849999999999981,0,0,False,0,0,0,False,False,False,0
128,19,WARMUP,GREEN,False,0.0,0.0,0.0,0.0,0.0,False,0.06990384807190043,0.006044309969315153,8.586964520262054,0.022526766902998957,0.20027977401587257,0.08048099862809147,1.3516943713647236,0.0,0.0,-0.7883179101952126,0.8262906068945899,-1.7626600433443753,0.0,0.0,0.0,1.299999999999998,0,0,False,0,0,0,False,False,False,0
128,20,WARMUP,GREEN,False,0.0,0.0,0.0,0.0,0.0,False,0.06863258795630899,0.005687964775592951,7.010781611384342,0.027528510885518706,0.11663736183225763,0.41287954715191594,1.3257377919406856,0.0,0.0,-0.42467603512320234,0.6565154728096838,-2.0486416647369903,0.0,0.0,0.0,1.314999999999998,0,0,False,0,0,0,False,False,False,0
128,21,WARMUP,GREEN,False,0.0,0.0,0.0,0.0,0.0,False,0.06728152982373882,0.005351829068846992,7.917642401534956,0.02359731687063697,0.06893237730067696,-0.3211366772523986,1.2636527153669412,0.0,0.0,-0.8400922881816492,0.5681602837524711,-1.3998629699319654,0.0,0.0,0.0,1.3299999999999979,0,0,False,0,0,0,False,False,False,0
128,22,WARMUP,GREEN,False,0.0,0.0,0.0,0.0,0.0,False,0.06600415547952986,0.004527436959228515,7.955998642561013,0.024702385016773572,-1.0279066575323026,1.2608706441953685,1.2364882669457136,0.0,0.0,0.06976482761169402,0.15705501899390667,-1.6017904830182608,0.0,0.0,0.0,1.3449999999999978,0,0,False,0,0,0,False,False,False,0
128,23,WARMUP,GREEN,False,0.0,0.0,0.0,0.0,0.0,False,0.06496802440250803,0.005351829068846992,7.6285330703488174,0.03146645291213564,-0.9116126308639478,0.5936148802246494,1.2213018607027497,0.0,0.0,-0.26834276446702154,-0.03675861146167607,-0.9704225340731204,0.0,0.0,0.0,1.35,0,0,False,0,0,0,False,False,False,0
128,24,WARMUP,GREEN,False,0.0,0.0,0.0,0.0,0.0,False,0.06357245463751388,0.005015693362101032,8.692167027018577,0.018449032236036667,-1.3340753054870889,-0.3991272215013359,1.234889625002994,0.0,0.0,-0.19744026396143566,-0.3232184147072682,-0.6135601361683083,0.0,0.0,0.0,1.35,0,0,False,0,0,0,False,False,False,0
128,25,WARMUP,GREEN,False,0.0,0.0,0.0,0.0,0.0,False,0.062353041352742916,0.00477441143962285,8.103986140679552,0.02292534514514868,-1.933456593331783,0.6018079741642743,1.2809283891445666,0.0,0.0,0.0798619742484938,-0.6410445109220922,0.7038372773623367,0.0,0.0,0.0,1.35,0,0,False,0,0,0,False,False,False,0
128,26,WARMUP,GREEN,False,0.0,0.0,0.0,0.0,0.0,False,0.061370359329050286,0.005015693362101032,6.860755062828982,0.02959697389632183,-1.7189172653670788,0.33646367663844057,1.2791435354253502,0.0,0.0,-0.5018759402629624,-0.8365564026202224,0.4101216905538785,0.0,0.0,0.0,1.35,0,0,False,0,0,0,False,False,False,0
128,27,WARMUP,GREEN,False,0.0,0.0,0.0,0.0,0.0,False,0.0605331389480611,0.00576026206453696,5.564005615622918,0.03346301329607755,-1.8228741445738137,1.8628768736404557,1.4095439302223072,0.0,0.0,0.8244507801894393,-1.1207041346467028,0.40924482028598197,0.0,0.0,0.0,1.35,0,0,False,0,0,0,False,False,False,0
128,28,WARMUP,GREEN,False,0.0,0.0,0.0,0.0,0.0,False,0.05931119826792602,0.005121274075042696,7.071094257198003,0.019801782943558287,-1.9335171788677736,-0.5738111847363647,1.5341927244420197,0.0,0.0,0.3415986963660669,-1.2905948614407372,-0.8003388626652203,0.0,0.0,0.0,1.35,0,0,False,0,0,0,False,False,False,0
128,29,WARMUP,GREEN,False,0.0,0.0,0.0,0.0,0.0,False,0.05806817519763551,0.005122667846999273,8.090584830235132,0.017877095924909128,-1.8537364468018067,-1.157200863899746,1.656817756444621,0.0,0.0,0.19122717609152917,-1.3805759138425295,-1.9808325425355873,0.0,0.0,0.0,1.35,0,0,False,0,0,0,False,False,False,0
128,30,WARMUP,GREEN,False,0.0,0.0,0.0,0.0,0.0,False,0.05720051471171866,0.005121274075042696,5.6458894195472995,0.029146159000407172,-1.3553939124701981,0.08516632894634281,1.8081985766785247,0.0,0.0,0.38304794326948954,-1.3762253506437725,-1.3384830367261003,0.0,0.0,0.0,1.35,0,0,False,0,0,0,False,False,False,0
128,31,WARMUP,GREEN,False,0.0,0.0,0.0,0.0,0.0,False,0.056184597911805925,0.005058459344401043,6.612396219029166,0.02333662138129424,-1.6734791047257191,0.3604668877758335,1.910286464842048,0.0,0.0,-0.06069627464562889,-1.3861374726717246,-0.7297605058033082,0.0,0.0,0.0,1.35,0,0,False,0,0,0,False,False,False,0
128,32,WARMUP,GREEN,False,0.0,0.0,0.0,0.0,0.0,False,0.05543991223650986,0.005121274075042696,4.907196866310146,0.03136174206860385,-1.0370165011502122,0.5771578900963285,1.9207344319488104,0.0,0.0,0.23294602349497218,-1.277112142351056,-1.4598029105290133,0.0,0.0,0.0,1.35,0,0,False,0,0,0,False,False,False,0
128,33,WARMUP,GREEN,False,0.0,0.0,0.0,0.0,0.0,False,0.05471025355818552,0.006044309969315153,4.749200216147747,0.031117956292365235,-0.9734826707107579,0.562997073408054,1.9624695923733155,0.0,0.0,0.08583215841950043,-1.1836640203398983,-1.8444536215500842,0.0,0.0,0.0,1.35,0,0,False,0,0,0,False,False,False,0
128,34,WARMUP,GREEN,False,0.0,0.0,0.0,0.0,0.0,False,0.054052481065313275,0.006002971311741745,3.627502539366381,0.03278450379577727,-0.7955712324798837,1.2891894079692532,2.093396558000731,0.0,0.0,0.18553995584574698,-1.0943633440382972,-0.7141549197543032,0.0,0.0,0.0,1.35,0,0,False,0,0,0,False,False,False,0
128,35,WARMUP,GREEN,False,0.0,0.0,0.0,0.0,0.0,False,0.053334111205236186,0.0059230901919774615,3.9889682557256534,0.03010681906274367,-0.19506460727149522,0.2738706543693957,2.2560562626858416,0.0,0.0,0.2789155200425859,-0.9033210603286369,0.16198958453046589,0.0,0.0,0.0,1.35,0,0,False,0,0,0,False,False,False,0
128,36,WARMUP,GREEN,False,0.0,0.0,0.0,0.0,0.0,False,0.05268345584715257,0.006007787535292662,3.6616886174545527,0.031645599269115615,0.12030518212877081,0.9066297178598947,2.4081245745217195,0.0,0.0,0.44213729524328954,-0.6969163826935065,-0.0063011591730033996,0.0,0.0,0.0,1.35,0,0,False,0,0,0,False,False,False,0
128,37,WARMUP,GREEN,False,0.0,0.0,0.0,0.0,0.0,False,0.051975000283642124,0.00596619174199222,3.93076241655035,0.029068270396804513,0.40607154863837713,0.18204812784716579,2.5141915705199573,0.0,0.0,0.17807338856464705,-0.4734843257150701,-0.7530972760509127,0.0,0.0,0.0,1.35,0,0,False,0,0,0,False,False,False,0
128,38,WARMUP,GREEN,False,0.0,0.0,0.0,0.0,0.0,False,0.051238324930294364,0.0058383928486622615,4.115832372392419,0.027419155172050225,0.6969183296791345,-0.022181926952415727,2.605193659342822,0.0,0.0,0.34663031606260164,-0.19595012416635252,-0.8582774636785461,0.0,0.0,0.0,1.35,0,0,False,0,0,0,False,False,False,0
128,39,WARMUP,GREEN,False,0.0,0.0,0.0,0.0,0.0,False,0.05032481967386197,0.0059230901919774615,5.215506390836625,0.020788149715881492,0.9916918761887599,-0.2278926078049261,2.658013815603198,0.0,0.0,0.26785216086140073,0.11990334457799885,-1.2228433674604426,0.0,0.0,0.0,1.35,0,0,False,0,0,0,False,False,False,0
128,40,WARMUP,GREEN,False,0.0,0.0,0.0,0.0,0.0,False,0.0495540600818165,0.005845656754504293,4.3375983766572075,0.02463283327234631,1.3491583090026433,-0.42774085504191567,2.690937897833637,0.0,0.0,0.059850043895234226,0.4515638801339437,-1.7889218047053477,0.0,0.0,0.0,1.35,0,0,False,0,0,0,False,False,False,0
128,41,WARMUP,GREEN,False,0.0,0.0,0.0,0.0,0.0,False,0.04899555168562504,0.0058418360907463345,3.1847484930363192,0.030937113542101376,1.4459542237119707,0.06472364826240386,2.653734234506258,0.0,0.0,-0.47764985453113085,0.7577628129939299,-1.3428853291957867,0.0,0.0,0.0,1.35,0,0,False,0,0,0,False,False,False,0
128,42,WARMUP,GREEN,False,0.0,0.0,0.0,0.0,0.0,False,0.048127479712739715,0.005845656754504293,4.953191424755315,0.020059819256114185,1.540631539983135,-0.9717797133567584,2.58238136433176,0.0,0.0,-0.6741799832916682,1.0195018948623094,-1.5373795332499867,0.0,0.0,0.0,1.35,0,0,False,0,0,0,False,False,False,0
128,43,WARMUP,GREEN,False,0.0,0.0,0.0,0.0,0.0,False,0.04739990402520777,0.005845468043667348,4.148810636040821,0.02387495679500844,1.5198484951327755,-0.7642535799221744,2.463146528461796,0.0,0.0,-1.1108913582718993,1.1906743685497874,-1.586299899319224,0.0,0.0,0.0,1.35,0,0,False,0,0,0,False,False,False,0
128,44,WARMUP,GREEN,False,0.0,0.0,0.0,0.0,0.0,False,0.04656648754658612,0.005895072619263481,4.752493569353169,0.01961935473781925,1.6986311962333407,-0.9030486224923097,2.3534322158275653,0.0,0.0,-1.1013970428184343,1.3730277178342,-1.8448006393534546,0.0,0.0,0.0,1.35,0,0,False,0,0,0,False,False,False,0
128,45,WARMUP,GREEN,False,0.0,0.0,0.0,0.0,0.0,False,0.045751975924432385,0.006108518471913383,4.605606946452954,0.019416100141461622,1.6816707202125134,-0.9861084713537351,2.2288119491318374,0.0,0.0,-0.9237518475426728,1.4836156062657901,-1.9061361022407788,0.0,0.0,0.0,1.35,0,0,False,0,0,0,False,False,False,0
128,46,WARMUP,GREEN,False,0.0,0.0,0.0,0.0,0.0,False,0.045277795726201,0.005895072619263481,2.5875352068407658,0.02994596931671935,1.2454649146331647,0.737686450975345,2.0655967915663647,0.0,0.0,-1.0448725839893722,1.4149431500686829,-1.688353741215709,0.0,0.0,0.0,1.35,0,0,False,0,0,0,False,False,False,0
128,47,WARMUP,GREEN,False,0.0,0.0,0.0,0.0,0.0,False,0.04471447026959929,0.005939123912661033,3.185289890865369,0.026500280506143798,1.6093371076861982,0.07469171349539319,1.8975260253204573,0.0,0.0,-1.2142532624756008,1.5265495986311968,-1.8345861678786972,0.0,0.0,0.0,1.35,0,0,False,0,0,0,False,False,False,0
128,48,WARMUP,GREEN,False,0.0,0.0,0.0,0.0,0.0,False,0.04391599078623625,0.005868294975767745,4.481466150592992,0.01809848749083146,1.4059712883546152,-1.5292156166550017,1.7266338292776158,0.0,0.0,-1.3879804055007834,1.5308929537473863,-1.8375220576169853,0.0,0.0,0.0,1.35,0,0,False,0,0,0,False,False,False,0
128,49,WARMUP,GREEN,False,0.0,0.0,0.0,0.0,0.0,False,0.04318518107229358,0.005619092666018757,4.1511757501423405,0.019555666988147053,1.0130682998606013,-0.5821430637055879,1.5316227460840208,0.0,0.0,-0.8444147901909378,1.3694975598259758,-1.999692213168007,0.0,0.0,0.0,1.35,0,0,False,0,0,0,False,False,False,0
128,50,WARMUP,GREEN,False,0.0,0.0,0.0,0.0,0.0,False,0.04263703998432227,0.005433057724664033,3.2516583521640174,0.02491381147325011,1.0367340787720385,-0.3514438527761987,1.315451067281927,0.0,0.0,-1.3802974219966284,1.2595280012230863,-1.8969207058306965,0.0,0.0,0.0,1.35,0,0,False,0,0,0,False,False,False,0
128,51,WARMUP,GREEN,False,0.0,0.0,0.0,0.0,0.0,False,0.042243495823952905,0.005506202671532616,2.4145038289262626,0.029518901305343556,0.4078472309479625,1.0907539209063104,1.0908730111994727,0.0,0.0,-0.47619837831204453,0.9426324170877411,-2.0321511338808587,0.0,0.0,0.0,1.35,0,0,False,0,0,0,False,False,False,0
128,52,WARMUP,GREEN,False,0.0,0.0,0.0,0.0,0.0,False,0.04149659165110491,0.005433057724664033,4.521592692240989,0.017346690062353218,0.2775066626251303,-1.459880291817826,0.8540392972040818,0.0,0.0,-1.0067767509921675,0.7132272613373264,-1.99528626417498,0.0,0.0,0.0,1.35,0,0,False,0,0,0,False,False,False,0
128,53,WARMUP,GREEN,False,0.0,0.0,0.0,0.0,0.0,False,0.041247845333254464,0.005619092666018757,1.5261284434192244,0.0332050477227566,-0.11284106057154028,1.521804599041064,0.5916001860925286,0.0,0.0,0.4074015348818976,0.3395801055706255,-1.7931997512046691,0.0,0.0,0.0,1.35,0,0,False,0,0,0,False,False,False,0
128,54,WARMUP,GREEN,False,0.0,0.0,0.0,0.0,0.0,False,0.04070964500573487,0.005433057724664033,3.192688212068686,0.023307834415934772,-0.37623775728649983,-0.1803821798671931,0.37367885036756626,0.0,0.0,-0.6064419091864999,0.09426468515081475,-1.3402563514929389,0.0,0.0,0.0,1.35,0,0,False,0,0,0,False,False,False,0
128,55,WARMUP,GREEN,False,0.0,0.0,0.0,0.0,0.0,False,0.039973583368885166,0.005644328427974198,4.515944637143937,0.01617425711074489,-0.7265934949273051,-1.1770915144381622,0.1454151770481462,0.0,0.0,-0.6170445529018891,-0.18147610838160033,-1.2687276047820488,0.0,0.0,0.0,1.35,0,0,False,0,0,0,False,False,False,0
128,56,WARMUP,GREEN,False,0.0,0.0,0.0,0.0,0.0,False,0.03934262574060095,0.005875647879626002,3.726204314860498,0.018941662426077935,-1.2021081970968606,-0.5134689025571693,-0.06033063798168082,0.0,0.0,-0.3516228562135234,-0.4737659938266578,-0.8610016163395101,0.0,0.0,0.0,1.35,0,0,False,0,0,0,False,False,False,0
128,57,WARMUP,GREEN,False,0.0,0.0,0.0,0.0,0.0,False,0.03876549257835977,0.006253960567706166,3.2741533306332733,0.020104853665895143,-1.5410887596731402,-0.5028453450307684,-0.23283672713964654,0.0,0.0,0.1473566629675203,-0.7924648381537298,-0.6357163590422904,0.0,0.0,0.0,1.35,0,0,False,0,0,0,False,False,False,0
128,58,WARMUP,GREEN,False,0.0,0.0,0.0,0.0,0.0,False,0.038227193407325236,0.0066322732557863254,2.869110782982167,0.020822186877208732,-1.824863308953566,-0.45845899731057027,-0.4014174793154048,0.0,0.0,-0.11061932087027518,-1.0497801892646104,-0.8870715772721814,0.0,0.0,0.0,1.35,0,0,False,0,0,0,False,False,False,0
128,59,WARMUP,GREEN,False,0.0,0.0,0.0,0.0,0.0,False,0.03794900482513775,0.006253960567706166,1.3981560140774616,0.02895424066774248,-1.9754389543319013,0.7745141054032135,-0.495313795672985,0.0,0.0,0.4592564267797174,-1.2653016864093978,-0.6796849905899819,0.0,0.0,0.0,1.35,0,0,False,0,0,0,False,False,False,0
128,60,WARMUP,GREEN,False,0.0,0.0,0.0,0.0,0.0,False,0.037533980857707226,0.006393797422330668,2.2120593978670073,0.024114872577453643,-2.3357584080989717,0.05211968887871577,-0.5484897159059069,0.0,0.0,0.15434693739949024,-1.4520819763085513,-0.4110240496978081,0.0,0.0,0.0,1.35,0,0,False,0,0,0,False,False,False,0
128,61,WARMUP,GREEN,False,0.0,0.0,0.0,0.0,0.0,False,0.03703155289309784,0.0066249142719812465,2.6193508667980185,0.020786382037394455,-2.302863966955787,-1.037980981872713,-0.5638216698323029,0.0,0.0,0.23792825186367234,-1.5763739558351824,0.2997848371895015,0.0,0.0,0.0,1.35,0,0,False,0,0,0,False,False,False,0
128,62,WARMUP,GREEN,False,0.0,0.0,0.0,0.0,0.0,False,0.03683524962134166,0.0066322732557863254,0.9877021985849583,0.030488110501225095,-2.4600845547990744,0.6383488426739546,-0.5381329255303019,0.0,0.0,0.787401299744209,-1.6882245051826137,0.03706925303012788,0.0,0.0,0.0,1.35,0,0,False,0,0,0,False,False,False,0
128,63,WARMUP,GREEN,False,0.0,0.0,0.0,0.0,0.0,False,0.03653255590357742,0.006253960567706166,1.521317081339844,0.026745459029200502,-2.3579549456138347,0.015128239318122952,-0.46217713257564613,0.0,0.0,0.5441942978123923,-1.7350660905729345,0.6221414614687386,0.0,0.0,0.0,1.35,0,0,False,0,0,0,False,False,False,0
128,64,WARMUP,GREEN,False,0.0,0.0,0.0,0.0,0.0,False,0.036559322189709406,0.006114123713081659,0.14266312172482248,0.03742476544131033,-1.8234154803585478,0.5113955436400479,-0.3269090986335558,0.0,0.0,1.1723747674920906,-1.6904478887965988,0.044166546803225945,0.0,0.0,0.0,1.35,0,0,False,0,0,0,False,False,False,0
128,65,WARMUP,GREEN,False,0.0,0.0,0.0,0.0,0.0,False,0.03642247774336681,0.0063867506822571215,0.746056468401768,0.0319978406449562,-1.600931828436575,0.22030766490220471,-0.1710606668383597,0.0,0.0,0.8011297288998741,-1.6083651435083057,-0.20228755629252046,0.0,0.0,0.0,1.35,0,0,False,0,0,0,False,False,False,0
128,66,WARMUP,GREEN,False,0.0,0.0,0.0,0.0,0.0,False,0.03639204661466531,0.006659377651432579,0.1588242609085272,0.03540810678665029,-1.3109730245393822,0.7095014079139129,0.03156888536751507,0.0,0.0,0.7794865023916883,-1.4964352381962642,0.37346661985283597,0.0,0.0,0.0,1.35,0,0,False,0,0,0,False,False,False,0
128,67,WARMUP,GREEN,False,0.0,0.0,0.0,0.0,0.0,False,0.03630036554257974,0.006551849163567889,0.4589071075625613,0.03333601087847962,-0.8668725128133611,0.9213793218585609,0.26939608011516547,0.0,0.0,0.68776662805347,-1.2951558271071586,0.7381168876411771,0.0,0.0,0.0,1.35,0,0,False,0,0,0,False,False,False,0
128,68,WARMUP,GREEN,False,0.0,0.0,0.0,0.0,0.0,False,0.03621378496380124,0.006444320675703194,0.4404892757093147,0.03341434624996304,-0.45529343185223414,1.0283578444225265,0.5501444561686123,0.0,0.0,0.891060732971145,-1.0736535947830745,-0.18543214752533427,0.0,0.0,0.0,1.35,0,0,False,0,0,0,False,False,False,0
128,69,WARMUP,GREEN,False,0.0,0.0,0.0,0.0,0.0,False,0.03596304848168333,0.006312199650546138,1.2969377468714356,0.02785590222653773,-0.2807700602005848,0.051089306308285454,0.8078792137733107,0.0,0.0,0.1083605966699187,-0.8262394225621914,0.4581536945917656,0.0,0.0,0.0,1.35,0,0,False,0,0,0,False,False,False,0
128,70,WARMUP,GREEN,False,0.0,0.0,0.0,0.0,0.0,False,0.035781050919453605,0.0062317966540516145,0.9610889616161632,0.029896463074026033,0.004480517651801953,0.5873962066724769,1.073738866927814,0.0,0.0,0.10042046708798372,-0.6025720461007487,-0.03170114363218665,0.0,0.0,0.0,1.35,0,0,False,0,0,0,False,False,False,0
128,71,WARMUP,GREEN,False,0.0,0.0,0.0,0.0,0.0,False,0.03539844479883635,0.006167725971862868,2.046526557572564,0.02302751356554513,0.2750951972910762,-0.4401708555780629,1.3249389644464638,0.0,0.0,-0.09796874539229794,-0.3467803490665306,0.25528964404876714,0.0,0.0,0.0,1.35,0,0,False,0,0,0,False,False,False,0
128,72,WARMUP,GREEN,False,0.0,0.0,0.0,0.0,0.0,False,0.035030192097415334,0.0059123567507075305,1.9902132655319438,0.023123354751468973,0.6267888372774921,-0.4800718358596795,1.5520440650680332,0.0,0.0,0.07333030369620686,-0.023956289438581267,-0.045960485309914076,0.0,0.0,0.0,1.35,0,0,False,0,0,0,False,False,False,0
128,73,WARMUP,GREEN,False,0.0,0.0,0.0,0.0,0.0,False,0.03468128538862648,0.005763566344702027,1.9671045095348103,0.023399968471119973,0.5972643611795327,-0.41578980986501374,1.714807186529342,0.0,0.0,-0.5896916536563321,0.15942338229446468,-0.36570096376885347,0.0,0.0,0.0,1.35,0,0,False,0,0,0,False,False,False,0
128,74,WARMUP,GREEN,False,0.0,0.0,0.0,0.0,0.0,False,0.034462169038370453,0.005891131268022541,1.2672498076787881,0.0273774070467589,0.6208948489744254,0.01868495111796783,1.8128823496921123,0.0,0.0,-0.7415420774535015,0.3269556088393553,-0.6990909046357273,0.0,0.0,0.0,1.35,0,0,False,0,0,0,False,False,False,0
128,75,WARMUP,GREEN,False,0.0,0.0,0.0,0.0,0.0,False,0.03442964821370413,0.006061463961037075,0.18401007201478584,0.03337814154949307,0.9176864830597867,1.329204746858914,1.8883353032749668,0.0,0.0,-0.05549784219292304,0.5992307901295073,-0.8402838827973936,0.0,0.0,0.0,1.35,0,0,False,0,0,0,False,False,False,0
128,76,WARMUP,GREEN,False,0.0,0.0,0.0,0.0,0.0,False,0.03441642859546329,0.006214546980826835,0.07269760971835643,0.033988994272342775,0.9839236129599499,1.1578882449852022,1.9039767756451442,0.0,0.0,-0.7081565170426828,0.73749906879194,-0.9975957113902347,0.0,0.0,0.0,1.35,0,0,False,0,0,0,False,False,False,0
128,77,WARMUP,GREEN,False,0.0,0.0,0.0,0.0,0.0,False,0.03412867501459424,0.006061463961037075,1.5434409070461523,0.02482464256649499,0.9847572857531397,0.2846597177678956,1.868619415209608,0.0,0.0,-0.8415676317216931,0.8265741519631109,-1.3771339312410573,0.0,0.0,0.0,1.35,0,0,False,0,0,0,False,False,False,0
128,78,WARMUP,GREEN,False,0.0,0.0,0.0,0.0,0.0,False,0.03366051178159434,0.0059123567507075305,2.5745333471102065,0.018523233914597568,0.9516777431239012,-1.5118890164827425,1.813861933251664,0.0,0.0,-1.0263534296217818,0.8959193414434327,-1.1355775930468182,0.0,0.0,0.0,1.35,0,0,False,0,0,0,False,False,False,0
128,79,WARMUP,GREEN,False,0.0,0.0,0.0,0.0,0.0,False,0.033339398608797734,0.005763566344702027,1.81040706403121,0.022956739355040817,0.700193157632917,-0.3995050458415373,1.670725978700141,0.0,0.0,-1.2817993476560696,0.8112786025478687,-1.427282899870778,0.0,0.0,0.0,1.35,0,0,False,0,0,0,False,False,False,0
128,80,WARMUP,GREEN,False,0.0,0.0,0.0,0.0,0.0,False,0.03326234973467931,0.0059123567507075305,0.445608786356416,0.03077110280485038,0.9839359579934167,0.6830768512208305,1.5286127402630858,0.0,0.0,-0.744478160907735,0.9157856751419646,-0.981106755083891,0.0,0.0,0.0,1.35,0,0,False,0,0,0,False,False,False,0
128,81,WARMUP,GREEN,False,0.0,0.0,0.0,0.0,0.0,False,0.03303280329891823,0.005763566344702027,1.2941620712902562,0.02561080187597672,0.8231787379598177,-0.1105979013502554,1.3712310191454067,0.0,0.0,-0.948897997036756,0.8697997079389536,-0.7689980218318401,0.0,0.0,0.0,1.35,0,0,False,0,0,0,False,False,False,0
128,82,WARMUP,GREEN,False,0.0,0.0,0.0,0.0,0.0,False,0.03260276646733209,0.00609407496474002,2.487099166655351,0.018698242246046992,0.8049323686715324,-1.5089640795526431,1.1722932329325386,0.0,0.0,-0.8944879908203882,0.8164494124635358,-1.1816506590844107,0.0,0.0,0.0,1.35,0,0,False,0,0,0,False,False,False,0
128,83,WARMUP,GREEN,False,0.0,0.0,0.0,0.0,0.0,False,0.03245160749134358,0.005763566344702027,0.8268084265624716,0.027564133934381643,0.6060605946961771,0.8591183350252485,0.9880335584536991,0.0,0.0,-0.5953841245566426,0.7171848636021614,-0.8796324269215753,0.0,0.0,0.0,1.35,0,0,False,0,0,0,False,False,False,0
128,84,WARMUP,GREEN,False,0.0,0.0,0.0,0.0,0.0,False,0.032426083361441954,0.0059123567507075305,0.14761768654508453,0.031600803161289555,0.66053201033205,0.32971896308270027,0.7894948960899769,0.0,0.0,-0.3881691052064522,0.6049164184781883,-0.7248811066190128,0.0,0.0,0.0,1.35,0,0,False,0,0,0,False,False,False,0
128,85,WARMUP,GREEN,False,0.0,0.0,0.0,0.0,0.0,False,0.03231818705457328,0.006061463961037075,0.6083096325096639,0.028829539799153026,0.2596516649709387,1.2188827606869106,0.5854305573066374,0.0,0.0,-0.06834869891373943,0.40671232466169566,-0.5799173899347929,0.0,0.0,0.0,1.35,0,0,False,0,0,0,False,False,False,0
128,86,WARMUP,GREEN,False,0.0,0.0,0.0,0.0,0.0,False,0.0323723015956823,0.00612621594110995,0.2975878514765176,0.03412200509154065,0.29972686216513106,0.11608772241225374,0.383917434045095,0.0,0.0,0.059805593351705585,0.28044989866586945,-0.0824141698008553,0.0,0.0,0.0,1.35,0,0,False,0,0,0,False,False,False,0
128,87,WARMUP,GREEN,False,0.0,0.0,0.0,0.0,0.0,False,0.0321284597540943,0.006061463961037075,1.3267670392947228,0.024244240209415718,0.20438232473905268,-0.051117129958390344,0.18038193812252826,0.0,0.0,-0.5262191428610797,0.16259631098087776,0.21429435301437982,0.0,0.0,0.0,1.35,0,0,False,0,0,0,False,False,False,0
128,88,WARMUP,GREEN,False,0.0,0.0,0.0,0.0,0.0,False,0.031918390204635494,0.005891131268022541,1.1552189966490292,0.0251261414388008,-0.09036604666008392,0.9090944854790626,0.0013102593125724213,0.0,0.0,0.6819439772427645,-0.07794643963069615,0.783220467649827,0.0,0.0,0.0,1.35,0,0,False,0,0,0,False,False,False,0
128,89,WARMUP,GREEN,False,0.0,0.0,0.0,0.0,0.0,False,0.032126829636617775,0.006061463961037075,1.1793967491082984,0.038866371270711526,0.19175472962590862,1.3560039373697037,-0.14289279006881322,0.0,0.0,0.3815232234457455,-0.11431150822080963,0.42624054165602704,0.0,0.0,0.0,1.35,0,0,False,0,0,0,False,False,False,0
128,90,WARMUP,GREEN,False,0.0,0.0,0.0,0.0,0.0,False,0.03194120431138149,0.005891131268022541,1.0207947916514275,0.025939318795408298,-0.439063039312948,1.2239660597241968,-0.2872968239159654,0.0,0.0,0.4558845856626623,-0.3504063876818821,-0.152167204867119,0.0,0.0,0.0,1.35,0,0,False,0,0,0,False,False,False,0
128,91,WARMUP,GREEN,False,0.0,0.0,0.0,0.0,0.0,False,0.03150893949377953,0.005763566344702027,2.4458506520828642,0.017532377057982808,-0.348078525751207,-0.1230984686939788,-0.39029748632420935,0.0,0.0,0.6612838840504833,-0.48495523427635157,-0.33118258630515174,0.0,0.0,0.0,1.35,0,0,False,0,0,0,False,False,False,0
128,92,WARMUP,GREEN,False,0.0,0.0,0.0,0.0,0.0,False,0.031510766059704216,0.0059123567507075305,0.010563863965717494,0.03156982502460235,-0.37673456284699697,-0.5257572169915838,-0.45271144034713545,0.0,0.0,0.4367663821960955,-0.5350981204171178,0.2617298008618294,0.0,0.0,0.0,1.35,0,0,False,0,0,0,False,False,False,0
128,93,WARMUP,GREEN,False,0.0,0.0,0.0,0.0,0.0,False,0.03129884799106941,0.005763566344702027,1.194774929695322,0.024446830438543964,-0.3591557897994903,-1.4124690805340534,-0.4991237374475289,0.0,0.0,-0.2678033722358807,-0.5595792829281725,0.6216533365731416,0.0,0.0,0.0,1.35,0,0,False,0,0,0,False,False,False,0
128,94,WARMUP,GREEN,False,0.0,0.0,0.0,0.0,0.0,False,0.031101805165512465,0.005855599131284364,1.1395885450800889,0.024730753805837863,-0.13104173541999284,1.894737102540307,-0.47102988217286534,0.0,0.0,1.0068937375481997,-0.5456223312362103,0.4409640127659757,0.0,0.0,0.0,1.35,0,0,False,0,0,0,False,False,False,0
128,95,WARMUP,GREEN,False,0.0,0.0,0.0,0.0,0.0,False,0.031176185531509103,0.005763566344702027,0.42341449228912353,0.033581150698733866,-0.12937818957174071,0.2686034732711615,-0.4056839174990592,0.0,0.0,0.6581053101768523,-0.4772940695398516,0.1864845684520881,0.0,0.0,0.0,1.35,0,0,False,0,0,0,False,False,False,0
128,96,WARMUP,GREEN,False,0.0,0.0,0.0,0.0,0.0,False,0.031100453450484202,0.005891131268022541,0.4379931712160176,0.02865178283067915,-0.16457746881507895,0.601926139081979,-0.31072537092756874,0.0,0.0,0.456805551580388,-0.4373295027098568,-0.3700280498240652,0.0,0.0,0.0,1.35,0,0,False,0,0,0,False,False,False,0
128,97,WARMUP,GREEN,False,0.0,0.0,0.0,0.0,0.0,False,0.03114201230865674,0.006061463961037075,0.23514927938160957,0.03248574872290217,0.0733754444829754,0.8668713174972061,-0.1969678186183935,0.0,0.0,0.18197174534411656,-0.3524317900302712,-0.6305192764384587,0.0,0.0,0.0,1.35,0,0,False,0,0,0,False,False,False,0
128,98,WARMUP,GREEN,False,0.0,0.0,0.0,0.0,0.0,False,0.030904449429811673,0.005891131268022541,1.3064109065187037,0.02322324968048784,0.20541192629414973,-0.52926574294849,-0.05438441100293601,0.0,0.0,0.23355376933367633,-0.17025179075792773,-0.06529784309237821,0.0,0.0,0.0,1.35,0,0,False,0,0,0,False,False,False,0
128,99,WARMUP,GREEN,False,0.0,0.0,0.0,0.0,0.0,False,0.03062364906960492,0.005763566344702027,1.5888310039361389,0.02154443742291984,0.22661722255683914,-0.009955929833636476,0.1119402528315084,0.0,0.0,0.4593036425583554,-0.05108243528576882,0.3164955176920713,0.0,0.0,0.0,1.35,0,0,False,0,0,0,False,False,False,0
128,100,WARMUP,GREEN,False,0.0,0.0,0.0,0.0,0.0,False,0.030586807811874235,0.005891131268022541,0.2130697993066192,0.029395607145248873,0.4972731437140791,0.3900329755141719,0.29107928627152424,0.0,0.0,0.6361040947026838,0.1812395797722149,0.9677956796155596,0.0,0.0,0.0,1.35,0,0,False,0,0,0,False,False,False,0
128,101,WARMUP,GREEN,False,0.0,0.0,0.0,0.0,0.0,False,0.03039937374740208,0.005619092666018757,1.060543699473345,0.02433900566280251,0.4765853186989066,-0.8677365358523776,0.43164896746759956,0.0,0.0,-0.6956710314880499,0.30603201241654165,1.2090079372996823,0.0,0.0,0.0,1.35,0,0,False,0,0,0,False,False,False,0
128,102,WARMUP,GREEN,False,0.0,0.0,0.0,0.0,0.0,False,0.030203079434754587,0.00578220117586725,1.1644484517021567,0.023856229992485597,0.5437871884030605,-0.6546776531000159,0.5725288678171834,0.0,0.0,-0.7021231937602436,0.46977843343711484,1.071810221291059,0.0,0.0,0.0,1.35,0,0,False,0,0,0,False,False,False,0
128,103,WARMUP,GREEN,False,0.0,0.0,0.0,0.0,0.0,False,0.02993014034623425,0.005828924527746629,1.573443977583496,0.021105109817410053,0.6320380994500421,-0.6560496283840828,0.7019233874373924,0.0,0.0,-0.5936623307857799,0.5929842446026463,1.2962268916729243,0.0,0.0,0.0,1.35,0,0,False,0,0,0,False,False,False,0
128,104,WARMUP,GREEN,False,0.0,0.0,0.0,0.0,0.0,False,0.02981845218502217,0.00578220117586725,0.6387007910889051,0.026207201639164956,0.7622147469679058,0.28628836960549114,0.8097907189012763,0.0,0.0,-0.42289520971607414,0.7640317361581744,1.010206877915324,0.0,0.0,0.0,1.35,0,0,False,0,0,0,False,False,False,0
128,105,WARMUP,GREEN,False,0.0,0.0,0.0,0.0,0.0,False,0.029704727800627276,0.005607629450265642,0.6556002978562064,0.026027639371859094,0.8038932940843037,0.670120400262284,0.9227554210549258,0.0,0.0,-0.0984056448862866,0.8719429156445957,1.2132389232924643,0.0,0.0,0.0,1.35,0,0,False,0,0,0,False,False,False,0
128,106,WARMUP,GREEN,False,0.0,0.0,0.0,0.0,0.0,False,0.029524737024118338,0.005433057724664033,1.0699160141570563,0.023705035250329336,0.9246171516388124,-1.014662692330474,0.9924691234744947,0.0,0.0,-0.9403785335745576,1.0234221518508881,1.0198579996588917,0.0,0.0,0.0,1.35,0,0,False,0,0,0,False,False,False,0
128,107,WARMUP,GREEN,False,0.0,0.0,0.0,0.0,0.0,False,0.029213877574498833,0.005607629450265642,1.907209932069011,0.019162755370134833,0.9824230519191399,-1.377791669150354,1.0190690281563664,0.0,0.0,-1.1160312163364001,1.1485702856480602,0.8989476532000438,0.0,0.0,0.0,1.35,0,0,False,0,0,0,False,False,False,0
128,108,WARMUP,GREEN,False,0.0,0.0,0.0,0.0,0.0,False,0.029133033779858836,0.005433057724664033,0.48055834975666545,0.0265190844198323,0.518270618283595,0.09120137561466841,0.9783307711795994,0.0,0.0,-1.2897980269399785,1.03172260623669,1.1687512693835023,0.0,0.0,0.0,1.35,0,0,False,0,0,0,False,False,False,0
128,109,WARMUP,GREEN,False,0.0,0.0,0.0,0.0,0.0,False,0.02885676490761815,0.005607629450265642,1.6949870357934251,0.019924071371835977,0.3824677230934435,-0.9783665827403398,0.9262638116121255,0.0,0.0,-1.0976980181057654,0.8857897177879522,1.133529599819245,0.0,0.0,0.0,1.35,0,0,False,0,0,0,False,False,False,0
128,110,WARMUP,GREEN,False,0.0,0.0,0.0,0.0,0.0,False,0.028436485440333097,0.005802249924208889,2.498259861928789,0.0148474493314497,0.46494504622907407,-2.2593046510802477,0.8551829265593461,0.0,0.0,-1.433004148056527,0.8296056607761771,1.2380824495765443,0.0,0.0,0.0,1.35,0,0,False,0,0,0,False,False,False,0
128,111,WARMUP,GREEN,False,0.0,0.0,0.0,0.0,0.0,False,0.028326709548025724,0.005612544688411649,0.6306512918339303,0.024777289030087437,0.5475386892665633,-0.04741126773926403,0.7796626098873056,0.0,0.0,-0.7494290166199236,0.798327365524254,1.1604247854646317,0.0,0.0,0.0,1.35,0,0,False,0,0,0,False,False,False,0
128,112,WARMUP,GREEN,False,0.0,0.0,0.0,0.0,0.0,False,0.028364669347788224,0.005413008976322395,0.22544616194550088,0.029592036206775738,-0.13563710429525963,1.3627539468110677,0.6394228592593154,0.0,0.0,-0.43699516013006634,0.5056357036646026,0.8605042958546165,0.0,0.0,0.0,1.35,0,0,False,0,0,0,False,False,False,0
128,113,WARMUP,GREEN,False,0.0,0.0,0.0,0.0,0.0,False,0.028389441448423383,0.005385618122833517,0.1525467058064401,0.029190406035626896,-0.2972791324626611,0.8938455673412539,0.4952586132240362,0.0,0.0,0.27109484630552255,0.24183628609273228,0.8455761122145872,0.0,0.0,0.0,1.35,0,0,False,0,0,0,False,False,False,0
128,114,WARMUP,GREEN,False,0.0,0.0,0.0,0.0,0.0,False,0.028506961567181126,0.005433057724664033,0.7273700441768026,0.03230677874034819,-0.3335925916691249,1.4636690912633052,0.35180408022428605,0.0,0.0,0.22988200042930623,0.04731254587345665,0.3868114254331051,0.0,0.0,0.0,1.35,0,0,False,0,0,0,False,False,False,0
128,115,WARMUP,GREEN,False,0.0,0.0,0.0,0.0,0.0,False,0.028214477161845494,0.005607629450265642,1.794473880444065,0.018757481389326657,-0.808274481752007,0.21398294529751616,0.2022262002215398,0.0,0.0,-0.011547227443904809,-0.25245890183282643,-0.3561996545552909,0.0,0.0,0.0,1.35,0,0,False,0,0,0,False,False,False,0
128,116,WARMUP,GREEN,False,0.0,0.0,0.0,0.0,0.0,False,0.02788852657621008,0.005802249924208889,1.9375423461095058,0.017349457640665044,-1.046204611774501,-1.4776815676350297,0.038387885887220856,0.0,0.0,-0.2995769560909737,-0.5369259630018195,-0.5327746408837691,0.0,0.0,0.0,1.35,0,0,False,0,0,0,False,False,False,0
128,117,WARMUP,GREEN,False,0.0,0.0,0.0,0.0,0.0,False,0.02776909062654034,0.005612544688411649,0.6861473349697991,0.023907328253885432,-1.0773959372404107,-0.30795919530065735,-0.09304214818981435,0.0,0.0,0.05817178832583201,-0.7073159755900811,0.10995247462681666,0.0,0.0,0.0,1.35,0,0,False,0,0,0,False,False,False,0
128,118,WARMUP,GREEN,False,0.0,0.0,0.0,0.0,0.0,False,0.027704229442533923,0.005422839452614405,0.38521554605072766,0.025607051159659736,-1.483218452716671,0.5426727124370798,-0.22055248695851812,0.0,0.0,0.6336239759983783,-0.9551861176112075,0.1903334709530894,0.0,0.0,0.0,1.35,0,0,False,0,0,0,False,False,False,0
128,119,WARMUP,GREEN,False,0.0,0.0,0.0,0.0,0.0,False,0.02753492246682742,0.005645947823071336,1.0407031051163698,0.022060663585650557,-1.7986928974859429,0.10029147946920317,-0.3278981409349227,0.0,0.0,0.5790695304077637,-1.1966199768299033,1.0129413698499772,0.0,0.0,0.0,1.35,0,0,False,0,0,0,False,False,False,0
128,120,WARMUP,GREEN,False,0.0,0.0,0.0,0.0,0.0,False,0.027557997365004177,0.005422839452614405,0.13623279857733087,0.028304085739386017,-1.871602673652788,0.7195529998027229,-0.39219505670302995,0.0,0.0,0.5367341147389197,-1.3624875758979273,1.8270526468032209,0.0,0.0,0.0,1.35,0,0,False,0,0,0,False,False,False,0
128,121,WARMUP,GREEN,False,0.0,0.0,0.0,0.0,0.0,False,0.027571536472487144,0.005386873051719005,0.08322274459886016,0.028009300947769728,-1.6501528887475427,-0.07304657442483414,-0.44150517958784397,0.0,0.0,0.7226810360309953,-1.4226002805975644,1.8794235332860558,0.0,0.0,0.0,1.35,0,0,False,0,0,0,False,False,False,0
128,122,WARMUP,GREEN,False,0.0,0.0,0.0,0.0,0.0,False,0.02751453249336487,0.005415518834093366,0.35273388089269453,0.025671403835078026,-1.6154192314819527,-0.09151219170354374,-0.4417744387983616,0.0,0.0,0.4117006373164439,-1.4438293786046148,2.3701710177572237,0.0,0.0,0.0,1.35,0,0,False,0,0,0,False,False,False,0
128,123,WARMUP,GREEN,False,0.0,0.0,0.0,0.0,0.0,False,0.027663350343669006,0.005386873051719005,0.9159962622433369,0.03247512750350279,-1.2317046284154562,1.1021219295229272,-0.37958582668772245,0.0,0.0,1.078544005361738,-1.3748895623068338,1.9338299689544003,0.0,0.0,0.0,1.35,0,0,False,0,0,0,False,False,False,0
128,124,WARMUP,GREEN,False,0.0,0.0,0.0,0.0,0.0,False,0.027556498261633502,0.005415518834093366,0.6611880461362634,0.024101614275818826,-1.2451462952859045,-0.7511356916810443,-0.3061084969532641,0.0,0.0,0.45119597851411386,-1.3041133709410528,1.012790640519804,0.0,0.0,0.0,1.35,0,0,False,0,0,0,False,False,False,0
128,125,WARMUP,GREEN,False,0.0,0.0,0.0,0.0,0.0,False,0.027467717171148667,0.00552879162160842,0.5464609714210601,0.024597128578805794,-0.7966321479466622,0.42020404014534696,-0.18195399760150835,0.0,0.0,1.3542408695824186,-1.1586610239336812,-0.4690406107825416,0.0,0.0,0.0,1.35,0,0,False,0,0,0,False,False,False,0
128,126,WARMUP,GREEN,False,0.0,0.0,0.0,0.0,0.0,False,0.027326000892278022,0.005521503827659297,0.8544138187252872,0.022743841208793844,-0.8241362372894768,-0.6771249434127056,-0.03891750464875457,0.0,0.0,0.4656397041824673,-1.0546027507446283,-0.9717676782529933,0.0,0.0,0.0,1.35,0,0,False,0,0,0,False,False,False,0
128,127,WARMUP,GREEN,False,0.0,0.0,0.0,0.0,0.0,False,0.027149679130741292,0.005641065108162102,1.0644549446442937,0.02144860884105369,-0.3430148660730462,-0.5493583900008004,0.13974341572733653,0.0,0.0,0.8505050267496929,-0.8293828571547949,-1.4971283449995487,0.0,0.0,0.0,1.35,0,0,False,0,0,0,False,False,False,0
128,128,WARMUP,GREEN,False,0.0,0.0,0.0,0.0,0.0,False,0.027022113754247495,0.005442475797002941,0.7537901327016079,0.02289749991428137,0.004155802242447432,-0.7426931293513841,0.34511554853766735,0.0,0.0,0.5679950214001216,-0.5363785008627892,-2.195965729772267,0.0,0.0,0.0,1.35,0,0,False,0,0,0,False,False,False,0
128,129,WARMUP,GREEN,False,0.0,0.0,0.0,0.0,0.0,False,0.02693285393819073,0.0052852780781674595,0.5466863451245182,0.024046786552355308,0.02542949964008457,-0.9421912001630877,0.5258189249248565,0.0,0.0,0.042900179775571944,-0.31017121894066296,-2.092253177253754,0.0,0.0,0.0,1.35,0,0,False,0,0,0,False,False,False,0
128,130,WARMUP,GREEN,False,0.0,0.0,0.0,0.0,0.0,False,0.027055132852088756,0.0052852780781674595,0.7711919290373748,0.031008817734791642,0.34437835134941075,0.7246995324851616,0.7134840602403955,0.0,0.0,-0.13990684119818872,-0.05971151904301146,-1.7639804451737027,0.0,0.0,0.0,1.35,0,0,False,0,0,0,False,False,False,0
128,131,WARMUP,GREEN,False,0.0,0.0,0.0,0.0,0.0,False,0.026880533791044617,0.0056679565325997395,1.1011660342929854,0.021235164150617443,0.682421774257455,-0.7794675305200877,0.9113756818271033,0.0,0.0,0.0021304487106263577,0.3021563578988179,-1.5055323864099566,0.0,0.0,0.0,1.35,0,0,False,0,0,0,False,False,False,0
128,132,WARMUP,GREEN,False,0.0,0.0,0.0,0.0,0.0,False,0.026773733311242904,0.0056679565325997395,0.6280951473277192,0.023320517797654275,0.806791530197305,-0.6398392808651795,1.0762723970081463,0.0,0.0,-0.6889131653992894,0.5585392970698172,-1.199307638843912,0.0,0.0,0.0,1.35,0,0,False,0,0,0,False,False,False,0
128,133,WARMUP,GREEN,False,0.0,0.0,0.0,0.0,0.0,False,0.02650659345157891,0.005904027481750293,1.5710533306993095,0.017869071322443173,0.8837449630996275,-1.696771739323221,1.208378036594176,0.0,0.0,-1.0627912002037336,0.787749452277353,-1.2129747076537065,0.0,0.0,0.0,1.35,0,0,False,0,0,0,False,False,False,0
128,134,WARMUP,GREEN,False,0.0,0.0,0.0,0.0,0.0,False,0.02647366977548239,0.005706193933128737,0.1858825815557878,0.02540913758169485,1.1972852036253963,0.006885413246214081,1.329325038518825,0.0,0.0,-0.43728915721961753,1.0369279224980061,-0.6418334672926828,0.0,0.0,0.0,1.35,0,0,False,0,0,0,False,False,False,0
128,135,WARMUP,GREEN,False,0.0,0.0,0.0,0.0,0.0,False,0.02638520632899595,0.005706193933128737,0.516768547319785,0.02352488822593448,1.5844201162856109,0.05983695002251638,1.4447535413346235,0.0,0.0,-0.15604372757864246,1.4405567462143587,-0.6661173810076794,0.0,0.0,0.0,1.35,0,0,False,0,0,0,False,False,False,0
128,136,WARMUP,GREEN,False,0.0,0.0,0.0,0.0,0.0,False,0.026520167886380872,0.005783093323318629,0.78839216336112,0.030883924908493413,1.2513963326504727,0.31380462691812105,1.4633014163820142,0.0,0.0,-0.8187489887071128,1.5834615104873841,-0.6188148565393935,0.0,0.0,0.0,1.35,0,0,False,0,0,0,False,False,False,0
128,137,WARMUP,GREEN,False,0.0,0.0,0.0,0.0,0.0,False,0.026874932123694947,0.005783093323318629,2.0448355086114733,0.03834564246351674,1.485602779885348,2.2612844354067154,1.4681488128476574,0.0,0.0,-0.6811165190939414,1.7772496637852409,-0.23564468777868122,0.0,0.0,0.0,1.35,0,0,False,0,0,0,False,False,False,0
128,138,WARMUP,GREEN,False,0.0,0.0,0.0,0.0,0.0,False,0.026745905867018624,0.005917470358445348,0.7436980491395654,0.022574056901150837,1.208161855204205,0.2528175686622348,1.3999084023278892,0.0,0.0,-0.9218357004612506,1.7385446878464108,0.08753482643625717,0.0,0.0,0.0,1.35,0,0,False,0,0,0,False,False,False,0
128,139,WARMUP,GREEN,False,0.0,0.0,0.0,0.0,0.0,False,0.026680769127145006,0.006025373463205258,0.36691770823239683,0.024574681204564717,1.4182861940200722,0.24865727865697368,1.2848265099406817,0.0,0.0,-1.405846609339037,1.7784380808302367,-0.12142252624401523,0.0,0.0,0.0,1.35,0,0,False,0,0,0,False,False,False,0
128,140,WARMUP,GREEN,False,0.0,0.0,0.0,0.0,0.0,False,0.026655978147312725,0.006025373463205258,0.13714768046422354,0.02585440313273572,1.1368899161028003,0.04672801169792603,1.1532464290845066,0.0,0.0,-1.4186782557206263,1.6854339898912267,-0.008534376105756351,0.0,0.0,0.0,1.35,0,0,False,0,0,0,False,False,False,0
128,141,WARMUP,GREEN,False,0.0,0.0,0.0,0.0,0.0,False,0.02667924484076312,0.006025373463205258,0.12871508348529068,0.027431534595659245,0.8410818409816029,0.5721447684609103,0.987408782126142,0.0,0.0,-0.8556597799446677,1.4696447772219834,0.15176663186242786,0.0,0.0,0.0,1.35,0,0,False,0,0,0,False,False,False,0
128,142,WARMUP,GREEN,False,0.0,0.0,0.0,0.0,0.0,False,0.026644413658823703,0.005917470358445348,0.19269169041066347,0.025518205442782545,0.7915279847380673,0.14925274906309347,0.7612525225005988,0.0,0.0,-1.4999785180404097,1.3259123292601294,0.009186241644960803,0.0,0.0,0.0,1.35,0,0,False,0,0,0,False,False,False,0
128,143,WARMUP,GREEN,False,0.0,0.0,0.0,0.0,0.0,False,0.026583202362806264,0.005940319680924554,0.3448055351899885,0.02460403712490906,0.4994258026730616,0.4346181227751972,0.4979985291975544,0.0,0.0,-0.46925803207014843,1.0555237792148626,0.5938479028819013,0.0,0.0,0.0,1.35,0,0,False,0,0,0,False,False,False,0
128,144,WARMUP,GREEN,False,0.0,0.0,0.0,0.0,0.0,False,0.026536344142804924,0.005822715679561386,0.2629388232634989,0.02502126169609496,0.26913422124813524,0.09680845859662247,0.2701886434105466,0.0,0.0,-0.34436539266484334,0.8415317185624709,1.2224632026322775,0.0,0.0,0.0,1.35,0,0,False,0,0,0,False,False,False,0
128,145,WARMUP,GREEN,False,0.0,0.0,0.0,0.0,0.0,False,0.02666280135261841,0.005818560699351426,0.7239303031594503,0.030751584469921083,0.09091475198106964,0.9237417373780966,0.03737996058912452,0.0,0.0,-0.8029501203908773,0.6111567260421377,0.9864155194345757,0.0,0.0,0.0,1.35,0,0,False,0,0,0,False,False,False,0
128,146,WARMUP,GREEN,False,0.0,0.0,0.0,0.0,0.0,False,0.026458851887600436,0.005995217711713185,1.1683843912390415,0.019864485852019283,-0.2258897357566913,-0.401351787736885,-0.20400635831142605,0.0,0.0,-0.2753216106377912,0.2823298901471177,0.9981426857402308,0.0,0.0,0.0,1.35,0,0,False,0,0,0,False,False,False,0
128,147,WARMUP,GREEN,False,0.0,0.0,0.0,0.0,0.0,False,0.026419098396717938,0.005903090937505113,0.22102889777647688,0.02513373552485046,-0.6674272216377052,1.3166818747538784,-0.4172606950662614,0.0,0.0,0.7439639218529831,-0.13308393237258948,1.158468704448576,0.0,0.0,0.0,1.35,0,0,False,0,0,0,False,False,False,0
128,148,WARMUP,GREEN,False,0.0,0.0,0.0,0.0,0.0,False,0.02629087208934718,0.005995217711713185,0.7240630867696604,0.022144888151025978,-0.8270809112238503,-0.9756203433782631,-0.6175527468863755,0.0,0.0,0.4333463464190397,-0.42563358621904945,1.573292636849742,0.0,0.0,0.0,1.35,0,0,False,0,0,0,False,False,False,0
128,149,WARMUP,GREEN,False,0.0,0.0,0.0,0.0,0.0,False,0.026227465530433945,0.005995217711713185,0.35253965167019624,0.02417732012557282,-1.2431282599077478,0.47953466115042875,-0.7964741690527574,0.0,0.0,0.48171400242727025,-0.7320754806007227,1.3910092546203108,0.0,0.0,0.0,1.35,0,0,False,0,0,0,False,False,False,0
128,150,WARMUP,GREEN,False,0.0,0.0,0.0,0.0,0.0,False,0.025966028457891335,0.006112821713076352,1.4535867592810694,0.01751289644568031,-1.4016475890047393,-1.1664985849485285,-0.9219433289721527,0.0,0.0,0.41097895424243913,-0.9609916728740315,0.9933481677436677,0.0,0.0,0.0,1.35,0,0,False,0,0,0,False,False,False,0
128,151,WARMUP,GREEN,False,0.0,0.0,0.0,0.0,0.0,False,0.025937605844572192,0.0059971848863095605,0.15498905226448023,0.025018608013919894,-1.8840740591001006,1.1933100775397603,-0.9923480390629091,0.0,0.0,1.578383731823999,-1.2938387223363614,0.15459325846340422,0.0,0.0,0.0,1.35,0,0,False,0,0,0,False,False,False,0
128,152,WARMUP,GREEN,False,0.0,0.0,0.0,0.0,0.0,False,0.02596454057294353,0.005818560699351426,0.14970762050277778,0.02683543012361682,-1.8659231914506402,-0.17244856367422529,-1.0308646363955423,0.0,0.0,0.12188460621298394,-1.4361000767249965,-0.3590840264885826,0.0,0.0,0.0,1.35,0,0,False,0,0,0,False,False,False,0
128,153,WARMUP,GREEN,False,0.0,0.0,0.0,0.0,0.0,False,0.02588367950881894,0.005818560699351426,0.46323634716973416,0.023269171768790602,-1.680308963349025,-0.6485959884849732,-1.0275759635457191,0.0,0.0,0.3239823785856027,-1.4902473626567017,-0.5096388655114469,0.0,0.0,0.0,1.35,0,0,False,0,0,0,False,False,False,0
128,154,WARMUP,GREEN,False,0.0,0.0,0.0,0.0,0.0,False,0.026028029698797975,0.005818560699351426,0.8269524454453869,0.030695352508120024,-1.7695337313535389,1.9246553729145741,-0.9769832790294536,0.0,0.0,1.056292401573376,-1.5697619227789066,-0.7010582654484901,0.0,0.0,0.0,1.35,0,0,False,0,0,0,False,False,False,0
128,155,WARMUP,GREEN,False,0.0,0.0,0.0,0.0,0.0,False,0.02592483076634119,0.005726119945466066,0.5912053844535037,0.02258806528357187,-1.4021054719597044,-0.08918408633707174,-0.8755272270825882,0.0,0.0,0.7830996562660258,-1.5342879235333766,1.1526029164092313,0.0,0.0,0.0,1.35,0,0,False,0,0,0,False,False,False,0
128,156,WARMUP,GREEN,False,0.0,0.0,0.0,0.0,0.0,False,0.02601556311406237,0.005726119945466066,0.528178176410839,0.02894924235704719,-1.076478865570716,1.7219682051643033,-0.7038156577669016,0.0,0.0,2.1888462402061393,-1.4614927940758138,2.4590368091764905,0.0,0.0,0.0,1.35,0,0,False,0,0,0,False,False,False,0
128,157,WARMUP,GREEN,False,0.0,0.0,0.0,0.0,0.0,False,0.026125334294410798,0.005718446174426371,0.639008504850629,0.029674602459010005,-0.9057275634255371,-1.0516412652761356,-0.5084931476268861,0.0,0.0,1.0384343962278648,-1.2946959450535758,2.9518114686055403,0.0,0.0,0.0,1.35,0,0,False,0,0,0,False,False,False,0
128,158,WARMUP,GREEN,False,0.0,0.0,0.0,0.0,0.0,False,0.0260289015373208,0.005629710668259427,0.5621151512640993,0.022910909058077508,-0.8823071603416757,-0.7787295272804311,-0.2951682108644986,0.0,0.0,0.17569418038370202,-1.155477065422362,2.5333068884202534,0.0,0.0,0.0,1.35,0,0,False,0,0,0,False,False,False,0
128,159,WARMUP,GREEN,False,0.0,0.0,0.0,0.0,0.0,False,0.026017459679756542,0.005629710668259427,0.06774686562352328,0.025647506285178912,-0.10430035442109471,2.2939048119601115,0.0011342577633137374,0.0,0.0,2.252641476470674,-0.847350267604031,1.2169824968260832,0.0,0.0,0.0,1.35,0,0,False,0,0,0,False,False,False,0
128,160,WARMUP,GREEN,False,0.0,0.0,0.0,0.0,0.0,False,0.02604874812301584,0.005471484119239038,0.18525785250802554,0.027060407788399805,-0.12996850169115903,-1.3982172224540852,0.259222347960884,0.0,0.0,-0.04508663759562505,-0.5977197186898954,0.7740213461088938,0.0,0.0,0.0,1.35,0,0,False,0,0,0,False,False,False,0
128,161,WARMUP,GREEN,False,0.0,0.0,0.0,0.0,0.0,False,0.025940265065417977,0.005339712878509355,0.6608996464439464,0.022432646203087093,0.2832935434279929,0.2305350225084584,0.5321705717506557,0.0,0.0,0.34051572751894343,-0.2796733091377839,-0.02118699414789186,0.0,0.0,0.0,1.35,0,0,False,0,0,0,False,False,False,0
128,162,WARMUP,GREEN,False,0.0,0.0,0.0,0.0,0.0,False,0.026016970682552164,0.0052250605585070125,0.4788373387571888,0.028497118969890885,0.5664740774603927,1.1177668515482289,0.8150156069491803,0.0,0.0,0.5589978197565248,0.07243630479425676,-0.24421892611583754,0.0,0.0,0.0,1.35,0,0,False,0,0,0,False,False,False,0
128,163,WARMUP,GREEN,False,0.0,0.0,0.0,0.0,0.0,False,0.02589644530724864,0.005144157370355546,0.7688930042306442,0.02199945817243466,0.7107434413289478,-0.8525375355181553,1.0659868713586425,0.0,0.0,0.23550450548273505,0.41072599451762903,-0.5565143196748232,0.0,0.0,0.0,1.35,0,0,False,0,0,0,False,False,False,0
128,164,WARMUP,GREEN,False,0.0,0.0,0.0,0.0,0.0,False,0.025787038751254134,0.005000370784179462,0.7089373316673766,0.02224956010743171,0.9187961512055118,-0.7664290692730521,1.284763089403339,0.0,0.0,-0.5019567853350967,0.7497561783558837,-0.6481569030095196,0.0,0.0,0.0,1.35,0,0,False,0,0,0,False,False,False,0
128,165,WARMUP,GREEN,False,0.0,0.0,0.0,0.0,0.0,False,0.025908893179264265,0.005000370784179462,0.8123026156091425,0.02984885301825865,0.9391015889747587,0.4638781823012456,1.4533310011296985,0.0,0.0,-0.5879842294910743,0.9920146497387634,-0.6120973163262371,0.0,0.0,0.0,1.35,0,0,False,0,0,0,False,False,False,0
128,166,WARMUP,GREEN,False,0.0,0.0,0.0,0.0,0.0,False,0.026022056384811906,0.005081965024733754,0.7543654289642825,0.02968100003085227,1.271492596316354,1.005103019044582,1.5998575319786679,0.0,0.0,-0.5152613287156257,1.2287395817182307,-0.2800562233524836,0.0,0.0,0.0,1.35,0,0,False,0,0,0,False,False,False,0
128,167,WARMUP,GREEN,False,0.0,0.0,0.0,0.0,0.0,False,0.02604726335672111,0.005010927296996376,0.16533612350421445,0.026862288781785384,1.3712555482922326,-0.1967258148476291,1.6591872357813802,0.0,0.0,-0.9591265302866621,1.4951960251580547,-0.01982888581118288,0.0,0.0,0.0,1.35,0,0,False,0,0,0,False,False,False,0
128,168,WARMUP,GREEN,False,0.0,0.0,0.0,0.0,0.0,False,0.025814099375243066,0.005144157370355546,1.551036815200553,0.018275130640786334,1.174664812188297,-0.8810079107339537,1.6790300657840334,0.0,0.0,-1.1779510644491478,1.602760411829434,-0.03308790296741789,0.0,0.0,0.0,1.35,0,0,False,0,0,0,False,False,False,0
128,169,WARMUP,GREEN,False,0.0,0.0,0.0,0.0,0.0,False,0.02550758361322645,0.005081965024733754,1.9861740867609572,0.015596907308022493,1.2421937691908647,-2.0529110324875597,1.6437026904860386,0.0,0.0,-1.1847650482117935,1.70629075751513,-0.34114778156405234,0.0,0.0,0.0,1.35,0,0,False,0,0,0,False,False,False,0
128,170,WARMUP,GREEN,False,0.0,0.0,0.0,0.0,0.0,False,0.02549246597662693,0.005010927296996376,0.09915873437368217,0.02500366239324253,0.952262401780485,-0.24491849725788867,1.5533692598439148,0.0,0.0,-1.3597216753308312,1.5862802684134334,-0.37881289253179684,0.0,0.0,0.0,1.35,0,0,False,0,0,0,False,False,False,0
128,171,WARMUP,GREEN,False,0.0,0.0,0.0,0.0,0.0,False,0.025485922180088966,0.005010927296996376,0.043530176819012736,0.02527433942536146,1.2716236107375183,-0.013458721506628076,1.4278258378843602,0.0,0.0,-1.3706488790398468,1.7176076335693136,-0.42542094211095904,0.0,0.0,0.0,1.35,0,0,False,0,0,0,False,False,False,0
128,172,WARMUP,GREEN,False,0.0,0.0,0.0,0.0,0.0,False,0.025443925022864623,0.004673620415381041,0.2793704952874804,0.024086016939277533,1.3275657391742544,-0.5489958488809422,1.2776052314775639,0.0,0.0,-1.450706369826855,1.7684355149578066,-0.28544834502697763,0.0,0.0,0.0,1.35,0,0,False,0,0,0,False,False,False,0
128,173,WARMUP,GREEN,False,0.0,0.0,0.0,0.0,0.0,False,0.025463526459397097,0.004455096449355886,0.1398019436064862,0.026097306240613845,0.9309424664647423,0.2767293012808112,1.0845941017925895,0.0,0.0,-0.9310439574430377,1.6724100860082527,-0.4114937064193309,0.0,0.0,0.0,1.35,0,0,False,0,0,0,False,False,False,0
128,174,WARMUP,GREEN,False,0.0,0.0,0.0,0.0,0.0,False,0.025365659626732165,0.0044097248765389415,0.7322462695435797,0.022201298703899402,0.805965964543991,-0.3144935254504921,0.8514710734869236,0.0,0.0,-1.2167211631019264,1.5477161501288488,-0.5190261339630802,0.0,0.0,0.0,1.35,0,0,False,0,0,0,False,False,False,0
128,175,WARMUP,GREEN,False,0.0,0.0,0.0,0.0,0.0,False,0.025263862430969987,0.004407470259992059,0.7694901504609355,0.021972419767992885,0.5457266895334126,-0.34525037857371693,0.6179784697836108,0.0,0.0,-0.5191717189350674,1.281953471264853,-0.6169294860674385,0.0,0.0,0.0,1.35,0,0,False,0,0,0,False,False,False,0
128,176,WARMUP,GREEN,False,0.0,0.0,0.0,0.0,0.0,False,0.02539401148199631,0.004455096449355886,0.9843065171097224,0.029602164131847453,0.7217928698143733,0.09046934921891024,0.373682097838775,0.0,0.0,-0.5301600861565415,1.2907490517744256,-0.28323632882752875,0.0,0.0,0.0,1.35,0,0,False,0,0,0,False,False,False,0
128,177,WARMUP,GREEN,False,0.0,0.0,0.0,0.0,0.0,False,0.025368188463993406,0.0044097248765389415,0.1932095694331837,0.024533244215232952,0.39542771329130255,0.089616412600736,0.10493971828715366,0.0,0.0,-0.5699161830919082,1.1562831803307891,-0.2821833498183106,0.0,0.0,0.0,1.35,0,0,False,0,0,0,False,False,False,0
128,178,WARMUP,GREEN,False,0.0,0.0,0.0,0.0,0.0,False,0.025561889751432837,0.004455096449355886,1.4641978268680567,0.031824898045307734,0.23239839174216856,1.0397826153398964,-0.15040574297761697,0.0,0.0,-0.2476009451760117,0.9138702649542074,-0.2506137174019221,0.0,0.0,0.0,1.35,0,0,False,0,0,0,False,False,False,0
128,179,WARMUP,GREEN,False,0.0,0.0,0.0,0.0,0.0,False,0.025674086255918143,0.004455096449355886,0.8394618445093811,0.029301773234276324,-0.096633284925397,1.667546291735291,-0.3639762210734572,0.0,0.0,0.7869681572909124,0.6077705275977853,0.1445344763417421,0.0,0.0,0.0,1.35,0,0,False,0,0,0,False,False,False,0
128,180,WARMUP,GREEN,False,0.0,0.0,0.0,0.0,0.0,False,0.025855209351795926,0.004512501684629651,1.3551752690185583,0.03171152278517763,-0.3303712176654783,1.0324117920301887,-0.5615788480976004,0.0,0.0,0.41318376439420923,0.32106386950526034,0.8872673042073838,0.0,0.0,0.0,1.35,0,0,False,0,0,0,False,False,False,0
128,181,WARMUP,GREEN,False,0.0,0.0,0.0,0.0,0.0,False,0.025842092001265474,0.0044097248765389415,0.09689636663649859,0.025417964334114234,-0.7788109996888559,0.8131633801401538,-0.726385979724575,0.0,0.0,0.40800499642055116,-0.046664826066343715,0.47105598034446017,0.0,0.0,0.0,1.35,0,0,False,0,0,0,False,False,False,0
128,182,WARMUP,GREEN,False,0.0,0.0,0.0,0.0,0.0,False,0.025899462044797504,0.004488071290756362,0.43366306015489386,0.027754426785666513,-0.5842037665183769,1.2533946055298428,-0.8423167598943688,0.0,0.0,0.7381929079405061,-0.20978823962533116,0.5511645248031787,0.0,0.0,0.0,1.35,0,0,False,0,0,0,False,False,False,0
128,183,WARMUP,GREEN,False,0.0,0.0,0.0,0.0,0.0,False,0.02586321141859316,0.004383818477598493,0.26923685666493846,0.024691107837986108,-0.8848007762797093,-0.44315430259066085,-0.9066140132273339,0.0,0.0,0.7698326889715861,-0.4326861605172676,0.5508406463157838,0.0,0.0,0.0,1.35,0,0,False,0,0,0,False,False,False,0
128,184,WARMUP,GREEN,False,0.0,0.0,0.0,0.0,0.0,False,0.025771700399172415,0.004306225156314923,0.6958242750269575,0.02281284410456841,-0.9002489356623077,-1.0807398101096215,-0.9442608431409738,0.0,0.0,0.2953925420308228,-0.5754578103367358,1.0105761948542087,0.0,0.0,0.0,1.35,0,0,False,0,0,0,False,False,False,0
128,185,WARMUP,GREEN,False,0.0,0.0,0.0,0.0,0.0,False,0.025631716909564443,0.004306225156314923,1.083574627634842,0.021105584078906683,-0.6116097471755605,-0.44366687251346787,-0.9478725885662844,0.0,0.0,0.38270725776314773,-0.5920346216080744,0.8876264345389583,0.0,0.0,0.0,1.35,0,0,False,0,0,0,False,False,False,0
128,186,WARMUP,GREEN,False,0.0,0.0,0.0,0.0,0.0,False,0.025967056442935385,0.0044160843237523425,2.5957733374219822,0.03680970135526253,-0.8866645439292774,1.7559190280313994,-0.8809232864806924,0.0,0.0,1.4773283183481574,-0.7163359383105717,1.5891079531050687,0.0,0.0,0.0,1.35,0,0,False,0,0,0,False,False,False,0
128,187,WARMUP,GREEN,False,0.0,0.0,0.0,0.0,0.0,False,0.02588951152337313,0.004269695884942572,0.5853218513451789,0.02338222579086024,-0.5514030056083904,0.1602092010035941,-0.7792971219189654,0.0,0.0,1.034260327330079,-0.6979856394476716,2.246727485019425,0.0,0.0,0.0,1.35,0,0,False,0,0,0,False,False,False,0
128,188,WARMUP,GREEN,False,0.0,0.0,0.0,0.0,0.0,False,0.02608374931024951,0.0044160843237523425,1.516406102531238,0.03236410441925256,-0.5623796452046003,0.5699342571253138,-0.6291496932955355,0.0,0.0,0.9469104709993058,-0.7012491346459835,2.515888719546183,0.0,0.0,0.0,1.35,0,0,False,0,0,0,False,False,False,0
128,189,WARMUP,GREEN,False,0.0,0.0,0.0,0.0,0.0,False,0.025797520155714584,0.0044160843237523425,2.1605048994453826,0.016542777492418625,-0.504027999452596,-1.9974556321997439,-0.46509727122514766,0.0,0.0,0.11332731007622496,-0.6690104122105104,2.329512360033408,0.0,0.0,0.0,1.35,0,0,False,0,0,0,False,False,False,0
128,190,WARMUP,GREEN,False,0.0,0.0,0.0,0.0,0.0,False,0.02562109573808835,0.004306225156314923,1.3316806224110818,0.019916706234840244,-0.2886171461003349,-1.153068165503698,-0.2671768314147357,0.0,0.0,0.3571115917831896,-0.6202668083949116,2.2040675837231727,0.0,0.0,0.0,1.35,0,0,False,0,0,0,False,False,False,0
128,191,WARMUP,GREEN,False,0.0,0.0,0.0,0.0,0.0,False,0.025781535813707807,0.004383818477598493,1.241923570300523,0.030969098258736907,-0.31401457409132366,0.3571628893160835,-0.07312891113342085,0.0,0.0,0.10312420879797418,-0.5290660260208329,1.1861041515157629,0.0,0.0,0.0,1.35,0,0,False,0,0,0,False,False,False,0
128,192,WARMUP,GREEN,False,0.0,0.0,0.0,0.0,0.0,False,0.025718712597832354,0.0043004416283420385,0.4776902160865824,0.02368742861785943,0.021845548831371384,-0.4338255253830712,0.14192792828393502,0.0,0.0,0.48343480388612065,-0.33558577823749686,0.8174785924256773,0.0,0.0,0.0,1.35,0,0,False,0,0,0,False,False,False,0
128,193,WARMUP,GREEN,False,0.0,0.0,0.0,0.0,0.0,False,0.025708394697160564,0.0042228483070584685,0.07997551231164089,0.025374782575439393,0.3575143943254948,0.08820846023352215,0.3589654110501955,0.0,0.0,0.5846625730540596,-0.09716980430394197,-0.3554951876655283,0.0,0.0,0.0,1.35,0,0,False,0,0,0,False,False,False,0
128,194,WARMUP,GREEN,False,0.0,0.0,0.0,0.0,0.0,False,0.02566610201411943,0.004143133779194256,0.3338401000610533,0.024298638595789516,0.25677097532375415,-1.1035069517303382,0.5493938135241535,0.0,0.0,-0.5533565821229162,0.016127812436029523,-0.5077813044901436,0.0,0.0,0.0,1.35,0,0,False,0,0,0,False,False,False,0
128,195,WARMUP,GREEN,False,0.0,0.0,0.0,0.0,0.0,False,0.025604091964565104,0.004080757668575459,0.49889811962885067,0.023599100362308643,0.21334611746780743,-0.8223759080349017,0.7133142799022096,0.0,0.0,-0.29421406528600824,0.11817251263658006,-0.8908102476310813,0.0,0.0,0.0,1.35,0,0,False,0,0,0,False,False,False,0
128,196,WARMUP,GREEN,False,0.0,0.0,0.0,0.0,0.0,False,0.025494437985651444,0.003986300829813672,0.8956995066387249,0.021948959334109872,0.39292967582395955,-0.03664952604574732,0.8544005435662463,0.0,0.0,-0.27343354647081475,0.2051371885534902,-0.9485335087659098,0.0,0.0,0.0,1.35,0,0,False,0,0,0,False,False,False,0
128,197,WARMUP,GREEN,False,0.0,0.0,0.0,0.0,0.0,False,0.025631027445159882,0.003986300829813672,1.142157147188355,0.030047419969266,0.40434024247590017,0.14889787605644697,0.9699579437956705,0.0,0.0,-0.47864694886032877,0.26665596484515475,-0.7637027450134937,0.0,0.0,0.0,1.35,0,0,False,0,0,0,False,False,False,0
128,198,WARMUP,GREEN,False,0.0,0.0,0.0,0.0,0.0,False,0.025686237497316272,0.0039396935779179845,0.461664874390763,0.027471362517039605,0.3133318780439325,0.39699434695635155,1.0256702321560374,0.0,0.0,-0.4716416377722391,0.25889914273588877,-0.6254195358945169,0.0,0.0,0.0,1.35,0,0,False,0,0,0,False,False,False,0
128,199,WARMUP,GREEN,False,0.0,0.0,0.0,0.0,0.0,False,0.025817797404012823,0.004080757668575459,1.1131145446940875,0.03007156772053467,0.5044396930028345,0.4402399827503296,1.069085563098062,0.0,0.0,-0.018369894507290117,0.3340993196007866,-0.15014573752539276,0.0,0.0,0.0,1.35,0,0,False,0,0,0,False,False,False,0
128,200,NORMAL,GREEN,False,0.0,0.0,0.0,0.0,0.0,False,0.025752502332773222,0.004080757668575459,0.5333574182593279,0.023641295029359462,0.2457893217147867,-0.6743192017687081,1.078267215586904,0.0,0.0,-0.8062221755940707,0.313047770288955,0.4991013739466137,0.0,0.0,0.0,1.35,0,0,False,0,0,0,False,False,False,0
128,201,NORMAL,GREEN,False,0.0,0.0,0.0,0.0,0.0,False,0.02573856199185714,0.004080757668575459,0.11387052804295822,0.025287824302237184,0.4782779996439273,-0.20361268880811742,1.0514148071100957,0.0,0.0,-1.1987622391905466,0.4074720820850217,0.3429908290613133,0.0,0.0,0.0,1.35,0,0,False,0,0,0,False,False,False,0
128,202,NORMAL,GREEN,False,0.0,0.0,0.0,0.0,0.0,False,0.025636837533725608,0.004080757668575459,0.8309278684109757,0.022347746720805993,0.2935689728120469,-0.8355137734009872,1.0064348980668318,0.0,0.0,-1.3082502292463198,0.37330176474824683,0.40147742222375654,0.0,0.0,0.0,1.35,0,0,False,0,0,0,False,False,False,0
128,203,NORMAL,GREEN,False,0.0,0.0,0.0,0.0,0.0,False,0.025548206388554345,0.0039396935779179845,0.7239762185486707,0.022682466028016858,-0.03349649923054348,-0.19693064614981665,0.8968744463622977,0.0,0.0,-0.5469873638633944,0.24671271668378486,0.8517509231258146,0.0,0.0,0.0,1.35,0,0,False,0,0,0,False,False,False,0
128,204,NORMAL,GREEN,False,0.0,0.0,0.0,0.0,0.0,False,0.0252043351244766,0.0039189910094066405,2.9094586273167997,0.014085830919296275,-0.10205177550136565,-2.406616855827831,0.7326936084086434,0.0,0.0,-1.191636141675623,0.1405898819414805,0.9111899837702974,0.0,0.0,0.0,1.35,0,0,False,0,0,0,False,False,False,0
128,205,NORMAL,GREEN,False,0.0,0.0,0.0,0.0,0.0,False,0.02494284021505002,0.00398142667971944,2.2241686597300148,0.016487838143590654,-0.2837091706107325,-0.6285653034176029,0.5875121849450697,0.0,0.0,0.14284933771149627,-0.030338216510235234,0.8382454005740592,0.0,0.0,0.0,1.35,0,0,False,0,0,0,False,False,False,0
128,206,NORMAL,GREEN,False,0.0,0.0,0.0,0.0,0.0,False,0.025035461110367797,0.003975469756356485,0.7754414248002077,0.028030203392309223,-0.4868915795547934,0.2648282146093277,0.4248488536859396,0.0,0.0,-0.4527057586755826,-0.15641220357386662,0.49370917472075365,0.0,0.0,0.0,1.35,0,0,False,0,0,0,False,False,False,0
128,207,NORMAL,GREEN,False,0.0,0.0,0.0,0.0,0.0,False,0.02491353236488097,0.004028790974558324,1.022342456442784,0.02097116959414031,-0.7404845986698164,0.33491713490918057,0.27022880998601856,0.0,0.0,0.24999312392377868,-0.37555114811448664,0.6264695913534768,0.0,0.0,0.0,1.35,0,0,False,0,0,0,False,False,False,0
128,208,NORMAL,GREEN,False,0.0,0.0,0.0,0.0,0.0,False,0.02509833354627115,0.004028790974558324,1.5290044627713608,0.03107357174455363,-1.0593117037197566,1.1273514749567508,0.088552347744451,0.0,0.0,0.91941558477961,-0.5826028952557943,0.43412888625636836,0.0,0.0,0.0,1.35,0,0,False,0,0,0,False,False,False,0
128,209,NORMAL,GREEN,False,0.0,0.0,0.0,0.0,0.0,False,0.02485833053035492,0.004056322690655646,1.9857323403128435,0.01709823301573019,-1.1997853109968273,-1.5984675490370084,-0.08822539932696345,0.0,0.0,-0.09416613913955538,-0.762924502298061,0.500173098982021,0.0,0.0,0.0,1.35,0,0,False,0,0,0,False,False,False,0
128,210,NORMAL,GREEN,False,0.0,0.0,0.0,0.0,0.0,False,0.0251112123459,0.004133043787716193,2.078087591729596,0.03328772438185763,-0.9457344041617531,1.3198383093560477,-0.22639791834912124,0.0,0.0,0.57270083666869,-0.8174705547988768,0.20049723051042515,0.0,0.0,0.0,1.35,0,0,False,0,0,0,False,False,False,0
128,211,NORMAL,GREEN,False,0.0,0.0,0.0,0.0,0.0,False,0.025062199633373215,0.004010951117838701,0.3952915014067423,0.023477455261673857,-1.0524535004996523,0.057995434877257,-0.33266400349776676,0.0,0.0,0.27337275994872934,-0.8391900326206979,-0.5830428475411147,0.0,0.0,0.0,1.35,0,0,False,0,0,0,False,False,False,0
128,212,NORMAL,GREEN,False,0.0,0.0,0.0,0.0,0.0,False,0.024934067684562595,0.004026798252536385,1.0648509131309065,0.020791134673019244,-1.2455181835742275,-0.2073105090148213,-0.4067783972773833,0.0,0.0,0.6787869415479986,-0.9451106799660267,0.3340851493225347,0.0,0.0,0.0,1.35,0,0,False,0,0,0,False,False,False,0
128,213,NORMAL,GREEN,False,0.0,0.0,0.0,0.0,0.0,False,0.02493750212212588,0.003974657777298138,0.02842984548267458,0.02504854893667211,-1.1369357424032058,0.117524819912205,-0.4371941611293431,0.0,0.0,0.9384910588040826,-0.9607862000674589,1.370850308906707,0.0,0.0,0.0,1.35,0,0,False,0,0,0,False,False,False,0
128,214,NORMAL,GREEN,False,0.0,0.0,0.0,0.0,0.0,False,0.024836510420093817,0.0038807227017256148,0.8469635013517455,0.021571112054390502,-0.9091278929710426,-0.4737908300192433,-0.43326724936612465,0.0,0.0,0.6885956963595705,-0.9399115768785706,2.5920086817427217,0.0,0.0,0.0,1.35,0,0,False,0,0,0,False,False,False,0
128,215,NORMAL,GREEN,False,0.0,0.0,0.0,0.0,0.0,False,0.024837851328217322,0.003974657777298138,0.011517683917586372,0.024881207357544094,-0.7265557894033402,-0.7339062748750723,-0.38560888545722133,0.0,0.0,0.3506898053128939,-0.8301174077994675,2.579854038933169,0.0,0.0,0.0,1.35,0,0,False,0,0,0,False,False,False,0
128,216,NORMAL,GREEN,False,0.0,0.0,0.0,0.0,0.0,False,0.02476322527483579,0.0038807227017256148,0.6258488785941955,0.022350316215499585,-0.8041740485476114,-0.6768018431462183,-0.3252706625784678,0.0,0.0,0.4670449134261667,-0.7992572989310184,2.451860251761169,0.0,0.0,0.0,1.35,0,0,False,0,0,0,False,False,False,0
128,217,NORMAL,GREEN,False,0.0,0.0,0.0,0.0,0.0,False,0.024705907104813036,0.0037063103774980176,0.49233243760899553,0.02285261960741065,-0.31538579584505316,-0.2035294067828808,-0.23424035132483376,0.0,0.0,0.7230133927245054,-0.6084130242779797,1.9845795561088961,0.0,0.0,0.0,1.35,0,0,False,0,0,0,False,False,False,0
128,218,NORMAL,GREEN,False,0.0,0.0,0.0,0.0,0.0,False,0.02496511688701334,0.0038110558768952507,2.331247303464152,0.03334623317815649,0.2387017802104534,1.7631341015167175,-0.05936358968402631,0.0,0.0,1.611435476564848,-0.2673854158379754,1.9192210655113662,0.0,0.0,0.0,1.35,0,0,False,0,0,0,False,False,False,0
128,219,NORMAL,GREEN,False,0.0,0.0,0.0,0.0,0.0,False,0.024898643291154144,0.0037063103774980176,0.5814101393981618,0.02274933035837349,0.6561175633552488,-0.15902358702895808,0.13454946558109,0.0,0.0,1.4338031003776914,0.14290303725538026,1.86533542981734,0.0,0.0,0.0,1.35,0,0,False,0,0,0,False,False,False,0
128,220,NORMAL,GREEN,False,0.0,0.0,0.0,0.0,0.0,False,0.02479272846171831,0.0037063103774980176,0.9525630492153012,0.021368148976626318,0.34299579686626624,-0.3778808412238427,0.31205409157763836,0.0,0.0,0.3033615622600166,0.2743896148233156,1.9751051359669276,0.0,0.0,0.0,1.35,0,0,False,0,0,0,False,False,False,0
128,221,NORMAL,GREEN,False,0.0,0.0,0.0,0.0,0.0,False,0.0247474654694427,0.0037063103774980176,0.4070804264929054,0.023283962052531335,0.7483363534330021,0.17198261180653746,0.5095032104953765,0.0,0.0,0.7168969728866911,0.48417977981733856,2.200731692665183,0.0,0.0,0.0,1.35,0,0,False,0,0,0,False,False,False,0
128,222,NORMAL,GREEN,False,0.0,0.0,0.0,0.0,0.0,False,0.024741183782733985,0.0037063103774980176,0.05649541879397053,0.02453807591248551,0.9489925768936738,-0.8135800934865083,0.6972006339032017,0.0,0.0,-0.08094164139564049,0.7952434244736122,2.011436999536443,0.0,0.0,0.0,1.35,0,0,False,0,0,0,False,False,False,0
128,223,NORMAL,GREEN,False,0.0,0.0,0.0,0.0,0.0,False,0.024758827222655662,0.003637711348471015,0.15867928051210933,0.025329298446789935,1.0580141388977984,-0.46001905237373863,0.8589091774169033,0.0,0.0,-0.9064297887126428,1.004702754014786,2.0573407847361977,0.0,0.0,0.0,1.35,0,0,False,0,0,0,False,False,False,0
128,224,NORMAL,GREEN,False,0.0,0.0,0.0,0.0,0.0,False,0.024889737388834363,0.003637711348471015,1.1995652727616564,0.029122499428612468,1.3097141351119124,0.7954845280139047,1.010127954740634,0.0,0.0,-0.13798374684095446,1.2471255601615994,1.9487451402625697,0.0,0.0,0.0,1.35,0,0,False,0,0,0,False,False,False,0
128,225,NORMAL,GREEN,False,0.0,0.0,0.0,0.0,0.0,False,0.02475717246167143,0.0036069941082793808,1.2147282953850387,0.020470906483403356,1.439155246387071,-0.9938570856453595,1.122871327377894,0.0,0.0,-0.990692246143876,1.4668321286106059,1.8383814066031368,0.0,0.0,0.0,1.35,0,0,False,0,0,0,False,False,False,0
128,226,NORMAL,GREEN,False,0.0,0.0,0.0,0.0,0.0,False,0.024444219133637986,0.0037063103774980176,2.892097211129362,0.014325394860556593,1.5431867943891426,-2.133116038203175,1.2111379840256438,0.0,0.0,-1.0087640657793224,1.705014963563254,1.6196854779309826,0.0,0.0,0.0,1.35,0,0,False,0,0,0,False,False,False,0
128,227,NORMAL,GREEN,False,0.0,0.0,0.0,0.0,0.0,False,0.02434631078625136,0.0037063103774980176,0.8805553899016101,0.021180607554083835,1.9089892222152511,-0.7783958452823281,1.3041159309312529,0.0,0.0,-0.5544155538968781,2.0311567153893484,1.4894552097577525,0.0,0.0,0.0,1.35,0,0,False,0,0,0,False,False,False,0
128,228,NORMAL,GREEN,False,0.0,0.0,0.0,0.0,0.0,False,0.024433906053896795,0.0037063103774980176,0.787802951575497,0.02726615304109919,1.6686787822252303,-0.0922924065639021,1.3213889433368937,0.0,0.0,-0.8827288117216918,2.195354480365891,1.5851436098449083,0.0,0.0,0.0,1.35,0,0,False,0,0,0,False,False,False,0
128,229,NORMAL,GREEN,False,0.0,0.0,0.0,0.0,0.0,False,0.02436455559517075,0.0037063103774980176,0.6237151566068659,0.022122224096361966,1.5231438487486375,-0.7574713685527248,1.2877788440159457,0.0,0.0,-1.4357625793524347,2.222366714771236,1.3144732003262614,0.0,0.0,0.0,1.35,0,0,False,0,0,0,False,False,False,0
128,230,NORMAL,GREEN,False,0.0,0.0,0.0,0.0,0.0,False,0.024432211446954153,0.0037063103774980176,0.608474420582462,0.02661975065461762,1.5647079534102024,-0.022729626333761938,1.232498594684779,0.0,0.0,-0.8274608679395319,2.167271354521135,1.0926818173703818,0.0,0.0,0.0,1.35,0,0,False,0,0,0,False,False,False,0
128,231,NORMAL,GREEN,False,0.0,0.0,0.0,0.0,0.0,False,0.024375058727056077,0.003654512212193447,0.5140127159439971,0.022527120783684976,1.4895223473119323,-0.6486238209392233,1.116739657218938,0.0,0.0,-1.5460522811331023,2.1478308839253795,1.0204096154617452,0.0,0.0,0.0,1.35,0,0,False,0,0,0,False,False,False,0
128,232,NORMAL,GREEN,False,0.0,0.0,0.0,0.0,0.0,False,0.024351616508073562,0.0036237949720018124,0.21381986269193737,0.023593651427638865,1.1223371054383584,-0.40507409320463994,0.9614159290917494,0.0,0.0,-1.4080807977967926,1.963893620790957,1.0313361652878243,0.0,0.0,0.0,1.35,0,0,False,0,0,0,False,False,False,0
128,233,NORMAL,GREEN,False,0.0,0.0,0.0,0.0,0.0,False,0.024155475201471946,0.003604949576624022,1.8041979758516888,0.017813572954686364,0.8894326603494652,-1.4780839159172192,0.7349764577939504,0.0,0.0,-1.3396261711481374,1.7054038514966297,1.1100928034308912,0.0,0.0,0.0,1.35,0,0,False,0,0,0,False,False,False,0
128,234,NORMAL,GREEN,False,0.0,0.0,0.0,0.0,0.0,False,0.023958416399551728,0.00362485989992438,1.8221133447379307,0.017586848470797962,0.5705249159535426,-1.3186864903664561,0.48721732711962673,0.0,0.0,-0.9906431379074306,1.3897366076755189,1.363739387468619,0.0,0.0,0.0,1.35,0,0,False,0,0,0,False,False,False,0
128,235,NORMAL,GREEN,False,0.0,0.0,0.0,0.0,0.0,False,0.023984217362141336,0.0037063103774980176,0.2372594003807377,0.024818448485871968,0.4451254541024696,-0.1151097037285085,0.25354107591166664,0.0,0.0,-1.1162157047794186,1.1350302313938971,1.5529461597906076,0.0,0.0,0.0,1.35,0,0,False,0,0,0,False,False,False,0
128,236,NORMAL,GREEN,False,0.0,0.0,0.0,0.0,0.0,False,0.023749539897654885,0.00362485989992438,2.1106117277822465,0.016161635212592975,0.23358721655698458,-1.8261296620599643,-0.004849456091420755,0.0,0.0,-1.1834162434409825,0.8750586668532458,1.7510168587210264,0.0,0.0,0.0,1.35,0,0,False,0,0,0,False,False,False,0
128,237,NORMAL,GREEN,False,0.0,0.0,0.0,0.0,0.0,False,0.023663622868101614,0.00362485989992438,0.7900721860088377,0.020885638912545853,-0.024576333456868188,-0.5928682956013646,-0.2421609980828705,0.0,0.0,-0.23937157778066134,0.6090691276336357,1.8280064509233773,0.0,0.0,0.0,1.35,0,0,False,0,0,0,False,False,False,0
128,238,NORMAL,GREEN,False,0.0,0.0,0.0,0.0,0.0,False,0.02384959306614137,0.0037516819503149623,1.7101368804500319,0.029862629469426707,-0.2671023131462283,0.8661751748528851,-0.47691600394429856,0.0,0.0,-0.5053386216622783,0.35423408186905225,1.7798021126566506,0.0,0.0,0.0,1.35,0,0,False,0,0,0,False,False,False,0
128,239,NORMAL,GREEN,False,0.0,0.0,0.0,0.0,0.0,False,0.02400547909584712,0.003780216493438757,1.3850323825439257,0.029045794056333143,-0.7866587658038774,1.5207920413075753,-0.6803065023878064,0.0,0.0,0.23648029163408385,-0.024099686684268214,2.0818409009617262,0.0,0.0,0.0,1.35,0,0,False,0,0,0,False,False,False,0
128,240,NORMAL,GREEN,False,0.0,0.0,0.0,0.0,0.0,False,0.024037526825625526,0.0037516819503149623,0.28259166138614106,0.025073736755127272,-1.105941626635771,0.28677427211821505,-0.8470838483637165,0.0,0.0,0.23873670998053245,-0.3551648663388272,1.7906368265145016,0.0,0.0,0.0,1.35,0,0,False,0,0,0,False,False,False,0
128,241,NORMAL,GREEN,False,0.0,0.0,0.0,0.0,0.0,False,0.024104568045104458,0.0037063103774980176,0.5956547877883994,0.026272234141589954,-1.3177537247422786,0.5717482329736921,-0.9997121037724931,0.0,0.0,0.3345521851152266,-0.66322631695659,2.2561098610910895,0.0,0.0,0.0,1.35,0,0,False,0,0,0,False,False,False,0
128,242,NORMAL,GREEN,False,0.0,0.0,0.0,0.0,0.0,False,0.02397088252703938,0.003604949576624022,1.202323465017183,0.0196483841096019,-1.733763336829964,-0.32061951792494825,-1.1100023290639847,0.0,0.0,0.5814497301469337,-0.9904424500940353,2.746464781462476,0.0,0.0,0.0,1.35,0,0,False,0,0,0,False,False,False,0
128,243,NORMAL,GREEN,False,0.0,0.0,0.0,0.0,0.0,False,0.02385779349323187,0.003604949576624022,1.0456829922654591,0.020201248066789072,-1.9794726761172374,-0.5550407342021028,-1.1758786934368128,0.0,0.0,0.9485465701660813,-1.2696881672350642,2.8755000212135737,0.0,0.0,0.0,1.35,0,0,False,0,0,0,False,False,False,0
128,244,NORMAL,GREEN,False,0.0,0.0,0.0,0.0,0.0,False,0.02385273533778442,0.0035849060074113343,0.046770468767426396,0.02368918831165023,-2.3236542995726475,-0.05516594317753622,-1.1726223281963886,0.0,0.0,0.9558375299082911,-1.4957982708642923,2.3017775681884824,0.0,0.0,0.0,1.35,0,0,False,0,0,0,False,False,False,0
128,245,NORMAL,GREEN,False,0.0,0.0,0.0,0.0,0.0,False,0.0237692066836688,0.003604949576624022,0.7766698665918897,0.021068446867263793,-2.0147708873145627,-0.6514879790831227,-1.122531567877526,0.0,0.0,0.6191527544571662,-1.5906438093857282,1.9128790476061952,0.0,0.0,0.0,1.35,0,0,False,0,0,0,False,False,False,0
128,246,NORMAL,GREEN,False,0.0,0.0,0.0,0.0,0.0,False,0.023695844069782545,0.0036910973107592893,0.6783508093240059,0.021323786220793662,-2.1564592780566194,-1.098603499538137,-1.0317676262609183,0.0,0.0,0.42561469554356673,-1.6895444381715266,2.099828473360768,0.0,0.0,0.0,1.35,0,0,False,0,0,0,False,False,False,0
128,247,NORMAL,GREEN,False,0.0,0.0,0.03420137027943382,0.0,0.02677967292879668,False,0.023809449074544502,0.003642251119561857,1.0259370515718735,0.0274826775618478,-1.8021941386246212,0.252688051941998,-0.8768333579108495,0.0,0.0,1.3457270311959395,-1.7225800710748032,3.1368054811177353,0.0,0.0,0.03420137027943382,1.35,0,0,False,0,0,0,False,False,False,0
128,248,NORMAL,GREEN,False,0.0,0.0,0.0,0.0,0.02410170563591701,False,0.023784842416532538,0.0036910973107592893,0.22519642572882834,0.02298922714081235,-1.6027464389484563,-0.7784428295833147,-0.6899539185075128,0.0,0.0,0.9240012767586401,-1.6877692888763385,2.0320801077563306,0.0,0.0,0.0,1.35,0,0,False,0,0,0,False,False,False,0
128,249,NORMAL,GREEN,False,0.0,0.0,0.0,0.0,0.02169153507232531,False,0.02394901905390617,0.0036910973107592893,1.4826362239676012,0.029257396995653658,-1.0312163716073675,0.47221961705558635,-0.45622272112249734,0.0,0.0,1.079027460629107,-1.5500223412748813,0.6824887520975728,0.0,0.0,0.0,1.35,0,0,False,0,0,0,False,False,False,0
128,250,NORMAL,GREEN,False,0.0,0.0,0.0,0.0,0.01952238156509278,False,0.024174464581364442,0.0038708908244287524,2.03593952762246,0.03146386996918197,-1.0372735390179577,1.1492527477067478,-0.21133959617267628,0.0,0.0,0.7572225579183034,-1.4542260202743387,0.27041904406533646,0.0,0.0,0.0,1.35,0,0,False,0,0,0,False,False,False,0
128,251,NORMAL,GREEN,False,0.0,0.0,0.0,0.0,0.017570143408583504,False,0.024061122503878464,0.0038986549719588516,0.9760206166729662,0.020396395331831765,-0.6652783084909577,-1.3200672707744077,0.03891072022466325,0.0,0.0,0.3464448734966772,-1.2795303099016693,0.295407138755709,0.0,0.0,0.0,1.35,0,0,False,0,0,0,False,False,False,0
128,252,NORMAL,GREEN,False,0.0,0.0,0.0,0.0,0.015813129067725154,False,0.024076941483859787,0.0038708908244287524,0.13525160254071122,0.02458842183658921,-0.07112192794800523,0.4752221205468693,0.3440538857108977,0.0,0.0,1.356412108978546,-0.9792772611785941,-0.15715087632323715,0.0,0.0,0.0,1.35,0,0,False,0,0,0,False,False,False,0
128,253,NORMAL,GREEN,False,0.0,0.0,0.0,0.0,0.01423181616095264,False,0.024166359856310736,0.003922349308017826,0.7700068408598292,0.02705755389889147,0.3494302207468922,0.2795220057028693,0.6645197545986399,0.0,0.0,1.1801599677458279,-0.6269513185130035,-1.171699484424239,0.0,0.0,0.0,1.35,0,0,False,0,0,0,False,False,False,0
128,254,NORMAL,GREEN,False,0.0,0.0,0.0,0.0,0.012808634544857376,False,0.0243376924002924,0.003918570270978069,1.4560367654442636,0.029877444655699557,0.3728925547694781,0.05950020632133215,0.9250129615268096,0.0,0.0,0.0312650025074634,-0.3169322781784023,-1.2956720071573333,0.0,0.0,0.0,1.35,0,0,False,0,0,0,False,False,False,0
128,255,NORMAL,GREEN,False,0.0,0.0,0.0,0.0,0.011527771090371638,False,0.02450641777836255,0.0038176512822889223,1.4352630883409305,0.02996187166929734,0.48417695394706844,0.5974553168906488,1.1605956292306423,0.0,0.0,-0.5103696952060117,-0.10652598822275854,-1.33377668695607,0.0,0.0,0.0,1.35,0,0,False,0,0,0,False,False,False,0
128,256,NORMAL,GREEN,False,0.0,0.0,0.0,0.0,0.010374993981334475,False,0.024678593260286874,0.003941635694991182,1.5033281739053301,0.030245600509173298,1.0293158689542379,1.0971722313012122,1.3901781653549392,0.0,0.0,0.6003943693517217,0.31918751496537645,-1.647035869510988,0.0,0.0,0.0,1.35,0,0,False,0,0,0,False,False,False,0
128,257,NORMAL,GREEN,False,0.0,0.0,0.0,0.0,0.009337494583201027,False,0.02481763341290513,0.004102787560721622,1.175824483178755,0.029313265014228814,1.2779778686431584,0.9192621659369694,1.5945613356640052,0.0,0.0,0.08886990525157364,0.6310840339745287,-1.980815115876662,0.0,0.0,0.0,1.35,0,0,False,0,0,0,False,False,False,0
128,258,NORMAL,GREEN,False,0.0,0.0,0.0,0.0,0.008403745124880926,False,0.024804968359687138,0.003941635694991182,0.10289795275812386,0.024395464972305377,1.1580164456967934,-0.5602060543331752,1.7206386064780812,0.0,0.0,-0.9322481576033048,0.8198037674942406,-1.8538067563820506,0.0,0.0,0.0,1.35,0,0,False,0,0,0,False,False,False,0
128,259,NORMAL,GREEN,False,0.0,0.0,0.0,0.0,0.007563370612392833,False,0.024657660526336955,0.003941635694991182,1.2457419943482957,0.01989470724801439,0.957799234625554,-1.1894254400549609,1.7341493408638262,0.0,0.0,-1.5653559364546874,0.893713894704891,-2.038949592634247,0.0,0.0,0.0,1.35,0,0,False,0,0,0,False,False,False,0
128,260,NORMAL,GREEN,False,0.0,0.0,0.0,0.0,0.00680703355115355,False,0.024624280505189774,0.003941635694991182,0.2822856949937301,0.023544993154764274,1.0558586565273014,-0.7493612128695385,1.727981766936049,0.0,0.0,-1.472668063663268,0.9752211410084869,-1.9274303028912823,0.0,0.0,0.0,1.35,0,0,False,0,0,0,False,False,False,0
128,261,NORMAL,GREEN,False,0.0,0.0,0.0,0.0,0.006126330196038195,False,0.024579367881141158,0.003848368522480557,0.37981375858492605,0.023127193036902666,1.2225601529857968,-0.713975806748354,1.6848544914217323,0.0,0.0,-1.3466435989536543,1.110942255401402,-2.0325166499712206,0.0,0.0,0.0,1.35,0,0,False,0,0,0,False,False,False,0
128,262,NORMAL,GREEN,False,0.0,0.0,0.040826228137501364,0.0,0.03748063380809794,False,0.02443602499800967,0.003941635694991182,1.2415900599101293,0.019801271776758268,1.154867834766391,-1.3764357629185826,1.5721191730068282,0.0,0.0,-2.122478684412504,1.1634081843087678,-1.836737013921014,0.040826228137501364,0.0,0.040826228137501364,1.35,0,0,False,0,0,0,False,False,False,0
128,263,NORMAL,GREEN,False,0.0,0.0,0.0,0.0,0.033732570427288146,False,0.024631877719179684,0.004140108994259698,1.656272812654031,0.03096444903701024,1.0580804403520057,1.219556885482438,1.4268566427643228,0.0,0.0,-0.5865087761932996,1.1853229075431524,-1.4895518030725414,0.0,0.0,0.0,1.35,0,0,False,0,0,0,False,False,False,0
128,264,NORMAL,GREEN,False,0.0,0.0,0.0,0.0,0.03035931338455933,False,0.024702986676249976,0.003941635694991182,0.5725208134124358,0.02700217628818939,1.167693916061233,0.13558879316365033,1.2703916681345526,0.0,0.0,-1.4464005048445512,1.207422314895427,-1.2697883481880394,0.0,0.0,0.0,1.35,0,0,False,0,0,0,False,False,False,0
128,265,NORMAL,GREEN,False,0.0,0.0,0.0,0.0,0.0273233820461034,False,0.024640991443234776,0.0038176512822889223,0.5242767031461658,0.022636478909076753,0.8083841291525521,-0.3166874467659097,1.0633302324403935,0.0,0.0,-0.7128226321357438,1.052931263009822,-1.0703587678123352,0.0,0.0,0.0,1.35,0,0,False,0,0,0,False,False,False,0
128,266,NORMAL,GREEN,False,0.0,0.0,0.0,0.0,0.02459104384149306,False,0.024637288118454843,0.0038176512822889223,0.032335106117155656,0.02451754728390367,0.5981100619098806,0.2522941929969827,0.8406225961579948,0.0,0.0,-0.29604318678765484,0.8955010584675596,-0.883583051462451,0.0,0.0,0.0,1.35,0,0,False,0,0,0,False,False,False,0
128,267,NORMAL,GREEN,False,0.0,0.0,0.0,0.0,0.022131939457343753,False,0.024807191267037326,0.003941635694991182,1.48348758629604,0.03030072640453762,0.42420960921877515,1.1740126891273532,0.5883848001876032,0.0,0.0,-0.396817721970518,0.6787394689640344,-0.5835617499479662,0.0,0.0,0.0,1.35,0,0,False,0,0,0,False,False,False,0
128,268,NORMAL,GREEN,False,0.0,0.0,0.0,0.0,0.019918745511609378,False,0.024725034113204036,0.003941635694991182,0.6947805445142825,0.02206861947259442,0.11587166496765679,-0.40407137885627564,0.31443091425952413,0.0,0.0,-0.8633480900259494,0.4297526841936986,-0.2701914893808483,0.0,0.0,0.0,1.35,0,0,False,0,0,0,False,False,False,0
128,269,NORMAL,GREEN,False,0.0,0.0,0.0,0.0,0.01792687096044844,False,0.02451489815759935,0.00401306355737984,1.7770622136364624,0.01772050225971451,-0.07350301314349614,-1.212752561862252,0.05086628160115759,0.0,0.0,-0.614556859437918,0.23033828181143062,0.18957559922621817,0.0,0.0,0.0,1.35,0,0,False,0,0,0,False,False,False,0
128,270,NORMAL,GREEN,False,0.0,0.0,0.0,0.0,0.016134183864403597,False,0.02434293282154598,0.004221733883447151,1.4283795375990005,0.018782720289153735,-0.3874563272246761,-0.07476380390100529,-0.21153310929579294,0.0,0.0,0.4205702657656797,-0.02556866555106177,0.2662360406351565,0.0,0.0,0.0,1.35,0,0,False,0,0,0,False,False,False,0
128,271,NORMAL,GREEN,False,0.0,0.0,0.0,0.0,0.014520765477963238,False,0.024160528609173133,0.004287696638298469,1.4401998279113808,0.01826279240911775,-0.5197929522543338,-1.452107167198882,-0.4276605448270468,0.0,0.0,-0.4351164028743426,-0.20107286406507663,0.667096897427661,0.0,0.0,0.0,1.35,0,0,False,0,0,0,False,False,False,0
128,272,NORMAL,GREEN,False,0.0,0.0,0.0,0.0,0.013068688930166914,False,0.024180712294927558,0.004287696638298469,0.15691164322075807,0.024833318134320666,-0.617740264443696,0.36109535898741063,-0.6277644399554002,0.0,0.0,0.2696808556006301,-0.39651435792671513,0.9382484253207959,0.0,0.0,0.0,1.35,0,0,False,0,0,0,False,False,False,0
128,273,NORMAL,GREEN,False,0.0,0.0,0.0,0.0,0.011761820037150223,False,0.024223553893306316,0.004219671457167686,0.3330583760372175,0.025608765574219483,-0.7777385313473538,1.3969235311976365,-0.7786361290370235,0.0,0.0,0.9518531863306042,-0.5503090257475853,0.8609945120558231,0.0,0.0,0.0,1.35,0,0,False,0,0,0,False,False,False,0
128,274,NORMAL,GREEN,False,0.0,0.0,0.0,0.0,0.0105856380334352,False,0.024043738606754978,0.004219671457167686,1.4204525034439093,0.018229711008261668,-0.9679009592802873,-1.649774048568414,-0.8983119691432867,0.0,0.0,-0.2852746405116823,-0.6753305676659948,0.8774258089732667,0.0,0.0,0.0,1.35,0,0,False,0,0,0,False,False,False,0
128,275,NORMAL,GREEN,False,0.0,0.0,0.0,0.0,0.00952707423009168,False,0.02407296589935227,0.004219671457167686,0.2308812656306823,0.02501798169333152,-1.1955590587828282,0.9196450424402061,-0.9577367267695386,0.0,0.0,0.6666263931308158,-0.8115206958613934,1.0291269446451607,0.0,0.0,0.0,1.35,0,0,False,0,0,0,False,False,False,0
128,276,NORMAL,GREEN,False,0.0,0.0,0.0,0.0,0.008574366807082512,False,0.024090534426502042,0.004221733883447151,0.13878274116915326,0.024658583471011238,-1.1074497499793767,0.5273607348775244,-0.9585785140236321,0.0,0.0,0.6196666397355329,-0.8913376000234462,1.021485158606721,0.0,0.0,0.0,1.35,0,0,False,0,0,0,False,False,False,0
128,277,NORMAL,GREEN,False,0.0,0.0,0.0,0.0,0.007716930126374261,False,0.02396362253973352,0.0043721904129937405,1.0020518446707865,0.019860138200884662,-1.10223236173207,0.2973449319984571,-0.9196764719739196,0.0,0.0,1.222702067379387,-0.9705417052404053,1.3804120402079558,0.0,0.0,0.0,1.35,0,0,False,0,0,0,False,False,False,0
128,278,NORMAL,GREEN,False,0.0,0.0,0.0,0.0,0.006945237113736835,False,0.024030628701671823,0.004221733883447151,0.5108512027836242,0.0261971612710104,-1.0606773114140369,-0.3345320341483362,-0.8547281547412975,0.0,0.0,0.2381945749304815,-0.9632548307843275,2.1407375330490397,0.0,0.0,0.0,1.35,0,0,False,0,0,0,False,False,False,0
128,279,NORMAL,GREEN,False,0.0,0.0,0.0,0.0,0.006250713402363151,False,0.024107271788709663,0.004221733883447151,0.6051469937375605,0.026585398269599863,-0.7584746405445122,1.385630823445448,-0.7155627995433811,0.0,0.0,0.7931301945384445,-0.8724121352921755,1.7759257146067904,0.0,0.0,0.0,1.35,0,0,False,0,0,0,False,False,False,0
128,280,NORMAL,GREEN,False,0.0,0.0,0.0,0.0,0.005625642062126836,False,0.024068857803166737,0.004221733883447151,0.30330338673991486,0.02282680560394549,-0.5465149777647917,-0.3035790271151735,-0.5507459829671892,0.0,0.0,0.5469720009484086,-0.752548155598919,2.072223204439442,0.0,0.0,0.0,1.35,0,0,False,0,0,0,False,False,False,0
128,281,NORMAL,GREEN,False,0.0,0.0,0.0,0.0,0.005063077855914152,False,0.023862247402762115,0.0043721904129937405,1.631323417571088,0.01718184445634607,-0.4502450215103374,-0.566530582223662,-0.35714767478477855,0.0,0.0,0.6609699738175051,-0.6863521991113036,1.1754128460030384,0.0,0.0,0.0,1.35,0,0,False,0,0,0,False,False,False,0
128,282,NORMAL,GREEN,False,0.0,0.0,0.0,0.0,0.004556770070322737,False,0.023899642254621805,0.004221733883447151,0.28509624335783185,0.025108742464751758,-0.4038101082820749,-0.48812076477393007,-0.15034212118163626,0.0,0.0,0.024376426073275344,-0.603316878393939,0.5957173845356663,0.0,0.0,0.0,1.35,0,0,False,0,0,0,False,False,False,0
128,283,NORMAL,GREEN,False,0.0,0.0,0.0,0.0,0.004101093063290463,False,0.0240499941061893,0.004373855667961779,1.1871256038267695,0.028911370640204936,-0.21253745739188157,1.2662637032058306,0.08135295025192163,0.0,0.0,0.6990896873953444,-0.498299233997222,0.04023194167223414,0.0,0.0,0.0,1.35,0,0,False,0,0,0,False,False,False,0
128,284,NORMAL,GREEN,False,0.0,0.0,0.0,0.0,0.003690983756961417,False,0.024088448916646407,0.004221733883447151,0.2930656867866676,0.025331821121426276,0.09408448214507378,-0.5205320669633546,0.29882391172863426,0.0,0.0,-0.17711286958233444,-0.2904864974018502,-0.20799965457839484,0.0,0.0,0.0,1.35,0,0,False,0,0,0,False,False,False,0
128,285,NORMAL,GREEN,False,0.0,0.0,0.0,0.0,0.003321885381265275,False,0.02404784592380572,0.004069214927621096,0.3205870223123575,0.0227350158219569,0.2172020815494755,0.6165590703610189,0.5209247935342971,0.0,0.0,0.5866493031812061,-0.14790003475174862,-0.24586497205751304,0.0,0.0,0.0,1.35,0,0,False,0,0,0,False,False,False,0
128,286,NORMAL,GREEN,False,0.0,0.0,0.0,0.0,0.0029896968431387476,False,0.024135908573784778,0.00401306355737984,0.721372971981254,0.026983267589774235,0.5357025858423597,0.0628964541370628,0.7377081172535405,0.0,0.0,0.23677021138285875,0.11933853751036583,-0.4075841899192769,0.0,0.0,0.0,1.35,0,0,False,0,0,0,False,False,False,0
128,287,NORMAL,GREEN,False,0.0,0.0,0.0,0.0,0.002690727158824873,False,0.02399903001314426,0.004221733883447151,1.1369415467210118,0.019573289885767616,0.5616656076599064,-1.7142781467384267,0.9268109844272464,0.0,0.0,-0.8698916516008561,0.2686779521364777,-0.4244964103989255,0.0,0.0,0.0,1.35,0,0,False,0,0,0,False,False,False,0
128,288,NORMAL,GREEN,False,0.0,0.0,0.0,0.0,0.0024216544429423855,False,0.023823203002903276,0.004250441979773905,1.3882685415928189,0.018138129671778098,0.6213269778945758,-1.7591866591255014,1.0519753661530729,0.0,0.0,-1.1556442689633604,0.41783463210931704,-0.4294913862398524,0.0,0.0,0.0,1.35,0,0,False,0,0,0,False,False,False,0
128,289,NORMAL,GREEN,False,0.0,0.0,0.0,0.0,0.002179488998648147,False,0.023764556167852734,0.004250441979773905,0.4599273466117753,0.021868308501218563,0.9770414522828356,-0.34481500819248956,1.1697529974715728,0.0,0.0,-0.6814569984601175,0.6635442781689423,-0.3362410757432703,0.0,0.0,0.0,1.35,0,0,False,0,0,0,False,False,False,0
128,290,NORMAL,GREEN,False,0.0,0.0,0.0,0.0,0.0019615400987833325,False,0.0237636478967823,0.0041855773257690135,0.007122953916779383,0.02373428046550486,0.8827308372189853,-0.8286493593815742,1.2354845049725922,0.0,0.0,-1.2431955290452403,0.7729133719546406,-0.3448516664343481,0.0,0.0,0.0,1.35,0,0,False,0,0,0,False,False,False,0
128,291,NORMAL,GREEN,False,0.0,0.0,0.0,0.0,0.0017653860889049993,False,0.023908519888643738,0.004250441979773905,1.1537396204940722,0.028592714292163635,0.9049151229382184,0.47066792496006415,1.2858918045589258,0.0,0.0,-0.9656029164438847,0.8178660907473412,-0.26878909046169763,0.0,0.0,0.0,1.35,0,0,False,0,0,0,False,False,False,0
128,292,NORMAL,GREEN,False,0.0,0.0,0.0,0.0,0.0015888474800144995,False,0.024017456461660536,0.004449407413181313,0.854315649487607,0.02753973898920367,0.8014299430377377,0.7874335765162492,1.28607352390318,0.0,0.0,-0.594207316179556,0.796999170165847,-0.48705427139853863,0.0,0.0,0.0,1.35,0,0,False,0,0,0,False,False,False,0
128,293,NORMAL,GREEN,False,0.0,0.0,0.0,0.0,0.0014299627320130497,False,0.024269131479275813,0.004449407413181313,1.8854572024557172,0.032406623715503104,0.7608334524253421,1.1589556618554544,1.2213811361445561,0.0,0.0,-0.7164364282817522,0.7776002620016577,-0.6498940477516014,0.0,0.0,0.0,1.35,0,0,False,0,0,0,False,False,False,0
128,294,NORMAL,GREEN,False,0.0,0.0,0.0,0.0,0.0012869664588117447,False,0.02441893980993325,0.004449407413181313,1.1223092331624096,0.029262742501190472,0.32182159039865754,0.779697301207976,1.0940781143541332,0.0,0.0,-0.821745544091182,0.6013284266208602,-0.7348787685454248,0.0,0.0,0.0,1.35,0,0,False,0,0,0,False,False,False,0
128,295,NORMAL,GREEN,False,0.0,0.0,0.0,0.0,0.0011582698129305703,False,0.024238629017982075,0.004511214869524483,1.3508225193989187,0.018408580078227443,0.3284602518951904,-1.217344285192268,0.9576179365115695,0.0,0.0,-0.6656446481306545,0.45630383551383846,-1.1201621331781042,0.0,0.0,0.0,1.35,0,0,False,0,0,0,False,False,False,0
128,296,NORMAL,GREEN,False,0.0,0.0,0.0,0.0,0.0010424428316375132,False,0.02439126289320549,0.004557198308407117,1.1278105760714325,0.029326424858762495,0.22284399612237013,0.7644166589842784,0.7666491122220374,0.0,0.0,-0.3276561966182642,0.29721280868824823,-1.332375506190903,0.0,0.0,0.0,1.35,0,0,False,0,0,0,False,False,False,0
128,297,NORMAL,GREEN,False,0.0,0.0,0.0,0.0,0.0009381985484737619,False,0.024408244895684963,0.004478213924951469,0.1242137627128137,0.024957329642521207,0.25812534552594263,-0.7204531087558127,0.582199633927037,0.0,0.0,-0.5599812655952618,0.18228750197774565,-1.5261758442879583,0.0,0.0,0.0,1.35,0,0,False,0,0,0,False,False,False,0
128,298,NORMAL,GREEN,False,0.0,0.0,0.0,0.0,0.0008443786936263857,False,0.024224225993434323,0.004557198308407117,1.3697343430106856,0.01827428148733026,0.11000573743197772,-1.3489929185927854,0.4017931809667632,0.0,0.0,-0.849658158890643,0.08099896618014636,-1.5246856130851802,0.0,0.0,0.0,1.35,0,0,False,0,0,0,False,False,False,0
128,299,NORMAL,GREEN,False,0.0,0.0,0.0,0.0,0.0007599408242637472,False,0.024180736546594313,0.004511214869524483,0.3181007561874116,0.022774577765434026,0.019741959892381346,-0.08261169574375422,0.2139508013409926,0.0,0.0,-0.2321129227772706,-0.06229053092890968,-0.8306538795853763,0.0,0.0,0.0,1.35,0,0,False,0,0,0,False,False,False,0
128,300,NORMAL,GREEN,False,0.0,0.0,0.0,0.0,0.0006839467418373725,False,0.0241223250035543,0.00441260664659691,0.4316024598651716,0.022233685111927207,-0.20499070606463157,0.0037396290508643886,0.04066124626498003,0.0,0.0,0.940864730829528,-0.27624419754466095,0.32330836207480274,0.0,0.0,0.0,1.35,0,0,False,0,0,0,False,False,False,0
128,301,NORMAL,GREEN,False,0.0,0.0,0.0,0.0,0.0006155520676536353,False,0.02418376387929465,0.00441260664659691,0.4641162670273075,0.026170287528232743,-0.5531258769272687,-0.38010396633886157,-0.13288940133663088,0.0,0.0,0.5464072985922513,-0.5240787574310031,0.8904983721639923,0.0,0.0,0.0,1.35,0,0,False,0,0,0,False,False,False,0
128,302,NORMAL,GREEN,False,0.0,0.0,0.0,0.0,0.0005539968608882718,False,0.02417573514989838,0.004412195227554722,0.06064993656652749,0.02391613956608551,-0.6533808717490531,-0.19085272530430197,-0.27111795056235116,0.0,0.0,0.0773473458300351,-0.6946733680293818,0.838752913726099,0.0,0.0,0.0,1.35,0,0,False,0,0,0,False,False,False,0
128,303,NORMAL,GREEN,False,0.0,0.0,0.0,0.0,0.0004985971747994446,False,0.024235844169702217,0.004557198308407117,0.4541127239675058,0.026179369143359683,-0.8253141074679795,0.32658818769945275,-0.3920511467666137,0.0,0.0,1.0736626829964306,-0.8661282437602982,1.0296412732706086,0.0,0.0,0.0,1.35,0,0,False,0,0,0,False,False,False,0
128,304,NORMAL,GREEN,False,0.0,0.0,0.0,0.0,0.00044873745731950014,False,0.024171208460228785,0.0043565803254059,0.47277373142612067,0.02208132052058778,-0.5806111313646636,-0.4890617940816833,-0.48454065696103304,0.0,0.0,0.13195949130412946,-0.9103829272404718,0.904511587539513,0.0,0.0,0.0,1.35,0,0,False,0,0,0,False,False,False,0
128,305,NORMAL,GREEN,False,0.0,0.0,0.0,0.0,0.00040386371158755013,False,0.024353711458017173,0.004412195227554722,1.396378077579955,0.03025464171984173,-0.41155139178140243,0.7999322194468366,-0.5132912985604727,0.0,0.0,0.8783516394605407,-0.9035574993980656,-0.2857345449172688,0.0,0.0,0.0,1.35,0,0,False,0,0,0,False,False,False,0
128,306,NORMAL,GREEN,False,0.0,0.0,0.0,0.0,0.00036347734042879514,False,0.0244394632899059,0.004412195227554722,0.6478395104640435,0.027212105854308014,-0.3543214861729964,0.16414909825634857,-0.5268165934228278,0.0,0.0,0.9078088031767526,-0.8649810092047626,-0.05267619234753672,0.0,0.0,0.0,1.35,0,0,False,0,0,0,False,False,False,0
128,307,NORMAL,GREEN,False,0.0,0.0,0.0,0.0,0.00032712960638591566,False,0.024469285515136944,0.0043565803254059,0.22530149349695325,0.025433537464274108,-0.3861656063532406,-0.07779438970730461,-0.4821305884599455,0.0,0.0,0.8371113893526689,-0.8449899925706293,0.20542906334457597,0.0,0.0,0.0,1.35,0,0,False,0,0,0,False,False,False,0
128,308,NORMAL,GREEN,False,0.0,0.0,0.0,0.0,0.0002944166457473241,False,0.02479243806427069,0.0043565803254059,2.4725245107899987,0.0352410371529285,-0.11236158597139333,1.5747684399675885,-0.4029016122417474,0.0,0.0,1.1342248739048113,-0.7406458637862914,0.16662781450920347,0.0,0.0,0.0,1.35,0,0,False,0,0,0,False,False,False,0
128,309,NORMAL,GREEN,False,0.0,0.0,0.0,0.0,0.0002649749811725917,False,0.02489315586182637,0.004412195227554722,0.7706181609792673,0.02814969798279344,-0.13491872791686943,0.6298115593126892,-0.28829843357658336,0.0,0.0,0.5663079595378908,-0.6464519785219456,-0.3492676260912167,0.0,0.0,0.0,1.35,0,0,False,0,0,0,False,False,False,0
128,310,NORMAL,GREEN,False,0.0,0.0,0.0,0.0,0.00023847748305533254,False,0.02479522991548689,0.00418729314013183,0.7398127333375262,0.021628957650510323,0.3734110242717254,-0.41104500127827187,-0.15507145270469488,0.0,0.0,0.41936701698020085,-0.4031141320474835,-0.9844558810838855,0.0,0.0,0.0,1.35,0,0,False,0,0,0,False,False,False,0
128,311,NORMAL,GREEN,False,0.0,0.0,0.0,0.0,0.00021462973474979929,False,0.024816561654545405,0.00418729314013183,0.16981327669711607,0.025506287884104032,0.3400079520677652,-0.19976334191493653,0.012947953205338451,0.0,0.0,0.6197532821255335,-0.22299794894657338,-1.008170219271027,0.0,0.0,0.0,1.35,0,0,False,0,0,0,False,False,False,0
128,312,NORMAL,GREEN,False,0.0,0.0,0.0,0.0,0.00019316676127481937,False,0.02489754109893026,0.004412195227554722,0.644644337640869,0.027515876467373843,0.6797259344803953,0.3161982501470484,0.1793827586872856,0.0,0.0,-0.03186950591785078,0.021423155687364418,-0.9017430126998482,0.0,0.0,0.0,1.35,0,0,False,0,0,0,False,False,False,0
128,313,NORMAL,GREEN,False,0.0,0.0,0.0,0.0,0.00017385008514733745,False,0.025017141677160588,0.004449407413181313,0.9035606394099702,0.028884227039941222,0.7748489200129587,0.46677675493875986,0.3606834981337057,0.0,0.0,0.2292834537198739,0.29121401183837475,-0.3690086462566973,0.0,0.0,0.0,1.35,0,0,False,0,0,0,False,False,False,0
128,314,NORMAL,GREEN,False,0.0,0.0,0.0,0.0,0.00015646507663260372,False,0.024787003102601714,0.004439725042545597,1.7241140462667008,0.0173458558585315,0.8778372294350967,-1.808545606578491,0.526288249556371,0.0,0.0,-0.7097318167190689,0.5059461337516068,-0.21789181582103595,0.0,0.0,0.0,1.35,0,0,False,0,0,0,False,False,False,0
128,315,NORMAL,GREEN,False,0.0,0.0,0.0,0.0,0.00014081856896934334,False,0.0249587537095189,0.004557198308407117,1.2894988261007905,0.030512023333174543,1.1051919223059208,0.8058438782010403,0.7087360045747741,0.0,0.0,0.32105372976105895,0.7524838597994981,0.045829861900348746,0.0,0.0,0.0,1.35,0,0,False,0,0,0,False,False,False,0
128,316,NORMAL,GREEN,False,0.0,0.0,0.0,0.0,0.000126736712072409,False,0.024974665688534396,0.004449407413181313,0.11638714504439042,0.02548915301003553,1.2695755330995597,0.7011706539200563,0.8651355671065809,0.0,0.0,-0.08887744132016706,1.0432417743493545,-0.10656911761908416,0.0,0.0,0.0,1.35,0,0,False,0,0,0,False,False,False,0
128,317,NORMAL,GREEN,False,0.0,0.0,0.0,0.0,0.0001140630408651681,False,0.025278418603436274,0.004478213924951469,2.2756057657027506,0.03509976285193035,1.1384189146919712,1.2612295986872477,0.9770372131400247,0.0,0.0,-0.5407554325338947,1.1707943911920078,-0.4257162144421464,0.0,0.0,0.0,1.35,0,0,False,0,0,0,False,False,False,0
128,318,NORMAL,GREEN,False,0.0,0.0,0.0,0.0,0.00010265673677865129,False,0.02541187846215819,0.004382243510678095,0.9934009477774942,0.029727080560833435,1.3370020766660637,0.5950699372377902,1.069186943385459,0.0,0.0,-0.8986064342547642,1.3797987158826717,-0.15827839741554403,0.0,0.0,0.0,1.35,0,0,False,0,0,0,False,False,False,0
128,319,NORMAL,GREEN,False,0.0,0.0,0.0,0.0,9.239106310078616e-05,False,0.02526954951055228,0.004478213924951469,1.0826186119742816,0.020667580075294567,1.4461531031255555,-0.9130834282217151,1.1415134338935307,0.0,0.0,-0.8690306667671387,1.5340440929828694,0.34781662619353665,0.0,0.0,0.0,1.35,0,0,False,0,0,0,False,False,False,0
128,320,NORMAL,GREEN,False,0.0,0.0,0.0,0.0,8.315195679070754e-05,False,0.025327015876228525,0.004382243510678095,0.42774765892014255,0.027185095033093853,1.2392601293232124,0.14846223431251598,1.1509096374231724,0.0,0.0,-1.2966962284487358,1.5332208003353271,0.25271323747747665,0.0,0.0,0.0,1.35,0,0,False,0,0,0,False,False,False,0
128,321,NORMAL,GREEN,False,0.0,0.0,0.0,0.0,7.483676111163678e-05,False,0.02532471718049077,0.004382243510678095,0.017484923206968938,0.02525039268497008,1.1375999531309122,-0.15756577599607552,1.0993074269596095,0.0,0.0,-1.291483499506176,1.5032831055087414,0.5132606224023469,0.0,0.0,0.0,1.35,0,0,False,0,0,0,False,False,False,0
128,322,NORMAL,GREEN,False,0.0,0.0,0.0,0.0,6.735308500047311e-05,False,0.025371480017981323,0.004363972918940927,0.3556993685738355,0.02688347843017576,0.9357780633059883,0.16931056393856064,1.0043352915706831,0.0,0.0,-0.8816320297686336,1.3820787933556624,0.48410513815373074,0.0,0.0,0.0,1.35,0,0,False,0,0,0,False,False,False,0
128,323,NORMAL,GREEN,False,0.0,0.0,0.0,0.0,6.06177765004258e-05,False,0.025420433070104085,0.004305922703436699,0.3739180866612793,0.027003248422073352,0.5376457549038354,0.6228841291145684,0.8598301945893554,0.0,0.0,-1.0516719601100348,1.145881412357061,0.7813982936159929,0.0,0.0,0.0,1.35,0,0,False,0,0,0,False,False,False,0
128,324,NORMAL,GREEN,False,0.0,0.0,0.0,0.0,5.455599885038322e-05,False,0.025339342337162087,0.004305922703436699,0.6277456929829295,0.022717408638704285,0.7027930984701802,-0.8410932126558233,0.6929345782224338,0.0,0.0,-1.602104181825153,1.0419873035483027,0.7348465886522253,0.0,0.0,0.0,1.35,0,0,False,0,0,0,False,False,False,0
128,325,NORMAL,GREEN,False,0.0,0.0,0.0,0.0,4.91003989653449e-05,False,0.02525215112479055,0.004339362570274472,0.6749711840851738,0.022432968591444186,0.566735930982576,-0.7414572483482786,0.5088451156506516,0.0,0.0,-1.4846541113556566,0.9016689347289719,0.316821533953878,0.0,0.0,0.0,1.35,0,0,False,0,0,0,False,False,False,0
128,326,NORMAL,GREEN,False,0.0,0.0,0.0,0.0,4.419035906881041e-05,False,0.025336642279830637,0.004363972918940927,0.6490289274195261,0.02806852295946023,0.20166642794167594,0.8912866117721835,0.3281999778942975,0.0,0.0,-0.501342879455309,0.6327458425572152,0.6080469634900838,0.0,0.0,0.0,1.35,0,0,False,0,0,0,False,False,False,0
128,327,NORMAL,GREEN,False,0.0,0.0,0.0,0.0,3.9771323161929375e-05,False,0.025244750198378598,0.004339362570274472,0.7018992644156805,0.02227357289809605,-0.2181686732020729,0.16957963963913156,0.12378438349291546,0.0,0.0,-0.46330763667865216,0.31026841280962786,0.6007374824387869,0.0,0.0,0.0,1.35,0,0,False,0,0,0,False,False,False,0
128,328,NORMAL,GREEN,False,0.0,0.0,0.0,0.0,3.579419084573644e-05,False,0.025075970634545263,0.004382243510678095,1.29650043525986,0.0196187647372674,-0.42295269142812286,-1.0715974128820325,-0.0852193916197853,0.0,0.0,-1.0894399304491225,0.07555797020795005,0.6344575505194323,0.0,0.0,0.0,1.35,0,0,False,0,0,0,False,False,False,0
128,329,NORMAL,GREEN,False,0.0,0.0,0.0,0.0,3.2214771761162796e-05,False,0.025073706278935334,0.004382243510678095,0.017223716607032,0.02500049211421434,-1.0804274711886277,1.075854381294885,-0.30906537325752914,0.0,0.0,0.21906073304915982,-0.32362812278020664,0.7137580246005057,0.0,0.0,0.0,1.35,0,0,False,0,0,0,False,False,False,0
128,330,NORMAL,GREEN,False,0.0,0.0,0.0,0.0,2.8993294585046517e-05,False,0.02500461240023657,0.004382243510678095,0.5255594045257491,0.022770576988976526,-1.3433020883354463,-0.12212904544199173,-0.5211402142178976,0.0,0.0,0.28793421761952714,-0.685364436914406,0.8197613746802345,0.0,0.0,0.0,1.35,0,0,False,0,0,0,False,False,False,0
128,331,NORMAL,GREEN,False,0.0,0.0,0.0,0.0,2.6093965126541866e-05,False,0.024900493925623844,0.00440685385934455,0.7919723794370259,0.02153399657981237,-1.7301192964017247,-0.20655765332119225,-0.7163234181287075,0.0,0.0,-0.010966156393361142,-0.989812419620575,1.0257405222835194,0.0,0.0,0.0,1.35,0,0,False,0,0,0,False,False,False,0
128,332,NORMAL,GREEN,False,0.0,0.0,0.0,0.0,2.348456861388768e-05,False,0.02487021695223404,0.004382243510678095,0.22901427606610233,0.023891261479296943,-2.230331978688492,0.8489244744709737,-0.846170606906742,0.0,0.0,0.7379087498998034,-1.3081176441361362,0.9702144391498451,0.0,0.0,0.0,1.35,0,0,False,0,0,0,False,False,False,0
128,333,NORMAL,GREEN,False,0.0,0.0,0.0,0.0,2.1136111752498913e-05,False,0.024793391738221444,0.004339362570274472,0.5843674503360049,0.022309376485147577,-2.8674246646058887,0.9389895118329542,-0.9209815070166909,0.0,0.0,1.2862560408480659,-1.6204505684579673,1.1164737323038614,0.0,0.0,0.0,1.35,0,0,False,0,0,0,False,False,False,0
128,334,NORMAL,GREEN,False,0.0,0.012160749358300693,0.0,0.0,0.00813024232256381,False,0.02460788682112001,0.004235004313284783,1.4249782396780415,0.018609894501506945,-3.0486429974332028,-0.7013954576168342,-0.9814202980510364,0.0,0.012160749358300693,0.46206436815207974,-1.8082827838640103,1.3208343376434106,0.0,0.0,0.0,1.35,0,0,False,0,0,0,False,False,False,0
128,335,NORMAL,GREEN,False,0.0,0.05534795672013293,0.0,0.0,0.044234305222636085,False,0.024517381951279133,0.0042202185124763395,0.7123555896348217,0.021591057826424016,-3.2213918268805317,-0.006532964999990126,-0.9844848751907365,0.0,0.05534795672013293,0.3669674931014781,-1.942611107839268,1.5826297897627974,0.0,0.0,0.0,1.35,0,0,False,0,0,0,False,False,False,0
128,336,NORMAL,GREEN,False,0.0,0.0,0.011349228330772565,0.0,0.0486973204833674,False,0.024500198168232845,0.0041997391923384066,0.13572585554902278,0.023944589183069458,-2.9384688775291594,0.44638639707234434,-0.9412042478717648,0.0,0.0,1.0313783208775014,-2.0340476849923177,-0.26592985384006446,0.0,0.011349228330772565,0.011349228330772565,1.35,0,0,False,0,0,0,False,False,False,0
128,337,NORMAL,GREEN,False,0.0,0.0,0.02349113086302479,0.0,0.06222114390077907,False,0.024608953401161926,0.004178852943043527,0.8631903708646457,0.028125372599202222,-2.5354694152343837,1.3759137569699555,-0.8380908396938028,0.0,0.0,1.523887782891064,-2.0704733925890744,2.19897066596785,0.0,0.02349113086302479,0.02349113086302479,1.35,0,0,False,0,0,0,False,False,False,0
128,338,NORMAL,GREEN,False,0.0,0.0,0.006414219132407102,0.0,0.06102136309137592,False,0.024727872548734608,0.004178852943043527,0.9485788659672535,0.028572924986918075,-2.2003875657029246,-0.4478824410078506,-0.6931638324913658,0.0,0.0,1.214932686566195,-2.0192426573972213,0.7739818089016943,0.0,0.006414219132407102,0.006414219132407102,1.35,0,0,False,0,0,0,False,False,False,0
128,339,NORMAL,GREEN,False,0.0,0.0,0.0,0.0,0.05491922678223833,False,0.02454556593429614,0.0042202185124763395,1.4541998081231837,0.01865098540078571,-1.9686119028072389,-1.478748094974213,-0.5170407161046556,0.0,0.0,0.5584307611580535,-1.9238434266441513,-0.05228793948818146,0.0,0.0,0.0,1.35,0,0,False,0,0,0,False,False,False,0
128,340,NORMAL,GREEN,False,0.0,0.0,0.0,0.0,0.0494273041040145,False,0.024627531088609024,0.004187440683841877,0.6474005557656309,0.027277737744725725,-1.297375280844743,0.967200858233188,-0.2912469458887698,0.0,0.0,1.0199053514024539,-1.739873742889968,-0.4275272521494784,0.0,0.0,0.0,1.35,0,0,False,0,0,0,False,False,False,0
128,341,NORMAL,GREEN,False,0.0,0.0,0.0,0.0,0.04448457369361305,False,0.024487434918872286,0.0042202185124763395,1.1152091879361115,0.01995765876405109,-0.9418560990008642,-0.3900161455117508,-0.037569575162472,0.0,0.0,1.355428949981623,-1.4797591427255339,-0.662447580509042,0.0,0.0,0.0,1.35,0,0,False,0,0,0,False,False,False,0
128,342,NORMAL,GREEN,False,0.0,0.0,0.0,0.0,0.04003611632425175,False,0.02452823658016406,0.004187440683841877,0.322271316608788,0.025847490295264817,-0.6669442234345622,-0.33640565069390393,0.20934866260178583,0.0,0.0,0.28393080318830827,-1.2236144243352993,-0.09998505533689928,0.0,0.0,0.0,1.35,0,0,False,0,0,0,False,False,False,0
128,343,NORMAL,GREEN,False,0.0,0.0,0.0,0.0,0.036032504691826575,False,0.02431506610543507,0.0042202185124763395,1.6969034375543812,0.01742255408919771,-0.330293811077877,-1.0683812926686298,0.473719589189075,0.0,0.0,0.03340357678709617,-0.9482542317807546,0.02793629936275632,0.0,0.0,0.0,1.35,0,0,False,0,0,0,False,False,False,0
128,344,NORMAL,GREEN,False,0.0,0.0,0.0,0.0,0.03242925422264392,False,0.024115839470768202,0.004290613154184731,1.5735886193087565,0.017674178283206173,0.02006743444977138,-1.335987720124476,0.7253833810948163,0.0,0.0,0.14273753529630775,-0.627364455608253,0.4735834989620554,0.0,0.0,0.0,1.35,0,0,False,0,0,0,False,False,False,0
128,345,NORMAL,GREEN,False,0.0,0.0,0.0,0.0,0.02918632880037953,False,0.024296890674719414,0.004405494626378709,1.4065682257606948,0.030150879602475318,0.7518833028359118,1.6371150451840508,1.0168662445936356,0.0,0.0,1.476520166513315,-0.15696797794037695,0.7252704956247984,0.0,0.0,0.0,1.35,0,0,False,0,0,0,False,False,False,0
128,346,NORMAL,GREEN,True,0.24891559904782334,0.06448209890911893,0.0,0.0,0.11980712249943203,False,0.02489105917057242,0.004405494626378709,4.495662396191293,0.04410250720315299,0.939504850636094,3.2579283956364757,1.2775899961988473,0.0,0.06448209890911893,0.5862826689023004,0.19036558080829227,0.41002933056365687,0.0,0.0,0.0,1.27,0,0,False,0,0,0,False,False,False,0
128,347,NORMAL,GREEN,False,0.0,0.0,0.0,0.0,0.10782641024948883,False,0.024790832610235,0.004422375368056591,0.7583451185200791,0.021550173825991687,1.0981824538616327,-1.1232719481964961,1.4932239971650192,0.0,0.0,-0.5115735920178051,0.5655737522303564,0.015226339288631112,0.0,0.0,0.0,1.285,0,0,False,0,0,0,False,False,False,0
128,348,NORMAL,GREEN,False,0.0,0.0,0.0,0.0,0.09704376922453994,False,0.02461764590270612,0.004422375368056591,1.305382237035098,0.019017942359272372,1.0945520279619283,-1.6239394899366169,1.6411778500046643,0.0,0.0,-0.9518075312291262,0.8398712007680242,0.08367352566111898,0.0,0.0,0.0,1.2999999999999998,0,0,False,0,0,0,False,False,False,0
128,349,NORMAL,GREEN,False,0.0,0.0,0.0,0.0,0.08733939230208596,False,0.0245977938676581,0.004422375368056591,0.14963327319078312,0.023955911401105517,1.2834062449829864,-0.5019010108211989,1.7610595809094196,0.0,0.0,-1.0160603699508168,1.045243487083193,0.1344260025304899,0.0,0.0,0.0,1.3149999999999997,0,0,False,0,0,0,False,False,False,0
128,350,NORMAL,GREEN,False,0.0,0.0,0.0,0.0,0.07860545307187736,False,0.02485870407807897,0.004440064655489044,1.9665917725683397,0.03329480088168708,1.558787205840023,1.4628750893607247,1.8338986363749756,0.0,0.0,-0.20662750472385452,1.4010410500469246,0.046441432416381545,0.0,0.0,0.0,1.3299999999999996,0,0,False,0,0,0,False,False,False,0
128,351,NORMAL,GREEN,False,0.0,0.0,0.0,0.0,0.07074490776468963,False,0.024862720957101195,0.004440064655489044,0.030156310278506748,0.024992600045486528,1.4769645990609448,-0.0517691569901763,1.8280233051200627,0.0,0.0,-1.0957893786173867,1.5442188638959506,0.3414666747438561,0.0,0.0,0.0,1.3449999999999995,0,0,False,0,0,0,False,False,False,0
128,352,NORMAL,GREEN,False,0.0,0.0,0.0,0.0,0.06367041698822067,False,0.02490542750236804,0.00441047282893954,0.3206150403992583,0.026286272465996133,1.5833123898154253,0.31232585313011596,1.7902614629825164,0.0,0.0,-0.8844234783032445,1.7362419817719463,0.03685765611454724,0.0,0.0,0.0,1.35,0,0,False,0,0,0,False,False,False,0
128,353,NORMAL,GREEN,False,0.0,0.0,0.0,0.0,0.0573033752893986,False,0.02502728751700026,0.0044678075614727865,0.9209897997982535,0.028967427990108704,1.5159904473650514,0.3553633339003992,1.696335223102776,0.0,0.0,-1.1484608390504292,1.883829254307486,0.08289763752683231,0.0,0.0,0.0,1.35,0,0,False,0,0,0,False,False,False,0
128,354,NORMAL,GREEN,False,0.0,0.0,0.0,0.0,0.05157303776045874,False,0.02518505167050634,0.0046383263165860915,1.1770437836709082,0.030286092633869683,1.32910825168721,0.8977022697234086,1.5503943922730128,0.0,0.0,-1.0266599589187066,1.8158435066905765,0.13577608524593587,0.0,0.0,0.0,1.35,0,0,False,0,0,0,False,False,False,0
128,355,NORMAL,GREEN,False,0.0,0.0,0.0,0.0,0.046415733984412864,False,0.025165441490538183,0.004432800391360894,0.1409285636648457,0.02453137900490101,1.2108469556332278,-0.43874497101071397,1.3842380836691692,0.0,0.0,-1.3508354798953852,1.725182148626318,0.11147258802198264,0.0,0.0,0.0,1.35,0,0,False,0,0,0,False,False,False,0
128,356,NORMAL,GREEN,False,0.0,0.0,0.0,0.0,0.04177416058597158,False,0.025188011358041513,0.004432800391360894,0.16971865420423143,0.025917770407315945,1.263394412884481,-0.025178207919228295,1.1547047731288433,0.0,0.0,-1.3585768265880014,1.6167176258431375,0.09690259212085489,0.0,0.0,0.0,1.35,0,0,False,0,0,0,False,False,False,0
128,357,NORMAL,GREEN,False,0.0,0.0,0.0,0.0,0.03759674452737442,False,0.025168434120432005,0.004432800391360894,0.14721497233563427,0.02453543677105793,1.0632649056007921,-0.42893985507907506,0.8801678634920722,0.0,0.0,-1.052701832995415,1.4564825297359023,0.20707748365653,0.0,0.0,0.0,1.35,0,0,False,0,0,0,False,False,False,0
128,358,NORMAL,GREEN,False,0.0,0.0,0.0,0.0,0.03383707007463698,False,0.025088916963024694,0.004381662206373379,0.597945244442483,0.02251786220685498,0.573475817488938,-0.35693091988368275,0.5836164370429345,0.0,0.0,-0.8970148775799455,1.1761859569169582,0.2562566372117932,0.0,0.0,0.0,1.35,0,0,False,0,0,0,False,False,False,0
128,359,NORMAL,GREEN,False,0.0,0.0,0.0,0.0,0.030453363067173285,False,0.024985918734560086,0.00441993080887119,0.7835552172779855,0.021655642680871064,0.6967987231231264,-0.5578489884196224,0.30454402974036676,0.0,0.0,-1.2239122120165813,0.9848103375757474,0.3526981816716027,0.0,0.0,0.0,1.35,0,0,False,0,0,0,False,False,False,0
128,360,NORMAL,GREEN,False,0.0,0.0,0.0,0.0,0.027408026760455957,False,0.025085219803548636,0.0046383263165860915,0.7488885632119381,0.02829595436751181,0.3276270010393301,0.6677577305635637,0.0031156015568268836,0.0,0.0,0.040762108231882,0.6703389789208318,0.25538340744802324,0.0,0.0,0.0,1.35,0,0,False,0,0,0,False,False,False,0
128,361,NORMAL,GREEN,False,0.0,0.0,0.0,0.0,0.024667224084410362,False,0.02506660359472768,0.004590449563984495,0.13378538974561777,0.02446467950951681,0.037212574239618094,-0.1393831338175564,-0.2555121712923182,0.0,0.0,-0.0829469011801765,0.36405711144198133,0.14069349170650727,0.0,0.0,0.0,1.35,0,0,False,0,0,0,False,False,False,0
128,362,NORMAL,GREEN,False,0.0,0.0,0.0,0.0,0.022200501675969327,False,0.025036069854707698,0.0044130187783544775,0.22171931524633243,0.024048812260728213,-0.08012829438662082,-0.5881132503797317,-0.5084008397313049,0.0,0.0,-0.6803717501513338,0.14739385111014716,0.3177871412052326,0.0,0.0,0.0,1.35,0,0,False,0,0,0,False,False,False,0
128,363,NORMAL,GREEN,False,0.0,0.0,0.0,0.0,0.019980451508372396,False,0.024916541486025935,0.00441993080887119,0.9028465900941383,0.021051790898648958,-0.0812764350279362,-0.6446143638656893,-0.7331345176294751,0.0,0.0,-0.09061387300127108,-0.032970263014090354,0.11727939139765411,0.0,0.0,0.0,1.35,0,0,False,0,0,0,False,False,False,0
128,364,NORMAL,GREEN,False,0.0,0.0,0.0,0.0,0.017982406357535157,False,0.02510708659465934,0.0046014724343795155,1.4370142646499164,0.03126804510713948,-0.6487109669952471,1.0992369055174411,-0.9040778356072077,0.0,0.0,1.2889256677626713,-0.3652743196418824,0.07002831051571339,0.0,0.0,0.0,1.35,0,0,False,0,0,0,False,False,False,0
128,365,NORMAL,GREEN,False,0.0,0.0,0.0,0.0,0.016184165721781642,False,0.025402712794359128,0.004746727580663592,2.1415333455080083,0.034961293251318984,-0.8267418088734309,2.031795708977663,-1.00079620042386,0.0,0.0,2.113194667171818,-0.690084528281265,-0.1295138661357032,0.0,0.0,0.0,1.35,0,0,False,0,0,0,False,False,False,0
128,366,NORMAL,GREEN,False,0.0,0.0,0.0,0.0,0.014565749149603478,False,0.025434787775709726,0.004596218977894547,0.2252427650104291,0.02647187883937906,-0.9654364235115742,-0.08330687624966975,-1.080262912344471,0.0,0.0,0.66964110049334,-0.9085465257719968,0.32382142958274013,0.0,0.0,0.0,1.35,0,0,False,0,0,0,False,False,False,0
128,367,NORMAL,GREEN,False,0.0,0.0,0.0,0.0,0.01310917423464313,False,0.02542979251942432,0.004339362489985319,0.03622728674324266,0.025268279232862807,-0.8553064468290562,-0.3406702668511909,-1.1204190529410731,0.0,0.0,0.10153530459127244,-0.9882548596522338,-0.07252289963934158,0.0,0.0,0.0,1.35,0,0,False,0,0,0,False,False,False,0
128,368,NORMAL,GREEN,False,0.0,0.0,0.0,0.0,0.011798256811178819,False,0.025557689754680007,0.004596218977894547,0.9824579497630529,0.029693033694613992,-1.1667202827993064,0.21978487904204935,-1.100235777341345,0.0,0.0,0.41987570930234885,-1.12917109327255,-0.07276024592080477,0.0,0.0,0.0,1.35,0,0,False,0,0,0,False,False,False,0
128,369,NORMAL,GREEN,False,0.0,0.0,0.0,0.0,0.010618431130060937,False,0.025853644284236775,0.004746727580663592,2.1463622670442466,0.03542284073990554,-0.9119817630890187,1.5126153022561784,-1.0007083843947502,0.0,0.0,1.3849184766457134,-1.181952403296927,-0.18787694874474592,0.0,0.0,0.0,1.35,0,0,False,0,0,0,False,False,False,0
128,370,NORMAL,GREEN,False,0.0,0.0,0.0,0.0,0.009556588017054843,False,0.02591642483176483,0.004596218977894547,0.4408689738435257,0.027946329201838694,-0.7295708771611105,-0.21687333229238845,-0.8772596553275032,0.0,0.0,0.8893514640874809,-1.1314520535798538,-0.11385965818879373,0.0,0.0,0.0,1.35,0,0,False,0,0,0,False,False,False,0
128,371,NORMAL,GREEN,False,0.0,0.0,0.0,0.0,0.008600929215349358,False,0.026023030663526722,0.004596218977894547,0.7731415196897572,0.029469952557161123,-0.7586964179456633,0.4594053624779938,-0.7285909999484106,0.0,0.0,0.10653701898233225,-1.1034321146851607,-0.28163343430449883,0.0,0.0,0.0,1.35,0,0,False,0,0,0,False,False,False,0
128,372,NORMAL,GREEN,False,0.0,0.0,0.0,0.0,0.0077408362938144225,False,0.026001592496804646,0.00457784014410273,0.155476830159615,0.025308425106124213,-0.4081583985759968,-0.12170609709899564,-0.5326038380226034,0.0,0.0,0.6976935635820324,-0.9955660108605825,-0.4447749790186704,0.0,0.0,0.0,1.35,0,0,False,0,0,0,False,False,False,0
128,373,NORMAL,GREEN,False,0.0,0.0,0.0,0.0,0.0069667526644329805,False,0.026279959681633762,0.004497594159249338,2.026917906455026,0.035280498657775126,-0.09271066628875126,1.4662082936351324,-0.30295203810835875,0.0,0.0,0.6621584867351533,-0.8112629692579796,-0.762218399670323,0.0,0.0,0.0,1.35,0,0,False,0,0,0,False,False,False,0
128,374,NORMAL,GREEN,False,0.0,0.0,0.0,0.0,0.006270077397989683,False,0.026448531420083077,0.004498488212733057,1.24934748431111,0.031899017629944265,0.020819915848091737,0.7835130761627896,-0.05241625581447055,0.0,0.0,1.0184321190675907,-0.6087772358472869,-1.1047482424106532,0.0,0.0,0.0,1.35,0,0,False,0,0,0,False,False,False,0
128,375,NORMAL,GREEN,False,0.0,0.0,0.0,0.0,0.005643069658190714,False,0.02657550908784593,0.004602876369542834,0.9408914117965416,0.030681120345511584,0.18076677562689483,0.23912754830255178,0.20163971705418413,0.0,0.0,0.7311314835228556,-0.40590260119047367,-1.5465175851969044,0.0,0.0,0.0,1.35,0,0,False,0,0,0,False,False,False,0
128,376,NORMAL,GREEN,False,0.0,0.0,0.0,0.0,0.005078762692371643,False,0.026567185334607796,0.004606908070724784,0.060279359903532795,0.02629805064657479,0.3527218132129155,-0.2534543304113812,0.4619344237314192,0.0,0.0,0.3441409666397273,-0.18001671223101334,-1.639646168468404,0.0,0.0,0.0,1.35,0,0,False,0,0,0,False,False,False,0
128,377,NORMAL,GREEN,False,0.0,0.0,0.0,0.0,0.004570886423134479,False,0.026535660094773626,0.004493960199164867,0.22810121488711718,0.025516344006802208,0.6868730256688961,0.026813596414244256,0.6737691298019438,0.0,0.0,-0.18559839594856278,0.10898326206241585,-1.458366930314226,0.0,0.0,0.0,1.35,0,0,False,0,0,0,False,False,False,0
128,378,NORMAL,GREEN,False,0.0,0.0,0.0,0.0,0.004113797780821032,False,0.026608322583125645,0.004493960199164867,0.5389640401170843,0.0289577430398409,0.843609591871205,1.5653784116751803,0.8852084856963315,0.0,0.0,0.5955253988324916,0.39565487538772315,-1.1502470563312746,0.0,0.0,0.0,1.35,0,0,False,0,0,0,False,False,False,0
128,379,NORMAL,GREEN,False,0.0,0.0,0.0,0.0,0.0037024180027389287,False,0.026641657014914787,0.004464391383277902,0.24725357525667688,0.027719470309430366,0.5207836838065948,0.2537303591522886,1.0145908085303805,0.0,0.0,-1.4054221331302812,0.44354849942507957,-0.9532350973247717,0.0,0.0,0.0,1.35,0,0,False,0,0,0,False,False,False,0
128,380,NORMAL,GREEN,False,0.0,0.0,0.0,0.0,0.003332176202465036,False,0.026832289612769303,0.004546384165652939,1.4233563733424823,0.03299607694339865,0.647103440223103,1.7104668294174952,1.1426052156872124,0.0,0.0,-0.1438291310204189,0.5329910059223475,-0.36209498054487527,0.0,0.0,0.0,1.35,0,0,False,0,0,0,False,False,False,0
128,381,NORMAL,GREEN,False,0.0,0.0,0.0,0.0,0.0029989585822185324,False,0.02662352950477149,0.0046417972511077175,1.5305944269217842,0.01987361934617547,0.6159884693843611,-1.704822735070212,1.2257518699289958,0.0,0.0,-1.1663988168891521,0.5908221271156788,-0.2696057037754139,0.0,0.0,0.0,1.35,0,0,False,0,0,0,False,False,False,0
128,382,NORMAL,GREEN,False,0.0,0.0,0.0,0.0,0.0026990627239966794,False,0.026420586905509306,0.004606908070724784,1.4573564812907347,0.01985877619603214,0.7662478670245115,-1.17325494559185,1.2656912772315896,0.0,0.0,-0.9747968121381504,0.7256057231122137,-0.3163888058255482,0.0,0.0,0.0,1.35,0,0,False,0,0,0,False,False,False,0
128,383,NORMAL,GREEN,False,0.0,0.0,0.0,0.0,0.0024291564515970115,False,0.026209216252571985,0.004602876369542834,1.529374652821235,0.019374898474265243,0.7052016382524546,-0.6488822248419792,1.269154890181324,0.0,0.0,-0.6563519633378581,0.7809086207686669,-0.4061103571314818,0.0,0.0,0.0,1.35,0,0,False,0,0,0,False,False,False,0
128,384,NORMAL,GREEN,False,0.0,0.0,0.0,0.0,0.0021862408064373105,False,0.026048867933176588,0.004557769204046249,1.1612182363215178,0.020864272272725463,0.48129002233460316,-0.8835691113868206,1.2054280421230392,0.0,0.0,-1.108751583129948,0.7421383882668408,-0.20739018989933053,0.0,0.0,0.0,1.35,0,0,False,0,0,0,False,False,False,0
128,385,NORMAL,GREEN,False,0.0,0.0,0.0,0.0,0.0019676167257935795,False,0.025928366728667454,0.00457784014410273,0.8812878926394752,0.02203216111620557,0.7414160137157401,-0.6351596612124151,1.12432842179052,0.0,0.0,-1.236193998937934,0.807218051496232,0.011828319639762734,0.0,0.0,0.0,1.35,0,0,False,0,0,0,False,False,False,0
128,386,NORMAL,GREEN,False,0.0,0.0,0.0,0.0,0.0017708550532142217,False,0.02602071231098438,0.004557769204046249,0.6724101279937251,0.029006552805898384,0.21054067082879951,0.9676921252415995,0.9928070541009945,0.0,0.0,-0.19654540488875952,0.6087731062967869,-0.02970120570501718,0.0,0.0,0.0,1.35,0,0,False,0,0,0,False,False,False,0
128,387,NORMAL,GREEN,False,0.0,0.0,0.0,0.0,0.0015937695478927996,False,0.02606874632951604,0.004602876369542834,0.35129772469257814,0.02762184626203973,0.47689851286199364,0.23771571277304304,0.8597601812482256,0.0,0.0,-0.9972729679855489,0.6206456038709307,-0.21942992420600813,0.0,0.0,0.0,1.35,0,0,False,0,0,0,False,False,False,0
128,388,NORMAL,GREEN,False,0.0,0.0,0.0,0.0,0.0014343925931035197,False,0.0261060038447113,0.004606908070724784,0.2698132805376016,0.027310663502691398,0.14206302324983863,1.2810821002748856,0.6730508777633678,0.0,0.0,0.1539638947314843,0.5635935449993719,-0.6286838270483269,0.0,0.0,0.0,1.35,0,0,False,0,0,0,False,False,False,0
128,389,NORMAL,GREEN,False,0.0,0.0,0.0,0.0,0.0012909533337931677,False,0.026239491676690416,0.004764160409545113,0.9658526567047033,0.030555598244015172,0.011385939537472961,1.268470246436524,0.48560735684862727,0.0,0.0,-0.18856106270098172,0.39325045534969105,-0.60369212689618,0.0,0.0,0.0,1.35,0,0,False,0,0,0,False,False,False,0
128,390,NORMAL,GREEN,False,0.0,0.0,0.0,0.0,0.001161858000413851,False,0.026111604369976945,0.004764160409545113,0.8947872987738693,0.021976581452908133,-0.19872092403286484,-0.9503762717379786,0.298009579857959,0.0,0.0,-1.3825825440952828,0.23734366361611137,-0.7170229933131974,0.0,0.0,0.0,1.35,0,0,False,0,0,0,False,False,False,0
128,391,NORMAL,GREEN,False,0.0,0.0,0.0,0.0,0.001045672200372466,False,0.025831817857940993,0.004721140975743555,1.957578306805063,0.016785387302111907,-0.6338357693570491,-0.6162763016972569,0.07690662610549243,0.0,0.0,-0.22311854622830693,-0.04616672108295375,-0.5968600106788804,0.0,0.0,0.0,1.35,0,0,False,0,0,0,False,False,False,0
128,392,NORMAL,GREEN,False,0.0,0.0,0.0,0.0,0.0009411049803352194,False,0.025819362911207903,0.004721140975743555,0.0879374060711259,0.025416652966838,-0.5232014247522822,0.7444768681873538,-0.09984962545927555,0.0,0.0,0.19400845624244575,-0.19125001201470182,-1.5213345649450734,0.0,0.0,0.0,1.35,0,0,False,0,0,0,False,False,False,0
128,393,NORMAL,GREEN,False,0.0,0.0,0.0,0.0,0.0008469944823016975,False,0.02582646799499851,0.004764160409545113,0.050165018916061226,0.02605619903756147,-0.6115469763524686,0.7230972868187409,-0.25320630525111426,0.0,0.0,0.40204740059837435,-0.276303384000771,0.07149961417545965,0.0,0.0,0.0,1.35,0,0,False,0,0,0,False,False,False,0
128,394,NORMAL,GREEN,False,0.0,0.0,0.0,0.0,0.0007622950340715278,False,0.02569911308311259,0.004800602276013644,0.8910622994610656,0.02158130426546787,-0.6282067680366014,-0.6053672144550395,-0.4014284732202506,0.0,0.0,0.008390372317681064,-0.3696797553886288,0.4307809608937366,0.0,0.0,0.0,1.35,0,0,False,0,0,0,False,False,False,0
128,395,NORMAL,GREEN,False,0.0,0.0,0.0,0.0,0.000686065530664375,False,0.025607362841437255,0.004721140975743555,0.6370745196824169,0.02264077169393488,-0.766132088163595,0.5073687968446761,-0.5079679882742221,0.0,0.0,0.7385355352579077,-0.5138060751613776,1.167087797499822,0.0,0.0,0.0,1.35,0,0,False,0,0,0,False,False,False,0
128,396,NORMAL,GREEN,False,0.0,0.0,0.0,0.0,0.0006174589775979375,False,0.025535083896461447,0.004606908070724784,0.5103211656332354,0.023198064675576974,-1.0997447402399967,0.45965401608279627,-0.5665835281425087,0.0,0.0,0.8188332896169974,-0.6923390398093889,1.082015611693838,0.0,0.0,0.0,1.35,0,0,False,0,0,0,False,False,False,0
128,397,NORMAL,GREEN,False,0.0,0.0,0.0,0.0,0.0005557130798381438,False,0.02530675340659374,0.004606908070724784,1.6520877369550402,0.017924067567537828,-0.8272402677567624,-0.770171391501035,-0.5581676048798233,0.0,0.0,0.38805564820879385,-0.726167121888392,1.104001372291899,0.0,0.0,0.0,1.35,0,0,False,0,0,0,False,False,False,0
128,398,NORMAL,GREEN,False,0.0,0.0,0.0,0.0,0.0005001417718543294,False,0.02534801253344292,0.004499280563660836,0.29853086000252915,0.0266820576348998,-0.7997395371536257,1.5969045675287385,-0.5098060116801612,0.0,0.0,1.61205904015094,-0.8290344540624459,0.3902153008808584,0.0,0.0,0.0,1.35,0,0,False,0,0,0,False,False,False,0
128,399,NORMAL,GREEN,False,0.0,0.0,0.0,0.0,0.0004501275946688965,False,0.02521198747299781,0.004499280563660836,1.0077541547696967,0.02081384385193917,-0.6801048871564256,-1.7178835529255227,-0.4684388194592321,0.0,0.0,-0.0907632346149634,-0.8033941682525785,0.6004141762190066,0.0,0.0,0.0,1.35,0,0,False,0,0,0,False,False,False,0
128,400,NORMAL,GREEN,False,0.0,0.0,0.0,0.0,0.0004051148352020069,False,0.025145276201349955,0.004499280563660836,0.4942365837081988,0.02298827841806938,-0.43307539120394933,0.7064432923803303,-0.3603364823549852,0.0,0.0,1.1160167965958567,-0.7009617166216972,0.9753134249917688,0.0,0.0,0.0,1.35,0,0,False,0,0,0,False,False,False,0
128,401,NORMAL,GREEN,False,0.0,0.0,0.0,0.0,0.0003646033516818062,False,0.025266151266794514,0.0046417972511077175,0.8955140252186745,0.029174445049502017,-0.3635623254082344,0.4793834448607556,-0.23081546878749132,0.0,0.0,0.31181094483105704,-0.627993357637996,0.693934327854009,0.0,0.0,0.0,1.35,0,0,False,0,0,0,False,False,False,0
128,402,NORMAL,GREEN,False,0.0,0.0,0.0,0.0,0.00032814301651362557,False,0.025384014266261398,0.00468890085309982,0.846389111019137,0.02919491791569065,-0.04594975712196234,1.2821760784911074,-0.08151288954352996,0.0,0.0,0.896230492010236,-0.5132916383356522,0.9331019060901851,0.0,0.0,0.0,1.35,0,0,False,0,0,0,False,False,False,0
128,403,NORMAL,GREEN,False,0.0,0.0,0.0,0.0,0.000295328714862263,False,0.025527974434840943,0.004757044555952966,1.023410909363203,0.030182686552246183,0.09092507467759199,0.5288697879958455,0.06838038298877826,0.0,0.0,-0.4102012294385741,-0.3408139919553516,0.37217719021343726,0.0,0.0,0.0,1.35,0,0,False,0,0,0,False,False,False,0
128,404,NORMAL,GREEN,False,0.0,0.0,0.0,0.0,0.0002657958433760367,False,0.025489443892314993,0.004757044555952966,0.26998936049995925,0.02424362301730939,0.2547032611082561,0.8948120837568712,0.24601657271502037,0.0,0.0,0.427100991144639,-0.2177029358683315,0.33145878454062216,0.0,0.0,0.0,1.35,0,0,False,0,0,0,False,False,False,0
128,405,NORMAL,GREEN,False,0.0,0.0,0.0,0.0,0.00023921625903843303,False,0.025471371192846953,0.00469927851933073,0.1266381486478688,0.024887020576713687,0.40144566807369264,-0.46990878639621997,0.39921710702461827,0.0,0.0,-0.4578491077386475,-0.04200427925249683,-0.23658686723436498,0.0,0.0,0.0,1.35,0,0,False,0,0,0,False,False,False,0
128,406,NORMAL,GREEN,False,0.0,0.0,0.0,0.0,0.00021529463313458972,False,0.025347326449854015,0.004812226390890647,0.8798850183964161,0.02133654642641575,0.8229351431885537,-0.06204474350173155,0.577099214004802,0.0,0.0,0.3629340566243603,0.24305848286646078,-0.4864742169087209,0.0,0.0,0.0,1.35,0,0,False,0,0,0,False,False,False,0
128,407,NORMAL,GREEN,False,0.0,0.0,0.0,0.0,0.00019376516982113075,False,0.02511055026279388,0.004848668257359179,1.6401014681294657,0.017454786881182904,0.7639490964136271,-0.9398707300661537,0.735904560568603,0.0,0.0,0.09891253414571048,0.4157458334310619,-0.7448067275750136,0.0,0.0,0.0,1.35,0,0,False,0,0,0,False,False,False,0
128,408,NORMAL,GREEN,False,0.0,0.0,0.0,0.0,0.00017438865283901767,False,0.024936551927299794,0.004884377471092194,1.1961933068253314,0.019310605746324386,0.766050651338539,-1.5091823180843802,0.8576574874395979,0.0,0.0,-1.0606949659012763,0.5140652247678267,-1.159495102355026,0.0,0.0,0.0,1.35,0,0,False,0,0,0,False,False,False,0
128,409,NORMAL,GREEN,False,0.0,0.0,0.0,0.0,0.0001569497875551159,False,0.02457932208117412,0.004884377471092194,2.437907718639066,0.013028890389777371,1.0032620088773354,-2.4028299024376816,0.9358871714190777,0.0,0.0,-1.1092355110570473,0.6800812179624873,-1.437343791732658,0.0,0.0,0.0,1.35,0,0,False,0,0,0,False,False,False,0
128,410,NORMAL,GREEN,False,0.0,0.0,0.0,0.0,0.00014125480879960433,False,0.02448538540326963,0.004904539273740104,0.6410689213411845,0.021448099484357865,1.38285538627494,-0.26277356142634817,1.0342094512021913,0.0,0.0,0.039619456409853586,0.9210418609554035,-1.7378843576706582,0.0,0.0,0.0,1.35,0,0,False,0,0,0,False,False,False,0
128,411,NORMAL,GREEN,False,0.0,0.0,0.0,0.0,0.0001271293279196439,False,0.02456518752414615,0.004884377471092194,0.5423691293750047,0.02714545609915357,0.9495770599817072,0.49614685763104144,1.066977886610213,0.0,0.0,-0.5141590430702615,0.9046691727246025,-2.3113987019847473,0.0,0.0,0.0,1.35,0,0,False,0,0,0,False,False,False,0
128,412,NORMAL,GREEN,False,0.0,0.0,0.0,0.0,0.00011441639512767951,False,0.024761307949369968,0.004904539273740104,1.3384197978455825,0.03110253503160688,1.0581798027346283,1.2501659017613795,1.067521820306889,0.0,0.0,-1.325311919665346,0.9890744150111489,-2.3916854971984733,0.0,0.0,0.0,1.35,0,0,False,0,0,0,False,False,False,0
128,413,NORMAL,GREEN,False,0.0,0.0,0.0,0.0,0.00010297475561491156,False,0.0247276361638857,0.004904539273740104,0.22884776465857026,0.023638915099894377,1.149126468981931,-0.35664147835686527,1.0425409548854554,0.0,0.0,-1.2070562616217158,1.0803835868060834,-2.4282344195237466,0.0,0.0,0.0,1.35,0,0,False,0,0,0,False,False,False,0
128,414,NORMAL,GREEN,False,0.0,0.0,0.0,0.0,9.26772800534204e-05,False,0.024797175206659756,0.004904539273740104,0.47261688878289154,0.02704560425635425,0.739273635550813,0.8188575264419814,0.9523761508323895,0.0,0.0,-0.6364795330249317,0.9222587193054979,-2.326490661209106,0.0,0.0,0.0,1.35,0,0,False,0,0,0,False,False,False,0
128,415,NORMAL,GREEN,False,0.0,0.0,0.0,0.0,8.340955204807837e-05,False,0.024822394188575018,0.004901176438131977,0.1713989191624197,0.02563780793716845,0.7149952023901149,-0.2577668062376775,0.8419403890150295,0.0,0.0,-1.1276400764510153,0.8777556522432249,-1.934122276897912,0.0,0.0,0.0,1.35,0,0,False,0,0,0,False,False,False,0
128,416,NORMAL,GREEN,False,0.0,0.0,0.0,0.0,7.506859684327053e-05,False,0.024755756778893873,0.004826896202869182,0.45320690193680596,0.022601147199203555,0.3211299879218326,0.1416854777702879,0.7108451945467791,0.0,0.0,-0.2657770870763328,0.6391120210765653,-1.6818595014800126,0.0,0.0,0.0,1.35,0,0,False,0,0,0,False,False,False,0
128,417,NORMAL,GREEN,False,0.0,0.0,0.0,0.0,6.756173715894348e-05,False,0.02485000259200207,0.004713948331309265,0.6508379239104382,0.02789728388250043,0.27700279234921,0.10620549763482962,0.520613509188062,0.0,0.0,-0.5026647318874998,0.4440369062271252,-1.3293583143576633,0.0,0.0,0.0,1.35,0,0,False,0,0,0,False,False,False,0
128,418,NORMAL,GREEN,False,0.0,0.0,0.0,0.0,6.080556344304913e-05,False,0.024760766250468424,0.004844532491200046,0.631009189903872,0.0218754578742139,-0.12375926283033241,-0.23534394916091447,0.33636080036605087,0.0,0.0,-0.7106307708158399,0.16694579269568405,-1.228427701839668,0.0,0.0,0.0,1.35,0,0,False,0,0,0,False,False,False,0
128,419,NORMAL,GREEN,False,0.0,0.0,0.0,0.0,5.472500709874422e-05,False,0.024644277212137244,0.004901176438131977,0.8015155128850723,0.020877798306095822,-0.2753981188692684,-0.2646566147203612,0.12243190043521225,0.0,0.0,-0.5577007464383451,-0.042112117826627805,-1.2844942871196083,0.0,0.0,0.0,1.35,0,0,False,0,0,0,False,False,False,0
128,420,NORMAL,GREEN,False,0.0,0.0,0.0,0.0,4.9252506388869803e-05,False,0.0244827249305991,0.00488986946176157,1.0987313187451873,0.019259201160865658,-0.3621435369929858,-0.8285198829666102,-0.05965742707696395,0.0,0.0,-0.27563979740135397,-0.20340764861489372,-1.130910398983137,0.0,0.0,0.0,1.35,0,0,False,0,0,0,False,False,False,0
128,421,NORMAL,GREEN,False,0.0,0.0,0.0,0.0,4.432725574998282e-05,False,0.024566004181859162,0.004848668257359179,0.5676992123634537,0.027258699972601247,-1.1568191014291012,1.4746323250890037,-0.24403888361594994,0.0,0.0,0.6680728248961562,-0.5542350611071897,-1.2103612683882305,0.0,0.0,0.0,1.35,0,0,False,0,0,0,False,False,False,0
128,422,NORMAL,GREEN,False,0.0,0.0,0.0,0.0,3.989453017498454e-05,False,0.02482851935257884,0.004848668257359179,1.8047235294711619,0.03331650987251521,-1.0723836848315997,1.7972955185030741,-0.4217848973855347,0.0,0.0,1.2650985719119985,-0.7925373362334465,-0.18543182844070383,0.0,0.0,0.0,1.35,0,0,False,0,0,0,False,False,False,0
128,423,NORMAL,GREEN,False,0.0,0.0,0.0,0.0,3.590507715748609e-05,False,0.024861271762255062,0.004812226390890647,0.22516429899083093,0.025920266341786215,-1.4403615417191857,0.38025442158231004,-0.573495462837181,0.0,0.0,-0.28907084967489677,-0.9881602428464368,-0.21962044322351995,0.0,0.0,0.0,1.35,0,0,False,0,0,0,False,False,False,0
128,424,NORMAL,GREEN,False,0.0,0.0,0.0,0.0,3.2314569441737486e-05,False,0.024754009441660892,0.004791186989136166,0.742984721841104,0.021285861075782755,-1.656356649326042,-0.3620998392673039,-0.6913386534531997,0.0,0.0,0.4866233260485099,-1.1721811055556126,0.4994947801807153,0.0,0.0,0.0,1.35,0,0,False,0,0,0,False,False,False,0
128,425,NORMAL,GREEN,False,0.0,0.0,0.0,0.0,2.9083112497563737e-05,False,0.02463257648600011,0.004848668257359179,0.8448355695302344,0.02070624425296819,-1.8614222597871888,-0.302514607592139,-0.7670047284835555,0.0,0.0,0.6855554701235655,-1.324358352152977,1.4876848884578284,0.0,0.0,0.0,1.35,0,0,False,0,0,0,False,False,False,0
128,426,NORMAL,GREEN,False,0.0,0.0,0.07454831244751792,0.0,0.058397503447654334,False,0.02471355260824975,0.004812226390890647,0.5566897819604778,0.027331780560988082,-2.1778687138893735,0.5066616233523222,-0.832610778131642,0.0,0.0,0.4524726542009625,-1.499332997449557,3.2981932497900717,0.0,0.0,0.07454831244751792,1.35,0,0,False,0,0,0,False,False,False,0
128,427,NORMAL,GREEN,False,0.0,0.0,0.30636312482142025,0.0,0.292440079838061,False,0.02466520707279964,0.004812226390890647,0.33487989081052655,0.023102034759912755,-1.9724752662586906,0.02567581506643021,-0.8288473699477862,0.0,0.0,0.7105130692976813,-1.56155435824445,4.225452499285681,0.0,0.0,0.30636312482142025,1.27,0,0,False,0,0,0,False,False,False,0
128,428,NORMAL,GREEN,False,0.0,0.0,0.2091526953474231,0.0,0.42696263231128717,False,0.024832176373966338,0.004993922229228494,1.1565630791516381,0.0302308504450229,-1.5881817024267086,0.6486392670716249,-0.7646093420966229,0.0,0.0,0.9267813655253605,-1.5528962879889234,3.8366107813896924,0.0,0.0,0.2091526953474231,1.19,0,0,False,0,0,0,False,False,False,0
128,429,NORMAL,GREEN,False,0.0,0.0,0.1612525060617228,0.0,0.5105270813264875,False,0.024968222475311788,0.005071565300099417,0.9080778267443917,0.029367046418814657,-1.263652681862566,0.7778762044115476,-0.6557743161574596,0.0,0.0,1.3775322693221648,-1.4231837395213838,3.6450100242468912,0.0,0.0,0.1612525060617228,1.1099999999999999,0,0,False,0,0,0,False,False,False,0
128,430,NORMAL,GREEN,False,0.0,0.0,0.0,0.0,0.45947437319383877,False,0.025168587455098368,0.005125309582121747,1.3169174139238147,0.03164705513486447,-1.190007164284366,1.046826088352344,-0.5031353406198622,0.0,0.0,1.0801398191268443,-1.3249158127105107,2.6855639732211065,0.0,0.0,0.0,1.1249999999999998,0,0,False,0,0,0,False,False,False,0
128,431,NORMAL,GREEN,False,0.0,0.0,0.0,0.0,0.4135269358744549,False,0.02535804719182617,0.005175135084393259,1.2321840186245072,0.031483912012691836,-0.8192742984300863,0.8183983286853257,-0.3212700975066791,0.0,0.0,1.2871557375563203,-1.1802682764983776,1.9419780064879852,0.0,0.0,0.0,1.1399999999999997,0,0,False,0,0,0,False,False,False,0
128,432,NORMAL,GREEN,False,0.0,0.0,0.0,0.0,0.3721742422870094,False,0.025290706110325398,0.005175135084393259,0.4337476568412182,0.023113344475133815,-0.5408207711961798,-0.5796173834199896,-0.11514954819431947,0.0,0.0,0.6619397375602019,-0.9558072420964919,2.2675003066944646,0.0,0.0,0.0,1.1549999999999996,0,0,False,0,0,0,False,False,False,0
128,433,NORMAL,GREEN,False,0.0,0.0,0.0,0.0,0.33495681805830846,False,0.02530481922238461,0.005125309582121747,0.09090334087300571,0.02576114317896585,-0.07789686135184533,0.5095428979219726,0.12026169984915913,0.0,0.0,0.5050276615975983,-0.665105853556697,2.3853642978340037,0.0,0.0,0.0,1.1699999999999995,0,0,False,0,0,0,False,False,False,0
128,434,NORMAL,GREEN,False,0.0,0.0,0.0,0.0,0.3014611362524776,False,0.025428099237310934,0.005175135084393259,0.8017728031906282,0.02941415305326215,0.34590802952322347,0.8717928674183754,0.3863498355758875,0.0,0.0,0.7357167321690669,-0.3416837887734413,2.1759303379621846,0.0,0.0,0.0,1.1849999999999994,0,0,False,0,0,0,False,False,False,0
128,435,NORMAL,GREEN,False,0.0,0.0,0.0,0.0,0.27131502262722984,False,0.02566509787557164,0.0051731916292544,1.5265214298491028,0.03332805384600119,0.607637929779471,1.5051803027675983,0.6416825949933358,0.0,0.0,0.6729578233995264,0.008162327349894399,2.199288930600903,0.0,0.0,0.0,1.1999999999999993,0,0,False,0,0,0,False,False,False,0
128,436,NORMAL,GREEN,False,0.0,0.0,0.0,0.0,0.24418352036450686,False,0.025681553173225482,0.005141113333624392,0.10602930668427726,0.02621360779736639,0.7127424067965002,-0.3231421203768157,0.8771671746715473,0.0,0.0,-0.008020916607357684,0.35712274860658705,1.9368510608961798,0.0,0.0,0.0,1.2149999999999992,0,0,False,0,0,0,False,False,False,0
128,437,NORMAL,GREEN,False,0.0,0.0,0.0,0.0,0.21976516832805618,False,0.02549322774476685,0.005203455313845296,1.2210418005955301,0.019404038891271066,0.9395862968231161,-0.77382298936361,1.0959107498441032,0.0,0.0,-0.2899112130247009,0.6665979453987871,1.870778878012445,0.0,0.0,0.0,1.229999999999999,0,0,False,0,0,0,False,False,False,0
128,438,NORMAL,GREEN,False,0.0,0.0,0.0,0.0,0.19778865149525057,False,0.02540323332269727,0.005175135084393259,0.5765042434407213,0.022493413675780866,1.1438217492943707,-0.7471222497148046,1.2686007288925898,0.0,0.0,-0.8826835993801552,0.9871978599150502,1.5639738386696027,0.0,0.0,0.0,1.244999999999999,0,0,False,0,0,0,False,False,False,0
128,439,NORMAL,GREEN,False,0.0,0.0,0.0,0.0,0.1780097863457255,False,0.025349814069706798,0.005195600582553664,0.3440763839612483,0.023622591556348247,1.2028041682676727,-0.2609903801220896,1.4160856731461835,0.0,0.0,-0.5619189457208087,1.2191272422008852,1.625551622676969,0.0,0.0,0.0,1.259999999999999,0,0,False,0,0,0,False,False,False,0
128,440,NORMAL,GREEN,False,0.0,0.0,0.0,0.0,0.16020880771115295,False,0.02546436940482414,0.0052757520446555985,0.7349508704345704,0.029168325240284974,1.7376746186192564,0.6415915421513552,1.5723802154947935,0.0,0.0,-0.03606114858133846,1.636275794441413,1.6702712870909775,0.0,0.0,0.0,1.2749999999999988,0,0,False,0,0,0,False,False,False,0
128,441,NORMAL,GREEN,False,0.0,0.0,0.0,0.0,0.14418792694003765,False,0.025345378896983333,0.005413046996104338,0.7518075580102734,0.021498019143463908,1.766846046833928,-1.1174284236973,1.6557825630501561,0.0,0.0,-1.1879769757708978,1.9147271720193604,1.4189371740229113,0.0,0.0,0.0,1.2899999999999987,0,0,False,0,0,0,False,False,False,0
128,442,NORMAL,GREEN,False,0.0,0.0,0.0,0.0,0.1297691342460339,False,0.025232003310757974,0.005413046996104338,0.6981624601138187,0.021566192689471412,1.5970914951129593,-0.869643039652171,1.6414549395771354,0.0,0.0,-1.6455840968234337,2.007942812954204,1.491837310771419,0.0,0.0,0.0,1.3049999999999986,0,0,False,0,0,0,False,False,False,0
128,443,NORMAL,GREEN,False,0.0,0.0,0.0,0.0,0.11679222082143051,False,0.025068159372988955,0.005390712406631676,1.0089446103518267,0.019770538718457357,1.5886976070888674,-1.4361725763161568,1.620333765443852,0.0,0.0,-1.8655809754993942,2.10360592313374,1.2821426227391857,0.0,0.0,0.0,1.3199999999999985,0,0,False,0,0,0,False,False,False,0
128,444,NORMAL,GREEN,False,0.0,0.0,0.0,0.0,0.10511299873928746,False,0.02495328931123597,0.005247308882915957,0.7102961110895754,0.02123915731455615,1.604342355905611,-0.8436984149316795,1.5230292535324679,0.0,0.0,-1.7817320321980763,2.1030983188844696,1.1876248293692901,0.0,0.0,0.0,1.3349999999999984,0,0,False,0,0,0,False,False,False,0
128,445,NORMAL,GREEN,False,0.0,0.0,0.0,0.0,0.09460169886535871,False,0.024879504429887622,0.005056207199266798,0.46871569786037687,0.022493793266291064,1.4739847542494469,-0.7800901927270059,1.3512603090399131,0.0,0.0,-1.717004176703546,2.127964105464583,1.2073920999438845,0.0,0.0,0.0,1.3499999999999983,0,0,False,0,0,0,False,False,False,0
128,446,NORMAL,GREEN,False,0.0,0.0,0.0,0.0,0.08514152897882285,False,0.024798107544816535,0.0049703398059083815,0.5366135910654558,0.022166274927518055,1.3440345139091157,-0.8805605381699045,1.1703601096503258,0.0,0.0,-1.446241596915695,2.062303172428593,1.3413270313093817,0.0,0.0,0.0,1.35,0,0,False,0,0,0,False,False,False,0
128,447,NORMAL,GREEN,False,0.0,0.0,0.0,0.0,0.07662737608094057,False,0.024712816804373632,0.004916983681179176,0.5719980509281402,0.02195508286338639,1.3992280659805478,-0.8024816685892926,0.954440061985075,0.0,0.0,-1.6030369157564417,2.0187811348254945,1.2778817812440828,0.0,0.0,0.0,1.35,0,0,False,0,0,0,False,False,False,0
128,448,NORMAL,GREEN,False,0.0,0.0,0.0,0.0,0.06896463847284652,False,0.024867286838064002,0.0049703398059083815,1.0471869456718528,0.029861817927385997,0.8867707792851093,1.1511809872701655,0.7205336326557721,0.0,0.0,-0.5511887206210907,1.7025629557270985,1.6474556542711798,0.0,0.0,0.0,1.35,0,0,False,0,0,0,False,False,False,0
128,449,NORMAL,GREEN,False,0.0,0.0,0.0,0.0,0.06206817462556187,False,0.024836054882711473,0.004717104877482657,0.20945553404217385,0.023826221659646388,0.8305328726002504,-0.5884000396924985,0.45654693767602095,0.0,0.0,-1.5180600271788458,1.5107812454412648,1.9625634825949838,0.0,0.0,0.0,1.35,0,0,False,0,0,0,False,False,False,0
128,450,NORMAL,GREEN,False,0.0,0.0,0.0,0.0,0.055861357163005686,False,0.02469391359408576,0.004651287439712422,1.0044387558156043,0.020098011928521075,0.4179068798358376,-0.6929138685201706,0.17426703330571824,0.0,0.0,-1.1624403412083186,1.2249610874325159,2.1165987871573018,0.0,0.0,0.0,1.35,0,0,False,0,0,0,False,False,False,0
128,451,NORMAL,GREEN,False,0.0,0.0,0.0,0.0,0.05027522144670512,False,0.024552985627707885,0.004724787495358179,1.009956692668506,0.01999631471482324,0.4064382281575297,-0.9519053569380561,-0.10077509310181211,0.0,0.0,-1.1799888838074117,1.0070326707244928,2.0461409558500194,0.0,0.0,0.0,1.35,0,0,False,0,0,0,False,False,False,0
128,452,NORMAL,GREEN,False,0.0,0.0,0.0,0.0,0.04524769930203461,False,0.024742193605311442,0.004777239853338606,1.3348605821915733,0.03085991821449317,-0.140919052336477,1.9772004666073513,-0.3873588185194584,0.0,0.0,0.3685248820896522,0.6095662427591959,2.3704021301095555,0.0,0.0,0.0,1.35,0,0,False,0,0,0,False,False,False,0
128,453,NORMAL,GREEN,False,0.0,0.0,0.0,0.0,0.04072292937183115,False,0.02488427864371657,0.004907719922093382,0.9914025864804904,0.029478361552149016,-0.3508749707656612,1.1530181364508583,-0.6090991539164593,0.0,0.0,0.00777631317027862,0.2932431315342549,2.6206625622077144,0.0,0.0,0.0,1.35,0,0,False,0,0,0,False,False,False,0
128,454,NORMAL,GREEN,False,0.0,0.0,0.0,0.0,0.03665063643464803,False,0.024860150442410144,0.004777239853338606,0.16387923305488153,0.024080005266835743,-0.7154116172166899,0.29987611680839615,-0.8195550302299774,0.0,0.0,0.001961305426733682,-0.016963913947053412,2.638890326395179,0.0,0.0,0.0,1.35,0,0,False,0,0,0,False,False,False,0
128,455,NORMAL,GREEN,False,0.0,0.0,0.0,0.0,0.03298557279118323,False,0.024626026700730896,0.004849434401960129,1.6336053793044603,0.017056025719768546,-1.0886316826201534,-1.4329247807315737,-1.006344527386124,0.0,0.0,-0.0898350063474166,-0.3150187365663979,2.5891162980310214,0.0,0.0,0.0,1.35,0,0,False,0,0,0,False,False,False,0
128,456,NORMAL,GREEN,False,0.0,0.0,0.0,0.0,0.029687015512064905,False,0.02493670371552919,0.00492060961824662,2.1354862515699966,0.03498192719400732,-1.4698143184648236,1.7205949788539774,-1.1280598667156276,0.0,0.0,1.7811263438234897,-0.7014076576387456,2.847949742195498,0.0,0.0,0.0,1.35,0,0,False,0,0,0,False,False,False,0
128,457,NORMAL,GREEN,False,0.0,0.0,0.0,0.0,0.026718313960858414,False,0.024978417962875334,0.00492060961824662,0.28258183831166667,0.026327178627067387,-1.510222594425659,-0.3562812722082318,-1.2039479738601724,0.0,0.0,0.343683356673337,-0.8868420496019559,2.676533663158291,0.0,0.0,0.0,1.35,0,0,False,0,0,0,False,False,False,0
128,458,NORMAL,GREEN,False,0.0,0.0,0.0,0.0,0.024046482564772573,False,0.025097417091402417,0.005139805028432739,0.8061272739175158,0.02894505558044479,-1.588598001960786,0.5120069233579194,-1.2402420107934153,0.0,0.0,0.9741505927425196,-1.077791065318321,2.5342921236696014,0.0,0.0,0.0,1.35,0,0,False,0,0,0,False,False,False,0
128,459,NORMAL,GREEN,False,0.0,0.0,0.0,0.0,0.021641834308295315,False,0.025161288646849245,0.005346764360782932,0.4142281344233837,0.027226468939630037,-1.5699179261835738,-0.8173437026043291,-1.2082037476497853,0.0,0.0,1.0716088487931585,-1.2013460617842102,1.7554218380733666,0.0,0.0,0.0,1.35,0,0,False,0,0,0,False,False,False,0
128,460,NORMAL,GREEN,False,0.0,0.0,0.0,0.0,0.019477650877465783,False,0.02508426116256136,0.005346764360782932,0.48021244931393764,0.022593705837253203,-1.731689578115902,-0.8164040130431162,-1.1399635494111915,0.0,0.0,0.3860415596603098,-1.3158002315108785,2.487815908305123,0.0,0.0,0.0,1.35,0,0,False,0,0,0,False,False,False,0
128,461,NORMAL,GREEN,False,0.0,0.0,0.0,0.0,0.017529885789719205,False,0.025298937042614652,0.005504336743021141,1.3383538502144243,0.03224012383100446,-1.6152460173099341,0.9809442933714474,-1.0206165098085738,0.0,0.0,0.5322166785957004,-1.361442785723916,1.6770540203026736,0.0,0.0,0.0,1.35,0,0,False,0,0,0,False,False,False,0
128,462,NORMAL,GREEN,False,0.0,0.0,0.0,0.0,0.015776897210747286,False,0.02559893704820826,0.0055988283567674334,1.8167493475271848,0.03529893722906822,-1.406383930252718,0.686328063522799,-0.8458205174552964,0.0,0.0,1.1682091531279208,-1.3763266390809725,0.6142606145789699,0.0,0.0,0.0,1.35,0,0,False,0,0,0,False,False,False,0
128,463,NORMAL,GREEN,False,0.0,0.0,0.0,0.0,0.014199207489672558,False,0.025616812154590246,0.005492864959259613,0.10642170851325482,0.026194773927607908,-1.3771139315178234,-0.8480523234032886,-0.648735784906484,0.0,0.0,0.42607875527908357,-1.3387238784392688,-0.6932837306869182,0.0,0.0,0.0,1.35,0,0,False,0,0,0,False,False,False,0
128,464,NORMAL,GREEN,False,0.0,0.0,0.0,0.0,0.012779286740705302,False,0.025846166030555773,0.0054289929872823545,1.3918290829202309,0.033261941353441224,-0.8447373606333303,1.441562957967035,-0.4041418468461053,0.0,0.0,1.0746121687431625,-1.2008503700942683,-0.7381649951432796,0.0,0.0,0.0,1.35,0,0,False,0,0,0,False,False,False,0
128,465,NORMAL,GREEN,False,0.0,0.0,0.0,0.0,0.011501358066634772,False,0.026145217419530572,0.005553514588112541,1.8361378723171426,0.035814545663049084,-0.7468966512667908,1.2319635086453902,-0.14666814453025698,0.0,0.0,1.0145742752660494,-1.080423172906567,0.7720147600275962,0.0,0.0,0.0,1.35,0,0,False,0,0,0,False,False,False,0
128,466,NORMAL,GREEN,False,0.0,0.0,0.0,0.0,0.010351222259971295,False,0.0263429075313747,0.005653930332585087,1.1865765886182607,0.032734887814334895,-0.3171576259409848,0.8002953234005125,0.13198627115743408,0.0,0.0,0.7720219959842461,-0.876794580985157,0.6018861008644861,0.0,0.0,0.0,1.35,0,0,False,0,0,0,False,False,False,0
128,467,NORMAL,GREEN,False,0.0,0.0,0.0,0.0,0.009316100033974166,False,0.02631090172033841,0.005553514588112541,0.18869358218436147,0.0252760471634984,-0.35101767881872087,-0.40038687855916427,0.38790946397569304,0.0,0.0,0.22935203406774368,-0.6880734911600941,0.8797557756740148,0.0,0.0,0.0,1.35,0,0,False,0,0,0,False,False,False,0
128,468,NORMAL,GREEN,False,0.0,0.0,0.0,0.0,0.008384490030576749,False,0.02645266157229344,0.005653930332585087,0.8508716999889862,0.031036230118839363,0.127555419924503,0.7508026321885632,0.6593869850011719,0.0,0.0,0.26869132496065495,-0.43971661188732064,0.41388695365535444,0.0,0.0,0.0,1.35,0,0,False,0,0,0,False,False,False,0
128,469,NORMAL,GREEN,False,0.0,0.0,0.0,0.0,0.0075460410275190746,False,0.026241428896716774,0.005653930332585087,1.2453441715242268,0.01941157238640457,0.14474387648583098,-1.223376062785009,0.8993109974983919,0.0,0.0,-0.38554934838281985,-0.2624180471918019,0.00019363233644096014,0.0,0.0,0.0,1.35,0,0,False,0,0,0,False,False,False,0
128,470,NORMAL,GREEN,False,0.0,0.0,0.0,0.0,0.006791436924767167,False,0.026281012580486648,0.005653930332585087,0.2333697177091271,0.027560885022379227,0.34114345923826306,-0.30208644548962044,1.1051094524237655,0.0,0.0,-0.3771859507414267,-0.01579374788263831,0.008320876773579714,0.0,0.0,0.0,1.35,0,0,False,0,0,0,False,False,False,0
128,471,NORMAL,GREEN,False,0.0,0.0,0.0,0.0,0.00611229323229045,False,0.026299275872609634,0.005535499704721222,0.10767313502095538,0.026889788984586157,0.770588510404524,0.685259059398172,1.311366614083476,0.0,0.0,0.03754042766728,0.2509793711217682,-0.23829150108838046,0.0,0.0,0.0,1.35,0,0,False,0,0,0,False,False,False,0
128,472,NORMAL,GREEN,False,0.0,0.0,0.0,0.0,0.005501063909061406,False,0.026265489902008325,0.005513471827342432,0.20345028996803594,0.025173076852566124,0.5850811801564848,0.3023240148629189,1.4212691624307918,0.0,0.0,-0.502264154723823,0.37659737844277685,-0.10595585306648321,0.0,0.0,0.0,1.35,0,0,False,0,0,0,False,False,False,0
128,473,NORMAL,GREEN,False,0.0,0.0,0.0,0.0,0.004950957518155265,False,0.02633920629940101,0.005472460706260184,0.4456743996109953,0.0287227031484313,0.9382606368463731,0.06813917627771608,1.5125802373551827,0.0,0.0,-0.4823217087742202,0.634079829485656,-0.7384389315651714,0.0,0.0,0.0,1.35,0,0,False,0,0,0,False,False,False,0
128,474,NORMAL,GREEN,False,0.0,0.0,0.0,0.0,0.004455861766339738,False,0.02613068604081096,0.005366889724273146,1.2701188111563495,0.01938853101306599,0.58424611787566,-0.6893310399100464,1.5347190679916074,0.0,0.0,-0.9104107855488013,0.6193462761609275,-0.9968716990319685,0.0,0.0,0.0,1.35,0,0,False,0,0,0,False,False,False,0
128,475,NORMAL,GREEN,False,0.0,0.0,0.0,0.0,0.004010275589705765,False,0.026069529473402703,0.0053509528198606784,0.3798386685163204,0.024092133793869125,0.8099288982480718,-0.3837015958567969,1.5302805038558505,0.0,0.0,-0.3264501406098365,0.6878576350680149,-1.2386571959583166,0.0,0.0,0.0,1.35,0,0,False,0,0,0,False,False,False,0
128,476,NORMAL,GREEN,False,0.0,0.0,0.0,0.0,0.0036092480307351885,False,0.026034605514437963,0.005335776284155046,0.21755601379450576,0.024905397507911344,0.7938852542589258,-0.5000259894079544,1.4714859355490983,0.0,0.0,-0.9096095198422335,0.7729612006693648,-1.474053322475779,0.0,0.0,0.0,1.35,0,0,False,0,0,0,False,False,False,0
128,477,NORMAL,GREEN,False,0.0,0.0,0.0,0.0,0.00324832322766167,False,0.02589431399560456,0.0053509528198606784,0.8764205454041,0.021358221553324536,0.4717437737191825,0.6043971749513962,1.3687530407048807,0.0,0.0,-0.06123081194341203,0.6586121273325041,-1.4424324267522464,0.0,0.0,0.0,1.35,0,0,False,0,0,0,False,False,False,0
128,478,NORMAL,GREEN,False,0.0,0.0,0.0,0.0,0.002923490904895503,False,0.025929588338990155,0.005335776284155046,0.21973870556704544,0.027070125441791076,0.28887259183797453,0.2957578803656614,1.221702531647465,0.0,0.0,-0.3831278479152,0.5182789289373958,-0.9681104340904239,0.0,0.0,0.0,1.35,0,0,False,0,0,0,False,False,False,0
128,479,NORMAL,GREEN,False,0.0,0.0,0.0,0.0,0.002631141814405953,False,0.025934554585332982,0.005337741823178028,0.031024828618188456,0.02609512988375106,0.24669996908629188,-0.6299928717697532,1.0181397093087832,0.0,0.0,-1.2004478551570237,0.43311843316707505,-0.2697055821379391,0.0,0.0,0.0,1.35,0,0,False,0,0,0,False,False,False,0
128,480,NORMAL,GREEN,False,0.0,0.0,0.0,0.0,0.0023680276329653576,False,0.02583248195037539,0.005335776284155046,0.6374270764611962,0.022532133420079956,0.15455193819546295,-0.814598894054816,0.8388689084321733,0.0,0.0,-0.7685989209856973,0.3730039237533129,0.45909179885259627,0.0,0.0,0.0,1.35,0,0,False,0,0,0,False,False,False,0
128,481,NORMAL,GREEN,False,0.0,0.0,0.0,0.0,0.002131224869668822,False,0.025842809786578005,0.005335776284155046,0.06451942293310768,0.026176743157129236,0.05911139310452159,0.05617180215712845,0.6213601741238008,0.0,0.0,-0.13872418168058412,0.2603879461270294,0.7263530486089316,0.0,0.0,0.0,1.35,0,0,False,0,0,0,False,False,False,0
128,482,NORMAL,GREEN,False,0.0,0.0,0.0,0.0,0.0019181023827019397,False,0.025819521728323448,0.00522725466838414,0.1454837247937856,0.025066541178092785,-0.09925771763948908,0.21596030139702235,0.42263040267426405,0.0,0.0,0.3399653617025577,0.09839033290561812,1.128475328662336,0.0,0.0,0.0,1.35,0,0,False,0,0,0,False,False,False,0
128,483,NORMAL,GREEN,False,0.0,0.0,0.0,0.0,0.0017262921444317458,False,0.026004268305798987,0.005335776284155046,1.1780981872628549,0.0319777409775081,-0.3660983780678854,0.9666452955637858,0.17637758644764429,0.0,0.0,-0.46127526949649933,-0.04433616921229473,1.2812718804831023,0.0,0.0,0.0,1.35,0,0,False,0,0,0,False,False,False,0
128,484,NORMAL,GREEN,False,0.0,0.0,0.0,0.0,0.0015536629299885713,False,0.026193452319332844,0.0053509528198606784,1.1818587303197954,0.032310402090260947,-0.45320831942790923,1.0416382083877715,-0.0196178749384729,0.0,0.0,-0.03926306921160472,-0.2002014136077029,1.6400265210072091,0.0,0.0,0.0,1.35,0,0,False,0,0,0,False,False,False,0
128,485,NORMAL,GREEN,False,0.0,0.0,0.0,0.0,0.0013982966369897143,False,0.02612042456872356,0.0053509528198606784,0.4549205413674553,0.023759193965690113,-0.605492789712679,0.9271401970362998,-0.19551519042329826,0.0,0.0,0.47013210670764277,-0.3353334552922747,1.8507070741810605,0.0,0.0,0.0,1.35,0,0,False,0,0,0,False,False,False,0
128,486,NORMAL,GREEN,False,0.0,0.0,0.0,0.0,0.0012584669732907429,False,0.02614541836803231,0.0054373504748241154,0.15569687711180746,0.02695355121234849,-0.46228247932563465,-0.8355809400507216,-0.3353134916851702,0.0,0.0,0.34255531868942646,-0.37538800646846354,2.1136843743321334,0.0,0.0,0.0,1.35,0,0,False,0,0,0,False,False,False,0
128,487,NORMAL,GREEN,False,0.0,0.0,0.0,0.0,0.0011326202759616686,False,0.026065469665093585,0.005337741823178028,0.4901204689606383,0.023480461603408165,-0.728481571104413,0.06197097548023472,-0.4440843127919816,0.0,0.0,0.6699651554687583,-0.4791410757306123,2.068815880511493,0.0,0.0,0.0,1.35,0,0,False,0,0,0,False,False,False,0
128,488,NORMAL,GREEN,False,0.0,0.0,0.0,0.0,0.0010193582483655017,False,0.02611651859407112,0.005337741823178028,0.3187922949980367,0.027767100631011513,-0.5863089221495641,0.12915295162606824,-0.4859875006952221,0.0,0.0,1.267597662583836,-0.4867621047119438,1.9221326871797508,0.0,0.0,0.0,1.35,0,0,False,0,0,0,False,False,False,0
128,489,NORMAL,GREEN,False,0.0,0.0,0.0,0.0,0.0009174224235289516,False,0.02622614211851661,0.005339358611273267,0.6845811585807835,0.02977063607558744,-0.5902591089328155,-0.17825296484188038,-0.5220496158822632,0.0,0.0,-0.14076287951274502,-0.4804856974044138,2.0620754076846413,0.0,0.0,0.0,1.35,0,0,False,0,0,0,False,False,False,0
128,490,NORMAL,GREEN,False,0.0,0.0,0.0,0.0,0.0008256801811760564,False,0.026383029252875077,0.005181137279552517,0.9794380797425428,0.03145571326379891,-0.21354850951037924,1.8417399566307888,-0.4969051068694213,0.0,0.0,1.3105127277290163,-0.3251918637273366,2.2133950099771735,0.0,0.0,0.0,1.35,0,0,False,0,0,0,False,False,False,0
128,491,NORMAL,GREEN,False,0.0,0.0,0.0,0.0,0.0007431121630584508,False,0.026467984726561474,0.005282060676762141,0.5465690195192938,0.029214878375754958,-0.17992924852289624,-0.33558382685664306,-0.4431298401978145,0.0,0.0,0.5332874950473059,-0.20801060403609142,2.7389311603622133,0.0,0.0,0.0,1.35,0,0,False,0,0,0,False,False,False,0
128,492,NORMAL,GREEN,False,0.0,0.0,0.0,0.0,0.0006688009467526058,False,0.02648958790689289,0.005207995487907908,0.1363305071854276,0.02718809073760866,0.017905592611316,0.7751754088632207,-0.3576615779514538,0.0,0.0,0.6629717116004,-0.06076716708675705,2.3117354502942677,0.0,0.0,0.0,1.35,0,0,False,0,0,0,False,False,False,0
128,493,NORMAL,GREEN,False,0.0,0.0,0.0,0.0,0.0006019208520773452,False,0.026505543163334547,0.005156835573443584,0.10212026539259289,0.02702142978828147,0.05565594802843435,-0.5146195447994719,-0.24662407579768195,0.0,0.0,0.37710098874328435,0.04431635665380738,2.2388959108687962,0.0,0.0,0.0,1.35,0,0,False,0,0,0,False,False,False,0
128,494,NORMAL,GREEN,False,0.0,0.0,0.0,0.0,0.0005417287668696108,False,0.0264668172704361,0.005143005326318269,0.2503207787470294,0.025214680066719765,0.3644426170024863,-0.5888326395324973,-0.10197401760366691,0.0,0.0,0.49096147874060386,0.2967376106949687,1.957660007786467,0.0,0.0,0.0,1.35,0,0,False,0,0,0,False,False,False,0
128,495,NORMAL,GREEN,False,0.0,0.0,0.0,0.0,0.00048755589018264974,False,0.02631326573143286,0.005168231463521167,0.9952127809880004,0.021348432636994798,0.35394781169134426,-0.6095734079663465,0.05285062126577364,0.0,0.0,0.2792015770319365,0.44627766796431123,1.4519258336939287,0.0,0.0,0.0,1.35,0,0,False,0,0,0,False,False,False,0
128,496,NORMAL,GREEN,False,0.0,0.0,0.0,0.0,0.00043880030116438476,False,0.026327162006303702,0.005143005326318269,0.08962624170972408,0.02677647489379421,0.856616556635827,-0.20275515782969863,0.22090924263309983,0.0,0.0,-0.08484914955570719,0.7671503384252417,1.092366613997785,0.0,0.0,0.0,1.35,0,0,False,0,0,0,False,False,False,0
128,497,NORMAL,GREEN,False,0.0,0.0,0.0,0.0,0.0003949202710479463,False,0.026434375041978198,0.005143005326318269,0.6948792834276362,0.029900929862120257,0.7307275966855661,1.231080381831826,0.38676417814883146,0.0,0.0,-0.0032024816959638053,0.9023431172994284,0.352156660837875,0.0,0.0,0.0,1.35,0,0,False,0,0,0,False,False,False,0
128,498,NORMAL,GREEN,False,0.0,0.0,0.0,0.0,0.0003554282439431517,False,0.026412646622359887,0.0051153519724809506,0.1408282916288895,0.025710094388034517,0.83544385235899,-0.24782991757213266,0.5402517968093388,0.0,0.0,-0.0005180257864863527,1.0531642210341294,-0.11829183756942918,0.0,0.0,0.0,1.35,0,0,False,0,0,0,False,False,False,0
128,499,NORMAL,GREEN,False,0.0,0.0,0.0,0.0,0.00031988541954883654,False,0.02651370531213753,0.0051153519724809506,0.6585320053654816,0.02978126961494804,1.2925990413604906,1.1386458314720187,0.717723952672777,0.0,0.0,0.4178165556831966,1.3558457355172697,-0.6766165104526267,0.0,0.0,0.0,1.35,0,0,False,0,0,0,False,False,False,0
128,500,BACKDOOR_PERIODIC,AMBER,True,3.0,3.0,0.0,0.0,2.610287896877594,False,0.03160677617063213,0.005177660470306499,33.188142190369845,0.1962827339286242,4.183344644211422,33.31686891795492,1.1833994565438912,0.0,3.0,13.017397224742544,1.920385141003089,0.45559973328846404,0.0,0.0,0.0,1.27,0,0,True,1,1,24,False,False,False,0
128,501,BACKDOOR_PERIODIC,AMBER,True,3.0,0.36391254247864,0.0,0.0,3.2009887730230875,False,0.03536792229256607,0.005177660470306499,24.21393564077725,0.15697831356843017,4.45565016991456,1.8219189961904316,1.6547011692837994,0.0,0.36391254247864,8.869144060948308,2.816128857127957,0.7703615155630223,0.0,0.0,0.0,1.19,0,0,True,1,2,24,False,False,False,0
128,502,BACKDOOR_PERIODIC,AMBER,True,2.9048503681427915,0.47614959862859485,0.0,0.0,3.7881663027390378,False,0.03771641611274284,0.005177660470306499,15.119401472571166,0.11365104963179168,4.904598394514379,0.26156557597256064,2.1142446487794566,0.0,0.47614959862859485,5.536612947367435,4.009417125422475,0.32056862116374757,0.0,0.0,0.0,1.1099999999999999,0,0,True,1,3,24,False,False,False,0
128,503,BACKDOOR_PERIODIC,AMBER,True,2.0075089677831066,0.5056718441975341,0.0,0.0,4.154157113004859,False,0.03950737444127819,0.005177660470306499,11.530035871132426,0.09741502706392116,5.022687376790136,0.5022808606054531,2.5047919418347915,0.0,0.5056718441975341,4.065137698523236,4.934187027225656,-0.16751654535816055,0.0,0.0,0.0,1.0299999999999998,0,0,True,1,4,24,False,False,False,0
128,504,BACKDOOR_PERIODIC,AMBER,True,1.1428218877016758,0.5514318573771944,0.0,0.0,4.338539293778402,False,0.040761086036166856,0.005181137279552517,8.071287550806703,0.08129776093756702,5.205727429508777,0.7004419999974493,2.8801348833097946,0.0,0.5514318573771944,3.217490973279404,5.741924210638245,-0.7151784998180047,0.0,0.0,0.0,1.0,0,0,True,1,5,24,False,False,False,0
128,505,BACKDOOR_PERIODIC,AMBER,True,0.14621332237855977,0.6341342427553092,0.0,0.0,4.357334208761201,False,0.04139601160596101,0.005394604964976612,4.084853289514239,0.06192527169597181,5.536536971021237,-0.14328203354131394,3.220496289233793,0.0,0.6341342427553092,1.9139341838251047,6.616763422576003,-1.1220589171051,0.0,0.0,0.0,1.0,0,0,True,1,6,24,False,False,False,0
128,506,BACKDOOR_PERIODIC,AMBER,False,0.0,0.6221036199196095,0.0,0.0,4.33654390237146,False,0.04191811926842294,0.005486047559024971,3.226109949054737,0.05879960035469214,5.488414479678438,-0.17492326304141653,3.506769489915529,0.0,0.6221036199196095,1.2677433193388423,7.218264899019089,-1.4587472449561136,0.0,0.0,0.0,1.0,0,0,True,1,7,24,False,False,False,0
128,507,BACKDOOR_PERIODIC,AMBER,False,0.0,0.4927632249030378,0.0,0.0,4.23156258314464,False,0.04227800073184072,0.005553640665763243,2.1866468803862973,0.053914168049015755,4.971052899612151,0.5352605899010798,3.660933357812863,0.0,0.4927632249030378,0.44293433164010276,7.359737810598276,-1.8813899332884705,0.0,0.0,0.0,1.0,0,0,True,1,8,24,False,False,False,0
128,508,BACKDOOR_PERIODIC,AMBER,False,0.0,0.39857499330678303,0.0,0.0,4.0742558453658,False,0.04236601612747633,0.005553640665763243,0.5282744595402367,0.04521184725302748,4.594299973227132,0.12861219137156485,3.7188973367718865,0.0,0.39857499330678303,0.4664877260087274,7.150473134747335,-1.8886948061175535,0.0,0.0,0.0,1.0,0,0,True,1,9,24,False,False,False,0
128,509,BACKDOOR_PERIODIC,AMBER,False,0.0,0.3183837644644385,0.0,0.0,3.879192231727001,False,0.042517415459318864,0.005464281309927658,0.9087092050918205,0.04741266052222765,4.273535057857754,-0.5464500780939459,3.742622088652071,0.0,0.3183837644644385,0.318962093037811,6.8555856668542985,-1.3775408236027613,0.0,0.0,0.0,1.0,0,0,True,1,10,24,False,False,False,0
128,510,BACKDOOR_PERIODIC,AMBER,False,0.0,0.19017745993388402,0.0,0.0,3.6181213743302014,False,0.04265744493041474,0.005473989108757721,0.8542109697114169,0.04718506449584814,3.760709839735536,0.7010814676556458,3.701747044534718,0.0,0.19017745993388402,0.7536850505080981,6.316138481610393,-1.0579946880954942,0.0,0.0,0.0,1.0,0,0,True,1,11,24,False,False,False,0
128,511,BACKDOOR_PERIODIC,AMBER,False,0.0,0.1463663400424532,0.0,0.0,3.3539355857054978,False,0.042878927259235616,0.005490910358488181,1.3486954663862452,0.05004018922444396,3.1378382730886174,1.1179386843964925,3.5854653601698128,0.0,0.1463663400424532,1.4226965184206584,5.577297617732529,-0.8172598412338511,0.0,0.0,0.0,1.0,0,0,True,1,12,24,False,False,False,0
128,512,BACKDOOR_PERIODIC,AMBER,False,0.0,0.1031773767319819,0.0,0.0,3.08736133741518,False,0.043108941108623705,0.005570765523825923,1.3963309929261778,0.05054605557217205,2.483968654152405,1.7342862042030045,3.4127095069279276,0.0,0.1031773767319819,2.1816556827569147,4.68009879146107,-0.2639461203281666,0.0,0.0,0.0,1.015,0,0,True,1,13,24,False,False,False,0
128,513,BACKDOOR_PERIODIC,AMBER,False,0.0,0.05866937665438021,0.0,0.0,2.8177576779021334,False,0.04349711556866782,0.00579280228507088,2.3226877190929813,0.056048089776760755,1.777135389460722,2.107608441673661,3.234677506617521,0.0,0.05866937665438021,3.3585111617477534,3.6792195262659377,0.3402929778784032,0.0,0.0,0.0,1.0299999999999998,0,0,True,1,14,24,False,False,False,0
128,514,BACKDOOR_PERIODIC,AMBER,False,0.0,0.021054569124656974,0.0,0.0,2.5500253077180663,False,0.04393597280578777,0.005843962199535203,2.5253018920334145,0.058125690139332796,1.309853285505749,3.0677406208775704,3.084218276498628,0.0,0.021054569124656974,3.667836725178381,2.7415069751717263,0.568769935910783,0.0,0.0,0.0,1.0449999999999997,0,0,True,1,15,24,False,False,False,0
128,515,BACKDOOR_PERIODIC,AMBER,True,0.030559915436734753,0.3333326324748529,0.0,0.0,2.5235593056406436,False,0.044571019755614956,0.005918027388389437,3.622239661746939,0.06510420446669406,0.5917438365346193,4.333330529899412,2.9752888373672794,0.0,0.3333326324748529,4.787748978353457,1.7529255543637157,0.8221599926381119,0.0,0.0,0.0,1.0,0,0,True,1,16,24,False,False,False,0
128,516,BACKDOOR_PERIODIC,AMBER,False,0.0,0.0,0.0,0.0,2.2712033750765794,False,0.04469836976394642,0.005946730334838353,0.7172998702310607,0.04881602003333056,0.23011093004527033,2.5289434473152306,2.8970578074656403,0.0,0.0,4.500145947496329,0.9409963157908204,2.0867943714009294,0.0,0.0,0.0,1.015,0,0,True,1,17,24,False,False,False,0
128,517,BACKDOOR_PERIODIC,AMBER,True,0.06101766257744001,0.3237273023490377,0.15077504962982113,0.0,2.3904525975991,False,0.04536631911930567,0.005946730334838353,3.74407065030976,0.06696334827592143,0.2288170081036716,4.294909209396151,2.944930170857096,0.0,0.3237273023490377,5.101595958866666,0.3448550890004481,3.6031001985192845,0.0,0.0,0.15077504962982113,1.0,0,0,True,1,18,24,False,False,False,0
128,518,BACKDOOR_PERIODIC,AMBER,False,0.0,0.008857002973508,0.376372528290458,0.0,2.4520146484739485,False,0.045930841152011445,0.006251090710914031,3.1643272909068343,0.06418372020949821,0.1025921012927144,1.7016192354387596,3.035428011894032,0.0,0.008857002973508,4.715745531586081,-0.12342332937257751,4.505490113161832,0.0,0.0,0.376372528290458,1.0,1,0,True,1,19,24,False,False,False,0
128,519,BACKDOOR_PERIODIC,AMBER,True,0.08277356436311123,0.0715844150295819,0.28285870241064903,0.0,2.492841386004535,False,0.04664929668377336,0.006307595081774381,3.831094257452445,0.06987935887740851,0.6329739595817057,3.2543660211021233,3.2863376601183276,0.0,0.0715844150295819,5.7707632981382755,-0.3143667118208014,4.131434809642596,0.0,0.0,0.28285870241064903,1.0,0,0,True,1,20,24,False,False,False,0
128,520,BACKDOOR_PERIODIC,AMBER,False,0.0,0.15889046847490118,0.0,0.0,2.3495371898768402,False,0.0472099378761818,0.006462283446526581,2.962783676610229,0.06533733643072145,0.9377530515181288,1.7990271222234437,3.6355618738996047,0.0,0.15889046847490118,5.121074982183353,-0.2691497204209657,2.336954561416514,0.0,0.0,0.0,1.0,0,0,True,1,21,24,False,False,False,0
128,521,BACKDOOR_PERIODIC,AMBER,False,0.0,0.28424952539560655,0.0,0.0,2.304177904328026,False,0.04787435673934005,0.006615049738148859,3.427162491690505,0.06935723331479014,1.7441632054233251,2.552540407563235,4.136998101582426,0.0,0.28424952539560655,5.450699798749942,0.08767347967974962,-0.17427946384245008,0.0,0.0,0.0,1.0,0,0,True,1,22,24,False,False,False,0
128,522,BACKDOOR_PERIODIC,AMBER,False,0.0,0.4370889000622511,0.0,0.0,2.365298410236745,False,0.04839793286424256,0.006590309837852659,2.6383078264857107,0.06532689423609044,2.2296202555635958,3.0508940715582167,4.748355600249004,0.0,0.4370889000622511,5.428265163427821,0.5914227983696778,-2.1417570003248816,0.0,0.0,0.0,1.0,0,0,True,1,23,24,False,False,False,0
128,523,BACKDOOR_PERIODIC,AMBER,False,0.0,0.6254610809568999,0.0,0.0,2.5459511102113233,False,0.04875501799756536,0.00666420578377406,1.8061120145005343,0.06030077064166931,2.997753054998714,1.9667020088010858,5.5018443238276,0.0,0.6254610809568999,5.177055208620907,1.3927141451214988,-1.356390492714136,0.0,0.0,0.0,1.0,0,0,True,1,24,24,False,False,False,0
128,524,BACKDOOR_PERIODIC,AMBER,False,0.0,0.8268285694919928,0.0,0.0,2.84285065504135,False,0.048896058388954236,0.006756891467169758,0.7054623659845499,0.05345636437719453,3.47728391595995,1.2176196085050066,6.307314277967971,0.0,0.8268285694919928,3.73561196544368,2.2318522548297643,-1.292207434551905,0.0,0.0,0.0,1.0,0,0,True,1,25,24,False,False,False,0
128,525,BACKDOOR_PERIODIC,AMBER,False,0.0,1.06022404644174,0.0,0.0,3.2657350285138556,False,0.0489619962912608,0.006825673628630766,0.3252871660829054,0.05109398846583965,4.217964480043511,2.145277707413068,7.24089618576696,0.0,1.06022404644174,4.104607837215233,3.301220404001632,-1.2891480631393526,0.0,0.0,0.0,1.0,0,0,True,1,26,24,False,False,False,0
128,526,BACKDOOR_PERIODIC,AMBER,False,0.0,1.2986395506754516,0.0,0.0,3.805354105962996,False,0.04865343932481867,0.006959793636130209,1.5068450052454267,0.0386767640765231,4.5067435188086575,1.9710648051793294,8.194558202701806,0.0,1.2986395506754516,3.5307558555683323,4.27279068820445,-1.542478329771119,0.0,0.0,0.0,1.0,0,0,True,1,27,24,False,False,False,0
128,527,BACKDOOR_PERIODIC,AMBER,False,0.0,1.5532044531802338,0.0,0.0,4.460806065637913,False,0.048371883244203905,0.007002028882321483,1.3484886446112039,0.03926823663765976,5.006601263857447,0.6926970716546268,9.212817812720935,0.0,1.5532044531802338,2.790615105707329,5.294140299041363,-1.7268745271320851,0.0,0.0,0.0,1.0,0,0,True,1,28,24,False,False,False,0
128,528,BACKDOOR_PERIODIC,AMBER,False,0.0,1.7916048425163145,0.0,0.0,5.209725889032502,False,0.04794756542341236,0.0070902037669429326,2.019975580996012,0.03422795588448571,5.1402683101342355,-0.4131340044748894,10.166419370065258,0.0,1.7916048425163145,2.152373870697215,6.132571533858043,-1.7130144392423825,0.0,0.0,0.0,1.0,0,0,True,1,29,24,False,False,False,0
128,529,BACKDOOR_PERIODIC,AMBER,False,0.0,2.0329098761633184,0.0,0.0,6.0447041875301855,False,0.047398847584791105,0.0070902037669429326,2.5796994306405905,0.029656970802703905,5.44983414150696,0.9711907944932628,11.131639504653274,0.0,2.0329098761633184,1.6477732725449037,6.9355983103727015,-1.3252131492897268,0.0,0.0,0.0,1.0,0,0,True,1,30,24,False,False,False,0
128,530,BACKDOOR_PERIODIC,AMBER,False,0.0,2.2511764396337557,0.0,0.0,6.941768454012882,False,0.046860907125958404,0.0070902037669429326,2.5290314943216528,0.02946749895703441,5.264134934993083,1.2427091418469065,12.004705758535023,0.0,2.2511764396337557,0.9937288247326572,7.406696983704263,-1.1080720728339422,0.0,0.0,0.0,1.0,0,0,True,1,31,24,False,False,False,0
128,531,BACKDOOR_PERIODIC,AMBER,False,0.0,2.4425803588105817,0.0,0.0,7.876792707938252,False,0.04640244748470507,0.0070902037669429326,2.1553665513857228,0.031578919084180555,5.293239979594699,0.1565332869672668,12.770321435242327,0.0,2.4425803588105817,0.806640267801784,7.8148122727607605,-0.9525300806300486,0.0,0.0,0.0,1.0,0,0,True,1,32,24,False,False,False,0
128,532,BACKDOOR_PERIODIC,AMBER,False,0.0,2.4953804822905594,0.0,0.0,8.75353221883223,False,0.04592308718449192,0.00720298693235464,2.253627286181784,0.030423770810933604,4.6910161919321665,1.8508392653300814,12.981521929162238,0.0,2.4953804822905594,0.813133453038457,7.601647175950405,-0.6593702427119371,0.0,0.0,0.0,1.0,0,0,True,1,33,24,False,False,False,0
128,533,BACKDOOR_PERIODIC,AMBER,False,0.0,2.5126733537976125,0.0,0.0,9.554132123932016,False,0.04556271807175683,0.007517658199610658,1.6676836804852428,0.03391078342665563,4.819948048353472,0.9743450357220658,13.05069341519045,0.0,2.5126733537976125,0.8006048246658203,7.63867498376245,-0.4515409737152552,0.0,0.0,0.0,1.0,0,0,True,1,34,24,False,False,False,0
128,534,BACKDOOR_PERIODIC,AMBER,False,0.0,2.4667896207262494,0.0,0.0,10.244067588563222,False,0.045030824988015264,0.0075121419179968625,2.3584165423975443,0.027832948613704517,4.465127404105407,-0.2152461174060842,12.867158482904998,0.0,2.4667896207262494,0.31984268929779525,7.418954199267661,-0.23115842567473396,0.0,0.0,0.0,1.0,0,0,True,1,35,24,False,False,False,0
128,535,BACKDOOR_PERIODIC,AMBER,False,0.0,2.3620770464068435,0.0,0.0,10.795166219660263,False,0.04472208952696697,0.0075121419179968625,1.3699397784656653,0.034739642953072004,3.7497461746653813,3.3355927819495745,12.448308185627374,0.0,2.3620770464068435,2.035000945446184,6.738060374105158,-0.0634520821872998,0.0,0.0,0.0,1.0,0,0,True,1,36,24,False,False,False,0
128,536,BACKDOOR_PERIODIC,AMBER,False,0.0,2.2048880992876745,0.0,0.0,11.186309959919116,False,0.04440740743973757,0.0074312186985065155,1.3963265100885955,0.03423268661932016,3.165999226424295,1.9504185029106564,11.819552397150698,0.0,2.2048880992876745,1.498007186706271,6.0280756298390745,0.28123345870794436,0.0,0.0,0.0,1.0,0,0,True,1,37,24,False,False,False,0
128,537,BACKDOOR_PERIODIC,AMBER,False,0.0,2.0025522853166855,0.0,0.0,11.403381338233434,False,0.0443900055497289,0.007714154661443188,0.07805758702885429,0.04382734443944845,3.073651643961623,2.664781634205227,11.010209141266742,0.0,2.0025522853166855,2.339973627099342,5.4045420589450615,0.3379206567183373,0.0,0.0,0.0,1.0,0,0,True,1,38,24,False,False,False,0
128,538,BACKDOOR_PERIODIC,AMBER,False,0.0,1.7607988007851625,0.0,0.0,11.437496004533793,False,0.04416166801615431,0.007804380599345029,0.986660425308236,0.03677875443057585,2.2568521248098063,2.1427426802081557,10.04319520314065,0.0,1.7607988007851625,2.955892002309705,4.50371172194537,0.23453144299896508,0.0,0.0,0.0,1.0,0,0,True,1,39,24,False,False,False,0
128,539,BACKDOOR_PERIODIC,AMBER,False,0.0,1.5273018856756955,0.0,0.0,11.312456761826102,False,0.04444971086636039,0.008139806834346196,1.2302614176721034,0.05376309635635718,2.0557035589125188,3.5920307007509993,9.109207542702782,0.0,1.5273018856756955,3.8394379875322913,3.6720100714081947,-0.06068650339426559,0.0,0.0,0.0,1.0,0,0,True,1,40,24,False,False,False,0
128,540,BACKDOOR_PERIODIC,AMBER,False,0.0,1.2938555953691289,0.0,0.0,11.0442127677547,False,0.044541484330226935,0.008228969557560575,0.37582162875290503,0.047508826328578405,1.4356348646513688,2.125366313707038,8.175422381476515,0.0,1.2938555953691289,4.035716257548733,2.7398608670847286,-0.14216521326635928,0.0,0.0,0.0,1.0,0,0,True,1,41,24,False,False,False,0
128,541,BACKDOOR_PERIODIC,AMBER,False,0.0,1.0744364976680372,0.0,0.0,10.656440634923811,False,0.044903488357836314,0.008302663242727416,1.4663805517698052,0.05660828525053954,1.4703084671803082,3.457926707543258,7.297745990672149,0.0,1.0744364976680372,4.71072126654693,2.1054203961209637,0.6130750824110976,0.0,0.0,0.0,1.0,0,0,True,1,42,24,False,False,False,0
128,542,BACKDOOR_PERIODIC,AMBER,False,0.0,0.8825359298681683,0.0,0.0,10.179448036653499,False,0.04518810804656921,0.0084503855611635,1.1426843026632043,0.05439081131559971,0.9909484883860202,3.881279240174002,6.530143719472673,0.0,0.8825359298681683,5.447462613790553,1.3799810234917784,0.7762751962341907,0.0,0.0,0.0,1.0,0,0,True,1,43,24,False,False,False,0
128,543,BACKDOOR_PERIODIC,AMBER,False,0.0,0.7406670628900054,0.0,0.0,9.655528163935783,False,0.04565869188950324,0.008655675047187315,1.8562618219329459,0.06087423614437043,1.3285504227090825,2.552994373600601,5.962668251560022,0.0,0.7406670628900054,5.468520451023922,0.979754372710102,0.5950247833484793,0.0,0.0,0.0,1.0,0,0,True,1,44,24,False,False,False,0
128,544,BACKDOOR_PERIODIC,AMBER,False,0.0,0.6400900244998862,0.0,0.0,9.116915393883628,False,0.046171149384385775,0.008655675047187315,1.9734932749855587,0.06274060838558772,1.6440542227271364,0.8106416910232848,5.560360097999545,0.0,0.6400900244998862,4.650331093225172,0.9455210369836402,0.17230932427391646,0.0,0.0,0.0,1.0,0,0,True,1,45,24,False,False,False,0
128,545,BACKDOOR_PERIODIC,AMBER,False,0.0,0.602332821536377,0.0,0.0,8.60697984646003,False,0.04664923591634425,0.008919528567325044,1.8411293914190718,0.062107367116335,2.0228811330709093,3.1594528619906233,5.409331286145508,0.0,0.602332821536377,5.392701903420324,1.0206021164967332,0.13520727896087423,0.0,0.0,0.0,1.0,0,0,True,1,46,24,False,False,False,0
128,546,BACKDOOR_PERIODIC,AMBER,False,0.0,0.6190794840848137,0.0,0.0,8.159207877698599,False,0.047084392672072706,0.00903789557929733,1.6262322701768954,0.061154461107292925,2.452942133828208,3.7733734694875523,5.476317936339255,0.0,0.6190794840848137,5.584941852173348,1.3046697370408054,0.15397559488486895,0.0,0.0,0.0,1.0,0,0,True,1,47,24,False,False,False,0
128,547,BACKDOOR_PERIODIC,AMBER,False,0.0,0.6901004917968097,0.0,0.0,7.803584117957211,False,0.0473834890626133,0.00903789557929733,1.1031195920789152,0.05705427235675901,2.794834227280504,0.8284445025763337,5.760401967187239,0.0,0.6901004917968097,4.080041298799292,1.7539064966989595,-0.37798134902757125,0.0,0.0,0.0,1.0,0,0,True,1,48,24,False,False,False,0
128,548,BACKDOOR_PERIODIC,AMBER,False,0.0,0.8040715817902626,0.0,0.0,7.559541451215595,False,0.04755639224934725,0.009089303187645184,0.6376970730885884,0.053146928620411496,3.183407105955598,0.727150053037632,6.2162863271610505,0.0,0.8040715817902626,3.8173724299398524,2.3119462465831226,-1.1658218697817468,0.0,0.0,0.0,1.0,0,0,True,1,49,24,False,False,False,0
128,549,BACKDOOR_PERIODIC,AMBER,False,0.0,0.9564946300886832,0.0,0.0,7.441569224363187,False,0.047651406161956934,0.00938463162903356,0.3484458989802402,0.050723522669670236,3.527770365164415,3.1929856275563733,6.825978520354733,0.0,0.9564946300886832,4.134386687569898,2.9740876895400747,-1.6808443843279903,0.0,0.0,0.0,1.0,0,0,True,1,50,24,False,False,False,0
128,550,BACKDOOR_PERIODIC,AMBER,False,0.0,1.1404979279721796,0.0,0.0,7.458124419884312,False,0.04775361508607816,0.009762136490337818,0.363036533776554,0.05105837029933109,3.9836278367659426,2.8411069550938675,7.5619917118887185,0.0,1.1404979279721796,3.933768586058118,3.7281300599199603,-2.0161967436181727,0.0,0.0,0.0,1.0,0,0,True,1,51,24,False,False,False,0
128,551,BACKDOOR_PERIODIC,AMBER,False,0.0,1.331967099249007,0.0,0.0,7.600734033094969,False,0.047437490740972074,0.01013016839996918,1.0794233598999736,0.037216136915875574,3.989670886527225,1.2410373132751344,8.327868396996028,0.0,1.331967099249007,3.0847016156379143,4.378523403678245,-2.107633529407272,0.0,0.0,0.0,1.0,0,0,True,1,52,24,False,False,False,0
128,552,BACKDOOR_PERIODIC,AMBER,False,0.0,1.5142703347307402,0.0,0.0,7.850678943050875,False,0.04700321388400291,0.010045777429713128,1.4289886071735467,0.03296159550866664,3.9191600805776883,-0.5678891481828506,9.057081338922961,0.0,1.5142703347307402,1.8720785188518412,4.819305402299837,-1.8294020953345913,0.0,0.0,0.0,1.0,0,0,True,1,53,24,False,False,False,0
128,553,BACKDOOR_PERIODIC,AMBER,False,0.0,1.6912980745610118,0.0,0.0,8.193706864477981,False,0.04653866464166818,0.010154530071486919,1.541441153045042,0.031518239139512044,4.0743201983831305,1.266228870242315,9.765192298244047,0.0,1.6912980745610118,1.711612082407986,5.214840076016919,-1.2253535457652185,0.0,0.0,0.0,1.0,0,0,True,1,54,24,False,False,False,0
128,554,BACKDOOR_PERIODIC,AMBER,False,0.0,1.8521731496005147,0.0,0.0,8.609735668813727,False,0.04611364904302929,0.010608546156437458,1.3951592561704673,0.032371478020371845,4.192060807055422,1.0809395910930553,10.408692598402059,0.0,1.8521731496005147,1.6055851125640404,5.643617790355736,-0.6457314100920064,0.0,0.0,0.0,1.0,0,0,True,1,55,24,False,False,False,0
128,555,BACKDOOR_PERIODIC,AMBER,False,0.0,1.9797125331281888,0.0,0.0,9.069230361528856,False,0.045540727887477976,0.010370728738898204,1.8001874686779689,0.027016277191318744,4.024725806996583,2.9175395239925623,10.918850132512755,0.0,1.9797125331281888,2.0461968960841994,5.842691102905509,-0.15824857042895532,0.0,0.0,0.0,1.0,0,0,True,1,56,24,False,False,False,0
128,556,BACKDOOR_PERIODIC,AMBER,False,0.0,2.081492539034173,0.0,0.0,9.550662848911763,False,0.04492887966230689,0.010370728738898204,1.966587050198273,0.0251457870484417,4.122067388072698,2.5307402507049983,11.325970156136693,0.0,2.081492539034173,2.336702809127314,5.98332951692402,0.15019312322367404,0.0,0.0,0.0,1.0,0,0,True,1,57,24,False,False,False,0
128,557,BACKDOOR_PERIODIC,AMBER,False,0.0,2.114585248287532,0.0,0.0,10.00602492462837,False,0.044395155341251186,0.010370728738898204,1.7154831786436922,0.027138068960450307,3.595451541383627,1.271688443296998,11.458340993150127,0.0,2.114585248287532,1.4901324506558034,5.929426709415031,0.4568264355566813,0.0,0.0,0.0,1.0,0,0,True,1,58,24,False,False,False,0
128,558,BACKDOOR_PERIODIC,AMBER,False,0.0,2.1156449291389143,0.0,0.0,10.41655759990119,False,0.0439720342709373,0.009925944179442694,1.3599850147683936,0.030291119664121707,3.2659289624290953,3.7109782967714646,11.462579716555657,0.0,2.1156449291389143,2.4409486086341303,5.6375080232553225,0.6782113003687957,0.0,0.0,0.0,1.0,0,0,True,1,59,24,False,False,False,0
128,559,BACKDOOR_PERIODIC,AMBER,False,0.0,2.0615882241609325,0.0,0.0,10.749981185426412,False,0.04336246742793739,0.009861185507874416,2.047049066500448,0.023653139504273578,2.8897147358395063,0.796485883164544,11.24635289664373,0.0,2.0615882241609325,2.086728880842615,5.171312335633521,0.9120713792442561,0.0,0.0,0.0,1.0,0,0,True,1,60,24,False,False,False,0
128,560,BACKDOOR_PERIODIC,AMBER,False,0.0,1.976120618373339,0.0,0.0,10.993055519338787,False,0.04283388430720105,0.00973287970609655,1.7867463647051602,0.025743030070059566,2.561210941496797,3.8163554609601906,10.904482473493356,0.0,1.976120618373339,3.240745879437262,4.657701883913061,1.1380351474743866,0.0,0.0,0.0,1.0,0,0,True,1,61,24,False,False,False,0
128,561,BACKDOOR_PERIODIC,AMBER,False,0.0,1.85662466861801,0.0,0.0,11.13211862137312,False,0.04228946784055592,0.00973287970609655,1.8645268515412163,0.02468666875236345,2.4096585053043293,2.7832944068056023,10.42649867447204,0.0,1.85662466861801,3.9410509269428613,4.14000448213369,1.2256914873905156,0.0,0.0,0.0,1.0,0,0,True,1,62,24,False,False,False,0
128,562,BACKDOOR_PERIODIC,AMBER,False,0.0,1.726551164723316,0.0,0.0,11.170516386106259,False,0.04194565549692692,0.009925944179442694,1.177494410736572,0.030829056386255823,2.3210949730464105,0.6943282490676891,9.906204658893264,0.0,1.726551164723316,3.145311722176631,3.7629139132885845,1.2046747405305709,0.0,0.0,0.0,1.0,0,0,True,1,63,24,False,False,False,0
128,563,BACKDOOR_PERIODIC,AMBER,False,0.0,1.5734258116902167,0.0,0.0,11.102939763893009,False,0.041668743831314095,0.009925944179442694,0.9299255251583584,0.032715266643166124,1.7753526150279328,3.775938609438871,9.293703246760867,0.0,1.5734258116902167,3.97859312840747,3.162031012928341,0.8513960539882346,0.0,0.0,0.0,1.0,0,0,True,1,64,24,False,False,False,0
128,564,BACKDOOR_PERIODIC,AMBER,False,0.0,1.4524220897245375,0.0,0.0,10.961411321349974,False,0.04121689682563172,0.009925944179442694,1.517393870426219,0.026607176975234945,2.1126977257231574,3.437324947024789,8.80968835889815,0.0,1.4524220897245375,4.386410337224759,2.7447149796068597,0.7308312161028742,0.0,0.0,0.0,1.0,0,0,True,1,65,24,False,False,False,0
128,565,BACKDOOR_PERIODIC,AMBER,False,0.0,1.318420244633824,0.0,0.0,10.744656492385737,False,0.040837154380529116,0.009737814391433227,1.2752521346670274,0.02855881532221167,2.069843239887501,1.216073844198447,8.273680978535296,0.0009731771163702385,1.318420244633824,4.168795441564558,2.3887135121777696,1.4473543236511595,0.0,0.0,0.0,1.0,0,0,True,1,66,24,False,False,False,0
128,566,BACKDOOR_PERIODIC,AMBER,False,0.0,1.2012182936859122,0.0,0.0,10.471403445035666,False,0.04041020850734663,0.009696714115576004,1.4614705655719569,0.026605625274446456,2.2731605944235813,1.6764254879535938,7.804873174743649,0.003148538030837922,1.2012182936859122,4.283143589928081,2.192064925134413,1.6727377711212361,0.0,0.0,0.0,1.0,0,0,True,1,67,24,False,False,False,0
128,567,BACKDOOR_PERIODIC,AMBER,False,0.0,1.1398081492770118,0.0,0.0,10.184515136099867,False,0.04004348019797834,0.009404591877990694,1.260661790503551,0.02818593152840353,2.6624002221594534,5.377163336763898,7.559232597108047,0.002860074446547234,1.1398081492770118,6.187099574474557,2.087798422215946,1.7582318413792202,0.0,0.0,0.0,1.0,0,0,True,1,68,24,False,False,False,0
128,568,BACKDOOR_PERIODIC,AMBER,False,0.0,1.1174462663292561,0.0,0.0,9.911400282131494,False,0.03980435490708658,0.009288094749611536,0.8475479992257039,0.032072637168253024,3.261834658146152,1.8537231325831816,7.469785065317025,0.002650288127145073,1.1174462663292561,4.697151384677354,2.3188573240103274,1.4337028566967414,0.0,0.0,0.0,1.0,0,0,True,1,69,24,False,False,False,0
128,569,BACKDOOR_PERIODIC,AMBER,False,0.0,1.1124842586049162,0.0,0.0,9.662287254407824,False,0.039603629097541275,0.0091210160407577,0.7203695158747973,0.03311349458890967,3.5347925585236646,2.7301589748467188,7.449937034419665,0.0033153782692665335,1.1124842586049162,4.601916521210824,2.6832783512147578,0.7570808367336762,0.0,0.0,0.0,1.0,0,0,True,1,70,24,False,False,False,0
128,570,BACKDOOR_PERIODIC,AMBER,False,0.0,1.1554937554869538,0.0,0.0,9.46677286387684,False,0.03929990334257515,0.008839416611564545,1.1099850923365902,0.02947943726533732,3.8127846490376496,3.1599304534568176,7.621975021947815,0.005812677285480072,1.1554937554869538,4.653597129714022,3.101144632702348,0.6486968637051004,0.0,0.0,0.0,1.0,0,0,True,1,71,24,False,False,False,0
128,571,BACKDOOR_PERIODIC,AMBER,False,0.0,1.2272118764116748,0.0,0.0,9.338645899055741,False,0.03897701896443293,0.008682263684065696,1.2175930921345945,0.028537090737834378,4.253770214266015,1.9177202319515918,7.908847505646699,0.009161502692401902,1.2272118764116748,4.062101133601129,3.622143583430518,0.2308418790654494,0.0,0.0,0.0,1.0,0,0,True,1,72,24,False,False,False,0
128,572,BACKDOOR_PERIODIC,AMBER,False,0.0,1.3301805829345472,0.0,0.0,9.292011757967511,False,0.038661738426552426,0.008623518720376044,1.2104390796113451,0.028467667701749445,4.516004515754803,1.465948759684605,8.320722331738189,0.01624133517226023,1.3301805829345472,3.986045412498015,4.176314687869749,-0.17934584969850037,0.0,0.0,0.0,1.0,0,0,True,1,73,24,False,False,False,0
128,573,BACKDOOR_PERIODIC,AMBER,False,0.0,1.4532258922824606,0.0,0.0,9.332112252323162,False,0.038346143288198006,0.008582240949682305,1.2199008648627776,0.028141900481405337,4.890601898336556,3.0393772040695004,8.812903569129842,0.025259113423885426,1.4532258922824606,3.5970496983572837,4.90346652704096,-0.8857154087910164,0.0,0.0,0.0,1.0,0,0,True,1,74,24,False,False,False,0
128,574,BACKDOOR_PERIODIC,AMBER,False,0.0,1.5900083797492974,0.0,0.0,9.459436616383627,False,0.037968467559858964,0.008531170555232778,1.4668885455960945,0.025756952343563285,4.8026179610732695,1.6482689053855173,9.36003351899719,0.03823578319319154,1.5900083797492974,2.6104037410363627,5.384585891273891,-1.3910348305568705,0.0,0.0,0.0,1.0,0,0,True,1,75,24,False,False,False,0
128,575,BACKDOOR_PERIODIC,AMBER,False,0.0,1.7193136236305278,0.0,0.0,9.660275141706828,False,0.037319654992725076,0.008531170555232778,2.5350666044138648,0.01634138198872946,4.898623500700716,-0.3179355525254044,9.877254494522111,0.05450305518499354,1.7193136236305278,2.0842043552181844,5.872479589973631,-1.867642999169954,0.0,0.0,0.0,1.0,0,0,True,1,76,24,False,False,False,0
128,576,BACKDOOR_PERIODIC,AMBER,False,0.0,1.8140286840373152,0.0,0.0,9.904204759789033,False,0.036781340112515035,0.008582240949682305,2.1033255898662557,0.019375825652390464,4.626692848560905,0.49403632468367475,10.25611473614926,0.07270153385708933,1.8140286840373152,1.3704770863531528,6.077635712167832,-2.0882583529113123,0.0,0.0,0.0,1.0,0,0,True,1,77,24,False,False,False,0
128,577,BACKDOOR_PERIODIC,AMBER,False,0.0,1.896948362785983,0.0,0.0,10.179048841788381,False,0.03625156047507181,0.008582240949682305,2.0576585243462753,0.019122018864407567,4.656386903646282,0.6280430187911276,10.587793451143932,0.09245856696904553,1.896948362785983,1.3560615985267364,6.2721795127782585,-1.7695900469845078,0.0,0.0,0.0,1.0,0,0,True,1,78,24,False,False,False,0
128,578,BACKDOOR_PERIODIC,AMBER,False,0.0,1.9552026099045712,0.0,0.0,10.465264098415892,False,0.03565248476310712,0.008582240949682305,2.3268037469353864,0.016282370076248717,4.481216608722907,0.6052921366196078,10.820810439618285,0.11216415515407763,1.9552026099045712,1.7680696229477544,6.326053205575313,-1.527804560792395,0.0,0.0,0.0,1.0,0,0,True,1,79,24,False,False,False,0
128,579,BACKDOOR_PERIODIC,AMBER,False,0.0,1.9778247664907669,0.0,0.0,10.737946807823645,False,0.03525028745218819,0.008582240949682305,1.5621301137120112,0.02224590773247602,4.306641065273619,-0.1796115614462719,10.911299065963068,0.1345483294765668,1.9778247664907669,1.0860130415106322,6.282963295468806,-1.3474257100123972,0.0,0.0,0.0,1.0,0,0,True,1,80,24,False,False,False,0
128,580,BACKDOOR_PERIODIC,AMBER,False,0.0,1.9630015745847706,0.0,0.0,10.973474177289322,False,0.03474135091617603,0.008623518720376044,1.976704138216154,0.01828573625178304,3.8362550979718115,2.7505690546565127,10.852006298339083,0.1534043242834915,1.9630015745847706,2.2996778846994146,5.9492258996081775,-0.9929434779787149,0.0,0.0,0.0,1.0,0,0,True,1,81,24,False,False,False,0
128,581,BACKDOOR_PERIODIC,AMBER,False,0.0,1.9120343717624237,0.0,0.0,11.151453685525928,False,0.034412666513976765,0.008682263684065696,1.2704960811516217,0.023785204176200617,3.4025914729663786,1.7994511437979848,10.648137487049695,0.16958431040824629,1.9120343717624237,2.2256882996898932,5.443692841220924,-0.7081008934047419,0.0,0.0,0.0,1.0,0,0,True,1,82,24,False,False,False,0
128,582,BACKDOOR_PERIODIC,AMBER,False,0.0,1.819298856032181,0.0,0.0,11.2497806539468,False,0.03404753667066173,0.008682263684065696,1.4018227526889007,0.022241671736808917,2.9979487512310716,1.8831941808072017,10.277195424128724,0.1852730732903326,1.819298856032181,1.8377688370310261,4.988501343982345,-0.4051020862311444,0.0,0.0,0.0,1.0,0,0,True,1,83,24,False,False,False,0
128,583,BACKDOOR_PERIODIC,AMBER,False,0.0,1.7044632766772496,0.0,0.0,11.261679594095845,False,0.03371813218006538,0.008682263684065696,1.2646643877790231,0.02306738698411674,2.4629896577863644,2.7775921609934784,9.817853106708998,0.19956378448113832,1.7044632766772496,2.465341730190883,4.3602153105419665,-0.21372613563553636,0.0,0.0,0.0,1.0,0,0,True,1,84,24,False,False,False,0
128,584,BACKDOOR_PERIODIC,AMBER,False,0.0,1.5721433765606796,0.0,0.0,11.184131266852235,False,0.03344094132952155,0.008644122082534816,1.0642034559587141,0.024478437161937826,1.7016166042486576,4.321661073945109,9.288573506242718,0.20673079595237198,1.5721433765606796,4.250943643953219,3.421845035235665,-0.03848324116875993,0.0,0.0,0.0,1.0,0,0,True,1,85,24,False,False,False,0
128,585,BACKDOOR_PERIODIC,AMBER,False,0.0,1.437493696250196,0.0,0.0,11.024526435565893,False,0.03327022607014188,0.008644122082534816,0.6583096110461514,0.027750432683532607,1.9441996534653407,2.312513104337059,8.749974785000784,0.21273801088651279,1.437493696250196,4.009527044740275,2.9223889163908856,0.26178258256177067,0.0,0.0,0.0,1.0,0,0,True,1,86,24,False,False,False,0
128,586,BACKDOOR_PERIODIC,AMBER,False,0.0,1.2916894840898108,0.0,0.0,10.783630677897207,False,0.03310813946543291,0.008644122082534816,0.6250359229133038,0.02786733924650946,1.5791997009502463,3.0489437189443307,8.166757936359243,0.21980226137734582,1.2916894840898108,4.004068247412973,2.427010339467171,1.3801791797219178,0.0,0.0,0.0,1.0,0,0,True,1,87,24,False,False,False,0
128,587,BACKDOOR_PERIODIC,AMBER,False,0.0,1.1645352796524513,0.0,0.0,10.482012641635672,False,0.0332444513738765,0.009098138167485356,0.5256439275231282,0.03765186974688591,1.7782954178267933,2.205267949171044,7.658141118609805,0.22262188437987518,1.1645352796524513,3.8495169730477503,2.098540300948794,2.363378372835,0.0,0.0,0.0,1.0,0,0,True,1,88,24,False,False,False,0
128,588,BACKDOOR_PERIODIC,AMBER,False,0.0,1.0549067579598566,0.052590820842984054,0.0,10.178612797751386,False,0.033221908770457984,0.00910287871521974,0.0825905366700033,0.032493031259926045,1.7686945005799704,5.756824694815812,7.219627031839426,0.22154532346924494,1.0549067579598566,5.6206609029081225,1.7628654157602186,3.210363283371936,0.0,0.0,0.052590820842984054,1.0,0,0,True,1,89,24,False,False,False,0
128,589,BACKDOOR_PERIODIC,AMBER,False,0.0,0.9802411304355934,0.10637399188101337,0.0,9.897863187619622,False,0.03332297383028231,0.00910287871521974,0.3700846109093859,0.03659074409793541,2.0570527501990767,1.340287037368585,6.920964521742373,0.2209262668235913,0.9802411304355934,4.935654730735287,1.6367856484738348,3.4254959675240535,0.0,0.0,0.10637399188101337,1.0,0,0,True,1,90,24,False,False,False,0
128,590,BACKDOOR_PERIODIC,AMBER,False,0.0,0.9384339820962906,0.009701374347868885,0.0,9.541608511030267,False,0.033607564474699654,0.009281079481614893,1.0421269041024024,0.04280932864419391,2.1227551827882114,1.1970104203118472,6.753735928385162,0.2202091454375963,0.9384339820962906,4.543308295060885,1.5800425649104313,3.0388054973914755,0.0,0.0,0.009701374347868885,1.0,0,0,True,1,91,24,False,False,False,0
128,591,BACKDOOR_PERIODIC,AMBER,False,0.0,0.9288996705901591,0.0,0.0,9.207023740210877,False,0.03395319722073272,0.009638392768639549,1.2413525341807428,0.045128656009135196,2.3852696547164043,2.7538992304138934,6.715598682360636,0.21979496002993493,0.9288996705901591,4.6528262452362865,1.6777699904543275,2.083305445250884,0.0,0.0,0.0,1.0,0,0,True,1,92,24,False,False,False,0
128,592,BACKDOOR_PERIODIC,AMBER,False,0.0,0.968921567554154,0.0,0.0,8.93259205174841,False,0.03412152689671793,0.009919992197832704,0.5821498806070001,0.03956418642023961,2.934049135804339,2.8619486562196346,6.875686270216616,0.2209941217341197,0.968921567554154,4.868613177221141,1.9789714160075011,0.8427991652229321,0.0,0.0,0.0,1.0,0,0,True,1,93,24,False,False,False,0
128,593,BACKDOOR_PERIODIC,AMBER,False,0.0,1.0566404951472632,0.0,0.0,8.744112056836792,False,0.03430938461475584,0.010236497902302872,0.6312428285947034,0.04038345083131523,3.597767384501251,2.9728810007162143,7.226561980589053,0.22523838809220498,1.0566404951472632,5.260724869715125,2.570602998512944,0.6882908705111426,0.0,0.0,0.0,1.0,0,0,True,1,94,24,False,False,False,0
128,594,BACKDOOR_PERIODIC,AMBER,False,0.0,1.17591527867268,0.0,0.0,8.65403634202779,False,0.03454406641301677,0.010525219741782065,0.7641995029313746,0.042132111223453755,4.127886913943946,1.316989743163629,7.70366111469072,0.23210163873611755,1.17591527867268,4.410772367471287,3.3256064986808584,0.7650634916618099,0.0,0.0,0.0,1.0,0,0,True,1,95,24,False,False,False,0
128,595,BACKDOOR_PERIODIC,AMBER,False,0.0,1.322887706092466,0.0,0.0,8.670998807788687,False,0.03480186088309666,0.010811586428531392,0.8164341660773694,0.04313721541567968,4.340460484728993,-0.3024699840116924,8.291550824369864,0.2427425761493085,1.322887706092466,3.341902653686364,4.061677514491105,0.48841288535920574,0.0,0.0,0.0,1.0,0,0,True,1,96,24,False,False,False,0
128,596,BACKDOOR_PERIODIC,AMBER,False,0.0,1.4828948777081843,0.0,0.0,8.792989810441178,False,0.03495293284551009,0.011250045038102,0.4657718008116406,0.03983759296354442,4.659760991396212,0.8444374792691932,8.931579510832737,0.2590305301119875,1.4828948777081843,3.0873999989684213,4.74934281321644,0.09439657716240087,0.0,0.0,0.0,1.0,0,0,True,1,97,24,False,False,False,0
128,597,BACKDOOR_PERIODIC,AMBER,False,0.0,1.6461661783631873,0.0,0.0,9.011683670365306,False,0.0350611128366612,0.011028703847196595,0.3205320239007166,0.03855893255054714,4.685283121875359,1.3134656868499488,9.58466471345275,0.2766898104833585,1.6461661783631873,2.7251706286695,5.343238065082091,-0.31567375374394285,0.0,0.0,0.0,1.0,0,0,True,1,98,24,False,False,False,0
128,598,BACKDOOR_PERIODIC,AMBER,False,0.0,1.805707638784205,0.0,0.0,9.314922298397839,False,0.035099594283463764,0.011028703847196595,0.11630694877575855,0.0363438277300801,4.941556809519274,0.7352996305434661,10.22283055513682,0.2999364250218004,1.805707638784205,2.0543720287426006,5.962878581671796,-0.879711881091973,0.0,0.0,0.0,1.0,0,0,True,1,99,24,False,False,False,0
128,599,BACKDOOR_PERIODIC,AMBER,False,0.0,1.9412127989566255,0.0,0.0,9.678219005462125,False,0.035305974030895075,0.011231380117748454,0.6237654949929498,0.041978919197841,4.67199827885088,0.8445436424645342,10.764851195826502,0.32618234627669784,1.9412127989566255,1.8141990980855052,6.223700469000754,-1.295420385790557,0.0,0.0,0.0,1.0,0,0,True,1,100,24,False,False,False,0
128,600,BACKDOOR_PERIODIC,AMBER,False,0.0,2.0395917654030495,0.0,0.0,10.070804812439746,False,0.035048899931793484,0.011231380117748454,0.7629638162792038,0.02673683739417534,4.738051669406203,-1.8554780937215327,11.158367061612198,0.35620080363427353,2.0395917654030495,0.27234625822010977,6.5207100292919895,-1.6245972766700736,0.0,0.0,0.0,1.0,0,0,True,1,101,24,False,False,False,0
128,601,BACKDOOR_PERIODIC,AMBER,False,0.0,2.100936047820967,0.0,0.0,10.465048675092357,False,0.03491746943677673,0.011231380117748454,0.3900692928766006,0.030667883431235034,4.362411741183856,0.013699308180075712,11.403744191283868,0.38602165786363474,2.100936047820967,0.709341152544865,6.489113554965503,-1.8063298651552235,0.0,0.0,0.0,1.0,0,0,True,1,102,24,False,False,False,0
128,602,BACKDOOR_PERIODIC,AMBER,False,0.0,2.1358200259981976,0.0,0.0,10.84313576492392,False,0.03488367927513621,0.0110692364912608,0.1002849791870899,0.033791130715426033,4.316610030397125,1.147248332233189,11.54328010399279,0.4147771999848794,2.1358200259981976,1.024825985650883,6.446399251837413,-1.9506312933270957,0.0,0.0,0.0,1.0,0,0,True,1,103,24,False,False,False,0
128,603,BACKDOOR_PERIODIC,AMBER,False,0.0,2.116818744122444,0.0,0.0,11.170740290761199,False,0.034868319203639954,0.01111651232123221,0.0462545346838312,0.03437167689192766,3.777639290202691,2.3755584106702985,11.467274976489776,0.44447010078555693,2.116818744122444,1.681513635767115,6.193922486269194,-1.5445427082125682,0.0,0.0,0.0,1.0,0,0,True,1,104,24,False,False,False,0
128,604,BACKDOOR_PERIODIC,AMBER,False,0.0,2.055990225776292,0.0,0.0,11.425011742277865,False,0.03506203429474484,0.011354043640684437,0.5808629106777742,0.041325488907136235,3.2286062703880924,4.014559123761551,11.223960903105167,0.4737651378261887,2.055990225776292,2.5500282083532064,5.6727491683516265,-0.8331951145739411,0.0,0.0,0.0,1.0,0,0,True,1,105,24,False,False,False,0
128,605,BACKDOOR_PERIODIC,AMBER,False,0.0,1.945310159809646,0.0,0.0,11.580032444643113,False,0.034730558297943005,0.011354043640684437,0.9731510854689999,0.024012834401350384,2.78509713355554,1.1895753190016785,10.781240639238584,0.5002754174710404,1.945310159809646,1.5756343478244597,5.096909438676941,-0.5250242851357152,0.0,0.0,0.0,1.0,0,0,True,1,106,24,False,False,False,0
128,606,BACKDOOR_PERIODIC,AMBER,False,0.0,1.8092315414077365,0.0,0.0,11.628786638297761,False,0.034467894741486885,0.011354043640684437,0.7711307230225523,0.025975106416072404,2.1524900062155394,1.541719951688109,10.236926165630946,0.5245740600370732,1.8092315414077365,1.9694690671109367,4.403463532808261,-0.055950404684841276,0.0,0.0,0.0,1.0,0,0,True,1,107,24,False,False,False,0
128,607,BACKDOOR_PERIODIC,AMBER,False,0.0,1.6339892668208975,0.0,0.0,11.555778815437524,False,0.03426540148956216,0.011354043640684437,0.5944820433815432,0.027718119677329584,1.1643890332618227,2.9818323247659673,9.53595706728359,0.5422756743486807,1.6339892668208975,3.081071335706382,3.4041214185010196,0.20410884301850052,0.0,0.0,0.0,1.0,0,0,True,1,108,24,False,False,False,0
128,608,BACKDOOR_PERIODIC,AMBER,False,0.0,1.4559945883457033,0.0,0.0,11.371349324320356,False,0.03421671306676465,0.01124460976779462,0.1429400377472721,0.032642454062978554,0.698387603739988,2.834292327964308,8.823978353382813,0.5564724181800575,1.4559945883457033,3.883244404890009,2.4329274943849546,0.4811809585469581,0.0,0.0,0.0,1.0,0,0,True,1,109,24,False,False,False,0
128,609,BACKDOOR_PERIODIC,AMBER,False,0.0,1.274803232067137,0.0,0.0,11.0845081476771,False,0.03409666454748082,0.01124460976779462,0.35586982492906877,0.030215095757303884,0.2512615938673128,3.0100123980209044,8.099212928268548,0.5669748087738005,1.274803232067137,4.318012880995026,1.5906382515555153,0.6390168011629239,0.0,0.0,0.0,1.0,0,0,True,1,110,24,False,False,False,0
128,610,BACKDOOR_PERIODIC,AMBER,False,0.0,1.099416347316704,0.0,0.0,10.709368036569632,False,0.03397935454620904,0.010877359131403995,0.34775180788626925,0.030186331171754642,-0.0569096120699707,2.2740966772287075,7.397665389266816,0.5734684009379487,1.099416347316704,4.579487149589058,0.8874700346002912,0.5550743846278146,0.0,0.0,0.0,1.0,0,0,True,1,111,24,False,False,False,0
128,611,BACKDOOR_PERIODIC,AMBER,False,0.0,0.9386493907715663,0.0,0.0,10.264510376557304,False,0.03397382637616563,0.010877359131403995,0.016940907489965303,0.033795082211428795,-0.13243845712907365,3.1418091348418127,6.754597563086265,0.5778765449078973,0.9386493907715663,5.279141258859113,0.30399917910846647,0.062228858784152075,0.0,0.0,0.0,1.0,0,0,True,1,112,24,False,False,False,0
128,612,BACKDOOR_PERIODIC,AMBER,False,0.0,0.8298351975097835,0.0,0.0,9.791559415640599,False,0.033908427158882364,0.010877359131403995,0.2004138948716291,0.03179385246672348,0.23313877622448004,3.621576061809833,6.319340790039134,0.579559848013341,0.8298351975097835,5.317512630365815,-0.0250800375791912,0.4603173276342445,0.0,0.0,0.0,1.0,0,0,True,1,113,24,False,False,False,0
128,613,BACKDOOR_PERIODIC,AMBER,False,0.0,0.7679308321279572,0.0,0.0,9.324613339105888,False,0.03382895030820932,0.010839263128548176,0.24355437048313036,0.031259198803114334,0.7209956062371902,3.3865071249193988,6.071723328511829,0.579272570558494,0.7679308321279572,5.964050414282035,-0.18395783823120618,1.3088120565356995,0.0,0.0,0.0,1.0,0,0,True,1,114,24,False,False,False,0
128,614,BACKDOOR_PERIODIC,AMBER,False,0.0,0.7463635866032619,0.0,0.0,8.889976517459676,False,0.03374632492452726,0.010839263128548176,0.2540928680672783,0.031074770852140617,1.439147591873094,2.212393888797521,5.985454346413047,0.5790538954623832,0.7463635866032619,5.29556138608594,-0.004062389826785553,0.8294462349673191,0.0,0.0,0.0,1.0,0,0,True,1,115,24,False,False,False,0
128,615,BACKDOOR_PERIODIC,AMBER,False,0.0,0.7807132018917755,0.0,0.0,8.521714571375522,False,0.03368340050691318,0.010804527326114699,0.19350767319337076,0.03164884433739121,2.0356816528595187,1.7768463679071207,6.122852807567102,0.5796353507253256,0.7807132018917755,5.011219946024816,0.43849335195915895,-0.23789823210803104,0.0,0.0,0.0,1.0,0,0,True,1,116,24,False,False,False,0
128,616,BACKDOOR_PERIODIC,AMBER,False,0.0,0.8888862321082938,0.0,0.0,8.262430231054202,False,0.033644004088761816,0.010804527326114699,0.12154293276715689,0.03237018656853431,2.8510836471942236,3.3912122500181616,6.555544928433175,0.581601564010624,0.8888862321082938,5.045712287831737,1.0721499731716406,-0.7953233453019595,0.0,0.0,0.0,1.0,0,0,True,1,117,24,False,False,False,0
128,617,BACKDOOR_PERIODIC,AMBER,False,0.0,1.0257613709307805,0.0,0.0,8.120370042359612,False,0.0335841687055606,0.010804527326114699,0.18459972502019203,0.03164949131538789,3.440424222084249,3.493970980590889,7.103045483723122,0.5882755593534612,1.0257613709307805,5.0374485016847945,1.8574009502414994,-0.5373915080408285,0.0,0.0,0.0,1.0,0,0,True,1,118,24,False,False,False,0
128,618,BACKDOOR_PERIODIC,AMBER,False,0.0,1.2130855832594205,0.0,0.0,8.117461122157685,False,0.03312246952731979,0.010839263128548176,1.4244003595445887,0.01819419609753349,4.289364473712252,2.2892136136491645,7.852342333037682,0.598287406034371,1.2130855832594205,4.428821866968922,2.8975497825036647,-0.6034279600180954,0.0,0.0,0.0,1.0,0,0,True,1,119,24,False,False,False,0
128,619,BACKDOOR_PERIODIC,AMBER,False,0.0,1.4084133483420835,0.0,0.0,8.245126713286087,False,0.03268135542881528,0.010877359131403995,1.356531630342765,0.01841866624383611,4.569826218967009,-0.050543906185273824,8.633653393368334,0.6111072528340384,1.4084133483420835,3.502278563026067,3.8588932722876597,-0.694977300634793,0.0,0.0,0.0,1.0,0,0,True,1,120,24,False,False,False,0
128,620,BACKDOOR_PERIODIC,AMBER,False,0.0,1.6223683878591633,0.0,0.0,8.502733756659541,False,0.032153852826423544,0.01124460976779462,1.6165155408870802,0.015097935349090728,4.847297044383528,0.5792825539406262,9.489473551436653,0.6301402155199443,1.6223683878591633,3.06405413855489,4.767758685540921,-1.0733412161483846,0.0,0.0,0.0,1.0,0,0,True,1,121,24,False,False,False,0
128,621,BACKDOOR_PERIODIC,AMBER,False,0.0,1.847421392760566,0.0,0.0,8.884690449964884,False,0.03187697424983576,0.011649250016864125,0.8207742266603961,0.02292456694016398,5.466636870799655,0.9648845824931729,10.389685571042264,0.653552314492394,1.847421392760566,2.6105259465845663,5.824738562025918,-1.4824750949318974,0.0,0.0,0.0,1.0,0,0,True,1,122,24,False,False,False,0
128,622,BACKDOOR_PERIODIC,AMBER,False,0.0,2.0534323694524192,0.0,0.0,9.365860795393159,False,0.03145255972109498,0.011994012987850257,1.2144259018860182,0.017729823291809832,5.385842410198437,2.130506705737006,11.213729477809677,0.6833191264768566,2.0534323694524192,2.4103061573072133,6.529047884753623,-1.7068017902031611,0.0,0.0,0.0,1.0,0,0,True,1,123,24,False,False,False,0
128,623,BACKDOOR_PERIODIC,AMBER,False,0.0,2.220592872719474,0.0,0.0,9.910410161957731,False,0.031162234678257558,0.011994012987850257,0.8068610095484438,0.021775058293180976,5.197613553895882,-0.029119229449056476,11.882371490877896,0.7145294626985745,2.220592872719474,1.1877919627206808,6.926299247348857,-2.004743423034069,0.0,0.0,0.0,1.0,0,0,True,1,124,24,False,False,False,0
128,624,BACKDOOR_PERIODIC,AMBER,False,0.0,2.37315952811688,0.0,0.0,10.502266551015918,False,0.030913146842220015,0.012334357380733064,0.6922560344339149,0.02285930681033947,5.674705731532734,0.924288044181647,12.49263811246752,0.7503773940043341,2.37315952811688,1.1720068807517188,7.566967300284152,-2.33657355075483,0.0,0.0,0.0,1.0,0,0,True,1,125,24,False,False,False,0
128,625,BACKDOOR_PERIODIC,AMBER,False,0.0,2.4729307788580535,0.0,0.0,11.101484725412648,False,0.03073033386537258,0.012334357380733064,0.4940481053705552,0.02481938094730552,5.639219183761149,-0.34814244983062986,12.891723115432214,0.7892666507215755,2.4729307788580535,0.4864164440586555,8.017894116929082,-2.40302190996886,0.0,0.0,0.0,1.0,0,0,True,1,126,24,False,False,False,0
128,626,BACKDOOR_PERIODIC,AMBER,False,0.0,2.508332447823195,0.0,0.0,11.664393995569453,False,0.030866015949849814,0.012720365705121948,0.3666778908405774,0.03525307001461369,5.262982031474818,2.5419180965279002,13.03332979129278,0.8258948199326566,2.508332447823195,0.6833132977325759,8.090332763355198,-2.2345221623417975,0.0,0.0,0.0,1.0,0,0,True,1,127,24,False,False,False,0
128,627,BACKDOOR_PERIODIC,AMBER,False,0.0,2.4752459050142326,0.0,0.0,12.148943614657002,False,0.030625569272494116,0.012833926953708686,0.6300832406070398,0.022851126704659924,4.644117291515121,0.7753688487745329,12.90098362005693,0.8596759977968369,2.4752459050142326,-0.3168368770004293,7.733906915467534,-1.9479483249939353,0.0,0.0,0.0,1.0,0,0,True,1,128,24,False,False,False,0
128,628,BACKDOOR_PERIODIC,AMBER,False,0.0,2.3847952260362093,0.0,0.0,12.524707668957454,False,0.030521575710584725,0.012334357380733064,0.27010065400478256,0.027159117208847793,4.227390162033472,1.6328526654650166,12.539180904144837,0.8890981581269728,2.3847952260362093,1.1129247127754227,7.219484618012857,-1.6975608004896143,0.0,0.0,0.0,1.0,0,0,True,1,129,24,False,False,False,0
128,629,BACKDOOR_PERIODIC,AMBER,False,0.0,2.2489343687725696,0.0,0.0,12.772276126033011,False,0.030611280640366355,0.012235977830622507,0.24242562735576048,0.03351174003663909,3.763534323297047,1.9732599241513422,11.995737475090278,0.9158654053105373,2.2489343687725696,0.9873036305929391,6.579785873016168,-1.4690131779598237,0.0,0.0,0.0,1.0,0,0,True,1,130,24,False,False,False,0
128,630,BACKDOOR_PERIODIC,AMBER,False,0.0,2.065663536788454,0.0,0.0,12.872846092467608,False,0.030793248360017275,0.011942285254085904,0.4957176891780989,0.03667687129539699,3.3903722680791923,2.494090268915658,11.262654147153816,0.9402218120137993,2.065663536788454,2.1432119134713723,5.962625050560921,-1.1708462012322869,0.0,0.0,0.0,1.0,0,0,True,1,131,24,False,False,False,0
128,631,BACKDOOR_PERIODIC,AMBER,False,0.0,1.8542953730534824,0.0,0.0,12.82237649704752,False,0.03099910339677932,0.01129568016224415,0.574583039405059,0.03765508291875217,2.5084182557518333,2.1806084750839987,10.41718149221393,0.9584198969986615,1.8542953730534824,2.515481496009624,4.988664757392973,-0.927611756738478,0.0,0.0,0.0,1.0,0,0,True,1,132,24,False,False,False,0
128,632,BACKDOOR_PERIODIC,AMBER,False,0.0,1.612319604885625,0.0,0.0,12.61555602380148,False,0.031047853893078934,0.010852943910318826,0.14386177016166754,0.0326241199400998,2.0668101899593716,3.275322437794535,9.4492784195425,0.9735050170500803,1.612319604885625,3.411762450632335,4.00666607773772,-0.8223218944986805,0.0,0.0,0.0,1.0,0,0,True,1,133,24,False,False,False,0
128,633,BACKDOOR_PERIODIC,AMBER,False,0.0,1.3754514247776606,0.0,0.0,12.271426521748031,False,0.03122395780230269,0.010509320949935013,0.540879079074323,0.03691798420053746,1.8426184331455429,0.4533455140328648,8.501805699110642,0.9860337502743655,1.3754514247776606,3.085015511972753,3.2303054376738105,-0.7486974624528497,0.0,0.0,0.0,1.0,0,0,True,1,134,24,False,False,False,0
128,634,BACKDOOR_PERIODIC,AMBER,False,0.0,1.1259493360365174,0.0,0.0,11.795292076709584,False,0.0314389055274727,0.010437978891592016,0.6817685182959433,0.0383888819746364,1.15271192858105,3.5340477619064123,7.5037973441460695,0.9931135151985697,1.1259493360365174,4.283430289110785,2.2635138486591986,-1.1408576375879047,0.0,0.0,0.0,1.0,0,0,True,1,135,24,False,False,False,0
128,635,BACKDOOR_PERIODIC,AMBER,False,0.0,0.9993546172332839,0.0,0.0,11.282332398733226,False,0.03173445023922381,0.010437978891592016,0.9438120630459629,0.041290395919176374,1.0218046228319124,2.357496179369205,6.636929856320117,0.9993546172332839,0.9993546172332839,4.141531879014585,1.5306296376013313,-1.7311954025917087,0.0,0.0,0.0,1.0,0,0,True,1,136,24,False,False,False,0
128,636,BACKDOOR_PERIODIC,AMBER,False,0.0,1.0015125153044344,0.0,0.0,10.82210800656796,False,0.03214098343616343,0.010437978891592016,1.2982500448980154,0.045285556803877684,0.6398229754413631,5.358842901744469,5.935769245213902,1.0015125153044344,1.0015125153044344,5.959690746621815,0.6966050408976294,-1.1488245455214732,0.0,0.0,0.0,1.0,0,0,True,1,137,24,False,False,False,0
128,637,BACKDOOR_PERIODIC,AMBER,False,0.0,1.0020915681052502,0.0,0.0,10.408292281837367,False,0.03254965687967724,0.010437978891592016,1.3050848501044596,0.04576343155329031,1.226301522858859,2.2358883547186443,5.415696363760393,1.0020915681052502,1.0020915681052502,5.635244581462872,0.38065677668324904,-0.7284810622051542,0.0,0.0,0.0,1.0,0,0,True,1,138,24,False,False,False,0
128,638,BACKDOOR_PERIODIC,AMBER,False,0.0,1.002039530457469,0.0,0.0,10.03582342046876,False,0.033138146580877145,0.010437978891592016,1.8793220006539446,0.05216598025300759,1.36726443976236,1.0553207684201362,5.0818632366892444,1.002039530457469,1.002039530457469,4.57980897734159,0.24710541267561484,-0.6119319416209599,0.0,0.0,0.0,1.0,0,0,True,1,139,24,False,False,False,0
128,639,BACKDOOR_PERIODIC,AMBER,False,0.0,1.0020971160492385,0.0,0.0,9.700639854826727,False,0.03347260491282383,0.010437978891592016,1.068081395898413,0.044286757645766915,1.9178738405906048,2.6048370965199865,5.037150444911535,1.0020971160492385,1.0020971160492385,4.984886559927337,0.39989603463950496,-1.3377305532222048,0.0,0.0,0.0,1.0,0,0,True,1,140,24,False,False,False,0
128,640,BACKDOOR_PERIODIC,AMBER,False,0.0,1.0044372232516423,0.0,0.0,9.4005354972529,False,0.034028592173930484,0.010437978891592016,1.7755265550961778,0.052005513616378826,2.6041675506056885,3.2527350784810336,5.2538092920400095,1.0044372232516423,1.0044372232516423,5.4632883082246035,0.7830001644030029,-2.791140765886168,0.0,0.0,0.0,1.0,0,0,True,1,141,24,False,False,False,0
128,641,BACKDOOR_PERIODIC,AMBER,False,0.0,1.0073209657633977,0.0,0.0,9.132365031691796,False,0.03434218347119792,0.010437978891592016,1.0014432248630163,0.044481635416178486,2.8633072624916713,0.6550483034368659,5.663761884619005,1.0073209657633977,1.0073209657633977,4.077354165171814,1.2765477219297245,-2.708585956917875,0.0,0.0,0.0,1.0,0,0,True,1,142,24,False,False,False,0
128,642,BACKDOOR_PERIODIC,AMBER,False,0.0,1.0138838232562903,0.0,0.0,8.895389038634562,False,0.034625510976319857,0.010437978891592016,0.9047968259773647,0.04378643364192911,3.2629526547526386,1.6014824776729961,6.216976824352864,1.0138838232562903,1.0138838232562903,3.270304383595695,1.8424114572435117,-2.6457114545093896,0.0,0.0,0.0,1.0,0,0,True,1,143,24,False,False,False,0
128,643,BACKDOOR_PERIODIC,AMBER,False,0.0,1.0251282350535855,0.0,0.0,8.689610667551849,False,0.03474627851704018,0.010276261277641007,0.3856670656730653,0.038651095666997544,3.8783555620332026,3.154616210008199,7.001779981607768,1.0251282350535855,1.0251282350535855,4.279656354233257,2.5826393631346583,-2.5940811723125097,0.0,0.0,0.0,1.0,0,0,True,1,144,24,False,False,False,0
128,644,BACKDOOR_PERIODIC,AMBER,False,0.0,1.2229654540899926,0.0,0.0,8.636367558674689,False,0.034734548098091636,0.010073585007089148,0.038050216356625643,0.034355264552088725,4.2130919650510466,-0.009293007241403398,7.89186181635997,1.0370570274932838,1.2229654540899926,3.6293447456663928,3.3653954401152526,-2.5341909601099095,0.0,0.0,0.0,1.0,0,0,True,1,145,24,False,False,False,0
128,645,BACKDOOR_PERIODIC,AMBER,False,0.0,1.4603523110021106,0.0,0.0,8.746785794245628,False,0.03470141919715562,0.00975221729966717,0.10962300879874502,0.033630251400224596,4.451830594075962,2.204470607411195,8.841409244008442,1.0559518707637334,1.4603523110021106,3.633513615906513,4.103105252988213,-2.269746051765963,0.0,0.0,0.0,1.0,0,0,True,1,146,24,False,False,False,0
128,646,BACKDOOR_PERIODIC,AMBER,False,0.0,1.6745229601683418,0.0,0.0,8.98901402925335,False,0.03462270210596978,0.009386793803550024,0.269057072755918,0.03207751615762755,4.316242511655532,1.0051231461656362,9.698091840673367,1.076220102545443,1.6745229601683418,2.507245995908816,4.597886462629519,-1.9548217950756548,0.0,0.0,0.0,1.0,0,0,True,1,147,24,False,False,False,0
128,647,BACKDOOR_PERIODIC,AMBER,False,0.0,1.87532550659119,0.0,0.0,9.340954739224339,False,0.03434506524117201,0.009398517720941777,0.9859130128570338,0.02536813994604404,4.518776707799697,0.5832409397624677,10.50130202636476,1.100038925710329,1.87532550659119,1.9787105090263617,5.07830459023135,-1.9116953455277568,0.0,0.0,0.0,1.0,0,0,True,1,148,24,False,False,False,0
128,648,BACKDOOR_PERIODIC,AMBER,False,0.0,2.0403255912382954,0.0,0.0,9.767756434657848,False,0.033938835233874046,0.009415738823692102,1.4407591330166116,0.02080406499790667,4.385593985157266,-0.12125813030596422,11.161302364953182,1.12271806787966,2.0403255912382954,1.2225881039927446,5.416756732000689,-1.7121949277530173,0.0,0.0,0.0,1.0,0,0,True,1,149,24,False,False,False,0
128,649,BACKDOOR_PERIODIC,AMBER,False,0.0,2.1747992388456865,0.0,0.0,10.241571883502136,False,0.03351260213553763,0.009415738823692102,1.508938407339559,0.019731065289326832,4.42883980616672,-0.1966759208503187,11.699196955382746,1.1469380946772787,2.1747992388456865,1.198315179418731,5.686238047736557,-1.6968044205815926,0.0,0.0,0.0,1.0,0,0,True,1,150,24,False,False,False,0
128,650,BACKDOOR_PERIODIC,AMBER,False,0.0,2.2578407767683646,0.0,0.0,10.723394493256421,False,0.033095991744199645,0.009415738823692102,1.4748723711045255,0.019625589090937926,4.325984048873265,1.1062760685045043,12.031363107073458,1.1696042845643582,2.2578407767683646,1.292376453038404,5.847953893969854,-1.631203795683608,0.0,0.0,0.0,1.0,0,0,True,1,151,24,False,False,False,0
128,651,BACKDOOR_PERIODIC,AMBER,False,0.0,2.3044741750256805,0.0,0.0,11.188139318672908,False,0.032662128052490226,0.009548060396968067,1.5359520190376106,0.018633868687218943,4.220526168065781,1.2357651066427044,12.217896700102722,1.1938714721847887,2.3044741750256805,1.8021102823662076,5.92885393223809,-1.5228355965741616,0.0,0.0,0.0,1.0,0,0,True,1,152,24,False,False,False,0
128,652,BACKDOOR_PERIODIC,AMBER,False,0.0,2.2956669974184982,0.0,0.0,11.600535274083756,False,0.03227731462638697,0.009500428508785437,1.3434261693102398,0.019835013849048608,3.7645300806384845,1.2268418802519916,12.182667989673993,1.2185157183835773,2.2956669974184982,1.380704979478018,5.709959975007336,-1.478781390088799,0.0,0.0,0.0,1.0,0,0,True,1,153,24,False,False,False,0
128,653,BACKDOOR_PERIODIC,AMBER,False,0.0,2.2175000487675276,0.0,0.0,11.91955427920332,False,0.031781477498432895,0.009652276065795516,1.7397009250532054,0.0157494103612511,3.249273701794459,1.42452164941678,11.87000019507011,1.2362554287842873,2.2175000487675276,1.8067639540592435,5.269674933868538,-1.4522104698434624,0.0,0.0,0.0,1.0,0,0,True,1,154,24,False,False,False,0
128,654,BACKDOOR_PERIODIC,AMBER,False,0.0,2.1139639183135746,0.0,0.0,12.137612784798142,False,0.03135617246908208,0.009584576664666871,1.4687555779648438,0.017604643186739172,2.9681013351489143,2.1410869836297746,11.455855673254298,1.2505861052662144,2.1139639183135746,2.956685816770041,4.756110767418895,-1.517071926090938,0.0,0.0,0.0,1.0,0,0,True,1,155,24,False,False,False,0
128,655,BACKDOOR_PERIODIC,AMBER,False,0.0,1.999326968408016,0.0,0.0,12.257402594246475,False,0.030841334998103032,0.009477082138392861,1.790506731079634,0.014194923436447257,2.8558742122376306,1.9691604518459278,10.997307873632064,1.2607973126662664,1.999326968408016,3.1215258672151855,4.339411278740607,-1.5351648786920185,0.0,0.0,0.0,1.0,0,0,True,1,156,24,False,False,False,0
128,656,BACKDOOR_PERIODIC,AMBER,False,0.0,1.8278540392692086,0.0,0.0,12.25084097901439,False,0.030490561162629336,0.00981710626878813,1.233761722407033,0.01914887381564653,2.424869095886238,1.4592271162935146,10.311416157076835,1.2693741848960256,1.8278540392692086,3.272274696137554,3.7589708363783902,-1.1643269953896374,0.0,0.0,0.0,1.0,0,0,True,1,157,24,False,False,False,0
128,657,BACKDOOR_PERIODIC,AMBER,False,0.0,1.6405004416376499,0.0,0.0,12.119970675685263,False,0.030079215707885503,0.01005907111156038,1.396696214007709,0.01677904600450161,2.287225520825721,1.79818614422597,9.5620017665506,1.2751867225735107,1.6405004416376499,3.6326310567068427,3.24790882514017,0.2613223105800175,0.0,0.0,0.0,1.0,0,0,True,1,158,24,False,False,False,0
128,658,BACKDOOR_PERIODIC,AMBER,False,0.0,1.4655273620050449,0.0,0.0,11.885480358574103,False,0.030024085112359322,0.01005907111156038,0.18268948466099866,0.0282415291903462,2.170418588871178,5.308200205330249,8.86210944802018,1.2759552317352993,1.4655273620050449,5.322021905930704,2.7163214117863905,1.6027754354558692,0.0,0.0,0.0,1.0,0,0,True,1,159,24,False,False,False,0
128,659,BACKDOOR_PERIODIC,AMBER,False,0.0,1.3136497787394816,0.0,0.0,11.573136725135926,False,0.02984103289401914,0.010157450661670935,0.6065908614888945,0.02392234450101986,2.2943984854036694,2.2308730643898342,8.254599114957927,1.2764968681679245,1.3136497787394816,4.623794028584653,2.4480012692797275,2.842557964069385,0.0,0.0,0.0,1.0,0,0,True,1,160,24,False,False,False,0
128,660,BACKDOOR_PERIODIC,AMBER,False,0.0,1.2759014616496356,0.15544180207434544,0.0,11.388560258566853,False,0.029790290307325766,0.010157450661670935,0.1665200858743356,0.02814961333757337,2.3741905465675894,2.225400164861501,7.721360896494877,1.2759014616496356,1.2759014616496356,4.578276130732179,2.325561034299274,3.6217672082973817,0.0,0.0,0.15544180207434544,1.0,0,0,True,1,161,24,False,False,False,0
128,661,BACKDOOR_PERIODIC,AMBER,False,0.0,1.2756693996844393,0.23685548808188328,0.0,11.286033569467804,False,0.029657251525217105,0.010090821732597401,0.43658849232935093,0.025355664237037084,2.7181927691030694,3.2315228228687602,7.340920189271401,1.2756693996844393,1.2756693996844393,4.8507970835260945,2.388352224800144,3.947421952327533,0.0,0.0,0.23685548808188328,1.0,0,0,True,1,162,24,False,False,False,0
128,662,BACKDOOR_PERIODIC,AMBER,False,0.0,1.2768822085767415,0.20558952230676686,0.0,11.17008724160791,False,0.029660799229756403,0.010090821732597401,0.011719245578839906,0.02977550834319371,2.853994248771644,1.6464413100030288,7.076381557485203,1.2768822085767415,1.2768822085767415,4.578802606884444,2.4791746249355255,3.8223580892270674,0.0,0.0,0.20558952230676686,1.0,0,0,True,1,163,24,False,False,False,0
128,663,BACKDOOR_PERIODIC,AMBER,False,0.0,1.2803335012531691,0.09640626706400779,0.0,10.982547069894101,False,0.029580703192585107,0.009767847499526474,0.26458379470574483,0.026990931324046584,3.2195048823671564,1.6666989729961084,7.017160639715272,1.2803335012531691,1.2803335012531691,4.4185615267782445,2.826861885313867,3.385625068256031,0.0,0.0,0.09640626706400779,1.0,0,0,True,1,164,24,False,False,False,0
128,664,BACKDOOR_PERIODIC,AMBER,False,0.0,1.2881397072463279,0.0,0.0,10.743481547637993,False,0.029767523596153013,0.009767847499526474,0.6375352180609726,0.035808049978182044,3.4258120813908826,3.1175675167210115,7.1175861304244155,1.2881397072463279,1.2881397072463279,4.443077557100177,3.233514449889254,2.7031051280328153,0.0,0.0,0.0,1.0,0,0,True,1,165,24,False,False,False,0
128,665,BACKDOOR_PERIODIC,AMBER,False,0.0,1.2983496526342613,0.0,0.0,10.535132611181247,False,0.029691692026839165,0.009765465575222015,0.2587795291901101,0.027239804619024758,3.8227181492964855,1.8287000860221785,7.324908741537112,1.2983496526342613,1.2983496526342613,3.9325982420850862,3.757402279463535,1.8906507003712976,0.0,0.0,0.0,1.0,0,0,True,1,166,24,False,False,False,0
128,666,BACKDOOR_PERIODIC,AMBER,False,0.0,1.3126737070921786,0.0,0.0,10.357172712693604,False,0.029571160746924223,0.009787608154017522,0.4114201519169978,0.02567398269634111,3.9713102796739403,0.899032076394934,7.6781012615072415,1.3126737070921786,1.3126737070921786,3.3857358416869143,4.23462938173793,0.6784410726319506,0.0,0.0,0.0,1.0,0,0,True,1,167,24,False,False,False,0
128,667,BACKDOOR_PERIODIC,AMBER,False,0.0,1.3337812113840946,0.0,0.0,10.211087509417434,False,0.029520383334799824,0.009566587546137382,0.17293095284489088,0.02787858034277755,4.160538680736772,0.8514547406599272,8.118943787591101,1.3337812113840946,1.3337812113840946,2.87008534644061,4.7504270785458536,-0.2507852719375599,0.0,0.0,0.0,1.0,0,0,True,1,168,24,False,False,False,0
128,668,BACKDOOR_PERIODIC,AMBER,False,0.0,1.424407584584796,0.0,0.0,10.14005861739375,False,0.029564760393578783,0.009366957384548258,0.1546251770025652,0.030999618627431853,4.503730774586385,2.762243641914483,8.697630338339184,1.3590965734701768,1.424407584584796,3.721513477148464,5.340972159932665,-1.5362543907125297,0.0,0.0,0.0,1.0,0,0,True,1,169,24,False,False,False,0
128,669,BACKDOOR_PERIODIC,AMBER,False,0.0,1.5573910041491525,0.0,0.0,10.16483255542186,False,0.02956842901385,0.009318909371575729,0.01305518295360054,0.02968704773595264,4.424110896744456,0.9627066952374964,9.22956401659661,1.3853919574793856,1.5573910041491525,2.1925879291608936,5.770844018116307,-2.4109554405743485,0.0,0.0,0.0,1.0,0,0,True,1,170,24,False,False,False,0
128,670,BACKDOOR_PERIODIC,AMBER,False,0.0,1.672902062304554,0.0,0.0,10.264174975436813,False,0.029417036995961314,0.00914096535458734,0.5415226605467405,0.02452202841756036,4.202251995162761,1.1872756698442497,9.691608249218216,1.4160967851620094,1.672902062304554,1.5471086067110642,5.987942340223479,-2.035378690429338,0.0,0.0,0.0,1.0,0,0,True,1,171,24,False,False,False,0
128,671,BACKDOOR_PERIODIC,AMBER,False,0.0,1.777631901704937,0.0,0.0,10.423437956330325,False,0.02923541061891742,0.008915363512104152,0.6623165424307689,0.02336282442783158,4.461088541595504,-0.13641892166006145,10.110527606819748,1.4489140311789863,1.777631901704937,1.7185724140502077,6.386632594583937,-1.7175774160450346,0.0,0.0,0.0,1.0,0,0,True,1,172,24,False,False,False,0
128,672,BACKDOOR_PERIODIC,AMBER,False,0.0,1.8617201966610426,0.0,0.007365438044791728,10.623929520386703,False,0.02935092413392678,0.00874379330710531,0.4318893441736128,0.03308586111922944,4.342478052570098,1.724369264156462,10.44688078664417,1.487994517617776,1.8617201966610426,1.7752693991490973,6.585964396807149,-1.535809989430997,0.0,0.0,0.0,1.0,0,0,True,1,173,24,False,False,False,0
128,673,BACKDOOR_PERIODIC,AMBER,False,0.0,1.9108212295602276,0.0,0.010137393317682375,10.83752425049577,False,0.029548173327243202,0.008726663443723822,0.7519588901083089,0.03592589724447415,3.9843775147697347,2.0654910761773975,10.64328491824091,1.523950668997509,1.9108212295602276,1.5831744775456489,6.45322919350115,-1.169186285125228,0.0,0.0,0.0,1.0,0,0,True,1,174,24,False,False,False,0
128,674,BACKDOOR_PERIODIC,AMBER,False,0.0,1.9231957256367167,0.0,0.06151916277392677,11.045463653048103,False,0.029554344527501292,0.008332386660112089,0.023572202204919762,0.02975388000251294,3.6884897094618134,1.2679645431052033,10.692782902546867,1.5582485147768983,1.9231957256367167,1.5195204160849158,6.26877165041599,-1.0077929527626461,0.0,0.0,0.0,1.0,0,0,True,1,175,24,False,False,False,0
128,675,BACKDOOR_PERIODIC,AMBER,False,0.0,1.8919019249135802,0.0,0.02252878385135504,11.206082545319097,False,0.029568064197888384,0.007987235333688617,0.054884916518062085,0.03001166687373776,3.1608918945366025,2.9231200219127906,10.567607699654321,1.586995566360466,1.8919019249135802,2.3723710526079875,5.803749393137717,-0.877089269930959,0.0,0.0,0.0,1.0,0,0,True,1,176,24,False,False,False,0
128,676,BACKDOOR_PERIODIC,AMBER,False,0.0,1.8210371481677847,0.0,0.008907061345771017,11.301397592510238,False,0.029653733267966685,0.007805090446590331,0.3575249194464339,0.03242369986716512,2.6221298122399923,1.9716391454817899,10.284148592671139,1.612414507620763,1.8210371481677847,2.4947099211450134,5.176067882569304,-0.6711969061773946,0.0,0.0,0.0,1.0,0,0,True,1,177,24,False,False,False,0
128,677,BACKDOOR_PERIODIC,AMBER,False,0.0,1.735273951207839,0.0,0.08459021371222586,11.340951139703115,False,0.029971910022598178,0.007805090446590331,1.358842910742053,0.04025962508901648,2.6392724156695624,2.3894425378848783,9.941095804831356,1.6404493396644213,1.735273951207839,3.4252058857865526,4.766704492847429,-0.9446903521597109,0.0,0.0,0.0,1.0,0,0,True,1,178,24,False,False,False,0
128,678,BACKDOOR_PERIODIC,AMBER,False,0.0,1.6593786271097133,0.0,0.02694104359012084,11.31756802133555,False,0.02999400363585613,0.007650728368607816,0.09435557221336421,0.03070836379786327,2.2390109998998127,2.4601486474912595,9.567181850588947,1.6593786271097133,1.6593786271097133,3.1718555089802885,4.241565982205897,-0.6090782595693284,0.0,0.0,0.0,1.0,0,0,True,1,179,24,False,False,False,0
128,679,BACKDOOR_PERIODIC,AMBER,False,0.0,1.6731459817868632,0.0,0.0,11.301799589053832,False,0.030106277831927618,0.0074303009383077274,0.48916560908617485,0.03373647683823905,1.4235623426924164,4.287108993846704,9.062059270869957,1.6731459817868632,1.6731459817868632,4.580420392884053,3.3166165671815504,-0.47815942491462554,0.0,0.0,0.0,1.0,0,0,True,1,180,24,False,False,False,0
128,680,BACKDOOR_PERIODIC,AMBER,False,0.0,1.6801502029308302,0.0,0.0,11.292279815503312,False,0.030148092466000576,0.0074303009383077274,0.1875860947406981,0.03150009896769291,1.3085643618790417,1.595111561126379,8.557960872298102,1.6801502029308302,1.6801502029308302,3.5884715991425296,2.7281906766545942,-0.43586084269679776,0.0,0.0,0.0,1.0,0,0,True,1,181,24,False,False,False,0
128,681,BACKDOOR_PERIODIC,AMBER,False,0.0,1.6868501509545633,0.0,0.0,11.288180884639674,False,0.03025176473492516,0.0074303009383077274,0.4650877974093464,0.03360383476348672,1.2735694181116144,4.822596569157377,8.073736109828713,1.6868501509545633,1.6868501509545633,5.313256478086231,2.1096681422137658,-0.7282084310791755,0.0,0.0,0.0,1.0,0,0,True,1,182,24,False,False,False,0
128,682,BACKDOOR_PERIODIC,AMBER,False,0.0,1.690149933349081,0.0,0.0,11.286692801719543,False,0.03059642472692045,0.007650728368607816,1.5461912640189244,0.041740431134768184,1.7604303784459978,2.2147613036983964,7.680149391665337,1.690149933349081,1.690149933349081,5.040101966435476,1.9729589722166732,-1.613420380284801,0.0,0.0,0.0,1.0,0,0,True,1,183,24,False,False,False,0
128,683,BACKDOOR_PERIODIC,AMBER,False,0.0,1.6907751295050262,0.0,0.0,11.285770532927442,False,0.030737335254381066,0.007954921135895634,0.6139307730873316,0.03529344230894103,1.5105830089350114,2.171900686514568,7.307565068011671,1.6907751295050262,1.6907751295050262,4.786746022677042,1.6353790669648243,0.1465818806065965,0.0,0.0,0.0,1.0,0,0,True,1,184,24,False,False,False,0
128,684,BACKDOOR_PERIODIC,AMBER,False,0.0,1.6906312676874822,0.0,0.0,11.284844535182248,False,0.03102402138897393,0.008146368739058997,1.2012946857898552,0.04029353974080989,2.1858710584890333,3.7063524730407766,7.120665848952253,1.6906312676874822,1.6906312676874822,5.30513393063083,1.6915297219640089,1.5567614752888357,0.0,0.0,0.0,1.0,0,0,True,1,185,24,False,False,False,0
128,685,BACKDOOR_PERIODIC,AMBER,False,0.0,1.6909786371214128,0.0,0.0,11.284242832624006,False,0.031293604004906425,0.008366327782888854,1.1030788668655305,0.04001010858672391,2.6905252844039347,2.925901124275815,7.1283297227195375,1.6909786371214128,1.6909786371214128,5.121340666150491,1.8908425288363766,2.129714895677986,0.0,0.0,0.0,1.0,0,0,True,1,186,24,False,False,False,0
128,686,BACKDOOR_PERIODIC,AMBER,False,0.0,1.6933700914770502,0.0,0.0,11.285296400376797,False,0.03139078316125446,0.008366327782888854,0.3871836360782206,0.03453290921650757,2.8396431541507385,3.5973274910689392,7.2690179845298175,1.6933700914770502,1.6933700914770502,5.702167772767883,2.0903507672030073,2.533213708504602,0.0,0.0,0.0,1.0,0,0,True,1,187,24,False,False,False,0
128,687,BACKDOOR_PERIODIC,AMBER,False,0.0,1.699824921633636,0.0,0.0,11.290549983068752,False,0.031680320388699675,0.00843371783009929,1.1535814954058545,0.04104202407609493,3.4391088090698596,1.4353275108056538,7.530032944617552,1.699824921633636,1.699824921633636,4.675683715909964,2.681299265271603,2.094381000567123,0.0,0.0,0.0,1.0,0,0,True,1,188,24,False,False,False,0
128,688,BACKDOOR_PERIODIC,AMBER,False,0.0,1.7042133810002245,0.0,0.0,11.298205309889026,False,0.0316146520850368,0.00843371783009929,0.25954667911903395,0.02949137693327042,3.7014140456517453,1.4030181529283954,7.907395543976708,1.7042133810002245,1.7042133810002245,4.105952167995242,3.261816778782349,1.5507056202182417,0.0,0.0,0.0,1.0,0,0,True,1,189,24,False,False,False,0
128,689,BACKDOOR_PERIODIC,AMBER,False,0.0,1.708780407714054,0.0,0.0,11.308141310845397,False,0.031475875473655046,0.008233260531091103,0.5484991482106325,0.026988765038978513,4.058117298325481,0.39184146930927055,8.36955773047728,1.708780407714054,1.708780407714054,3.6714065874753907,3.9193892848824,0.8676532227016529,0.0,0.0,0.0,1.0,0,0,True,1,190,24,False,False,False,0
128,690,BACKDOOR_PERIODIC,AMBER,False,0.0,1.714544961891741,0.0,0.0,11.320928669342647,False,0.03144385774679881,0.008236016133262875,0.12962757073511838,0.030408617911780376,4.478429304273464,-0.40202008729681055,8.945597747597274,1.714544961891741,1.714544961891741,3.072956376171271,4.734849919787017,0.15756424400972324,0.0,0.0,0.0,1.0,0,0,True,1,191,24,False,False,False,0
128,691,BACKDOOR_PERIODIC,AMBER,False,0.0,1.7215025762610514,0.0,0.0,11.337078020774504,False,0.031294976047147406,0.008366327782888854,0.6025635745989321,0.026481134425085456,4.303047263176219,0.4767740631562968,9.447232611244992,1.7215025762610514,1.7215025762610514,1.8715256501294524,5.170519003079945,-0.6133807195501259,0.0,0.0,0.0,1.0,0,0,True,1,192,24,False,False,False,0
128,692,BACKDOOR_PERIODIC,AMBER,False,0.0,1.750412581686513,0.0,0.0,11.370895410681957,False,0.031100737052693925,0.008366327782888854,0.7738918814167804,0.02482034289869807,4.670790075271618,3.1235432422097995,10.001650326746052,1.7324932233994805,1.750412581686513,3.242779334424086,5.779387530744318,-1.3372775741151415,0.0,0.0,0.0,1.0,0,0,True,1,193,24,False,False,False,0
128,693,BACKDOOR_PERIODIC,AMBER,False,0.0,1.865278241808439,0.0,0.0,11.47794645689999,False,0.030703444790160562,0.008451532648429079,1.582901813250008,0.01785766163491524,4.5650348046331874,-0.9390186841549317,10.461112967233756,1.7452464068317295,1.865278241808439,2.265948083753319,6.205972048086842,-1.4462843886030896,0.0,0.0,0.0,1.0,0,0,True,1,194,24,False,False,False,0
128,694,BACKDOOR_PERIODIC,AMBER,False,0.0,1.975089037076784,0.0,0.0,11.647536198940205,False,0.030398676520909926,0.008486002159184174,1.2020236720309871,0.020544502481806066,4.802153040614666,-0.29196516518194604,10.900356148307136,1.7611023419012137,1.975089037076784,2.141895141092811,6.665698422302321,-1.0299055815324283,0.0,0.0,0.0,1.0,0,0,True,1,195,24,False,False,False,0
128,695,BACKDOOR_PERIODIC,AMBER,False,0.0,2.034427352389657,0.0,0.0,11.839745623090087,False,0.030057783891704517,0.00879796934112598,1.3390389758364871,0.01903558888072973,4.222857268845722,1.1475873314793157,11.137709409558628,1.7784244802379527,2.034427352389657,1.3179650720577012,6.62319303492025,-0.5155267744633848,0.0,0.0,0.0,1.0,0,0,True,1,196,24,False,False,False,0
128,696,BACKDOOR_PERIODIC,AMBER,False,0.0,2.0706603484061072,0.0,0.0,12.036901513167951,False,0.02979120705536053,0.009090427830796458,1.009993806555181,0.02117188934690491,4.262567683846799,1.1274541249042294,11.282641393624429,1.7966724629676172,2.0706603484061072,1.6533248276318746,6.78251952254602,-0.17204241157348346,0.0,0.0,0.0,1.0,0,0,True,1,197,24,False,False,False,0
128,697,BACKDOOR_PERIODIC,AMBER,False,0.0,2.0555836359215482,0.0,0.0,12.204285647010828,False,0.02953539651575058,0.008999895771511168,0.9380216361336184,0.021264189068362256,3.6388362340759866,2.109945267972184,11.222334543686193,1.8144973046617285,2.0555836359215482,1.4086902561588521,6.522238571834676,0.17432930873467392,0.0,0.0,0.0,1.0,0,0,True,1,198,24,False,False,False,0
128,698,BACKDOOR_PERIODIC,AMBER,False,0.0,2.0016888347401087,0.0,0.0,12.318983535081397,False,0.029234437208724554,0.009309707640490862,1.1146770091075182,0.01950341961488311,3.2144436222138197,0.556643441450327,11.006755338960435,1.8317425793341902,2.0016888347401087,1.451323734915058,6.028378826263479,0.41858771675070555,0.0,0.0,0.0,1.0,0,0,True,1,199,24,False,False,False,0
128,699,BACKDOOR_PERIODIC,AMBER,False,0.0,1.915856165831339,0.0,0.0,12.36496124418276,False,0.028968644197571263,0.009622817747956829,0.9516697387906204,0.02037467017028157,2.906446382269405,2.046686968709531,10.663424663325356,1.8499578509429644,1.915856165831339,1.8469472829514826,5.603057467062557,0.6593636807405594,0.0,0.0,0.0,1.0,0,0,True,1,200,24,False,False,False,0
128,700,BACKDOOR_PERIODIC,AMBER,False,0.0,1.8653491281224457,0.0,0.0,12.372652988222155,False,0.028824275554241222,0.009622817747956829,0.5000913700171772,0.024156356086569925,2.1548352089682865,4.567058767817541,10.161744851223153,1.8653491281224457,1.8653491281224457,3.3704464334751583,4.877865664921792,1.1111222790112028,0.0,0.0,0.0,1.0,0,0,True,1,201,24,False,False,False,0
128,701,BACKDOOR_PERIODIC,AMBER,False,0.0,1.8766099143721169,0.0,0.0,12.387086502286142,False,0.028544239618090782,0.00980585685144797,0.9700413589352871,0.01948974434922658,1.7291471891299517,1.89591610837386,9.561070447545704,1.8766099143721169,1.8766099143721169,2.69966021865388,4.177356735714651,1.20662864540544,0.0,0.0,0.0,1.0,0,0,True,1,202,24,False,False,False,0
128,702,BACKDOOR_PERIODIC,AMBER,False,0.0,1.8879120207835962,0.0,0.0,12.407615169920188,False,0.028338721968124637,0.00999305030276601,0.6986221026868524,0.021693651285885924,1.2383007017322472,5.395701818332691,8.971838228875152,1.8879120207835962,1.8879120207835962,4.2886181712998726,3.412959911346431,1.2902658046084658,0.0,0.0,0.0,1.0,0,0,True,1,203,24,False,False,False,0
128,703,BACKDOOR_PERIODIC,AMBER,False,0.0,1.8982898570714877,0.0,0.0,12.433012987594852,False,0.028100348339493944,0.00999305030276601,0.7951313543196864,0.020392934347101547,1.060879543381338,1.603594522262597,8.307701679969956,1.8982898570714877,1.8982898570714877,4.393971336393332,2.796140906962741,0.9057537313905677,0.0,0.0,0.0,1.0,0,0,True,1,204,24,False,False,False,0
128,704,BACKDOOR_PERIODIC,AMBER,False,0.0,1.9070751171713711,0.0,0.0,12.461730791988671,False,0.027714634356979163,0.00999305030276601,1.2866074282578088,0.01524321558900125,0.7878222609723508,2.193991008158027,7.654676804545167,1.9070751171713711,1.9070751171713711,4.2846166642223675,2.217286812375447,0.3832904656468898,0.0,0.0,0.0,1.0,0,0,True,1,205,24,False,False,False,0
128,705,BACKDOOR_PERIODIC,AMBER,False,0.0,1.9142680603478528,0.0,0.0,12.492374509041822,False,0.027459802990622287,0.00999305030276601,0.8500286320195225,0.019220255478416697,0.8429657319312246,2.2265648080772973,7.087990859254683,1.9142680603478528,1.9142680603478528,4.631458389782437,1.7727877638363627,-0.6215425158263422,0.0,0.0,0.0,1.0,0,0,True,1,206,24,False,False,False,0
128,706,BACKDOOR_PERIODIC,AMBER,False,0.0,1.9192743435624884,0.0,0.0,12.52329304529382,False,0.027269042620980646,0.00999305030276601,0.6363101150701398,0.021101124002567553,1.252298556826738,3.407694796608012,6.662295649931389,1.9192743435624884,1.9192743435624884,5.014183029386754,1.573406496861494,-1.1717479908642183,0.0,0.0,0.0,1.0,0,0,True,1,207,24,False,False,False,0
128,707,BACKDOOR_PERIODIC,AMBER,False,0.0,1.922023902944598,0.0,0.0,12.552953684028484,False,0.02704635960612769,0.00999305030276601,0.7427929347769372,0.01984627545921552,1.8573390101585825,3.062656868077145,6.44462311939286,1.922023902944598,1.922023902944598,5.530500142124526,1.6419176368843433,-1.3422604273214451,0.0,0.0,0.0,1.0,0,0,True,1,208,24,False,False,False,0
128,708,BACKDOOR_PERIODIC,AMBER,False,0.0,1.9223733185672356,0.0,0.0,12.579881319109981,False,0.026975470194217983,0.00980585685144797,0.23646237388958158,0.024683379209137636,2.438467666938249,3.0688989072936526,6.447287355186417,1.9223733185672356,1.9223733185672356,5.731722726214396,1.8658860760672196,-0.4597643997169795,0.0,0.0,0.0,1.0,0,0,True,1,209,24,False,False,False,0
128,709,BACKDOOR_PERIODIC,AMBER,False,0.0,1.920789965365437,0.0,0.0,12.603060094097728,False,0.02683689527495634,0.00999305030276601,0.47106173844523014,0.022356306218829832,2.7911311969512624,2.3315046378442372,6.548804477131066,1.920789965365437,1.920789965365437,5.311082865545942,2.2186720933994626,0.22201711598495605,0.0,0.0,0.0,1.0,0,0,True,1,210,24,False,False,False,0
128,710,BACKDOOR_PERIODIC,AMBER,False,0.0,1.917220354878487,0.0,0.0,12.621540061391906,False,0.026935877642164298,0.009725589876541676,0.3301706826545329,0.03013630751522168,3.53410555384231,3.836440161522369,6.880827195277914,1.917220354878487,1.917220354878487,5.790837868183249,2.756679171263462,0.27737187174581346,0.0,0.0,0.0,1.0,0,0,True,1,211,24,False,False,False,0
128,711,BACKDOOR_PERIODIC,AMBER,False,0.0,1.9122543557798801,0.0,0.0,12.634859710557894,False,0.02677540240663825,0.009725589876541676,0.5500102909374361,0.021586703124629427,3.7744690438492166,0.5183090778332532,7.370682149369123,1.9122543557798801,1.9122543557798801,3.9020682636372763,3.391720077404197,0.30136455504043486,0.0,0.0,0.0,1.0,0,0,True,1,212,24,False,False,False,0
128,712,BACKDOOR_PERIODIC,AMBER,False,0.0,1.9063267421675838,0.0,0.0,12.642893676527882,False,0.02641533477538413,0.009869702942926238,1.234090119724979,0.014773148031500892,4.367183613400895,0.5608366963411446,7.982593880705613,1.9063267421675838,1.9063267421675838,3.6068119556386438,4.162621296540569,0.08777664313940922,0.0,0.0,0.0,1.0,0,0,True,1,213,24,False,False,False,0
128,713,BACKDOOR_PERIODIC,AMBER,False,0.0,1.9004834340152676,0.0,0.0,12.646226759363277,False,0.026150284514730074,0.010048439939506871,0.8951646001464266,0.017580326086915555,5.02167280374826,1.2929831935939835,8.751124610554987,1.9004834340152676,1.9004834340152676,3.6966318874967317,5.062222080740407,-0.26637640445885424,0.0,0.0,0.0,1.0,0,0,True,1,214,24,False,False,False,0
128,714,BACKDOOR_PERIODIC,AMBER,False,0.0,1.893466604672271,0.0,0.0,12.644546308743355,False,0.025961459829950462,0.010373320215114864,0.6263814280835855,0.019856128355409623,5.237074569979987,-0.8116974442625585,9.495169128341256,1.893466604672271,1.893466604672271,2.70930094390276,5.877346994700231,-0.49625147920706336,0.0,0.0,0.0,1.0,0,0,True,1,215,24,False,False,False,0
128,715,BACKDOOR_PERIODIC,AMBER,False,0.0,1.88660980914664,0.0,0.0,12.638460420569828,False,0.025769109356054462,0.010373320215114864,0.6180935640893128,0.019549777366750398,5.56616589714201,-0.09533873036519147,10.284487021955877,1.88660980914664,1.88660980914664,1.902707955326634,6.716702434723825,-0.8308165726627562,0.0,0.0,0.0,1.0,0,0,True,1,216,24,False,False,False,0
128,716,BACKDOOR_PERIODIC,AMBER,False,0.0,1.9989959400452202,0.0,0.0,12.707944670523007,False,0.025640446447179294,0.010249024465113388,0.41344174673438894,0.021480345726882226,5.690249020405553,-0.2316904444404728,10.99598376018088,1.879527940938825,1.9989959400452202,1.4854431766607317,7.426900168685517,-1.1557001143192567,0.0,0.0,0.0,1.0,0,0,True,1,217,24,False,False,False,0
128,717,BACKDOOR_PERIODIC,AMBER,False,0.0,2.1469479914549066,0.0,0.0,12.869164513771128,False,0.025475730359645333,0.010492306646611672,0.5357130593083612,0.02014991019604716,5.662563297865772,0.999464636365145,11.587791965819626,1.8737076895141596,2.1469479914549066,1.8395264522821955,7.829582692764978,-1.4793352577230996,0.0,0.0,0.0,1.0,0,0,True,1,218,24,False,False,False,0
128,718,BACKDOOR_PERIODIC,AMBER,False,0.0,2.2680837727374077,0.0,0.0,13.095059938809866,False,0.025381396557205095,0.010615834891259234,0.2996919731045652,0.022331270278304137,5.683213351127567,0.03342936245983781,12.07233509094963,1.8668855228945773,2.2680837727374077,0.7969824578315935,8.256599124967526,-1.7492168735825078,0.0,0.0,0.0,1.0,0,0,True,1,219,24,False,False,False,0
128,719,BACKDOOR_PERIODIC,AMBER,False,0.0,2.326056712457196,0.0,0.0,13.33703377213783,False,0.025321734107127188,0.010378971766718035,0.18733791136556635,0.023392648221274886,5.325699278567907,1.7763782727783428,12.304226849828783,1.863346742098123,2.326056712457196,0.15657081428502753,8.335599442846723,-1.9320046458808815,0.0,0.0,0.0,1.0,0,0,True,1,220,24,False,False,False,0
128,720,BACKDOOR_PERIODIC,AMBER,False,0.0,2.335461557080389,0.0,0.0,13.561083253496665,False,0.025090607957395778,0.009877150642321187,0.7422898109957161,0.017617529116080183,4.950162904974652,0.7102045190580693,12.341846228321556,1.859436502062549,2.335461557080389,0.10939292879506375,8.087592766221356,-1.9770300786772386,0.0,0.0,0.0,1.0,0,0,True,1,221,24,False,False,False,0
128,721,BACKDOOR_PERIODIC,AMBER,False,0.0,2.291410547692548,0.0,0.0,13.733345763457928,False,0.025020642693778065,0.009597022575909267,0.23611824283927405,0.022758432503472092,4.600207862492007,1.7906570166600069,12.165642190770193,1.8602045188912895,2.291410547692548,0.8005949978549265,7.725953898056267,-1.6088492069788591,0.0,0.0,0.0,1.0,0,0,True,1,222,24,False,False,False,0
128,722,BACKDOOR_PERIODIC,AMBER,False,0.0,2.1882442081918607,0.0,0.0,13.819570073976106,False,0.02487181294261669,0.009704414256086431,0.5169302943844677,0.020059650988398906,4.070600183502208,1.2798665214976965,11.752976832767443,1.8610851280557843,2.1882442081918607,0.9890106939763307,7.113007598750418,-1.2752049698242205,0.0,0.0,0.0,1.0,0,0,True,1,223,24,False,False,False,0
128,723,BACKDOOR_PERIODIC,AMBER,False,0.0,2.048612181025682,0.0,0.0,13.804037391322627,False,0.024601472700227337,0.00936135036179001,0.9285816923289923,0.01586047152963835,3.4464408567624667,1.3403107637085676,11.194448724102728,1.8619071558169904,2.048612181025682,1.4985425239885666,6.316887951418577,-0.955829200880682,0.0,0.0,0.0,1.0,0,0,True,1,224,24,False,False,False,0
128,724,BACKDOOR_PERIODIC,AMBER,False,0.0,1.8651204427011945,0.0,0.0,13.66766898747206,False,0.02459440203559947,0.009514707322157274,0.025176797344421756,0.02436578387929842,2.404720026159617,2.674173451840842,10.427987318695115,1.8651204427011945,1.8651204427011945,2.458224937400333,5.190993973751042,-0.42539522722452033,0.0,0.0,0.0,1.0,0,0,True,1,225,24,False,False,False,0
128,725,BACKDOOR_PERIODIC,AMBER,False,0.0,1.8686513377204967,0.0,0.0,13.547292530984425,False,0.0245401827943138,0.009611344621898664,0.18994888457019557,0.022787093992743822,1.9123429955143607,1.960767631176993,9.57919211458695,1.8686513377204967,1.8686513377204967,2.8178841874816047,4.156479498728336,-0.1726488930759789,0.0,0.0,0.0,1.0,0,0,True,1,226,24,False,False,False,0
128,726,BACKDOOR_PERIODIC,AMBER,False,0.0,1.8716800647425447,0.0,0.0,13.44097388106926,False,0.024555031723181832,0.009363455841199452,0.05149792407540028,0.025035147089914844,1.4868746436307585,-0.29024132363675986,8.611194222246127,1.8716800647425447,1.8716800647425447,2.612026524158319,3.2400176467622113,0.04246254242354335,0.0,0.0,0.0,1.0,0,0,True,1,227,24,False,False,False,0
128,727,BACKDOOR_PERIODIC,AMBER,False,0.0,1.8753866199385558,0.0,0.0,13.34775936846135,False,0.02457690974116598,0.009104495464736568,0.07788441345870982,0.02528429898932018,0.8831276140497604,5.925632598863241,7.721011379918504,1.8753866199385558,1.8753866199385558,4.446604573902898,2.207923358801431,0.2901873655821584,0.0,0.0,0.0,1.0,0,0,True,1,228,24,False,False,False,0
128,728,BACKDOOR_PERIODIC,AMBER,False,0.0,1.8789416778348458,0.0,0.0,13.266237530731058,False,0.024574268171828284,0.008985543399999567,0.009671300468829613,0.024488857429909416,0.3653626562860059,2.4393863616266205,6.827679998184081,1.8789416778348458,1.8789416778348458,4.70161858361248,1.2618484651574498,-0.06096140715655569,0.0,0.0,0.0,1.0,0,0,True,1,229,24,False,False,False,0
128,729,BACKDOOR_PERIODIC,AMBER,False,0.0,1.8830878777984728,0.0,0.0,13.195633392149533,False,0.024569737199525387,0.009058890874924725,0.01680837801045391,0.024423235761731752,-0.030433279138514846,2.050383726673014,6.089622929261087,1.8830878777984728,1.8830878777984728,4.755260521312111,0.45145181205929225,0.5067041756104537,0.0,0.0,0.0,1.0,0,0,True,1,230,24,False,False,False,0
128,730,BACKDOOR_PERIODIC,AMBER,False,0.0,1.8857152892311198,0.0,0.0,13.133842150851736,False,0.024443775232675723,0.008742419962231891,0.46349296909452575,0.02037100497120322,0.1292606525894765,2.522303749239029,5.494139696965407,1.8857152892311198,1.8857152892311198,5.306098296189282,-0.09190499462676019,1.0523186773026245,0.0,0.0,0.0,1.0,0,0,True,1,231,24,False,False,False,0
128,731,BACKDOOR_PERIODIC,AMBER,False,0.0,1.886778453070049,0.0,0.0,13.078939163964284,False,0.024396072208039635,0.008468748306448922,0.18188337188927595,0.02285367441147287,0.5038164365819439,3.421697888797461,5.101174340154129,1.886778453070049,1.886778453070049,5.955806967542447,-0.36900846504832446,0.6621468818431906,0.0,0.0,0.0,1.0,0,0,True,1,232,24,False,False,False,0
128,732,BACKDOOR_PERIODIC,AMBER,False,0.0,1.8868356015895693,0.0,0.0,13.029564593828098,False,0.024613967291021235,0.008468748306448922,0.8576437945604304,0.03165924164075971,0.8145111144641549,0.6094603856509797,4.943887420070717,1.8868356015895693,1.8868356015895693,4.77416581744394,-0.34514707854004045,1.606886097227869,0.0,0.0,0.0,1.0,0,0,True,1,233,24,False,False,False,0
128,733,BACKDOOR_PERIODIC,AMBER,False,0.0,1.8852180880224725,0.0,0.0,12.984048599156278,False,0.024780157952692203,0.008635586460373004,0.6541331164780568,0.030153656013386935,1.3909778371036612,3.7318251534927622,5.008348520825146,1.8852180880224725,1.8852180880224725,5.531026131505269,-0.11721047031777211,1.2731777560604187,0.0,0.0,0.0,1.0,0,0,True,1,234,24,False,False,False,0
128,734,BACKDOOR_PERIODIC,AMBER,False,0.0,1.88191504278194,0.0,0.0,12.940881072776204,False,0.02484963590757378,0.008467756848429165,0.2681846612286481,0.027096089782078038,2.014023841028281,3.2074004374276615,5.367922777272485,1.88191504278194,1.88191504278194,5.718528678429483,0.31364322839856573,0.10987160094798605,0.0,0.0,0.0,1.0,0,0,True,1,235,24,False,False,False,0
128,735,BACKDOOR_PERIODIC,AMBER,False,0.0,1.8776034370073167,0.0,0.0,12.899154457982464,False,0.024864226922158165,0.008468748306448922,0.057437543557130086,0.025336003060386615,2.728706311027023,1.054505432294168,5.932665451326142,1.8776034370073167,1.8776034370073167,4.761375912793459,0.9987132955188521,-0.3429146141895535,0.0,0.0,0.0,1.0,0,0,True,1,236,24,False,False,False,0
128,736,BACKDOOR_PERIODIC,AMBER,False,0.0,1.8708199808695234,0.0,0.0,12.857075939424188,False,0.024906908417211236,0.008421785750583917,0.16799607808460523,0.026286943423927227,3.3299951028196055,2.825365675043611,6.701599516197853,1.8708199808695234,1.8708199808695234,5.262008402644159,1.8195469188563387,-0.8504213288734647,0.0,0.0,0.0,1.0,0,0,True,1,237,24,False,False,False,0
128,737,BACKDOOR_PERIODIC,AMBER,False,0.0,1.864787092408429,0.0,0.0,12.81518133611819,False,0.024748344178394062,0.008414188880289034,0.6275954748519582,0.019621433789972068,3.6788717184126956,0.4026978060848622,7.56279371848671,1.864787092408429,1.864787092408429,3.5010025729394814,2.70340581365656,-1.2375397994003363,0.0,0.0,0.0,1.0,0,0,True,1,238,24,False,False,False,0
128,738,BACKDOOR_PERIODIC,AMBER,False,0.0,1.853266665231152,0.0,0.0,12.76979206821555,False,0.024786695193306924,0.008414188880289034,0.1519299342990484,0.02602671134215616,4.020938177637833,1.1771444214623155,8.514289690030555,1.853266665231152,1.853266665231152,3.2989431957299242,3.5803084527631244,-1.823599193406408,0.0,0.0,0.0,1.0,0,0,True,1,239,24,False,False,False,0
128,739,BACKDOOR_PERIODIC,AMBER,False,0.0,1.8432695711817146,0.0,0.0,12.722273665372198,False,0.024760599633571943,0.00835337858953725,0.1033791852716417,0.023916843202140936,4.522032092564895,0.010787389551978945,9.504105582023003,1.8432695711817146,1.8432695711817146,2.5358902317152143,4.543121414185807,-1.6775941649326418,0.0,0.0,0.0,1.0,0,0,True,1,240,24,False,False,False,0
128,740,BACKDOOR_PERIODIC,AMBER,False,0.0,1.8613333465193027,0.0,0.0,12.691555640963353,False,0.024529707744352067,0.008349742017357385,0.9213513101116912,0.017064203326242845,4.675859112839162,-0.2377104202240232,10.44533338607721,1.8319761738465346,1.8613333465193027,1.784013471403425,5.343655791366487,-1.292258792910578,0.0,0.0,0.0,1.0,0,0,True,1,241,24,False,False,False,0
128,741,BACKDOOR_PERIODIC,AMBER,False,0.0,2.075457079760424,0.0,0.0,12.80672994906722,False,0.02428779042983379,0.008207987316918346,0.9657676209850875,0.0164657972604096,4.745928547807142,-0.5508142025637104,11.301828319041697,1.820157802355319,2.075457079760424,1.3183123327714021,5.960972707353509,-1.0760241180693755,0.0,0.0,0.0,1.0,0,0,True,1,242,24,False,False,False,0
128,742,BACKDOOR_PERIODIC,AMBER,False,0.0,2.250177426775456,0.0,0.0,13.026925297819728,False,0.02416427902602895,0.007864056666940176,0.5015902966868143,0.020170743636339108,4.7544349572181925,1.4304963354433544,12.000709707101825,1.8059654325466266,2.250177426775456,0.8572761013911422,6.3974206961473525,-0.7567014461456615,0.0,0.0,0.0,1.0,0,0,True,1,243,24,False,False,False,0
128,743,BACKDOOR_PERIODIC,AMBER,False,0.0,2.397096243516472,0.0,0.0,13.323095962463242,False,0.024031406272455254,0.007760308456564097,0.5632070028703385,0.01973518724023907,4.7670229221619564,0.842779008756525,12.588384974065889,1.78942415237357,2.397096243516472,1.5077374534254906,6.722331029987551,-0.5588063564847187,0.0,0.0,0.0,1.0,0,0,True,1,244,24,False,False,False,0
128,744,BACKDOOR_PERIODIC,AMBER,False,0.0,2.4729415245583626,0.0,0.0,13.640238363097346,False,0.02396431739296275,0.007658777273492948,0.2881710173764868,0.021795110289371825,4.334393440521104,0.7809389316597791,12.89176609823345,1.781453325170792,2.4729415245583626,1.4564250310875868,6.695917570799651,-0.33819813927631953,0.0,0.0,0.0,1.0,0,0,True,1,245,24,False,False,False,0
128,745,BACKDOOR_PERIODIC,AMBER,False,0.0,2.4800596067572585,0.0,0.0,13.930414284494702,False,0.023758116511226966,0.007570336227076706,0.8974490939062673,0.017090954668436593,3.9590188229274164,1.0819066017480476,12.920238427029034,1.7704558056162027,2.4800596067572585,1.1425178484081424,6.5066683997086425,-0.1806364948818016,0.0,0.0,0.0,1.0,0,0,True,1,246,24,False,False,False,0
128,746,BACKDOOR_PERIODIC,AMBER,False,0.0,2.4459014635432537,0.0,0.0,14.168789132228582,False,0.023729553693422084,0.007549123526148842,0.12576639904368295,0.022806022584397588,3.831705497555549,2.291569840623253,12.783605854173015,1.7626214260759117,2.4459014635432537,1.924087184829084,6.2246838677867995,0.04606653160105943,0.0,0.0,0.0,1.0,0,0,True,1,247,24,False,False,False,0
128,747,BACKDOOR_PERIODIC,AMBER,False,0.0,2.3534665030863975,0.0,0.0,14.32167237656435,False,0.023566364508165443,0.007549123526148842,0.7205657040466569,0.018289914184867462,3.491947898258594,-0.10590295168845192,12.41386601234559,1.7583510963853324,2.3534665030863975,1.4291652075070929,5.8425859949135,0.339204007446262,0.0,0.0,0.0,1.0,0,0,True,1,248,24,False,False,False,0
128,748,BACKDOOR_PERIODIC,AMBER,False,0.0,2.2156424291279246,0.0,0.0,14.367338639136241,False,0.023664104594831526,0.007524135141697211,0.4315736625032381,0.026824367397034858,3.1083932900220317,3.7023516684351465,11.862569716511699,1.7508099620376631,2.2156424291279246,2.8902194812569797,5.302340891820189,0.347898453165769,0.0,0.0,0.0,1.0,0,0,True,1,249,24,False,False,False,0
128,749,BACKDOOR_PERIODIC,AMBER,False,0.0,2.037297715864112,0.0,0.0,14.28948235170398,False,0.023477355377182457,0.007602578042352734,0.8273341459722238,0.017439130673195868,2.6350553098339273,1.618069486374042,11.149190863456448,1.7452137663437037,2.037297715864112,2.755825157759416,4.688579809597191,0.18022458093078977,0.0,0.0,0.0,1.0,0,0,True,1,250,24,False,False,False,0
128,750,BACKDOOR_PERIODIC,AMBER,False,0.0,1.8331300633621845,0.0,0.0,14.08323186879616,False,0.023279837178456515,0.007602578042352734,0.8660141232162629,0.016893415419651142,2.5155553258813197,1.9197133992382194,10.332520253448738,1.7389468409293234,1.8331300633621845,2.847628314537979,4.109147566484153,-0.04952851080068632,0.0,0.0,0.0,1.0,0,0,True,1,251,24,False,False,False,0
128,751,BACKDOOR_PERIODIC,AMBER,False,0.0,1.7345612083330813,0.0,0.0,13.83186100787471,False,0.02305584569677461,0.007658777273492948,0.9820856400468527,0.01581345445572638,2.0731322611200196,3.3790076593645186,9.483148742449812,1.7345612083330813,1.7345612083330813,4.214366352279597,3.414712018963934,-0.7929522901544972,0.0,0.0,0.0,1.0,0,0,True,1,252,24,False,False,False,0
128,752,BACKDOOR_PERIODIC,AMBER,False,0.0,1.7323541128472817,0.0,0.0,13.604155100356376,False,0.023004892052409385,0.007658777273492948,0.22176579257010973,0.0213573908846005,1.8832261845607834,1.7985089625209207,8.647808559392375,1.7323541128472817,1.7323541128472817,4.218262406675103,2.7990475996570874,-0.3377333800569375,0.0,0.0,0.0,1.0,0,0,True,1,253,24,False,False,False,0
128,753,BACKDOOR_PERIODIC,AMBER,False,0.0,1.7297030828004374,0.0,0.0,13.39745154654863,False,0.02299696627732844,0.007570336227076706,0.03449538918078962,0.02274069954971126,1.9123690955181258,3.273992730286954,7.884082588924548,1.7297030828004374,1.7297030828004374,5.017317153356138,2.356974958672701,0.14031267458247115,0.0,0.0,0.0,1.0,0,0,True,1,254,24,False,False,False,0
128,754,BACKDOOR_PERIODIC,AMBER,False,0.0,1.7286983828816225,0.0,0.0,13.21074821327581,False,0.022884449418362266,0.007559261000580027,0.49542871717170206,0.019246404311789363,1.9861592998054327,1.517706532686381,7.212546469192201,1.7286983828816225,1.7286983828816225,4.789805195738973,2.0844715692127886,0.030204088820320697,0.0,0.0,0.0,1.0,0,0,True,1,255,24,False,False,False,0
128,755,BACKDOOR_PERIODIC,AMBER,False,0.0,1.7284724897745924,0.0,0.0,13.042564542627883,False,0.022583155824398304,0.007731790053795188,1.3285848706676748,0.012841329619563453,2.1741771125523983,2.4302320769356758,6.698206578735111,1.7284724897745924,1.7284724897745924,5.108911548332874,1.948807966628891,-0.2653229364984954,0.0,0.0,0.0,1.0,0,0,True,1,256,24,False,False,False,0
128,756,BACKDOOR_PERIODIC,AMBER,False,0.0,1.7285864821125547,0.0,0.0,12.891275271934168,False,0.022610781202150383,0.0077396489703322364,0.11909867167400474,0.023504001749467592,2.5317565798695103,1.8846219325416154,6.4339979880078895,1.7285864821125547,1.7285864821125547,4.665568824290187,2.046710175000108,-0.040495774573468944,0.0,0.0,0.0,1.0,0,0,True,1,257,24,False,False,False,0
128,757,BACKDOOR_PERIODIC,AMBER,False,0.0,1.7286752564693724,0.0,0.0,12.755174140805822,False,0.022665152382614143,0.007594598204303906,0.23416729738939462,0.024423153884275694,2.9089196998695432,2.672163634791997,6.333165453522566,1.7286752564693724,1.7286752564693724,4.965567972757705,2.2841870435931075,-0.32390039766632056,0.0,0.0,0.0,1.0,0,0,True,1,258,24,False,False,False,0
128,758,BACKDOOR_PERIODIC,AMBER,False,0.0,1.7282567742186434,0.0,0.0,12.632403995129074,False,0.022510103418543845,0.007594598204303906,0.6805230063934585,0.017496853580270887,3.0677594406072246,0.7498159137849122,6.342373460667576,1.7282567742186434,1.7282567742186434,4.353805712451553,2.6524737385753823,-0.3905813551927374,0.0,0.0,0.0,1.0,0,0,True,1,259,24,False,False,False,0
128,759,BACKDOOR_PERIODIC,AMBER,False,0.0,1.7284380428038975,0.0,0.0,12.522031770166366,False,0.022536217588772507,0.007254355354287087,0.11461730002544365,0.023380575759499242,3.461013137034049,1.7618205876343396,6.56871090496282,1.7284380428038975,1.7284380428038975,4.542465093440009,3.187693405654798,-0.7976732807633906,0.0,0.0,0.0,1.0,0,0,True,1,260,24,False,False,False,0
128,760,BACKDOOR_PERIODIC,AMBER,False,0.0,1.7283230933726998,0.0,0.0,12.422620096429322,False,0.02233877207623927,0.006925633743169187,0.9072504396344042,0.015954700504331353,3.804200571656602,1.045370882902454,6.966292051712818,1.7283230933726998,1.7283230933726998,4.196962114660526,3.7867583933813203,-1.2345914894316727,0.0,0.0,0.0,1.0,0,0,True,1,261,24,False,False,False,0
128,761,BACKDOOR_PERIODIC,AMBER,False,0.0,1.7295394683022232,0.0,0.0,12.333960912143972,False,0.022480783833246764,0.006735108298985792,0.6835078794416466,0.027072497309822356,4.2921839737159155,2.1160318244021887,7.518007990149184,1.7295394683022232,1.7295394683022232,3.81056105649527,4.592790016622722,-2.1000823407356908,0.0,0.0,0.0,1.0,0,0,True,1,262,24,False,False,False,0
128,762,BACKDOOR_PERIODIC,AMBER,False,0.0,1.7281356255687461,0.0,0.0,12.25323128318393,False,0.022470611100289847,0.00651305492186818,0.05034679228765923,0.022141692734682836,4.488686266267605,1.9707793766893174,8.14088080741304,1.7281356255687461,1.7281356255687461,3.337653892701214,5.323267111598863,-2.626381053264894,0.0,0.0,0.0,1.0,0,0,True,1,263,24,False,False,False,0
128,763,BACKDOOR_PERIODIC,AMBER,False,0.0,1.726960685471052,0.0,0.0,12.179790932074729,False,0.022315609629619343,0.006419560881061473,0.7932860617632986,0.01730389541127297,4.533334388214796,1.4984134069305413,8.782725808152449,1.726960685471052,1.726960685471052,3.1208163667204567,5.998571025601045,-2.6041061403972483,0.0,0.0,0.0,1.0,0,0,True,1,264,24,False,False,False,0
128,764,BACKDOOR_PERIODIC,AMBER,False,0.0,1.7237775916140778,0.0,0.0,12.111571492473846,False,0.022036884677278965,0.006249151720831646,1.4472690448482965,0.013024777884940015,4.365131632328253,-0.987206467632866,9.351186219713531,1.7237775916140778,1.7237775916140778,1.6948283934096788,6.368571054654405,-2.4145341144431622,0.0,0.0,0.0,1.0,0,0,True,1,265,24,False,False,False,0
128,765,BACKDOOR_PERIODIC,AMBER,False,0.0,1.7345382354962502,0.0,0.0,12.057351346302461,False,0.021991836616584225,0.005957883934536743,0.24028893684120983,0.020535282654120912,4.713613577661063,0.5757738685725018,9.938152941985,1.720236569445491,1.7345382354962502,1.7447971664410904,6.8884321582311925,-1.8733069721814968,0.0,0.0,0.0,1.0,0,0,True,1,266,24,False,False,False,0
128,766,BACKDOOR_PERIODIC,AMBER,False,0.0,1.8524657255368266,0.0,0.0,12.08721085060528,False,0.0218818860285931,0.005935775556457218,0.6151545817230071,0.01832681701688005,4.379531514793577,1.6759795002122806,10.409862902147307,1.71785538917274,1.8524657255368266,1.9437027925816694,7.0281283803382655,-1.3718694576234354,0.0,0.0,0.0,1.0,0,0,True,1,267,24,False,False,False,0
128,767,BACKDOOR_PERIODIC,AMBER,False,0.0,1.9255723114372505,0.0,0.0,12.162846497273398,False,0.021731068279645605,0.005873782096232539,0.8469421140395006,0.01685462773034323,4.016679954399398,0.6937868509014821,10.702289245749002,1.709620743571405,1.9255723114372505,1.5046701045261348,6.9367780764061875,-0.890645433506745,0.0,0.0,0.0,1.0,0,0,True,1,268,24,False,False,False,0
128,768,BACKDOOR_PERIODIC,AMBER,False,0.0,1.968440248126425,0.0,0.0,12.259511493046382,False,0.02157842374562445,0.006167615530871735,0.8662478537128468,0.01664291714560722,3.8304957504338573,0.5995598566705289,10.8737609925057,1.7052145265274428,1.968440248126425,1.6672096974715587,6.727645280385496,-0.5475569474949762,0.0,0.0,0.0,1.0,0,0,True,1,269,24,False,False,False,0
128,769,BACKDOOR_PERIODIC,AMBER,False,0.0,1.9622797317512402,0.0,0.0,12.34240092481982,False,0.021398418011447866,0.006193484665559369,0.9728542755601093,0.01557823260640495,3.5218083854962665,1.454521695405483,10.84911892700496,1.7024013833740264,1.9622797317512402,1.7028887526786407,6.512129147505839,-0.19516512254261656,0.0,0.0,0.0,1.0,0,0,True,1,270,24,False,False,False,0
128,770,BACKDOOR_PERIODIC,AMBER,False,0.0,1.9283648199134102,0.0,0.0,12.394380167220083,False,0.02125480297121085,0.006193484665559369,0.772936120197544,0.016611250003547424,3.238692938884149,1.5749648992377059,10.713459279653641,1.6992222761245839,1.9283648199134102,1.9629341124407003,6.204213258495451,0.0969854267045293,0.0,0.0,0.0,1.0,0,0,True,1,271,24,False,False,False,0
128,771,BACKDOOR_PERIODIC,AMBER,False,0.0,1.8496261409061536,0.0,0.0,12.388642786482478,False,0.021161097581541832,0.006193484665559369,0.5043223900006524,0.01813128998224356,2.7997760326493104,2.5214516522924932,10.398504563624615,1.695354452724008,1.8496261409061536,2.3914398483570896,5.610237871859853,0.4741249062059345,0.0,0.0,0.0,1.0,0,0,True,1,272,24,False,False,False,0
128,772,BACKDOOR_PERIODIC,AMBER,False,0.0,1.7510931834728356,0.0,0.0,12.317757661210612,False,0.02108652777569759,0.006044795494702666,0.40133468136769024,0.018675437386733888,2.6634882985343142,2.4460225054982416,10.004372733891342,1.6937895817842028,1.7510931834728356,3.3069192321136573,5.102689956169425,0.5817949500056541,0.0,0.0,0.0,1.0,0,0,True,1,273,24,False,False,False,0
128,773,BACKDOOR_PERIODIC,AMBER,False,0.0,1.6906280222714951,0.0,0.0,12.213630785944638,False,0.020804105955511264,0.005982917617469976,1.557382823145549,0.011672467102820055,2.1562533228209166,2.8114600023200826,9.505245010309359,1.6906280222714951,1.6906280222714951,3.696046923853106,4.42553613589745,0.7160100118543727,0.0,0.0,0.0,1.0,0,0,True,1,274,24,False,False,False,0
128,774,BACKDOOR_PERIODIC,AMBER,False,0.0,1.6872505815766772,0.0,0.0,12.117663845261818,False,0.020641349822832455,0.005928197774915003,0.9067824044218039,0.015378901532884268,1.831006395912203,2.538479251554389,8.953201226878809,1.6872505815766772,1.6872505815766772,3.8087120188305255,3.741623394915165,0.6224328970589825,0.0,0.0,0.0,1.0,0,0,True,1,275,24,False,False,False,0
128,775,BACKDOOR_PERIODIC,AMBER,False,0.0,1.6838835598885553,0.0,0.0,12.029047795181302,False,0.02053129432829568,0.006055716547977694,0.6188249150664983,0.016972833338273274,1.9176764612440615,3.6997950329665446,8.446015510289163,1.6838835598885553,1.6838835598885553,4.8134620654677125,3.1876479169292478,0.07896400997847215,0.0,0.0,0.0,1.0,0,0,True,1,276,24,False,False,False,0
128,776,BACKDOOR_PERIODIC,AMBER,False,0.0,1.6831662934569285,0.0,0.0,11.948814933398943,False,0.02035201757056578,0.006248626590194586,0.9868183025055394,0.014555402403965629,1.869699672469916,0.5950287191928441,7.990695401532897,1.6831662934569285,1.6831662934569285,4.225427952427512,2.7384517857761757,-0.6777814483076482,0.0,0.0,0.0,1.0,0,0,True,1,277,24,False,False,False,0
128,777,BACKDOOR_PERIODIC,AMBER,False,0.0,1.6825907075292945,0.0,0.0,11.876221441981087,False,0.02037158350794179,0.006248626590194586,0.10437460186167574,0.02100421548309962,2.045492285842742,4.615916319142181,7.646347732103299,1.6825907075292945,1.6825907075292945,5.496309101321095,2.3811836568329423,0.4083122143534486,0.0,0.0,0.0,1.0,0,0,True,1,278,24,False,False,False,0
128,778,BACKDOOR_PERIODIC,AMBER,False,0.0,1.6819561853296339,0.0,0.0,11.810464073397844,False,0.020228907444308365,0.006426636826407013,0.7611062557720885,0.015615714720160878,2.105691732545305,0.3980732818001336,7.357718009524408,1.6819561853296339,1.6819561853296339,4.0975665358470765,2.1709650449075886,0.8556408882502724,0.0,0.0,0.0,1.0,0,0,True,1,279,24,False,False,False,0
128,779,BACKDOOR_PERIODIC,AMBER,False,0.0,1.6819266955607173,0.0,0.0,11.751262771997059,False,0.020088430453474256,0.006460155753651729,0.7286184808041982,0.015546341083171374,2.5892081092590833,2.667756164396085,7.1962465601902785,1.6819266955607173,1.6819266955607173,4.736413927069197,2.1255547260806864,0.8202498416977364,0.0,0.0,0.0,1.0,0,0,True,1,280,24,False,False,False,0
128,780,BACKDOOR_PERIODIC,AMBER,False,0.0,1.6819647864259646,0.0,0.0,11.698007007343472,False,0.02013286055282968,0.006460155753651729,0.2292519512413219,0.021569433765321767,2.977849755942454,1.8375376505263818,7.212788604539109,1.6819647864259646,1.6819647864259646,4.388620494547187,2.344050149299762,0.7853418500167976,0.0,0.0,0.0,1.0,0,0,True,1,281,24,False,False,False,0
128,781,BACKDOOR_PERIODIC,AMBER,False,0.0,1.6820475444834502,0.0,0.0,11.650132018779585,False,0.020229968378374985,0.006392580379353182,0.5010602904345027,0.02336978807100654,3.571813836552717,4.342697305567871,7.418893033820907,1.6820475444834502,1.6820475444834502,5.469188484256553,2.646039415800263,1.1506739573710194,0.0,0.0,0.0,1.0,0,0,True,1,282,24,False,False,False,0
128,782,BACKDOOR_PERIODIC,AMBER,False,0.0,1.6823313681837586,0.0,0.0,11.607233839480195,False,0.020179717179786547,0.006189739685478698,0.262028766718044,0.018554928425427105,3.929748286329821,1.3591863227067686,7.714296774602867,1.6823313681837586,1.6823313681837586,4.696550328749227,3.1040321774312662,1.0437029076027093,0.0,0.0,0.0,1.0,0,0,True,1,283,24,False,False,False,0
128,783,BACKDOOR_PERIODIC,AMBER,False,0.0,1.681196367454885,0.0,0.0,11.567868432624584,False,0.020215706722410333,0.006045785896320103,0.1938129035712508,0.021379368600579374,4.085655809778431,1.1647767842239034,8.105180844376827,1.681196367454885,1.681196367454885,3.4285027263793384,3.65846901081184,0.9153139991953605,0.0,0.0,0.0,1.0,0,0,True,1,284,24,False,False,False,0
128,784,BACKDOOR_PERIODIC,AMBER,False,0.0,1.6800650764306169,0.0,0.0,11.531684995341347,False,0.020162453032960076,0.006045785896320103,0.2936132724706062,0.01844058374073515,4.364688262000145,1.7751353689073033,8.60634336331612,1.6800650764306169,1.6800650764306169,3.637621326775414,4.183435817760405,0.4133567185986059,0.0,0.0,0.0,1.0,0,0,True,1,285,24,False,False,False,0
128,785,BACKDOOR_PERIODIC,AMBER,False,0.0,1.681810514036123,0.0,0.0,11.500284108669307,False,0.020015776672501307,0.006045785896320103,0.8086975124719857,0.015273241017667794,4.623476244494177,-0.7364017723723533,9.147645550588534,1.681810514036123,1.681810514036123,2.5216971968230184,4.781003830652263,0.0673475370476289,0.0,0.0,0.0,1.0,0,0,True,1,286,24,False,False,False,0
128,786,BACKDOOR_PERIODIC,AMBER,False,0.0,1.6817567759477603,0.0,0.0,11.471987467359533,False,0.020120502865133855,0.005928197774915003,0.5774060060374286,0.023506649760252914,4.809675647664604,2.676892738761917,9.721968962057097,1.6817567759477603,1.6817567759477603,3.408298154332325,5.266623580980387,-0.40550080619009576,0.0,0.0,0.0,1.0,0,0,True,1,287,24,False,False,False,0
128,787,BACKDOOR_PERIODIC,AMBER,False,0.0,1.7990696592071425,0.0,0.0,11.524768183314745,False,0.020167987815581205,0.00585287585410321,0.26700048508437385,0.021703334546712267,4.584112226168903,-0.024301596585905316,10.19627863682857,1.680574521922075,1.7990696592071425,2.1361831391412247,5.584850162419631,-0.9822593632485995,0.0,0.0,0.0,1.0,0,0,True,1,288,24,False,False,False,0
128,788,BACKDOOR_PERIODIC,AMBER,False,0.0,1.900143734554272,0.0,0.0,11.639687235930971,False,0.02030828164333421,0.005591398108960515,0.7990022412352507,0.02484444874068135,4.5537442044859295,1.7907795906438626,10.600574938217088,1.679471418893752,1.900143734554272,2.32396956640035,5.890173332583038,-1.5635838951263685,0.0,0.0,0.0,1.0,0,0,True,1,289,24,False,False,False,0
128,789,BACKDOOR_PERIODIC,AMBER,False,0.0,1.9728719127739391,0.0,0.0,11.79162407815809,False,0.0205279592851202,0.00585287585410321,1.3096166498676225,0.02763086970286724,4.443877817340353,0.6843893536932069,10.891487651095757,1.676150472067143,1.9728719127739391,1.3910507135843666,6.047565786120232,-2.2105851874974514,0.0,0.0,0.0,1.0,0,0,True,1,290,24,False,False,False,0
128,790,BACKDOOR_PERIODIC,AMBER,False,0.0,2.004343629434227,0.0,0.0,11.94935887117491,False,0.020592603616436382,0.005591398108960515,0.36816277973196826,0.022682770328992956,3.9098566325861626,1.7930036747916565,11.017374517736908,1.6708576367424022,2.004343629434227,1.3312762363316732,5.797371484730738,-2.2809399269231405,0.0,0.0,0.0,1.0,0,0,True,1,291,24,False,False,False,0
128,791,BACKDOOR_PERIODIC,AMBER,False,0.0,2.0140921128980245,0.0,0.0,12.0978224233604,False,0.02063192435789247,0.005394589190676107,0.23441210164754234,0.02190329499830591,3.8136236479472267,1.2315690564780113,11.056368451592098,1.667119899034168,2.0140921128980245,1.6735694952561657,5.61052264079524,-1.9369027341192326,0.0,0.0,0.0,1.0,0,0,True,1,292,24,False,False,False,0
128,792,BACKDOOR_PERIODIC,AMBER,False,0.0,1.9924742101424133,0.0,0.0,12.21702047918935,False,0.020765875469528867,0.005249644999900075,0.8276880586688425,0.025096961412439098,3.60076179289895,2.337777330989396,10.969896840569653,1.6641907909472522,1.9924742101424133,2.427610618464959,5.459056221304845,-1.404580971511082,0.0,0.0,0.0,1.0,0,0,True,1,293,24,False,False,False,0
128,793,BACKDOOR_PERIODIC,AMBER,False,0.0,1.9074397865272026,0.0,0.0,12.267580768884057,False,0.020802062960166467,0.005195909614051415,0.2297773826502396,0.021972125157448823,2.7158281881919115,2.3027773963139473,10.62975914610881,1.657068307962839,1.9074397865272026,2.3021895186854096,4.817761252719467,-1.183358802643297,0.0,0.0,0.0,1.0,0,0,True,1,294,24,False,False,False,0
128,794,BACKDOOR_PERIODIC,AMBER,False,0.0,1.7974092618389692,0.0,0.0,12.239694669642244,False,0.020959792258154215,0.005195909614051415,1.011881202097869,0.026059706226424686,2.349406488143952,3.4715410938059157,10.189637047355877,1.6506892861392304,1.7974092618389692,3.0388592889279336,4.125776937921632,-0.6764819227485308,0.0,0.0,0.0,1.0,0,0,True,1,295,24,False,False,False,0
128,795,BACKDOOR_PERIODIC,AMBER,False,0.0,1.6639324198147833,0.0,0.0,12.12556812669448,False,0.021056231062121167,0.005131202069692141,0.6186841261066304,0.024174419057052653,1.8102315594124234,2.1792574695686744,9.655729679259133,1.6454071229240999,1.6639324198147833,3.0096556068290874,3.410993145667568,-0.24389977926181441,0.0,0.0,0.0,1.0,0,0,True,1,296,24,False,False,False,0
128,796,BACKDOOR_PERIODIC,AMBER,False,0.0,1.6423831003864375,0.0,0.0,12.008480841982786,False,0.021039312448565956,0.005018708040427921,0.10990675820482967,0.020492277276947392,1.6078523900450488,1.879477556558167,9.098620791481425,1.6423831003864375,1.6423831003864375,3.313476374448963,2.8212743266261127,0.15333009922824606,0.0,0.0,0.0,1.0,0,0,True,1,297,24,False,False,False,0
128,797,BACKDOOR_PERIODIC,AMBER,False,0.0,1.6377231892348294,0.0,0.0,11.899994125004138,False,0.021108982830837484,0.004934372768034136,0.4627378315315541,0.023361658524283548,1.1209069751264389,2.565050542467826,8.433167037560523,1.6377231892348294,1.6377231892348294,3.686647841048096,2.165894842046152,0.3547311909782744,0.0,0.0,0.0,1.0,0,0,True,1,298,24,False,False,False,0
128,798,BACKDOOR_PERIODIC,AMBER,False,0.0,1.6340311929356397,0.0,0.0,11.799893518191796,False,0.021455249673502628,0.005018708040427921,2.3391479791739864,0.03265121091967568,1.3289255790697745,4.569397445273627,7.898036259568152,1.6340311929356397,1.6340311929356397,4.96465402777305,1.7316679989289918,1.3392242619104036,0.0,0.0,0.0,1.0,0,0,True,1,299,24,False,False,False,0
128,799,BACKDOOR_PERIODIC,AMBER,False,0.0,1.631406213764809,0.0,0.0,11.708052110953744,False,0.021364065530661284,0.005018708040427921,0.605628262006966,0.01841577824545788,1.2398435172786428,2.9102421329848864,7.437505408585823,1.631406213764809,1.631406213764809,4.830868039572488,1.355228256694069,2.5302607598793503,0.0,0.0,0.0,1.0,0,0,True,1,300,24,False,False,False,0
128,800,NOISE_CRASH,AMBER,True,3.0,3.0,0.0,0.2420919914250368,13.182350238615001,False,0.04137917461779457,0.005018708040427921,132.93666368517356,0.6885343684351042,19.44301301048744,99.0,11.846203029352173,1.6112856108973164,3.0,48.24251500130332,3.35126179247287,-1.3214290126635835,0.0,0.0,0.0,1.0,0,0,True,1,301,24,False,False,False,0
128,801,NOISE_CRASH,AMBER,True,3.0,3.0,0.0,1.6663028621704639,14.715729129768219,False,0.06280220845508164,0.005018708040427921,142.28784024836028,0.7554803025273639,22.02673939894323,99.0,17.224667687993126,1.6342586256446903,3.0,46.619931779693,5.545881447905901,0.6493126487314318,0.0,0.0,0.0,1.0,0,0,True,1,302,24,False,False,False,0
128,802,NOISE_CRASH,AMBER,True,3.0,3.0,0.0,0.0,15.854156216791397,False,0.08850803554044519,0.005018708040427921,170.73336323672484,0.9196631113005335,27.643642806879793,99.0,24.363715323082754,1.634367288534126,3.0,53.02341224248694,8.285505940028255,-2.280498563063298,0.0,0.0,0.0,1.0,0,0,True,1,303,24,False,False,False,0
128,803,NOISE_CRASH,AMBER,True,3.0,3.0,0.0,0.0,16.87874059511226,False,0.10754552919383684,0.005018708040427921,126.44352225072132,0.7230911573201669,17.727673803413666,99.0,28.205984118393047,1.6350186808077964,3.0,50.72120818819425,4.954737843062966,0.3451000991788629,0.0,0.0,0.0,1.0,0,0,True,1,304,24,False,False,False,0
128,804,NOISE_CRASH,AMBER,True,3.0,3.0,0.0,0.5806272620242918,17.885057488594555,False,0.13545011177444305,0.005018708040427921,185.3370917762263,1.0376982818807112,31.851336744158175,99.0,40.56251931280596,1.6466217230411497,3.0,62.138279351732535,9.323233109931119,-1.0569477244095327,0.0,0.0,0.0,1.0,0,0,True,1,305,24,False,False,False,0
128,805,NOISE_CRASH,AMBER,True,3.0,3.0,0.0,0.677281860152694,18.80475760945724,False,0.1501068071534874,0.005018708040427921,97.3470679504112,0.6240066244092549,17.862413261998352,99.0,44.74531582050109,1.6656417230164475,3.0,45.73983452749549,9.968885489649882,-1.1510450841598194,0.0,0.0,0.0,1.0,0,0,True,1,306,24,False,False,False,0
128,806,NOISE_CRASH,AMBER,True,3.0,3.0,0.0,0.0,19.534281848511515,False,0.1733961105102846,0.005018708040427921,154.68325824887958,0.926416919046728,25.497265940653676,99.0,51.78188512012346,1.6630344061445914,3.0,58.547684874770006,7.661614556546835,-1.2494429025555662,0.0,0.0,0.0,1.0,0,0,True,1,307,24,False,False,False,0
128,807,NOISE_CRASH,AMBER,True,3.0,3.0,0.0,2.1431232557126276,20.501606535738695,False,0.19113391349958217,0.005018708040427921,117.8112165283156,0.7646562101535368,21.63920915238388,99.0,57.231299224365806,1.5714557482793587,3.0,58.41820498886687,4.712868950793704,-0.024122623521453945,0.0,0.0,0.0,1.0,0,0,True,1,308,24,False,False,False,0
128,808,NOISE_CRASH,AMBER,True,3.0,3.0,0.0,0.0,21.061445882164826,False,0.20105683319230208,0.005018708040427921,65.9062027702906,0.5218979032569125,14.242487514778771,99.0,59.99288472614703,1.5475976852793156,3.0,40.33761605128208,5.377767466801109,-1.595105083948557,0.0,0.0,0.0,1.0,0,0,True,1,309,24,False,False,False,0
128,809,NOISE_CRASH,AMBER,True,3.0,3.0,0.0,0.0,21.565301293948345,False,0.21787704923772094,0.005018708040427921,111.71677325402327,0.7617307013729315,21.72653340847121,99.0,66.43284067770261,1.529523315357601,3.0,50.83202547691751,6.142872881050979,0.20994289662385732,0.0,0.0,0.0,1.0,0,0,True,1,310,24,False,False,False,0
128,810,NOISE_CRASH,AMBER,True,3.0,3.0,0.0,1.5161646455949334,22.238615038164774,False,0.23551754595970625,0.005018708040427921,117.16492624451872,0.8058936066372313,24.84440657913614,99.0,74.82195919089612,1.592370567409247,3.0,60.55413351466885,5.845664825772435,-1.4367530007839544,0.0,0.0,0.0,1.0,0,0,True,1,311,24,False,False,False,0
128,811,NOISE_CRASH,AMBER,True,3.0,3.0,0.0,1.2207373201681602,22.801760445772683,False,0.24772883364753318,0.005018708040427921,81.10512100896327,0.6425604688872697,20.222087583252474,99.0,79.78339531968162,1.649127433550523,3.0,53.48309346288917,6.2763340515222845,-1.3367480606649529,0.0,0.0,0.0,1.0,0,0,True,1,312,24,False,False,False,0
128,812,NOISE_CRASH,AMBER,True,3.0,3.0,0.0,0.1799346758562843,23.157674929194577,False,0.26785639851440857,0.005018708040427921,133.68357423689486,0.9186476625433803,27.080883688513683,99.0,88.79913901017834,1.5661722533148539,3.0,65.10600774784213,7.136840085376302,-2.6684145534326773,0.0,0.0,0.0,1.0,0,0,True,1,313,24,False,False,False,0
128,813,NOISE_CRASH,AMBER,True,3.0,3.0,0.0,0.9167654350797869,23.584838424361692,False,0.2870320958119807,0.005018708040427921,127.36144537002578,0.9070463084334783,26.67958073343149,99.0,97.28633318776131,1.4462187367215644,3.0,58.229562338797514,9.254117181377683,-1.670173250076313,0.0,0.0,0.0,1.0,0,0,True,1,314,24,False,False,False,0
128,814,NOISE_CRASH,AMBER,True,3.0,3.0,0.0,0.6433272944944382,23.929637039627217,False,0.30539565281274195,0.005018708040427921,121.96735928074628,0.899150662504023,27.377135621198804,99.0,99.0,1.477496343487013,3.0,58.72063399446723,9.374702520879254,-1.462319404356782,0.0,0.0,0.0,1.0,0,0,True,1,315,24,False,False,False,0
128,815,NOISE_CRASH,AMBER,True,3.0,3.0,0.0,0.0,24.146673335664495,False,0.3232222485518803,0.005018708040427921,118.40096159899603,0.8996155107840208,28.908568694149977,99.0,99.0,1.416836083644957,3.0,55.548535865152736,8.974039861373535,-2.0669434669891893,0.0,0.0,0.0,1.0,0,0,True,1,316,24,False,False,False,0
128,816,NOISE_CRASH,AMBER,True,3.0,3.0,0.0,0.0,24.342006002098046,False,0.33938092828534927,0.005018708040427921,107.32297106017191,0.8618449063341781,27.977154934914147,99.0,99.0,1.3903888569330003,3.0,54.74862249126286,12.410449617070466,-2.3015359480304354,0.0,0.0,0.0,1.0,0,0,True,1,317,24,False,False,False,0
128,817,NOISE_CRASH,AMBER,True,3.0,3.0,0.0,0.9086391777049145,24.649558082655457,False,0.35514586849226154,0.005018708040427921,104.70782573203216,0.8648789351824246,27.499503909029528,99.0,99.0,1.279422854994308,3.0,68.20530667667494,6.873175990801368,-0.6462586930266447,0.0,0.0,0.0,1.0,0,0,True,1,318,24,False,False,False,0
128,818,NOISE_CRASH,AMBER,True,3.0,3.0,0.0,0.0,24.79460227438991,False,0.36605270302299764,0.005018708040427921,72.44118368629749,0.7187070195167987,20.917628531297552,99.0,99.0,1.2588816504592362,3.0,45.83847520511178,8.942629440689709,0.03659075138402376,0.0,0.0,0.0,1.0,0,0,True,1,319,24,False,False,False,0
128,819,NOISE_CRASH,AMBER,True,3.0,3.0,0.0,0.5169664244967258,25.000102178502942,False,0.38510427901766336,0.005018708040427921,126.53705456461971,1.001105236178521,30.189938517986977,99.0,99.0,1.183261407609767,3.0,55.32378150270177,10.077113156526483,-1.7629757514906927,0.0,0.0,0.0,1.0,0,0,True,1,320,24,False,False,False,0
128,820,NOISE_CRASH,AMBER,True,3.0,3.0,0.0,0.0,25.11009196065265,False,0.39179823137948383,0.005046064109798853,44.459997193817806,0.6082360244116796,21.428338067170948,99.0,99.0,1.1377795486307831,3.0,49.81047609146482,11.744733316667968,-1.6604821111157857,0.0,0.0,0.0,1.0,0,0,True,1,321,24,False,False,False,0
128,821,NOISE_CRASH,AMBER,True,3.0,3.0,0.0,1.185499486847799,25.380980190180317,False,0.4042256850702021,0.005101414317133702,82.09337958129728,0.806046687736762,25.285137807467784,99.0,99.0,1.1800263731216807,3.0,50.84871533445295,13.120780619432592,-1.733658314968957,0.0,0.0,0.0,1.0,0,0,True,1,322,24,False,False,False,0
128,822,NOISE_CRASH,AMBER,True,3.0,3.0,0.0,1.4893451959092996,25.668837224569135,False,0.4156836410234954,0.005195909614051415,74.86783887107819,0.7861575501799796,27.974922091610793,99.0,99.0,1.2273270000391183,3.0,49.622388917560855,15.767215745850235,-1.9592286267606003,0.0,0.0,0.0,1.0,0,0,True,1,323,24,False,False,False,0
128,823,NOISE_CRASH,AMBER,True,3.0,3.0,0.0,0.15594765035902647,25.73456591141428,False,0.42390179418476,0.005380866121605552,52.72194072968509,0.689622079732315,20.78343953872135,99.0,99.0,1.2001707937814232,3.0,56.255573004798094,13.543082250744295,-1.6440330775497696,0.0,0.0,0.0,1.0,0,0,True,1,324,24,False,False,False,0
128,824,NOISE_CRASH,AMBER,True,3.0,3.0,0.0,0.16796585392866503,25.79546436909251,False,0.4408748888395505,0.005702534554357799,105.14474975592535,0.9896716160111122,28.52553391221741,99.0,99.0,1.185593851028985,3.0,73.18063384625135,6.04986008534197,0.041515758335249675,0.0,0.0,0.0,1.0,0,0,True,1,325,24,False,False,False,0
128,825,NOISE_CRASH,AMBER,True,3.0,3.0,0.0,1.183855147484754,25.99757692856855,False,0.45402211062491254,0.005823824641671814,76.85016583438967,0.8791156150182847,26.4137646192697,99.0,99.0,1.1969686067740684,3.0,59.60506385512014,7.299042663081609,-0.20611273349259313,0.0,0.0,0.0,1.0,0,0,True,1,326,24,False,False,False,0
128,826,NOISE_CRASH,AMBER,True,3.0,3.0,0.0,1.3326080657567902,26.201047405246428,False,0.4645224052604596,0.005982917617469976,60.099649752577136,0.8040319318098166,26.099687151366805,99.0,99.0,1.2008014554358009,3.0,54.78940339620267,10.186794046011327,-1.9957046098581663,0.0,0.0,0.0,1.0,0,0,True,1,327,24,False,False,False,0
128,827,NOISE_CRASH,AMBER,True,3.0,3.0,0.0,0.0,26.190942664721785,False,0.48010553827224967,0.00632659016617969,86.82014366083257,0.9839601723201291,28.85807770381525,99.0,99.0,1.2036774130678596,3.0,59.70501101039944,10.70262771431572,-1.9202964317936388,0.0,0.0,0.0,1.0,0,0,True,1,328,24,False,False,False,0
128,828,NOISE_CRASH,AMBER,True,3.0,3.0,0.0,0.4431388246879806,26.246103527829362,False,0.4977861680431885,0.006444178287584789,93.15512941686923,1.0694598639702109,36.64790631046354,99.0,99.0,1.1894904014651624,3.0,62.74881745319068,14.343780348978294,-2.6438506341802275,0.0,0.0,0.0,1.0,0,0,True,1,329,24,False,False,False,0
128,829,NOISE_CRASH,AMBER,True,3.0,3.0,0.0,0.8728393239763019,26.35805487702299,False,0.5164616726540607,0.006528435381228001,96.60142730093862,1.1203029884055977,31.98284143716999,99.0,99.0,1.2138976438993772,3.0,69.30177284258447,9.108546374968023,-0.9655875287123744,0.0,0.0,0.0,1.0,0,0,True,1,330,24,False,False,False,0
128,830,NOISE_CRASH,AMBER,True,0.6649130229011662,3.0,0.0,0.0,25.858226732969626,False,0.5176680593735874,0.006729467941945418,6.159652091604665,0.5566745633049477,19.748133404537082,99.0,99.0,1.224503669318949,3.0,49.573801192683334,9.097323009973465,-2.371123704855036,0.0,0.0,0.0,1.0,0,0,True,1,331,24,False,False,False,0
128,831,NOISE_CRASH,AMBER,True,3.0,3.0,0.0,0.0,25.882404059672663,False,0.5254974650746578,0.007042038446898333,38.781697496315275,0.7786482494092659,23.29576548348889,99.0,99.0,1.2224241365776491,3.0,59.49168761359613,6.54079379602703,-1.8263688919465368,0.0,0.0,0.0,1.0,0,0,True,1,332,24,False,False,False,0
128,832,NOISE_CRASH,AMBER,True,1.9620735264860847,3.0,0.0,0.0,25.69346457958207,False,0.5278949187766809,0.007042038446898333,11.348294105944339,0.6054125884754276,19.182400468722697,99.0,99.0,1.1820242760576118,3.0,47.16293978956252,8.35958615415889,-1.2553735525978416,0.0,0.0,0.0,1.0,0,0,True,1,333,24,False,False,False,0
128,833,NOISE_CRASH,AMBER,True,3.0,3.0,0.0,0.0,25.73411812162386,False,0.5313310678075183,0.007422889376985244,16.264935485883136,0.642433219804591,18.69667755708578,99.0,99.0,1.1668481254028877,3.0,48.53791062727377,7.3224625289222365,-2.113435388589871,0.0,0.0,0.0,1.0,0,0,True,1,334,24,False,False,False,0
128,834,NOISE_CRASH,AMBER,True,3.0,3.0,0.0,0.0,25.770706309461474,False,0.5383029153441392,0.008167256243295489,31.307878385997366,0.763725985694884,23.05265116942951,99.0,99.0,1.143516607144863,3.0,53.250072329974884,6.319293285543309,-0.752728888597903,0.0,0.0,0.0,1.0,0,0,True,1,335,24,False,False,False,0
128,835,NOISE_CRASH,AMBER,False,0.0,3.0,0.0,0.0,25.19463567851533,False,0.5375584703060567,0.008639308073803234,3.0383318293850383,0.5134880807413909,21.313260579796108,99.0,99.0,1.130968197838414,3.0,41.37743546409487,9.460683534881209,-1.8739373522887985,0.0,0.0,0.0,1.0,0,0,True,1,336,24,False,False,False,0
128,836,NOISE_CRASH,AMBER,True,3.0,3.0,0.0,0.0,25.285172110663797,False,0.5433747441358461,0.00874397623399364,22.441125223233712,0.7314342646323692,22.053326008467106,99.0,99.0,1.0751913334282817,3.0,58.430582089685096,7.363894956931868,-1.2984157284622195,0.0,0.0,0.0,1.0,0,0,True,1,337,24,False,False,False,0
128,837,NOISE_CRASH,AMBER,True,3.0,3.0,0.0,0.0,25.366654899597417,False,0.5531132733266899,0.008901039471137184,37.124716605792145,0.8679923838306416,29.300340816544562,99.0,99.0,1.0808943080238462,3.0,51.510323382828204,11.804276309845674,-1.3785047504643213,0.0,0.0,0.0,1.0,0,0,True,1,338,24,False,False,False,0
128,838,NOISE_CRASH,AMBER,True,0.16158408077861597,3.0,0.0,0.0,24.863790978035734,False,0.5542204744248695,0.008901039471137184,4.146336323114464,0.5900199765993416,14.756336314537762,99.0,99.0,1.0723802311992394,3.0,52.340213127471216,5.258674879960583,-2.373046784739193,0.0,0.0,0.0,1.0,0,0,True,1,339,24,False,False,False,0
128,839,NOISE_CRASH,AMBER,True,3.0,3.0,0.0,1.246657105690855,25.168177160557335,False,0.5696098017965201,0.009176088572859164,57.63119922323901,1.0671980534798906,37.3664140661881,99.0,99.0,0.9369945482849031,3.0,68.61856981620058,6.520008350218757,0.004721694609084602,0.0,0.0,0.0,1.0,0,0,True,1,340,24,False,False,False,0
128,840,NOISE_CRASH,AMBER,True,2.792424655096076,3.0,0.0,0.7959577635088424,25.334635525194887,False,0.5736481154128539,0.0092675842592227,14.669698620384304,0.7042202556743163,20.201444497198878,99.0,99.0,0.8266158589650348,3.0,46.9869053818926,8.4684278694989,-0.9361001585354635,0.0,0.0,0.0,1.0,0,0,True,1,341,24,False,False,False,0
128,841,NOISE_CRASH,AMBER,True,3.0,3.0,0.0,2.428765818289741,25.76334301632741,False,0.5790888410279786,0.009529777342699941,19.56901771070265,0.755005635917012,29.887358163456476,99.0,99.0,0.6539606017467523,3.0,50.30622759735778,15.204672244676619,-4.036511327960748,0.0,0.0,0.0,1.0,0,0,True,1,342,24,False,False,False,0
128,842,NOISE_CRASH,AMBER,True,3.0,3.0,0.0,0.0,25.79700871469467,False,0.5855886981489205,0.009835816711566693,22.735253536365228,0.7957507450593707,26.29021183606691,99.0,99.0,0.6247513455007669,3.0,59.30818035058662,13.881322638327456,-2.2327391731443087,0.0,0.0,0.0,1.0,0,0,True,1,343,24,False,False,False,0
128,843,NOISE_CRASH,AMBER,True,3.0,3.0,0.0,0.0,25.827307843225203,False,0.6006465332437952,0.010418397433334411,51.03062116901476,1.0875165346447448,35.20031323700899,99.0,99.0,0.6106243560356763,3.0,75.37916893899246,8.053846262151662,0.7539622804393873,0.0,0.0,0.0,1.0,0,0,True,1,344,24,False,False,False,0
128,844,NOISE_CRASH,AMBER,True,3.0,3.0,0.0,1.062078393098787,26.008578425902005,False,0.6113346475944788,0.01087780223246768,34.196284086476055,0.9569170115999117,35.323258054340926,99.0,99.0,0.5350563247665137,3.0,57.35960684205255,13.725247484732684,-2.7516389554475107,0.0,0.0,0.0,1.0,0,0,True,1,345,24,False,False,False,0
128,845,NOISE_CRASH,AMBER,False,0.0,3.0,0.0,0.0,25.408720583311805,False,0.6122689518540384,0.01106218935988812,2.863030109675951,0.642478122913134,20.16221691503889,99.0,99.0,0.5289533521129852,3.0,54.53473575968414,8.519457317751504,-0.8756618576056581,0.0,0.0,0.0,1.0,0,0,True,1,346,24,False,False,False,0
128,846,NOISE_CRASH,AMBER,True,3.0,3.0,0.0,0.6472962372731881,25.571706479385238,False,0.6275707463284754,0.01119240425749449,46.10839673962393,1.1223287676686062,39.530865542065065,99.0,99.0,0.5519832418970483,3.0,65.6612850122225,11.262791186522996,-2.0816992537940426,0.0,0.0,0.0,1.0,0,0,True,1,347,24,False,False,False,0
128,847,NOISE_CRASH,AMBER,True,0.09748830301030076,3.0,0.0,0.0,25.035325956957806,False,0.6262646084617183,0.011426804666421524,3.889953212041203,0.5840328174365711,23.053444925301132,99.0,99.0,0.5575864917002198,3.0,45.36181733764738,14.917083012409229,-2.5013175413889557,0.0,0.0,0.0,1.0,0,0,True,1,348,24,False,False,False,0
128,848,NOISE_CRASH,AMBER,True,3.0,3.0,0.0,0.0,25.141793361262025,False,0.637643841658476,0.01186694817471695,33.19456176054896,1.0055723816869766,29.791910143481385,99.0,99.0,0.5619052711860257,3.0,60.38590923749429,12.424239791418044,-1.500474134197931,0.0,0.0,0.0,1.0,0,0,True,1,349,24,False,False,False,0
128,849,NOISE_CRASH,AMBER,True,0.11725357013076299,3.0,0.0,0.0,24.652416499872366,False,0.6390568442616263,0.01232443028155262,3.969014280523052,0.6847439284301545,25.01655896169676,99.0,99.0,0.5615396620921316,3.0,46.87401470731122,16.964103713298062,-2.0121629169834025,0.0,0.0,0.0,1.0,0,0,True,1,350,24,False,False,False,0
128,850,NOISE_CRASH,AMBER,True,3.0,3.0,0.0,0.0,24.79717484988513,False,0.6457415191159621,0.012642916896023636,18.0797400004811,0.8618793394061538,27.188894161632838,99.0,99.0,0.5603552602351116,3.0,51.79174433838123,17.43387363906021,-1.3925264184220456,0.0,0.0,0.0,1.0,0,0,True,1,351,24,False,False,False,0
128,851,NOISE_CRASH,AMBER,True,3.0,3.0,0.0,0.11474054982154847,24.94409474462074,False,0.6519345195034087,0.012827613199052809,16.327984115212104,0.8521748653641827,29.752073745622166,99.0,99.0,0.5512618242692622,3.0,61.041276426723776,15.499567749534028,-2.3749559816643218,0.0,0.0,0.0,1.0,0,0,True,1,352,24,False,False,False,0
128,852,NOISE_CRASH,AMBER,True,1.1465308049259595,3.0,0.0,1.8242742988861145,24.947950796897125,False,0.655046289331676,0.013491514916445181,8.086123219703838,0.7556601804456491,26.859949450372433,99.0,99.0,0.516319229481083,3.0,48.72736714647359,17.96999017296767,-3.3246016935774705,0.0,0.0,0.0,1.0,0,0,True,1,353,24,False,False,False,0
128,853,NOISE_CRASH,AMBER,True,0.6215664304728492,3.0,0.0,1.7351299079556366,24.83192753924697,False,0.6526233755332549,0.01452544691471416,5.986265721891397,0.5742824960509737,21.949519792011007,99.0,99.0,0.4747611487425769,3.0,54.22908128215588,14.245076292937032,-1.9600237614654148,0.0,0.0,0.0,1.0,0,0,True,1,354,24,False,False,False,0
128,854,NOISE_CRASH,AMBER,True,3.0,3.0,0.0,1.7720732047287533,25.215685400007942,False,0.6604734878668072,0.015313218233503754,18.014620318039366,0.9142937866516668,28.19836078710785,99.0,99.0,0.517970716645691,3.0,62.185992494735444,12.8309212068149,-0.2861181140586529,0.0,0.0,0.0,1.0,0,0,True,1,355,24,False,False,False,0
128,855,NOISE_CRASH,AMBER,True,3.0,3.0,0.0,0.9942144773161388,25.44827795921799,False,0.6701505308326036,0.015680498232622624,21.064683722337122,0.9830415867266897,30.994568193680898,99.0,99.0,0.4584324183578139,3.0,67.07603800078279,8.328098208720382,-1.4404620541112156,0.0,0.0,0.0,1.0,0,0,True,1,356,24,False,False,False,0
128,856,NOISE_CRASH,AMBER,False,0.0,3.0,0.0,0.0,24.904450163296193,False,0.6709942012366652,0.016298768235496267,1.7934600281735955,0.698272877634659,28.002046517251795,99.0,99.0,0.45006204011423445,3.0,54.38627730097075,12.676985739007359,-2.4688995783877696,0.0,0.0,0.0,1.0,0,0,True,1,357,24,False,False,False,0
128,857,NOISE_CRASH,AMBER,True,1.8282095163576764,3.0,0.0,0.08930690603035607,24.799081180161583,False,0.6762812794845574,0.017028863455911203,10.812838065430705,0.8472301428330721,27.983998581494582,99.0,99.0,0.39657585183941624,3.0,58.545838379223234,8.442289814521173,-0.4021784007107116,0.0,0.0,0.0,1.0,0,0,True,1,358,24,False,False,False,0
128,858,NOISE_CRASH,AMBER,True,0.022393028027352546,3.0,0.0,0.0,24.324718846834976,False,0.6744474894836896,0.017432740338501517,3.58957211210941,0.6151549461222995,20.45549216554886,99.0,99.0,0.3445422477057978,3.0,53.204931046185976,8.630828111372363,-2.5224863165807325,0.0,0.0,0.0,1.0,0,0,True,1,359,24,False,False,False,0
128,859,NOISE_CRASH,AMBER,True,3.0,3.0,0.0,1.3388723045456952,24.696383446310605,False,0.6826358378860955,0.018457121697733076,15.657030475239933,0.9473924362305524,31.298122400611252,99.0,99.0,0.39983165030431556,3.0,60.04628846118483,10.337221710874179,-2.2749124472696507,0.0,0.0,0.0,1.0,0,0,True,1,360,24,False,False,False,0
128,860,NOISE_CRASH,AMBER,False,0.0,3.0,0.0,0.0,24.227745101679545,False,0.68344008518959,0.020123907418024178,1.4524606755509255,0.7094440813359105,23.43808263201773,99.0,99.0,0.3834583806578571,3.0,54.50279689487703,9.127689673740443,-1.0275111905767162,0.0,0.0,0.0,1.0,0,0,True,1,361,24,False,False,False,0
128,861,NOISE_CRASH,AMBER,True,2.1115427731708785,3.0,0.20003918118106234,0.0,24.39124445333005,False,0.6762279759575188,0.021394549573101513,11.946171092683514,0.4430364441205502,9.024144990205587,99.0,99.0,0.3423341183981262,3.0,43.66666211407789,3.7895012460911075,3.8001567247242494,0.0,0.0,0.20003918118106234,1.0,0,0,True,1,362,24,False,False,False,0
128,862,NOISE_CRASH,AMBER,False,0.0,3.0,0.0,1.35348749506591,24.149375694781604,False,0.6780030193133506,0.02651502885518817,2.765569410979781,0.7353960878185789,28.293005459022986,99.0,99.0,0.40167638652378024,3.0,64.1811449688301,6.694770008801417,-2.613522094811536,0.0,0.0,0.0,1.0,0,0,True,1,363,24,False,False,False,0
128,863,NOISE_CRASH,AMBER,True,0.9267260885345725,3.0,0.0,0.0,23.923563521275963,False,0.6837357576205473,0.3344551811710166,7.20690435413829,0.8690942962199086,29.144905870582193,99.0,99.0,0.38247777465554134,3.0,56.94967649555406,10.53955837219882,-1.865941835740746,0.0,0.0,0.0,1.0,0,0,True,1,364,24,False,False,False,0
128,864,NOISE_CRASH,AMBER,False,0.0,3.0,0.0,0.42611997499256327,23.593994565522287,False,0.6827370483514553,0.674222634316001,0.09953593439088627,0.650445448650817,19.9140334538052,99.0,99.0,0.281349204771178,3.0,59.59342755563424,4.777497667432232,-1.2659936391256865,0.0,0.0,0.0,1.0,0,0,True,1,365,24,False,False,False,0
128,865,NOISE_CRASH,AMBER,False,0.0,3.0,0.0,0.0,23.23559510897006,False,0.6792215262621395,0.7283286661608719,0.17380619350274673,0.5655529787075968,21.88116357490082,99.0,99.0,0.2164683115398378,3.0,45.972202863620225,8.561359803168495,-2.6505524821828073,0.0,0.0,0.0,1.0,0,0,True,1,366,24,False,False,False,0
128,866,NOISE_CRASH,AMBER,False,0.0,3.0,0.0,0.0,22.913035598073055,False,0.6831640759127117,0.7589941634958002,0.18043821119724154,0.8106398479478801,29.66923153970675,99.0,99.0,0.16349657778347704,3.0,54.285601450636385,11.04409303892483,-2.84312248263782,0.0,0.0,0.0,1.0,0,0,True,1,367,24,False,False,False,0
128,867,NOISE_CRASH,AMBER,False,0.0,3.0,0.0,0.8915071161171433,22.752000570102737,False,0.6806579103692922,0.751997237311861,0.11006520927980293,0.5996252244653975,16.556826613949795,99.0,99.0,0.06480080490419493,3.0,56.21695081031068,5.787906440113374,0.7458338557168079,0.0,0.0,0.0,1.0,0,0,True,1,368,24,False,False,False,0
128,868,NOISE_CRASH,AMBER,False,0.0,3.0,0.0,0.0,22.477800513092465,False,0.6845931036168124,0.7153996159642859,0.17443296563106006,0.8118310186199642,26.76937184649334,99.0,99.0,0.027257517159413824,3.0,57.62355781112429,7.333986758073248,0.3461066421035113,0.0,0.0,0.0,1.0,0,0,True,1,369,24,False,False,False,0
128,869,NOISE_CRASH,AMBER,False,0.0,3.0,0.0,0.6370944054877159,22.323399150578936,False,0.681443788449546,0.6592916386521497,0.14673920687071432,0.5796159313745994,29.297366971981646,99.0,99.0,0.0,3.0,44.727692609550125,17.313927628977297,-2.710986827413868,0.0,0.0,0.0,1.0,0,0,True,1,370,24,False,False,False,0
128,870,NOISE_CRASH,AMBER,False,0.0,3.0,0.0,0.0,22.092059235521045,False,0.6839780388367058,0.6249373006299727,0.12812996245186645,0.7659188013548754,18.281035031089957,99.0,99.0,0.0,3.0,59.85134378141029,7.332327175823817,-1.218487142336065,0.0,0.0,0.0,1.0,0,0,True,1,371,24,False,False,False,0
128,871,NOISE_CRASH,AMBER,False,0.0,3.0,0.0,0.5741567491189155,21.967106040591183,False,0.6874279346751182,0.605437544309353,0.1840129047044521,0.7989745667837865,30.434538664794427,99.0,99.0,0.0,3.0,60.5872408108403,9.471315472985292,-2.4843019441090775,0.0,0.0,0.0,1.0,0,0,True,1,372,24,False,False,False,0
128,872,NOISE_CRASH,AMBER,False,0.0,3.0,0.0,1.2866760448167596,21.957963463030495,False,0.6937241904978432,0.581169257140658,0.34665044489476904,0.8973031287659519,32.315341562047905,99.0,99.0,0.0,3.0,66.09160659985922,10.435915752035324,-1.5085630758621407,0.0,0.0,0.0,1.0,0,0,True,1,373,24,False,False,False,0
128,873,NOISE_CRASH,AMBER,False,0.0,3.0,0.0,1.44400990711144,21.972548553258605,False,0.6942951355348099,0.5648438732483732,0.03274691666565518,0.712755691730069,22.70927973111781,99.0,99.0,0.0,3.0,64.28970927337278,6.3384893614031155,-0.13825101103624396,0.0,0.0,0.0,1.0,0,0,True,1,374,24,False,False,False,0
128,874,NOISE_CRASH,AMBER,False,0.0,3.0,0.0,0.0,21.776293697932747,False,0.6931373441861154,0.5384135922062971,0.0683251545857057,0.6557020905783261,26.640288299470175,99.0,99.0,0.0,3.0,53.67397592662406,8.240279209246012,-1.1055599533409213,0.0,0.0,0.0,1.0,0,0,True,1,375,24,False,False,False,0
128,875,NOISE_CRASH,AMBER,False,0.0,3.0,0.0,1.008519083587185,21.745899595259615,False,0.6938068073651638,0.5047648672198842,0.041446649238864236,0.7154527834877267,22.80804780763186,99.0,99.0,0.0,3.0,53.69861978448529,10.520556539839435,-0.4268945195099564,0.0,0.0,0.0,1.0,0,0,True,1,376,24,False,False,False,0
128,876,NOISE_CRASH,AMBER,False,0.0,3.0,0.0,0.0,21.572309635733657,False,0.7053977914712786,0.4930741214416817,0.7654378542597488,1.080172944235659,35.42407143957393,99.0,99.0,0.0,3.0,71.81062666002724,5.194291794873754,-2.1263450889638267,0.0,0.0,0.0,1.0,0,0,True,1,377,24,False,False,False,0
128,877,NOISE_CRASH,AMBER,False,0.0,3.0,0.0,0.0,21.416078672160292,False,0.7031220527963292,0.4598008842328066,0.15384696241986137,0.629539835639634,18.342166190730723,99.0,99.0,0.0,3.0,52.31822160332755,4.67221333414515,-0.9554187297530579,0.0,0.0,0.0,1.0,0,0,True,1,378,24,False,False,False,0
128,878,NOISE_CRASH,AMBER,False,0.0,3.0,0.0,0.0,21.275470804944266,False,0.7054413526435797,0.4255855004956209,0.16813798659248466,0.7804320477046774,26.266755968805143,99.0,99.0,0.0,3.0,66.09544957507121,3.1171799170839187,-2.953228740228318,0.0,0.0,0.0,1.0,0,0,True,1,379,24,False,False,False,0
128,879,NOISE_CRASH,AMBER,False,0.0,3.0,0.0,0.6440089465442902,21.242305021698762,False,0.7010571273856178,0.4198261506496892,0.3433877370396145,0.5593005107115167,21.93729168815938,99.0,99.0,0.0,3.0,49.064228795010386,6.274674154407315,-2.469455374699047,0.0,0.0,0.0,1.0,0,0,True,1,380,24,False,False,False,0
128,880,NOISE_CRASH,AMBER,False,0.0,3.0,0.0,0.06494434164079621,21.1284914490668,False,0.7019060758818639,0.40625471793163886,0.06740476543543668,0.7293554105938224,27.225541737591143,99.0,99.0,0.0,3.0,57.27874216299557,6.4518759221691155,-0.8729244592731756,0.0,0.0,0.0,1.0,0,0,True,1,381,24,False,False,False,0
128,881,NOISE_CRASH,AMBER,False,0.0,3.0,0.0,0.7849603457876091,21.130461554299323,False,0.7011599771325226,0.3975603043849788,0.06121764797710313,0.6770361175704875,17.884642937933126,99.0,99.0,0.0,3.0,44.56349789478646,4.396529163565018,0.6110686893110819,0.0,0.0,0.0,1.0,0,0,True,1,382,24,False,False,False,0
128,882,NOISE_CRASH,AMBER,False,0.0,3.0,0.0,0.4265032841995233,21.080258375078323,False,0.6994144926010075,0.38630936272519834,0.14634966588824408,0.6429771594153524,20.240536927224568,99.0,99.0,0.0,3.0,47.748737061319765,4.670240066995388,-2.2869858558041796,0.0,0.0,0.0,1.0,0,0,True,1,383,24,False,False,False,0
128,883,NOISE_CRASH,AMBER,False,0.0,3.0,0.0,1.407710878571137,21.177350614963306,False,0.6971573759257401,0.38045632039769306,0.19475899309857855,0.6241772700920943,20.029627435009203,99.0,99.0,0.0,3.0,55.71683031875682,1.1055487000233168,2.2808040388854924,0.0,0.0,0.0,1.0,0,0,True,1,384,24,False,False,False,0
128,884,NOISE_CRASH,AMBER,False,0.0,3.0,0.0,0.0,21.060615553466977,False,0.6912554759056181,0.3787421516076986,0.517089584594335,0.5004273752550078,18.50688699751436,99.0,99.0,0.0,3.0,45.01643999925131,3.894519953665285,-2.2439934185616073,0.0,0.0,0.0,1.0,0,0,True,1,385,24,False,False,False,0
128,885,NOISE_CRASH,AMBER,False,0.0,3.0,0.0,0.0,20.95555399812028,False,0.6879091331575617,0.3638901709065208,0.2945137154527268,0.5797107176370748,24.72273161659452,99.0,99.0,0.0,3.0,50.08410412882646,8.18864345940086,-2.7101131818310233,0.0,0.0,0.0,1.0,0,0,True,1,386,24,False,False,False,0
128,886,NOISE_CRASH,AMBER,False,0.0,3.0,0.0,1.5734207755439988,21.089144610762133,False,0.6865872819269402,0.3420249424252287,0.12108518231645868,0.6438474254701784,22.64068078620229,99.0,99.0,0.0,3.0,52.53097425503209,10.303923794655535,-1.7940384996952945,0.0,0.0,0.0,1.0,0,0,True,1,387,24,False,False,False,0
128,887,NOISE_CRASH,AMBER,False,0.0,3.0,0.0,0.35365954527767207,21.03251078375118,False,0.6897982461973396,0.328243048335579,0.31293665774112284,0.7936194242735912,29.581515216515395,99.0,99.0,0.0,3.0,59.71067177623431,9.338284412755552,-1.6502033381119667,0.0,0.0,0.0,1.0,0,0,True,1,388,24,False,False,False,0
128,888,NOISE_CRASH,AMBER,False,0.0,3.0,0.0,0.0,20.930259705376066,False,0.694178699828415,0.3163303379538222,0.44483842620961406,0.8358133672331849,27.414681115761155,99.0,99.0,0.0,3.0,70.52077398377776,4.948827493630558,-0.8252319589514497,0.0,0.0,0.0,1.0,0,0,True,1,389,24,False,False,False,0
128,889,NOISE_CRASH,AMBER,False,0.0,3.0,0.0,1.1674568659189388,21.007514980396707,False,0.6948726576722806,0.29661867508367035,0.07312586038531839,0.7173106279572667,30.144985658691322,99.0,99.0,0.0,3.0,48.82502473379348,11.593893848880017,-2.3528717723685695,0.0,0.0,0.0,1.0,0,0,True,1,390,24,False,False,False,0
128,890,NOISE_CRASH,AMBER,False,0.0,3.0,0.0,0.0,20.907763482357037,False,0.6962938941654309,0.27055836085223733,0.15971533066255145,0.7422472074439569,21.89403340373493,99.0,99.0,0.0,3.0,50.250960982581695,11.628088339437415,-0.628711484153404,0.0,0.0,0.0,1.0,0,0,True,1,391,24,False,False,False,0
128,891,NOISE_CRASH,AMBER,False,0.0,3.0,0.0,1.881784650506305,21.09084590844475,False,0.698143081490124,0.262034707486297,0.22782359153719206,0.7579334716552032,27.099964714835753,99.0,99.0,0.0,3.0,57.96382000624266,12.148111752093959,0.027837376666724423,0.0,0.0,0.0,1.0,0,0,True,1,392,24,False,False,False,0
128,892,NOISE_CRASH,AMBER,False,0.0,3.0,0.0,0.5678271730270801,21.0650962576892,False,0.7006348725109701,0.25826244004818877,0.31697976764858155,0.7812027821849945,35.326417401978134,99.0,99.0,0.0,3.0,51.912619334562805,16.576644715741505,-2.342837987064178,0.0,0.0,0.0,1.0,0,0,True,1,393,24,False,False,False,0
128,893,NOISE_CRASH,AMBER,False,0.0,3.0,0.0,0.904522484408097,21.090742392159456,False,0.704333866374164,0.25119937705637546,0.4774205471643014,0.823934667950764,29.116158040032246,99.0,99.0,0.0,3.0,68.7426058720732,9.844945918652076,-1.4661289001728133,0.0,0.0,0.0,1.0,0,0,True,1,394,24,False,False,False,0
128,894,NOISE_CRASH,AMBER,False,0.0,3.0,0.0,0.0,20.98266815294351,False,0.701834567888661,0.24895025147117028,0.33164871064974505,0.6210239168573979,23.6851974523669,99.0,99.0,0.0,3.0,50.631810546522374,13.27908566010528,-2.485908534259379,0.0,0.0,0.0,1.0,0,0,True,1,395,24,False,False,False,0
128,895,NOISE_CRASH,AMBER,False,0.0,3.0,0.0,0.30615160941140585,20.92979332101381,False,0.7014370963091597,0.24175632486385715,0.053219679722134414,0.6885855152386205,31.028191832745083,99.0,99.0,0.0,3.0,52.46659318474828,16.96277293048451,-2.44854810902728,0.0,0.0,0.0,1.0,0,0,True,1,396,24,False,False,False,0
128,896,NOISE_CRASH,AMBER,False,0.0,3.0,0.0,0.45162508553440595,20.903299626314922,False,0.6998878236621678,0.23092240068048725,0.21361352839672362,0.6497946747427666,13.544101869891081,99.0,99.0,0.0,3.0,44.15408613685128,9.973118465189538,-0.12998441992004559,0.0,0.0,0.0,1.0,0,0,True,1,397,24,False,False,False,0
128,897,NOISE_CRASH,AMBER,False,0.0,3.0,0.0,0.0,20.81396966368343,False,0.6888256709566427,0.23092240068048725,1.5968066434044461,0.33114940014466243,18.31505681610948,99.0,99.0,0.0,3.0,33.82319917829285,11.820811756402192,-0.7448609707927927,0.0,0.0,0.0,1.0,0,0,True,1,398,24,False,False,False,0
128,898,NOISE_CRASH,AMBER,False,0.0,3.0,0.0,0.0,20.73357269731509,False,0.688404057630904,0.21879362211597853,0.06085930807584045,0.6747718934320163,22.33422015657029,99.0,99.0,0.0,3.0,60.20219922854222,9.263541225686298,-1.3749551114562342,0.0,0.0,0.0,1.0,0,0,True,1,399,24,False,False,False,0
128,899,NOISE_CRASH,AMBER,False,0.0,3.0,0.0,0.0,20.66121542758358,False,0.683979048067207,0.21861650752712272,0.6741527351821591,0.5409037388410053,22.563521889112483,99.0,99.0,0.0,3.0,49.84688784223368,8.761854865228505,-0.45013049123080556,0.0,0.0,0.0,1.0,0,0,True,1,400,24,False,False,False,0
128,900,NOISE_CRASH,AMBER,False,0.0,3.0,0.0,0.7851509013682703,20.709940765523623,False,0.6863007569662825,0.21239583735353829,0.3540002423021451,0.7613693447030572,24.59736411534879,99.0,99.0,0.0,3.0,50.92063373467097,9.921170010226843,-1.2051260472102405,0.0,0.0,0.0,1.0,0,0,True,1,401,24,False,False,False,0
128,901,NOISE_CRASH,AMBER,False,0.0,3.0,0.0,0.0,20.63994668897126,False,0.6838718245870282,0.2058142680155545,0.38119585416845575,0.605336344324476,20.95009527097013,99.0,99.0,0.0,3.0,58.78046746362974,4.400690247686617,1.7196039860174261,0.0,0.0,0.0,1.0,0,0,True,1,402,24,False,False,False,0
128,902,NOISE_CRASH,AMBER,False,0.0,3.0,0.0,0.930930066183292,20.71193687967071,False,0.676141995747144,0.2058142680155545,1.2519101023161519,0.4262108632575515,14.36119554856431,99.0,99.0,0.0,3.0,40.40222309326369,6.5014810444628175,0.23898316284035206,0.0,0.0,0.0,1.0,0,0,True,1,403,24,False,False,False,0
128,903,NOISE_CRASH,AMBER,False,0.0,3.0,0.0,0.0,20.64174319170364,False,0.6727139748835673,0.20390607069762196,0.5551965042121593,0.5618746336279237,30.087798096724626,99.0,99.0,0.0,3.0,52.60407193469936,11.138513219371124,-1.03647480394351,0.0,0.0,0.0,1.0,0,0,True,1,404,24,False,False,False,0
128,904,NOISE_CRASH,AMBER,False,0.0,3.0,0.0,0.0,20.57856887253328,False,0.6743944756894662,0.20233609055956953,0.2747181255482663,0.7287306684135303,22.80902557102624,99.0,99.0,0.0,3.0,58.58754768980289,5.44895057178304,-0.16877214964823722,0.0,0.0,0.0,1.0,0,0,True,1,405,24,False,False,False,0
128,905,NOISE_CRASH,AMBER,False,0.0,3.0,0.0,0.0,20.521711985279953,False,0.6738948521993554,0.19387283480737313,0.08230917327189205,0.6577403593524414,25.898873118459125,99.0,99.0,0.0,3.0,52.447908469482286,8.662160317889985,-1.6338418548036209,0.0,0.0,0.0,1.0,0,0,True,1,406,24,False,False,False,0
128,906,NOISE_CRASH,AMBER,False,0.0,3.0,0.0,0.0,20.47054078675196,False,0.6758112387224869,0.19486784686145658,0.32949201384774784,0.7377744029704085,24.00351477285701,99.0,99.0,0.0,3.0,57.74186321389136,6.351051211233596,-1.0891278846965153,0.0,0.0,0.0,1.0,0,0,True,1,407,24,False,False,False,0
128,907,NOISE_CRASH,AMBER,False,0.0,3.0,0.0,0.0,20.424486708076767,False,0.6742180023286926,0.191593609223717,0.2725327992714221,0.6227033589293394,28.817749632401277,99.0,99.0,0.0,3.0,52.13830099205666,9.939185091043582,-2.7916817313172384,0.0,0.0,0.0,1.0,0,0,True,1,408,24,False,False,False,0
128,908,NOISE_CRASH,AMBER,False,0.0,3.0,0.0,0.9092726078076221,20.514882565401194,False,0.6751598376453632,0.1866449215642298,0.16385990473738357,0.7056125128843823,25.38495340379986,99.0,99.0,0.0,3.0,62.58167071234778,5.324027699921721,-0.6404947506490415,0.0,0.0,0.0,1.0,0,0,True,1,409,24,False,False,False,0
128,909,NOISE_CRASH,AMBER,False,0.0,3.0,0.0,0.0,20.464394308861078,False,0.6742082878502474,0.18220664047686805,0.16993940278704925,0.6434415111415024,26.917789745593392,99.0,99.0,0.0,3.0,51.412279548150195,9.313744558624961,-1.768729756179007,0.0,0.0,0.0,1.0,0,0,True,1,410,24,False,False,False,0
128,910,NOISE_CRASH,AMBER,False,0.0,3.0,0.0,0.0,20.418954877974972,False,0.6731887181476505,0.17340096069880942,0.1865226023831084,0.6402226310970186,21.39915374980636,99.0,99.0,0.0,3.0,58.429044132429645,8.178253868155394,-1.1061583289845012,0.0,0.0,0.0,1.0,0,0,True,1,411,24,False,False,False,0
128,911,NOISE_CRASH,AMBER,False,0.0,3.0,0.0,0.0,20.378059390177476,False,0.6727877137743858,0.1662805904557022,0.07708614985918451,0.6598219057054955,22.788323698909732,99.0,99.0,0.0,3.0,57.88639169822975,6.231430115527775,-1.5070711808292185,0.0,0.0,0.0,1.0,0,0,True,1,412,24,False,False,False,0
128,912,NOISE_CRASH,AMBER,False,0.0,3.0,0.0,0.0,20.34125345115973,False,0.6686226180277925,0.1662805904557022,0.8349532829174809,0.5339511888879401,25.729478048422838,99.0,99.0,0.0,3.0,57.42389513761723,9.923632922938467,-1.5656729503862143,0.0,0.0,0.0,1.0,0,0,True,1,413,24,False,False,False,0
128,913,NOISE_CRASH,AMBER,False,0.0,3.0,0.0,0.0,20.30812810604376,False,0.6683174924932482,0.16103868082987752,0.061166797180611805,0.6584517668763162,24.26219704495686,99.0,99.0,0.0,3.0,49.71611223409862,10.188994408611729,-2.1247821605489636,0.0,0.0,0.0,1.0,0,0,True,1,414,24,False,False,False,0
128,914,NOISE_CRASH,AMBER,False,0.0,3.0,0.0,0.46445873904111057,20.345661812600348,False,0.6683926954206678,0.1567485078892422,0.015566224427597409,0.6708242567405703,24.08553554538029,99.0,99.0,0.0,3.0,54.038929220218186,8.15390518035657,-0.9730478802341366,0.0,0.0,0.0,1.0,0,0,True,1,415,24,False,False,False,0
128,915,NOISE_CRASH,AMBER,False,0.0,3.0,0.0,0.0,20.312095631340316,False,0.6688961915280354,0.15459897504059822,0.10707089850434946,0.6851758989995851,20.903911061698754,99.0,99.0,0.0,3.0,60.56146681057084,4.223671576426211,-0.17874564152856745,0.0,0.0,0.0,1.0,0,0,True,1,416,24,False,False,False,0
128,916,NOISE_CRASH,AMBER,False,0.0,3.0,0.0,1.12513858575939,20.445031163141397,False,0.6734102538220874,0.15650986116938068,0.9732842219397295,0.8193649346631037,31.72939437791284,99.0,99.0,0.0,3.0,63.25545484878312,7.031570574949247,-2.2370801227424693,0.0,0.0,0.0,1.0,0,0,True,1,417,24,False,False,False,0
128,917,NOISE_CRASH,AMBER,False,0.0,3.0,0.0,1.4535869772677112,20.612298158531075,False,0.6705942159542091,0.15650986116938068,0.5997572819241468,0.5795423248928141,22.634414427525787,99.0,99.0,0.0,3.0,47.03461871407097,11.302515854968933,-2.5568298834239567,0.0,0.0,0.0,1.0,0,0,True,1,418,24,False,False,False,0
128,918,NOISE_CRASH,AMBER,False,0.0,3.0,0.0,0.4924044085592538,20.62346698191906,False,0.6819084824793266,0.15607047851348646,2.4097025879778804,1.0477364334581245,34.54123735225869,99.0,99.0,0.0,3.0,68.73598570827907,10.201187920183632,-0.14219058595221565,0.0,0.0,0.0,1.0,0,0,True,1,419,24,False,False,False,0
128,919,NOISE_CRASH,AMBER,False,0.0,3.0,0.0,0.5538075069549295,20.642422372235618,False,0.6799130867417691,0.15138086450529814,0.4261740713902334,0.6153952912274121,22.13936839924681,99.0,99.0,0.0,3.0,52.33717091094667,9.601057223978692,-0.11162975060344751,0.0,0.0,0.0,1.0,0,0,True,1,420,24,False,False,False,0
128,920,NOISE_CRASH,AMBER,False,0.0,3.0,0.0,2.4126680093909547,20.929016996373747,False,0.6929573447318816,0.1523129911251836,2.8722824452835654,1.114721686412187,37.12912183441366,99.0,99.0,0.0,3.0,71.14993579917821,8.31962423868961,-2.6593437487534093,0.0,0.0,0.0,1.0,0,0,True,1,421,24,False,False,False,0
128,921,NOISE_CRASH,AMBER,False,0.0,3.0,0.0,1.2516184097202063,21.018599966145803,False,0.6948063486675109,0.1504177397855123,0.4046500831325555,0.7545908092528554,25.787787489431043,99.0,99.0,0.0,3.0,61.30449103969828,6.385019306260756,-1.6347622888779108,0.0,0.0,0.0,1.0,0,0,True,1,422,24,False,False,False,0
128,922,NOISE_CRASH,AMBER,False,0.0,3.0,0.0,0.03878746920040976,20.923364152565284,False,0.6904837424578095,0.1504177397855123,0.957911439582657,0.5507194750108013,28.30771090074877,99.0,99.0,0.0,3.0,56.499264312517134,12.210998620566167,-2.8585078134047333,0.0,0.0,0.0,1.0,0,0,True,1,423,24,False,False,False,0
128,923,NOISE_CRASH,AMBER,False,0.0,3.0,0.0,0.0,20.832027737308756,False,0.6947049430541399,0.15426048987568142,0.9354394418170864,0.8311904290021569,31.71558733072694,99.0,99.0,0.0,3.0,55.47478204829765,15.120180544056543,-2.350684310442499,0.0,0.0,0.0,1.0,0,0,True,1,424,24,False,False,False,0
128,924,NOISE_CRASH,AMBER,False,0.0,3.0,0.0,0.0,20.749824963577883,False,0.692735358148985,0.1520494087674898,0.42559718450744555,0.6290521128823106,21.008552495289553,99.0,99.0,0.0,3.0,50.425100156235466,12.236660512777423,-1.5473752450429639,0.0,0.0,0.0,1.0,0,0,True,1,425,24,False,False,False,0
128,925,NOISE_CRASH,AMBER,False,0.0,3.0,0.0,0.1546590939311434,20.698268035840112,False,0.6897603040094212,0.1520494087674898,0.652212146845228,0.5935668868301929,23.654839195492283,99.0,99.0,0.0,3.0,51.88714830001202,12.15685481026525,-1.792976340187349,0.0,0.0,0.0,1.0,0,0,True,1,426,24,False,False,False,0
128,926,NOISE_CRASH,AMBER,False,0.0,3.0,0.0,0.31022578407142243,20.674423970946457,False,0.6879756537967167,0.15095679842253953,0.3912434839812676,0.6302719635859366,23.404423327555644,99.0,99.0,0.0,3.0,60.4080445660911,8.337126565833739,-2.229675190792451,0.0,0.0,0.0,1.0,0,0,True,1,427,24,False,False,False,0
128,927,NOISE_CRASH,AMBER,False,0.0,3.0,0.0,0.0,20.607981573851813,False,0.6893669283297552,0.1498451337396421,0.30721251545189754,0.7343514715646701,25.013517645138673,99.0,99.0,0.0,3.0,62.57376704000054,5.826086509196291,-0.9926074834653466,0.0,0.0,0.0,1.0,0,0,True,1,428,24,False,False,False,0
128,928,NOISE_CRASH,AMBER,False,0.0,3.0,0.0,0.0,20.54818341646663,False,0.6822790930290882,0.15345885470002937,1.5767023645853344,0.45310575164085587,16.927191281973244,99.0,99.0,0.0,3.0,41.815832914652646,5.832859664135034,-1.1225879701334265,0.0,0.0,0.0,1.0,0,0,True,1,429,24,False,False,False,0
128,929,NOISE_CRASH,AMBER,False,0.0,3.0,0.0,2.4933822647897634,20.855905503214487,False,0.6856541087599344,0.15345885470002937,0.7330989442182839,0.7947796173906267,30.341457578996817,99.0,99.0,0.0,3.0,64.32264995925988,5.980730420907638,-1.1844210556085129,0.0,0.0,0.0,1.0,0,0,True,1,430,24,False,False,False,0
128,930,NOISE_CRASH,AMBER,False,0.0,3.0,0.0,0.0,20.77131495289304,False,0.6903841515778084,0.15345885470002937,1.0274291062404681,0.8433222026890714,34.40636474844432,99.0,99.0,0.0,3.0,56.35920169672332,13.918017714728427,-3.7400791201401797,0.0,0.0,0.0,1.0,0,0,True,1,431,24,False,False,False,0
128,931,NOISE_CRASH,AMBER,False,0.0,3.0,0.0,0.0,20.695183457603736,False,0.6901046617782868,0.15345885470002937,0.060708954650629886,0.6810678249270867,18.184268153859815,99.0,99.0,0.0,3.0,52.167493847277875,10.640269785269767,-1.9731236977920306,0.0,0.0,0.0,1.0,0,0,True,1,432,24,False,False,False,0
128,932,NOISE_CRASH,AMBER,False,0.0,3.0,0.0,0.0,20.626665111843366,False,0.6855132908746789,0.14820665867732066,0.997307695838666,0.5370589649913599,16.215228227764925,99.0,99.0,0.0,3.0,39.50739102526643,9.637531855324328,-1.3421742286241185,0.0,0.0,0.0,1.0,0,0,True,1,433,24,False,False,False,0
128,933,NOISE_CRASH,AMBER,False,0.0,3.0,0.0,0.0,20.56499860065903,False,0.68846055115516,0.1498451337396421,0.662871764508674,0.7837553002240493,29.377271408680677,99.0,99.0,0.0,3.0,63.76873754945029,7.839258065035781,0.19062833575384733,0.0,0.0,0.0,1.0,0,0,True,1,434,24,False,False,False,0
128,934,NOISE_CRASH,AMBER,False,0.0,3.0,0.0,0.0,20.50949874059313,False,0.6928251639342377,0.1498451337396421,0.9709163654837671,0.8339476437910823,27.807809168790236,99.0,99.0,0.0,3.0,60.59416087067765,6.9176587393848665,1.7973727268627442,0.0,0.0,0.0,1.0,0,0,True,1,435,24,False,False,False,0
128,935,NOISE_CRASH,AMBER,False,0.0,3.0,0.0,0.6064234966550641,20.5474802735488,False,0.6839608464785756,0.14917276937758206,1.9718841790048618,0.3973479154121698,27.443595186609272,99.0,99.0,0.0,3.0,44.38504720556598,12.30477660630427,-1.5398108988939074,0.0,0.0,0.0,1.0,0,0,True,1,436,24,False,False,False,0
128,936,NOISE_CRASH,AMBER,False,0.0,3.0,0.0,0.0,20.49373224619392,False,0.6788605537921204,0.14917276937758206,1.1396835824965483,0.5139510902634015,18.756787693940275,99.0,99.0,0.0,3.0,40.69039795612367,11.62673580763523,-1.5654535251753643,0.0,0.0,0.0,1.0,0,0,True,1,437,24,False,False,False,0
128,937,NOISE_CRASH,AMBER,False,0.0,3.0,0.0,0.6774597797366066,20.54359068963634,False,0.68880297709435,0.15101052852204455,2.2216796769084075,1.0102746638664393,36.24329513630349,99.0,99.0,0.0,3.0,67.28064077992269,10.477453846054287,-0.7620471706511144,0.0,0.0,0.0,1.0,0,0,True,1,438,24,False,False,False,0
128,938,NOISE_CRASH,AMBER,False,0.0,3.0,0.0,0.0,20.490231620672706,False,0.6857571835646,0.1523129911251836,0.67231372530985,0.5872765261026849,22.41448390117903,99.0,99.0,0.0,3.0,55.6954510480281,8.124322072335547,0.060233409740827554,0.0,0.0,0.0,1.0,0,0,True,1,439,24,False,False,False,0
128,939,NOISE_CRASH,AMBER,False,0.0,3.0,0.0,0.5171341504638667,20.517192910422693,False,0.6842431430008343,0.1523129911251836,0.33134415140404555,0.6352891647724141,21.29853531677927,99.0,99.0,0.0,3.0,52.78335281050906,8.140854587896275,0.8060594432460008,0.0,0.0,0.0,1.0,0,0,True,1,440,24,False,False,False,0
128,940,NOISE_CRASH,AMBER,False,0.0,3.0,0.0,3.0,20.901473619380425,False,0.6941248550450736,0.1523129911251836,2.1625890151676175,1.0136335444754792,35.162108886106196,99.0,99.0,0.0,3.0,69.77702797263643,7.596506471738605,-1.7592775351591035,0.0,0.0,0.0,1.0,0,0,True,1,441,24,False,False,False,0
128,941,NOISE_CRASH,AMBER,False,0.0,3.0,0.0,1.1455873536526378,20.978436423722016,False,0.6950578991745903,0.15120269667887815,0.20419447319716383,0.7252263260289648,30.979922864642848,99.0,99.0,0.0,3.0,62.75658974040998,7.937627902536257,-0.8246684449026145,0.0,0.0,0.0,1.0,0,0,True,1,442,24,False,False,False,0
128,942,NOISE_CRASH,AMBER,False,0.0,3.0,0.0,0.4882203185350613,20.9523847275374,False,0.687851217007158,0.14990062595683243,1.5887463926955714,0.45483516026017995,17.74177593191398,99.0,99.0,0.0,3.0,45.77833309484335,8.67957766549046,-1.5651687286808031,0.0,0.0,0.0,1.0,0,0,True,1,443,24,False,False,False,0
128,943,NOISE_CRASH,AMBER,False,0.0,3.0,0.0,0.0,20.858146254783662,False,0.6898342997288919,0.14561780471609886,0.44097719385218836,0.7539539743982885,27.796143628856026,99.0,99.0,0.0,3.0,57.91012574698513,8.357259877980882,0.5712408143577685,0.0,0.0,0.0,1.0,0,0,True,1,444,24,False,False,False,0
128,944,NOISE_CRASH,AMBER,False,0.0,3.0,0.0,1.0356832736063972,20.923505703978222,False,0.6842494359862931,0.14561780471609886,1.2784296887062558,0.5036721749756012,22.597706121428015,99.0,99.0,0.0,3.0,44.53805530073842,10.33067125913625,-0.7581971527178892,0.0,0.0,0.0,1.0,0,0,True,1,445,24,False,False,False,0
128,945,NOISE_CRASH,AMBER,False,0.0,3.0,0.0,0.0,20.8321551335804,False,0.6851902875871765,0.14400671070779106,0.21537009221223602,0.7156111560157427,22.06262508747761,99.0,99.0,0.0,3.0,58.20675408188049,6.25433847141445,0.8467379225811668,0.0,0.0,0.0,1.0,0,0,True,1,446,24,False,False,False,0
128,946,NOISE_CRASH,AMBER,False,0.0,3.0,0.0,0.5271358878121717,20.82637432395513,False,0.6831090032730335,0.14206980082646953,0.4817563255474773,0.6158141437824125,23.17448294221174,99.0,99.0,0.0,3.0,51.90841472869941,6.427067880373993,1.3519225555736651,0.0,0.0,0.0,1.0,0,0,True,1,447,24,False,False,False,0
128,947,NOISE_CRASH,AMBER,False,0.0,3.0,0.0,0.5034927059875638,20.817743333927815,False,0.6849082203623864,0.14158113760102775,0.4221439224208217,0.7430829062514642,26.565092783558068,99.0,99.0,0.0,3.0,59.0080804437811,6.397659951164189,-0.29468028457021517,0.0,0.0,0.0,1.0,0,0,True,1,448,24,False,False,False,0
128,948,NOISE_CRASH,AMBER,False,0.0,3.0,0.0,0.7274772364587947,20.842453199821563,False,0.6834058024360545,0.1410193848333593,0.35372365551631924,0.6348276228179919,21.305586531802174,99.0,99.0,0.0,3.0,45.91915530104247,6.723616361411127,-0.791258698508291,0.0,0.0,0.0,1.0,0,0,True,1,449,24,False,False,False,0
128,949,NOISE_CRASH,AMBER,False,0.0,3.0,0.0,0.0,20.75920787983941,False,0.6803912450331788,0.13677456234816188,0.7125633605710691,0.5829205556735312,28.75729089245875,99.0,99.0,0.0,3.0,49.63036387985765,10.185241325947157,-2.3870727228591133,0.0,0.0,0.0,1.0,0,0,True,1,450,24,False,False,False,0
128,950,NOISE_CRASH,AMBER,False,0.0,3.0,0.0,0.0,20.68428709185547,False,0.6849886987056565,0.14001450949015642,1.1204455939632891,0.833639700782434,28.60546025706912,99.0,99.0,0.0,3.0,58.559714916677585,8.947933731835716,-1.0284646268887234,0.0,0.0,0.0,1.0,0,0,True,1,451,24,False,False,False,0
128,951,NOISE_CRASH,AMBER,False,0.0,3.0,0.0,0.0,20.616858382669925,False,0.680522137374571,0.14723651921378259,1.0633567781295952,0.5361033210028081,18.726210313852214,99.0,99.0,0.0,3.0,46.141503494541354,7.188077018242968,0.20245680742912125,0.0,0.0,0.0,1.0,0,0,True,1,452,24,False,False,False,0
128,952,NOISE_CRASH,AMBER,False,0.0,3.0,0.0,0.010560627585609494,20.557703835402847,False,0.6774090767056609,0.14723651921378259,0.7047754831327042,0.5767534484108997,23.725021690593454,99.0,99.0,0.0,3.0,56.60223497740912,7.122976367277161,-0.9398471057300052,0.0,0.0,0.0,1.0,0,0,True,1,453,24,False,False,False,0
128,953,NOISE_CRASH,AMBER,False,0.0,3.0,0.0,0.5660930793492762,20.585016948368207,False,0.6742970060524311,0.14354401430908686,0.7045513504048958,0.573673388264674,27.492068783932428,99.0,99.0,0.0,3.0,50.4934630704401,11.315723991223129,-2.2360247844980434,0.0,0.0,0.0,1.0,0,0,True,1,454,24,False,False,False,0
128,954,NOISE_CRASH,AMBER,False,0.0,3.0,0.0,1.0280344985112901,20.676580255815523,False,0.6791375081189237,0.14354401430908686,1.1240459566335912,0.8356470749355146,27.4445710865299,99.0,99.0,0.0,3.0,67.32691558224755,6.074542242016465,-0.5575684962534572,0.0,0.0,0.0,1.0,0,0,True,1,455,24,False,False,False,0
128,955,NOISE_CRASH,AMBER,False,0.0,3.0,0.0,0.06713710316989407,20.619657110193607,False,0.6822095266722754,0.14213997583737475,0.7133743537683263,0.7815381265639799,24.926187335431642,99.0,99.0,0.0,3.0,58.363946019289926,5.624161117080232,-2.4672881850937687,0.0,0.0,0.0,1.0,0,0,True,1,456,24,False,False,False,0
128,956,NOISE_CRASH,AMBER,False,0.0,3.0,0.0,0.5312248522311986,20.63571900274777,False,0.6793654690937353,0.1482989460067912,0.6669616955129842,0.5874076073876053,22.93514296217852,99.0,99.0,0.0,3.0,53.661411100292085,8.768214842390222,-2.3591555996425977,0.0,0.0,0.0,1.0,0,0,True,1,457,24,False,False,False,0
128,957,NOISE_CRASH,AMBER,False,0.0,3.0,0.0,0.0475331383500186,20.580039407533746,False,0.6742434141558433,0.1436159954029958,1.1512904790879541,0.508630304497338,17.55859380688915,99.0,99.0,0.0,3.0,47.49305894026826,9.41470960707128,-0.9269025399330848,0.0,0.0,0.0,1.0,0,0,True,1,458,24,False,False,False,0
128,958,NOISE_CRASH,AMBER,False,0.0,3.0,0.0,1.2983675406875994,20.711298760180075,False,0.678472736536587,0.1482989460067912,0.9816275150679811,0.8152208268473007,37.25322177351461,99.0,99.0,0.0,3.0,61.611285084545194,12.5346337713604,-2.5141382339383798,0.0,0.0,0.0,1.0,0,0,True,1,459,24,False,False,False,0
128,959,NOISE_CRASH,AMBER,False,0.0,3.0,0.0,0.0,20.64116888416207,False,0.6809257020698172,0.1482989460067912,0.5513560276456255,0.7602382543109245,21.690571393940935,99.0,99.0,0.0,3.0,64.03905484769467,6.417121800754672,-1.0321105424242234,0.0,0.0,0.0,1.0,0,0,True,1,460,24,False,False,False,0
128,960,NOISE_CRASH,AMBER,False,0.0,3.0,0.0,1.3970985413845733,20.780631284246628,False,0.6848539834715779,0.14354401430908686,0.8829645585345418,0.8118684154618414,31.682163835473684,99.0,99.0,0.0,3.0,63.81012813945457,6.665779228107283,-1.8315854094906932,0.0,0.0,0.0,1.0,0,0,True,1,461,24,False,False,False,0
128,961,NOISE_CRASH,AMBER,False,0.0,3.0,0.0,0.9163301652675866,20.836436029785766,False,0.6832531703371045,0.14354401430908686,0.37173572212408945,0.6314935456557988,24.676085594188738,99.0,99.0,0.0,3.0,52.84004984032917,8.339330609193425,-0.7584255385277274,0.0,0.0,0.0,1.0,0,0,True,1,462,24,False,False,False,0
128,962,NOISE_CRASH,AMBER,False,0.0,3.0,0.0,0.0,20.75379242680719,False,0.679903627624773,0.1509820310472211,0.7778201291206147,0.5716017465927192,25.435273779394876,99.0,99.0,0.0,3.0,44.16857227901611,11.000135356321564,-1.0897082995074263,0.0,0.0,0.0,1.0,0,0,True,1,463,24,False,False,False,0
128,963,NOISE_CRASH,AMBER,False,0.0,3.0,0.0,0.4006268258111594,20.73750407386909,False,0.6763485152676303,0.1509820310472211,0.7848864160598242,0.5613998823866865,24.55611717225831,99.0,99.0,0.0,3.0,44.171079387997565,14.546804161299029,-1.9817268060382753,0.0,0.0,0.0,1.0,0,0,True,1,464,24,False,False,False,0
128,964,NOISE_CRASH,AMBER,False,0.0,3.0,0.0,0.0,20.664753666482184,False,0.6814424888736782,0.15250821865941958,1.1246313155536387,0.8461476354692269,25.560185757118607,99.0,99.0,0.0,3.0,59.2819278996211,9.880590819613317,-1.1155734406996294,0.0,0.0,0.0,1.0,0,0,True,1,465,24,False,False,False,0
128,965,NOISE_CRASH,AMBER,False,0.0,3.0,0.0,0.7612820457755625,20.709664196471422,False,0.6828017809774445,0.1509820310472211,0.2970970167410806,0.7267522256658882,24.587633848549473,99.0,99.0,0.0,3.0,64.41048541248429,5.8331818711035455,-0.5085835651997702,0.0,0.0,0.0,1.0,0,0,True,1,466,24,False,False,False,0
128,966,NOISE_CRASH,AMBER,False,0.0,3.0,0.0,0.11104222485248094,20.65579889942789,False,0.6733646460568684,0.1509820310472211,2.083500677778113,0.3682306169582432,15.944401107613972,99.0,99.0,0.0,3.0,35.9463598316124,6.34847385481304,0.6358474150318815,0.0,0.0,0.0,1.0,0,0,True,1,467,24,False,False,False,0
128,967,NOISE_CRASH,AMBER,False,0.0,3.0,0.0,0.32526529277741245,20.638382476937824,False,0.6728429505162488,0.1475759882184296,0.1151782846830841,0.6559747947028813,22.92719937687908,99.0,99.0,0.0,3.0,57.6577369644809,5.389505334483544,1.4833160531680911,0.0,0.0,0.0,1.0,0,0,True,1,468,24,False,False,False,0
128,968,NOISE_CRASH,AMBER,False,0.0,3.0,0.0,0.0,20.575544229244045,False,0.6678164654279032,0.14805427649035757,1.135343933437595,0.5052934475713967,19.15211012633743,99.0,99.0,0.0,3.0,51.97171858735045,5.582508493653599,-1.0566114125933912,0.0,0.0,0.0,1.0,0,0,True,1,469,24,False,False,False,0
128,969,NOISE_CRASH,AMBER,False,0.0,3.0,0.0,0.5230959584423303,20.59483872029378,False,0.6660237916582032,0.1474137172772042,0.40360733738903765,0.6080606731045696,23.558968172864954,99.0,99.0,0.0,3.0,51.177004059788445,5.3569765931644975,-0.8873332476423493,0.0,0.0,0.0,1.0,0,0,True,1,470,24,False,False,False,0
128,970,NOISE_CRASH,AMBER,False,0.0,3.0,0.0,0.9701510280147696,20.677026747326543,False,0.6628770766681633,0.14747843720241816,0.7115382584834766,0.5611332919902058,23.21259450081925,99.0,99.0,0.0,3.0,46.6351291350975,7.694651456187188,-1.48720010551911,0.0,0.0,0.0,1.0,0,0,True,1,471,24,False,False,False,0
128,971,NOISE_CRASH,AMBER,False,0.0,3.0,0.0,0.0,20.61032407259389,False,0.6609116100586013,0.142686433643802,0.4442381875944751,0.5973615230160955,19.86193651102114,99.0,99.0,0.0,3.0,57.520210907651574,4.84996101592457,0.17399946715807582,0.0,0.0,0.0,1.0,0,0,True,1,472,24,False,False,False,0
128,972,NOISE_CRASH,AMBER,False,0.0,3.0,0.0,0.6165444795396213,20.639690614867746,False,0.663678429387547,0.1402367156510039,0.6463635582559064,0.7531389210234545,26.951743214086164,99.0,99.0,0.0,3.0,66.5011328689016,2.465005176397653,-1.481794745395634,0.0,0.0,0.0,1.0,0,0,True,1,473,24,False,False,False,0
128,973,NOISE_CRASH,AMBER,False,0.0,3.0,0.0,0.806827881929999,20.693711596260822,False,0.6594030724942609,0.142686433643802,1.0162238596454602,0.5211665329446808,25.11402364084521,99.0,99.0,0.0,3.0,49.66633351063715,8.094278009787393,-3.1515074957181426,0.0,0.0,0.0,1.0,0,0,True,1,474,24,False,False,False,0
128,974,NOISE_CRASH,AMBER,False,0.0,3.0,0.0,0.20908744714635796,20.65565811647096,False,0.6603786308822082,0.1402367156510039,0.22790262606714243,0.6919216854258384,27.883662658648742,99.0,99.0,0.0,3.0,56.69889639206046,10.98055621801781,-2.872682628726881,0.0,0.0,0.0,1.0,0,0,True,1,475,24,False,False,False,0
128,975,NOISE_CRASH,AMBER,False,0.0,3.0,0.0,0.8198895595928597,20.709976290964832,False,0.6596040822239413,0.1402367156510039,0.18410505757385456,0.6345603422733118,19.456519421612263,99.0,99.0,0.0,3.0,59.429259503859676,6.720416947493816,-1.455049826505259,0.0,0.0,0.0,1.0,0,0,True,1,476,24,False,False,False,0
128,976,NOISE_CRASH,AMBER,False,0.0,3.0,0.0,0.0,20.63997866186835,False,0.6556682637091718,0.13803605246000558,0.9355178483986291,0.5284101317316238,24.900333666172894,99.0,99.0,0.0,3.0,49.44186542066689,10.180488173901123,-1.2783624134202465,0.0,0.0,0.0,1.0,0,0,True,1,477,24,False,False,False,0
128,977,NOISE_CRASH,AMBER,False,0.0,3.0,0.0,0.46022017327998777,20.643712720807116,False,0.6543421000754359,0.13445527744177285,0.32024571602891927,0.6114628092513118,20.554529398128786,99.0,99.0,0.0,3.0,60.500676804524495,4.85624897162874,-1.6699227793001292,0.0,0.0,0.0,1.0,0,0,True,1,478,24,False,False,False,0
128,978,NOISE_CRASH,AMBER,False,0.0,3.0,0.0,0.0,20.580341448726408,False,0.6542886526692876,0.13426347561977267,0.013250355351153754,0.6525605198704945,21.407839320789282,99.0,99.0,0.0,3.0,58.48506077607849,2.566654133626696,1.4497158987734664,0.0,0.0,0.0,1.0,0,0,True,1,479,24,False,False,False,0
128,979,NOISE_CRASH,AMBER,False,0.0,3.0,0.0,0.018295597096871452,20.525960165432814,False,0.654045226030648,0.12711898365502766,0.06043506061890955,0.6461744313813012,27.18958467261801,99.0,99.0,0.0,3.0,54.761003562136196,7.614440016725087,-2.591132652538083,0.0,0.0,0.0,1.0,0,0,True,1,480,24,False,False,False,0
128,980,NOISE_CRASH,AMBER,False,0.0,3.0,0.0,1.6880071988285748,20.719125192719677,False,0.6491943116091798,0.12721816958120497,1.272014161323697,0.4923480786483772,18.631542008028525,99.0,99.0,0.0,3.0,47.148567177550625,9.380506258509085,-2.0526292378446818,0.0,0.0,0.0,1.0,0,0,True,1,481,24,False,False,False,0
128,981,NOISE_CRASH,AMBER,False,0.0,3.0,0.0,0.0,20.64821267344771,False,0.648781237976467,0.12721816958120497,0.10823234712270352,0.6354251905187519,24.956463349862457,99.0,99.0,0.0,3.0,57.69928184004755,7.40428164225017,-0.8039909283665407,0.0,0.0,0.0,1.0,0,0,True,1,482,24,False,False,False,0
128,982,NOISE_CRASH,AMBER,False,0.0,3.0,0.0,0.7740808625924671,20.69663313117885,False,0.6506737396543774,0.12649948012902248,0.4958677637899045,0.711864627240144,24.664908127090467,99.0,99.0,0.0,3.0,61.08002774308405,5.527358617920912,-0.0318161219310286,0.0,0.0,0.0,1.0,0,0,True,1,483,24,False,False,False,0
128,983,NOISE_CRASH,AMBER,False,0.0,3.0,0.0,0.0,20.627969818060965,False,0.650391686824666,0.12335361758917339,0.07432252670754926,0.641271978663997,27.484429365054726,99.0,99.0,0.0,3.0,64.90101376825113,4.979317884162152,0.09265210589386319,0.0,0.0,0.0,1.0,0,0,True,1,484,24,False,False,False,0
128,984,NOISE_CRASH,AMBER,False,0.0,3.0,0.0,0.0,20.56617283625487,False,0.6483875595901006,0.12318379017278107,0.5415669394850365,0.5835874456724898,18.98268689440146,99.0,99.0,0.0,3.0,48.8170192332941,6.84889984811198,-0.21569329618788843,0.0,0.0,0.0,1.0,0,0,True,1,485,24,False,False,False,0
128,985,NOISE_CRASH,AMBER,False,0.0,3.0,0.0,1.3721616965242935,20.70951899862541,False,0.6521627555796754,0.12318379017278107,1.021561896598997,0.7742274259092597,31.66794381085044,99.0,99.0,0.0,3.0,61.59342795961835,8.098888319376139,-2.101077549406163,0.0,0.0,0.0,1.0,0,0,True,1,486,24,False,False,False,0
128,986,NOISE_CRASH,AMBER,False,0.0,3.0,0.0,0.38409948441960773,20.695261524003712,False,0.653255031820874,0.12335361758917339,0.29556817491071613,0.6885719636196289,23.22193972680176,99.0,99.0,0.0,3.0,54.894731065898945,6.6966238175901776,-0.3751225654743996,0.0,0.0,0.0,1.0,0,0,True,1,487,24,False,False,False,0
128,987,NOISE_CRASH,AMBER,False,0.0,3.0,0.0,0.0,20.626735371603342,False,0.6517433788180441,0.12142074515072977,0.4084876829107349,0.6028665983932157,24.929593520939125,99.0,99.0,0.0,3.0,48.46137519156696,9.56543096016795,-0.5688441971108245,0.0,0.0,0.0,1.0,0,0,True,1,488,24,False,False,False,0
128,988,NOISE_CRASH,AMBER,False,0.0,3.0,0.0,0.2052981352849519,20.594830064059327,False,0.6493775596824989,0.12360554130595436,0.6494824072575909,0.5728827409665377,18.317687278123508,99.0,99.0,0.0,3.0,49.62902321168611,9.624408192224049,-0.8136505481142082,0.0,0.0,0.0,1.0,0,0,True,1,489,24,False,False,False,0
128,989,NOISE_CRASH,AMBER,False,0.0,3.0,0.0,0.0,20.536347057653394,False,0.6480413503181383,0.12064637112170715,0.36034235742800874,0.6048372475371462,22.624973787071937,99.0,99.0,0.0,3.0,53.77198657776718,9.918283883042863,-1.7569045548358904,0.0,0.0,0.0,1.0,0,0,True,1,490,24,False,False,False,0
128,990,NOISE_CRASH,AMBER,False,0.0,3.0,0.0,0.0,20.483712351888055,False,0.6440454758954622,0.12117790827242689,1.1040184039587313,0.5148455362289384,16.367706396432407,99.0,99.0,0.0,3.0,51.241308806301426,7.420192754779026,0.45150482306947115,0.0,0.0,0.0,1.0,0,0,True,1,491,24,False,False,False,0
128,991,NOISE_CRASH,AMBER,False,0.0,3.0,0.0,0.0,20.43634111669925,False,0.6465409734250254,0.11701120689648696,0.6864555773518757,0.7272287268809037,32.72714519159095,99.0,99.0,0.0,3.0,56.085257307849304,11.728868945263887,-0.5985241174931692,0.0,0.0,0.0,1.0,0,0,True,1,492,24,False,False,False,0
128,992,NOISE_CRASH,AMBER,False,0.0,3.0,0.0,0.7898254300735583,20.50823169238999,False,0.6434165247056559,0.12142674275725901,0.890071074455132,0.5423926827793775,27.514928256700603,99.0,99.0,0.0,3.0,58.87014064685641,11.740020798084867,-1.1309124740759444,0.0,0.0,0.0,1.0,0,0,True,1,493,24,False,False,False,0
128,993,NOISE_CRASH,AMBER,False,0.0,3.0,0.0,0.21840448592457995,20.490077173610054,False,0.644675970834257,0.11702955513913321,0.3457355164665822,0.6853980623256917,23.191739704101376,99.0,99.0,0.0,3.0,59.04811130995575,10.884896561836138,-0.47348815547725515,0.0,0.0,0.0,1.0,0,0,True,1,494,24,False,False,False,0
128,994,NOISE_CRASH,AMBER,False,0.0,3.0,0.0,0.0,20.44206945624905,False,0.6437026709086074,0.11860080136199252,0.27722339725560385,0.6122326399792745,24.514423740816156,99.0,99.0,0.0,3.0,59.32958712796604,8.75025762205657,0.5377927834470703,0.0,0.0,0.0,1.0,0,0,True,1,495,24,False,False,False,0
128,995,NOISE_CRASH,AMBER,False,0.0,3.0,0.0,0.0,20.39886251062415,False,0.6459006912747943,0.11599318999470612,0.6177643379991887,0.716970016448172,25.09382511465914,99.0,99.0,0.0,3.0,59.905640003501475,6.804057603886783,-0.18344811339461775,0.0,0.0,0.0,1.0,0,0,True,1,496,24,False,False,False,0
128,996,NOISE_CRASH,AMBER,False,0.0,3.0,0.0,0.0,20.359976259561737,False,0.6561146166809613,0.11599318999470612,2.935208353361982,0.9863648714803592,37.350873816431886,99.0,99.0,0.0,3.0,68.95809850917696,6.165594780390157,-0.7322047570023984,0.0,0.0,0.0,1.0,0,0,True,1,497,24,False,False,False,0
128,997,NOISE_CRASH,AMBER,False,0.0,3.0,0.0,0.1968647492061837,20.35352402224046,False,0.6546634268254227,0.11599318999470612,0.41703306191362005,0.6077416214963407,24.339883831937794,99.0,99.0,0.0,3.0,60.77573413230964,9.38609234013901,-0.19441367634968523,0.0,0.0,0.0,1.0,0,0,True,1,498,24,False,False,False,0
128,998,NOISE_CRASH,AMBER,False,0.0,3.0,0.0,1.0240136303469516,20.46765359641672,False,0.6594372143677628,0.11599318999470612,1.3718585670296752,0.8137896782367611,33.10117165633916,99.0,99.0,0.0,3.0,56.686083832765654,12.37452351549883,-2.5285254951681453,0.0,0.0,0.0,1.0,0,0,True,1,499,24,False,False,False,0
128,999,NOISE_CRASH,AMBER,False,0.0,3.0,0.0,2.959610219651538,20.851031718624522,False,0.6595829727299295,0.11544330460134014,0.041887045889905834,0.6642958264399876,26.288252921641693,99.0,99.0,0.0,3.0,51.14072433285887,13.376153069344976,-2.5886787057349947,0.0,0.0,0.0,1.0,0,0,True,1,500,24,False,False,False,0
128,1000,NOISE_CRASH,AMBER,False,0.0,3.0,0.0,0.0,20.76692854676207,False,0.6628933620935725,0.11544330460134014,0.9558485223763673,0.7699292848513654,21.742899074227267,99.0,99.0,0.0,3.0,68.49048578127666,4.866075756162167,0.5431819306354422,0.0,0.0,0.0,1.0,0,0,True,1,501,24,False,False,False,0
128,1001,NOISE_CRASH,AMBER,False,0.0,3.0,0.0,1.5065908241847925,20.909691361592657,False,0.6718232074065621,0.11599318999470612,2.5784216023692133,0.9605548725265571,33.0457973189187,99.0,99.0,0.0,3.0,68.35543794270616,2.346329779029694,-2.2904874803480006,0.0,0.0,0.0,1.0,0,0,True,1,502,24,False,False,False,0
128,1002,NOISE_CRASH,AMBER,False,0.0,3.0,0.0,1.1034501439635702,20.979722496308106,False,0.6706617551981839,0.11860080136199252,0.33377022922096455,0.6331081337939581,30.82472707538266,99.0,99.0,0.0,3.0,49.9150740247739,10.810888399334651,-3.4249548982632074,0.0,0.0,0.0,1.0,0,0,True,1,503,24,False,False,False,0
128,1003,NOISE_CRASH,AMBER,False,0.0,3.0,0.0,0.0,20.882750246677297,False,0.6722920573950446,0.11860080136199252,0.45820437921119256,0.7250051617602057,25.417070239144252,99.0,99.0,0.0,3.0,51.29568200383717,13.174741296936427,-2.9179950065138174,0.0,0.0,0.0,1.0,0,0,True,1,504,24,False,False,False,0
128,1004,NOISE_CRASH,AMBER,False,0.0,3.0,0.0,0.0,20.795475222009568,False,0.6785146704836253,0.11860080136199252,1.748895740197721,0.8797124936810694,35.082117202610874,99.0,99.0,0.0,3.0,65.53086605009518,10.791069147953063,-2.1527405692420367,0.0,0.0,0.0,1.0,0,0,True,1,505,24,False,False,False,0
128,1005,NOISE_CRASH,AMBER,False,0.0,3.0,0.0,1.288459721222119,20.903754359385818,False,0.6771490380216566,0.11860080136199252,0.38381766010743035,0.6329935884179992,19.95210304295319,99.0,99.0,0.0,3.0,62.25626047242268,4.418370438174357,2.814337551194885,0.0,0.0,0.0,1.0,0,0,True,1,506,24,False,False,False,0
128,1006,NOISE_CRASH,AMBER,False,0.0,3.0,0.0,0.0,20.814378923447237,False,0.6716614509663749,0.12257698932843407,1.5423130907107616,0.4942294695122688,20.603973727772825,99.0,99.0,0.0,3.0,47.43917368542635,6.734460492221788,-1.4560781604322734,0.0,0.0,0.0,1.0,0,0,True,1,507,24,False,False,False,0
128,1007,NOISE_CRASH,AMBER,False,0.0,3.0,0.0,1.1152642949924187,20.895654353876413,False,0.6746495809482376,0.11860080136199252,0.8125858962148108,0.7712657836951338,28.85218087800207,99.0,99.0,0.0,3.0,54.44782344088567,11.479835169657383,-2.8820212184255007,0.0,0.0,0.0,1.0,0,0,True,1,508,24,False,False,False,0
128,1008,NOISE_CRASH,AMBER,False,0.0,3.0,0.0,0.3426380742367894,20.856771439253105,False,0.6686567373866217,0.12257698932843407,1.6843178946502473,0.47488812889437415,29.361116595728085,99.0,99.0,0.0,3.0,41.93092470012855,20.384256210726505,-3.814322905149024,0.0,0.0,0.0,1.0,0,0,True,1,509,24,False,False,False,0
128,1009,NOISE_CRASH,AMBER,False,0.0,3.0,0.0,0.0,20.772094295327797,False,0.6702585302200024,0.12257698932843407,0.4355882351047191,0.7220498318326443,27.816337232270573,99.0,99.0,0.0,3.0,53.28342347526378,16.876144840703102,-2.109536714756768,0.0,0.0,0.0,1.0,0,0,True,1,510,24,False,False,False,0
128,1010,NOISE_CRASH,AMBER,False,0.0,3.0,0.0,0.33230849820525865,20.74406959803478,False,0.6710892893619402,0.11860080136199252,0.22591492538400013,0.6979505016179309,22.02926649009629,99.0,99.0,0.0,3.0,67.85640082910874,8.041059753996048,0.4402279312833786,0.0,0.0,0.0,1.0,0,0,True,1,511,24,False,False,False,0
128,1011,NOISE_CRASH,AMBER,False,0.0,3.0,0.0,1.6382351210333579,20.90820673078114,False,0.6710441798750749,0.11702955513913321,0.0126782411662416,0.6695856397997634,33.59686358350005,99.0,99.0,0.0,3.0,59.298688092444806,11.479184110871017,-1.6700097770309408,0.0,0.0,0.0,1.0,0,0,True,1,512,24,False,False,False,0
128,1012,NOISE_CRASH,AMBER,False,0.0,3.0,0.0,0.33368010529751957,20.866769672971166,False,0.6692796300882031,0.11553006861645561,0.5025937777780216,0.6122258536460167,12.606607350703216,99.0,99.0,0.0,3.0,45.68254419742882,7.319918673948719,0.3596773613016447,0.0,0.0,0.0,1.0,0,0,True,1,513,24,False,False,False,0
128,1013,NOISE_CRASH,AMBER,False,0.0,3.0,0.0,2.4347474453949434,21.134131085256318,False,0.66674270699545,0.11553006861645561,0.7319661807915205,0.5847155269964338,25.337194215186216,99.0,99.0,0.0,3.0,56.34042266772052,7.006093382924477,1.8453971005825438,0.0,0.0,0.0,1.0,0,0,True,1,514,24,False,False,False,0
128,1014,NOISE_CRASH,AMBER,False,0.0,3.0,0.0,0.0,21.021717976730688,False,0.6650350641711257,0.11553006861645561,0.4926979457309013,0.6098212795179723,29.126350615248,99.0,99.0,0.0,3.0,51.38243091690761,10.712256013438953,-2.4623435102936506,0.0,0.0,0.0,1.0,0,0,True,1,515,24,False,False,False,0
128,1015,NOISE_CRASH,AMBER,False,0.0,3.0,0.0,0.0,20.92054617905762,False,0.6662177772148552,0.1149439617743472,0.34124248861306405,0.704458832295443,25.31188571159038,99.0,99.0,0.0,3.0,48.385868877679684,11.637573369568319,-1.0556142931053318,0.0,0.0,0.0,1.0,0,0,True,1,516,24,False,False,False,0
128,1016,NOISE_CRASH,AMBER,False,0.0,3.0,0.0,0.433283022109342,20.89231759935771,False,0.6637515645067533,0.11435470352834066,0.7151927687288847,0.5840106869447927,28.96734695793924,99.0,99.0,0.0,3.0,50.952042203883565,14.88025601467194,-1.0680023814298056,0.0,0.0,0.0,1.0,0,0,True,1,517,24,False,False,False,0
128,1017,NOISE_CRASH,AMBER,False,0.0,3.0,0.0,0.8028370257085731,20.920497208149683,False,0.668152737297899,0.11564980200162307,1.2829009667144897,0.8104573242116104,20.897348670146066,99.0,99.0,0.0,3.0,63.68824225215473,6.335637623354149,-1.9943888612349652,0.0,0.0,0.0,1.0,0,0,True,1,518,24,False,False,False,0
128,1018,NOISE_CRASH,AMBER,False,0.0,3.0,0.0,0.21048383170057106,20.8599676429313,False,0.6611032904247853,0.12035940217924018,2.0318371356470095,0.43317117486077744,18.28557261697736,99.0,99.0,0.0,3.0,47.69653543103089,7.548142136184638,-1.7162089295358591,0.0,0.0,0.0,1.0,0,0,True,1,519,24,False,False,False,0
128,1019,NOISE_CRASH,AMBER,False,0.0,3.0,0.0,0.48003706447434524,20.84457625298695,False,0.6622090959009935,0.11906430370595777,0.30625096064684004,0.697963472965057,30.69916479245971,99.0,99.0,0.0,3.0,51.2485262335244,13.243642333668639,-3.028950959897547,0.0,0.0,0.0,1.0,0,0,True,1,520,24,False,False,False,0
128,1020,NOISE_CRASH,AMBER,False,0.0,3.0,0.0,1.4235088273647372,20.967527407656142,False,0.6607514273988343,0.11873787442915937,0.4080899863318338,0.6136201458290199,24.572877583155986,99.0,99.0,0.0,3.0,53.51613860648342,12.94997935306971,-2.6818685930421715,0.0,0.0,0.0,1.0,0,0,True,1,521,24,False,False,False,0
128,1021,NOISE_CRASH,AMBER,False,0.0,3.0,0.0,0.7529146668133184,20.98094729357846,False,0.6672112732698416,0.11873787442915937,1.8134752431391452,0.8760796230990794,32.11906471746449,99.0,99.0,0.0,3.0,67.84675578822528,8.144822616150165,0.607038074042676,0.0,0.0,0.0,1.0,0,0,True,1,522,24,False,False,False,0
128,1022,NOISE_CRASH,AMBER,False,0.0,3.0,0.0,0.5121613425981739,20.95811595889735,False,0.6719794868951281,0.11906430370595777,1.3385826126695617,0.8261517274460561,26.545411253766716,99.0,99.0,0.0,3.0,59.737514640784894,6.820502352530159,1.37170080528383,0.0,0.0,0.0,1.0,0,0,True,1,523,24,False,False,False,0
128,1023,NOISE_CRASH,AMBER,False,0.0,3.0,0.0,0.24212423294276642,20.898412376784314,False,0.6639173225482946,0.12022426782722637,2.2570896834436365,0.40324067533401087,24.36033630295904,99.0,99.0,0.0,3.0,44.33312643278387,11.15512051220044,-0.4715393150872125,0.0,0.0,0.0,1.0,0,0,True,1,524,24,False,False,False,0
128,1024,NOISE_CRASH,AMBER,False,0.0,3.0,0.0,1.7042826754319877,21.056692127043522,False,0.672514072034023,0.12147821706050092,2.3835313898751043,0.9504756387392402,30.34185525526113,99.0,99.0,0.0,3.0,67.11095383733662,7.859686772072715,0.022642147028690624,0.0,0.0,0.0,1.0,0,0,True,1,525,24,False,False,False,0
128,1025,NOISE_CRASH,AMBER,False,0.0,3.0,0.0,0.5479774310589374,21.031479641842715,False,0.6784572274124946,0.12184378193078252,1.6307876759808237,0.8706192513164114,34.37227238894441,99.0,99.0,0.0,3.0,59.72275238308367,14.019696898960854,-1.3023384829193234,0.0,0.0,0.0,1.0,0,0,True,1,526,24,False,False,False,0
128,1026,NOISE_CRASH,AMBER,False,0.0,3.0,0.0,0.3325145766366717,20.977546291270762,False,0.6802292996809622,0.12257698932843407,0.48479351740039384,0.7375263030280852,26.01534889242369,99.0,99.0,0.0,3.0,64.9533439603577,10.448442922327999,-1.1503431044319687,0.0,0.0,0.0,1.0,0,0,True,1,527,24,False,False,False,0
128,1027,NOISE_CRASH,AMBER,False,0.0,3.0,0.0,0.12433846204790944,20.898820739140636,False,0.6853514830011052,0.1165504803688078,1.3929159538034064,0.850968743685728,33.46824689193362,99.0,99.0,0.0,3.0,55.23528951238262,14.95936765475605,-1.9061222031623486,0.0,0.0,0.0,1.0,0,0,True,1,528,24,False,False,False,0
128,1028,NOISE_CRASH,AMBER,False,0.0,3.0,0.0,0.0,20.809938665226575,False,0.6813433007488843,0.12257698932843407,1.1463365457718429,0.551745407927077,16.932276472933424,99.0,99.0,0.0,3.0,56.42959230512648,6.702675575946186,2.072722464787886,0.0,0.0,0.0,1.0,0,0,True,1,529,24,False,False,False,0
128,1029,NOISE_CRASH,AMBER,False,0.0,3.0,0.0,0.0,20.72994479870392,False,0.6791025878668318,0.12257698932843407,0.6093348336499157,0.6066528713471354,23.390586629514473,99.0,99.0,0.0,3.0,54.17235108879112,8.53959684314898,-0.7947347418797408,0.0,0.0,0.0,1.0,0,0,True,1,530,24,False,False,False,0
128,1030,NOISE_CRASH,AMBER,False,0.0,3.0,0.0,0.24543705260105275,20.69353869146068,False,0.6789277772819728,0.11536628048763112,0.04753762942966565,0.6732755683715326,33.77601166703933,99.0,99.0,0.0,3.0,59.95977944190288,11.450489079310067,-1.7392760929834947,0.0,0.0,0.0,1.0,0,0,True,1,531,24,False,False,False,0
128,1031,NOISE_CRASH,AMBER,False,0.0,3.0,0.0,1.574693727987857,20.853515412872852,False,0.6789110523399456,0.11682741456388997,0.004832417801976234,0.6783702792143966,20.818347522779632,99.0,99.0,0.0,3.0,62.75213089742976,4.4549776970206825,1.6085701087642226,0.0,0.0,0.0,1.0,0,0,True,1,532,24,False,False,False,0
128,1032,NOISE_CRASH,AMBER,False,0.0,3.0,0.0,0.0,20.76916387158557,False,0.6834085118184764,0.11911066315028711,1.2832203512390674,0.8288263682909727,32.14390756749881,99.0,99.0,0.0,3.0,60.710291656350186,7.399418549161094,-1.3722462332734544,0.0,0.0,0.0,1.0,0,0,True,1,533,24,False,False,False,0
128,1033,NOISE_CRASH,AMBER,False,0.0,3.0,0.0,0.3097292374098617,20.738158223851443,False,0.6802061647157837,0.11501305013694012,0.8961825969216948,0.5766636083953869,22.448483003020932,99.0,99.0,0.0,3.0,46.83979765948683,9.954982287185267,-2.6136822981005774,0.0,0.0,0.0,1.0,0,0,True,1,534,24,False,False,False,0
128,1034,NOISE_CRASH,AMBER,False,0.0,3.0,0.0,0.0,20.6653424014663,False,0.6840677251398295,0.11501305013694012,1.1191658742053097,0.8089248455173114,33.966606849553735,99.0,99.0,0.0,3.0,68.84662749801058,8.953542824411274,-0.5301651402416249,0.0,0.0,0.0,1.0,0,0,True,1,535,24,False,False,False,0
128,1035,NOISE_CRASH,AMBER,False,0.0,3.0,0.0,0.17074642057035883,20.624566392302373,False,0.6804952553561621,0.11536628048763112,1.0353809935521407,0.5649853990175823,18.385298513317036,99.0,99.0,0.0,3.0,53.14244137483414,6.9759540175106105,0.015900037470997507,0.0,0.0,0.0,1.0,0,0,True,1,536,24,False,False,False,0
128,1036,NOISE_CRASH,AMBER,False,0.0,3.0,0.0,0.0,20.563109753072137,False,0.6797807629813485,0.11536628048763112,0.2064417123714101,0.6566788428623751,27.16278552882809,99.0,99.0,0.0,3.0,49.54597740804001,10.851576552746147,-2.312494752598291,0.0,0.0,0.0,1.0,0,0,True,1,537,24,False,False,False,0
128,1037,NOISE_CRASH,AMBER,False,0.0,3.0,0.0,0.18430259503408064,20.534522654044867,False,0.684041037499258,0.12161087806556632,1.2309415714604106,0.8217899135783356,30.823686971352245,99.0,99.0,0.0,3.0,64.56664421776352,8.765632753854282,-0.569385587535656,0.0,0.0,0.0,1.0,0,0,True,1,538,24,False,False,False,0
128,1038,NOISE_CRASH,AMBER,False,0.0,3.0,0.0,0.0,20.48207038864038,False,0.6883992775867299,0.12466379089944744,1.1945861414146735,0.8293157070816533,32.428325167687895,99.0,99.0,0.0,3.0,60.15135094391209,11.247297373290284,-1.8691849580452808,0.0,0.0,0.0,1.0,0,0,True,1,539,24,False,False,False,0
128,1039,NOISE_CRASH,AMBER,False,0.0,3.0,0.0,0.0,20.434863349776343,False,0.692036283056566,0.12711898365502766,0.9724837884882463,0.8096327932479311,27.69917088812118,99.0,99.0,0.0,3.0,63.804175243872706,9.866771349073133,-2.430342539867983,0.0,0.0,0.0,1.0,0,0,True,1,540,24,False,False,False,0
128,1040,NOISE_CRASH,AMBER,False,0.0,3.0,0.0,0.3668668895011573,20.44557271377638,False,0.6870965423057934,0.12711898365502766,1.2953063365625606,0.5273782580308161,21.339973523224078,99.0,99.0,0.0,3.0,49.95301687210145,11.056669973476893,-1.7877161587508017,0.0,0.0,0.0,1.0,0,0,True,1,541,24,False,False,False,0
128,1041,NOISE_CRASH,AMBER,False,0.0,3.0,0.0,0.0,20.402015442398742,False,0.6829895884778234,0.1320236821124767,1.076931682397987,0.5501980813734623,15.64220608080938,99.0,99.0,0.0,3.0,49.615344749330944,5.231267103295629,-1.156469697320377,0.0,0.0,0.0,1.0,0,0,True,1,542,24,False,False,False,0
128,1042,NOISE_CRASH,AMBER,False,0.0,3.0,0.0,0.0,20.36281389815887,False,0.6799225903042843,0.13056251562146887,0.7743555611803833,0.580756316026516,24.462149892079818,99.0,99.0,0.0,3.0,51.17709981132403,6.323960259605103,-2.255729538271924,0.0,0.0,0.0,1.0,0,0,True,1,543,24,False,False,False,0
128,1043,NOISE_CRASH,AMBER,False,0.0,3.0,0.0,1.052113530177795,20.480088970218763,False,0.6755380857073782,0.1353658749745477,1.119388306318523,0.5337724370740825,24.73076366613301,99.0,99.0,0.0,3.0,56.367504885003704,7.605262297931011,-2.1772919762140384,0.0,0.0,0.0,1.0,0,0,True,1,544,24,False,False,False,0
128,1044,NOISE_CRASH,AMBER,False,0.0,3.0,0.0,0.0,20.433080073196887,False,0.6740393864740635,0.13030542696751715,0.36904900234184956,0.6255814445968898,21.315845693383064,99.0,99.0,0.0,3.0,46.63681800169497,10.843647121425938,-1.4705588305567687,0.0,0.0,0.0,1.0,0,0,True,1,545,24,False,False,False,0
128,1045,NOISE_CRASH,AMBER,False,0.0,3.0,0.0,0.0,20.3907720658772,False,0.6740123026563342,0.1290853773411242,0.006928291056793413,0.6731365925497528,26.055870768228633,99.0,99.0,0.0,3.0,55.317168658984166,9.158907909098405,-1.4444714899113644,0.0,0.0,0.0,1.0,0,0,True,1,546,24,False,False,False,0
128,1046,NOISE_CRASH,AMBER,False,0.0,3.0,0.0,1.102367962826922,20.512538213899383,False,0.6687430063574474,0.13030542696751715,1.3606747222710733,0.49836909269344326,18.306564151299575,99.0,99.0,0.0,3.0,50.970481816614615,8.346130465912259,-0.18154282956360054,0.0,0.0,0.0,1.0,0,0,True,1,547,24,False,False,False,0
128,1047,NOISE_CRASH,AMBER,False,0.0,3.0,0.0,0.5643644799624241,20.544117242103997,False,0.6650845755573329,0.1308795871639753,0.9358604332538388,0.5467953130203004,26.018688783105265,99.0,99.0,0.0,3.0,52.615531038164235,11.405187629501572,-1.7956246185078546,0.0,0.0,0.0,1.0,0,0,True,1,548,24,False,False,False,0
128,1048,NOISE_CRASH,AMBER,False,0.0,3.0,0.0,0.07554236103629053,20.50165916024386,False,0.6650516677266953,0.13030542696751715,0.00838119764655077,0.6639876478694127,25.659738809994387,99.0,99.0,0.0,3.0,56.00149452019066,11.03792198842283,-1.1016726411691202,0.0,0.0,0.0,1.0,0,0,True,1,549,24,False,False,False,0
128,1049,NOISE_CRASH,AMBER,False,0.0,3.0,0.0,0.0,20.452493244219475,False,0.6637495672463121,0.1299161747955905,0.33308934521144806,0.6216483183805869,21.73912952666024,99.0,99.0,0.0,3.0,55.156149668393766,8.093210979225386,-2.0629394680646604,0.0,0.0,0.0,1.0,0,0,True,1,550,24,False,False,False,0
128,1050,NOISE_CRASH,AMBER,False,0.0,3.0,0.0,0.49226401056028113,20.47962220132877,False,0.6609568588840417,0.1299161747955905,0.7165410995883642,0.5706592885039655,20.118162343919963,99.0,99.0,0.0,3.0,53.24001963106063,5.614580530477648,0.7991468068705878,0.0,0.0,0.0,1.0,0,0,True,1,551,24,False,False,False,0
128,1051,NOISE_CRASH,AMBER,False,0.0,3.0,0.0,2.1295717261090714,20.741447881481708,False,0.662883215195276,0.1299161747955905,0.4942562166887974,0.7251687359251907,30.20646832154302,99.0,99.0,0.0,3.0,54.02657360123041,11.159623427497918,-0.6567823610290772,0.0,0.0,0.0,1.0,0,0,True,1,552,24,False,False,False,0
128,1052,NOISE_CRASH,AMBER,False,0.0,3.0,0.0,0.5611808177403845,20.749674311905892,False,0.661012313718657,0.1299161747955905,0.4800278537456285,0.6005198326413068,21.14013356402459,99.0,99.0,0.0,3.0,46.075705900646696,10.611541307742469,-0.740622378869436,0.0,0.0,0.0,1.0,0,0,True,1,553,24,False,False,False,0
128,1053,NOISE_CRASH,AMBER,False,0.0,3.0,0.0,0.1703380063366755,20.70040589163412,False,0.6561517527735936,0.1321069608708918,1.2471018210295939,0.49899361554987703,21.975992722425747,99.0,99.0,0.0,3.0,49.94452311055931,10.303924860448067,-0.6451218629832243,0.0,0.0,0.0,1.0,0,0,True,1,554,24,False,False,False,0
128,1054,NOISE_CRASH,AMBER,False,0.0,3.0,0.0,1.4172808373300487,20.836871023883564,False,0.6576225534408631,0.1287622479114437,0.371113592999049,0.705178441682575,26.026570109916612,99.0,99.0,0.0,3.0,65.10170007447637,6.80264610752186,-0.5249680440223435,0.0,0.0,0.0,1.0,0,0,True,1,555,24,False,False,False,0
128,1055,NOISE_CRASH,AMBER,False,0.0,3.0,0.0,0.0,20.75418392149521,False,0.659674294701424,0.1287622479114437,0.5311446208912567,0.7260139287928928,27.762674986350675,99.0,99.0,0.0,3.0,54.78012586619139,8.323172062010295,-1.8925374555818602,0.0,0.0,0.0,1.0,0,0,True,1,556,24,False,False,False,0
128,1056,NOISE_CRASH,AMBER,False,0.0,3.0,0.0,1.0469771999770119,20.831577223342357,False,0.657134505261654,0.12859829883901258,0.6574881175619088,0.5750146467090891,25.114935044181923,99.0,99.0,0.0,3.0,53.8397409124302,9.594949878717069,-2.0287190564745017,0.0,0.0,0.0,1.0,0,0,True,1,557,24,False,False,False,0
128,1057,NOISE_CRASH,AMBER,False,0.0,3.0,0.0,0.3985276577947414,20.80720601138836,False,0.6581008022185397,0.12843745551649824,0.2504690874891059,0.6893444038245128,24.150516877918424,99.0,99.0,0.0,3.0,61.103003441525615,7.094121552506014,-0.4602951005844872,0.0,0.0,0.0,1.0,0,0,True,1,558,24,False,False,False,0
128,1058,NOISE_CRASH,AMBER,False,0.0,3.0,0.0,0.0,20.727485410249525,False,0.6625091498428487,0.12843745551649824,1.144097103289526,0.8050457230288427,35.54636142158469,99.0,99.0,0.0,3.0,58.025192816245344,11.966771357779352,-2.0656047479556134,0.0,0.0,0.0,1.0,0,0,True,1,559,24,False,False,False,0
128,1059,NOISE_CRASH,AMBER,False,0.0,3.0,0.0,0.7871542538328877,20.76987423603034,False,0.6727199497955443,0.12859829883901258,2.650005771715596,1.0028691482660341,29.828131652289446,99.0,99.0,0.0,3.0,64.26060797628742,9.296714927736726,-1.6283365002340813,0.0,0.0,0.0,1.0,0,0,True,1,560,24,False,False,False,0
128,1060,NOISE_CRASH,AMBER,False,0.0,3.0,0.0,0.08634743792248756,20.70640719092607,False,0.6672330142164642,0.12859829883901258,1.4222416181800586,0.4898220971595443,23.040163224722185,99.0,99.0,0.0,3.0,56.67505736736812,8.720011486589444,-0.038005705059432744,0.0,0.0,0.0,1.0,0,0,True,1,561,24,False,False,False,0
128,1061,NOISE_CRASH,AMBER,False,0.0,3.0,0.0,0.7524276514127164,20.745868481288305,False,0.6669659770898715,0.12843745551649824,0.06921738182735768,0.6583317766633756,24.79239779764696,99.0,99.0,0.0,3.0,55.8164287359084,9.436480324174171,-1.216878303037627,0.0,0.0,0.0,1.0,0,0,True,1,562,24,False,False,False,0
128,1062,NOISE_CRASH,AMBER,False,0.0,3.0,0.0,0.1623598868150462,20.695823816747655,False,0.6655993690256979,0.12510984295885166,0.35467537063802146,0.6214123749507531,29.43438584035011,99.0,99.0,0.0,3.0,51.10994763839184,11.207334220432568,-0.5171269618723295,0.0,0.0,0.0,1.0,0,0,True,1,563,24,False,False,False,0
128,1063,NOISE_CRASH,AMBER,False,0.0,3.0,0.0,0.0,20.627241435072893,False,0.6656986797962352,0.12032980201539736,0.026459620918858263,0.668909728043607,29.579796669325823,99.0,99.0,0.0,3.0,53.898803771731096,13.278875138937243,-0.2219722208288104,0.0,0.0,0.0,1.0,0,0,True,1,564,24,False,False,False,0
128,1064,NOISE_CRASH,AMBER,False,0.0,3.0,0.0,0.5415461336707854,20.644041480947866,False,0.6781220221707818,0.12062988658760475,3.441470072658298,1.0798100922811233,29.014951982486274,99.0,99.0,0.0,3.0,69.4945683378209,5.830221483854054,0.1895870770929505,0.0,0.0,0.0,1.0,0,0,True,1,565,24,False,False,False,0
128,1065,NOISE_CRASH,AMBER,False,0.0,3.0,0.0,0.0,20.58063733285308,False,0.6753255989597404,0.1155568116323282,0.772728132899427,0.5849079151360723,24.39571802550369,99.0,99.0,0.0,3.0,48.589708901671,12.043408703074139,-3.008690371302132,0.0,0.0,0.0,1.0,0,0,True,1,566,24,False,False,False,0
128,1066,NOISE_CRASH,AMBER,False,0.0,3.0,0.0,0.0,20.523573599567772,False,0.6715499877746631,0.12032980201539736,1.089106772603542,0.5494718927905,16.432358070837918,99.0,99.0,0.0,3.0,42.52725218583948,10.06691640305383,-0.4021039499067999,0.0,0.0,0.0,1.0,0,0,True,1,567,24,False,False,False,0
128,1067,NOISE_CRASH,AMBER,False,0.0,3.0,0.0,2.2617053950900727,20.800163521899055,False,0.6734977534560006,0.12079383566003585,0.5395631142394965,0.736475510485913,29.687904269262553,99.0,99.0,0.0,3.0,59.911312764478744,11.68537220703341,-0.6216322056390902,0.0,0.0,0.0,1.0,0,0,True,1,568,24,False,False,False,0
128,1068,NOISE_CRASH,AMBER,False,0.0,3.0,0.0,1.541332280846576,20.944640350431904,False,0.6754551250700872,0.12079383566003585,0.5401411430727537,0.7387434739255547,32.64954138344827,99.0,99.0,0.0,3.0,66.67012442687172,7.57267655257631,-1.8986221265008676,0.0,0.0,0.0,1.0,0,0,True,1,569,24,False,False,False,0
128,1069,NOISE_CRASH,AMBER,False,0.0,3.0,0.0,0.00869442353277794,20.85243700680097,False,0.6777722680084586,0.12137768558893573,0.6394208572289444,0.7526932230157996,27.398964939327435,99.0,99.0,0.0,3.0,53.74220878979617,9.44141557432379,-2.4834452546189767,0.0,0.0,0.0,1.0,0,0,True,1,570,24,False,False,False,0
128,1070,NOISE_CRASH,AMBER,False,0.0,3.0,0.0,0.8822430989538175,20.896118555469176,False,0.6733756853711482,0.12137768558893573,1.2074110151789659,0.5312195134314484,26.96108968718702,99.0,99.0,0.0,3.0,44.27207810855726,13.831031374629838,-2.564991972620516,0.0,0.0,0.0,1.0,0,0,True,1,571,24,False,False,False,0
128,1071,NOISE_CRASH,AMBER,False,0.0,3.0,0.0,2.4579262928208268,21.16390601238128,False,0.6776284144741352,0.12137768558893573,1.1679052544000257,0.8151333221373805,26.932029390319066,99.0,99.0,0.0,3.0,61.72936688113048,9.283505985229242,-1.4055095482485334,0.0,0.0,0.0,1.0,0,0,True,1,572,24,False,False,False,0
128,1072,NOISE_CRASH,AMBER,False,0.0,3.0,0.0,0.26463685666108927,21.086887755359008,False,0.679914990952168,0.11536628048763112,0.6279508096121854,0.7538476304085607,26.3077817681431,99.0,99.0,0.0,3.0,61.86949185488389,8.87243294662945,-0.9714929417537015,0.0,0.0,0.0,1.0,0,0,True,1,573,24,False,False,False,0
128,1073,NOISE_CRASH,AMBER,False,0.0,3.0,0.0,1.6422587533802755,21.217326499063248,False,0.6808704127355567,0.11536628048763112,0.2760546031735864,0.7117623837317937,24.122628345183212,99.0,99.0,0.0,3.0,53.77547779941271,10.089697777734163,-0.8355052996306433,0.0,0.0,0.0,1.0,0,0,True,1,574,24,False,False,False,0
128,1074,NOISE_CRASH,AMBER,False,0.0,3.0,0.0,1.2818307903434465,21.282459313756725,False,0.6779343587612099,0.11536628048763112,0.8483281717837277,0.5830019469239959,22.871693696412997,99.0,99.0,0.0,3.0,60.76386406294544,4.314241688851055,0.6883843566383382,0.0,0.0,0.0,1.0,0,0,True,1,575,24,False,False,False,0
128,1075,NOISE_CRASH,AMBER,False,0.0,3.0,0.0,0.0,21.155213382381053,False,0.6714210665555411,0.12137768558893573,1.8819167894750177,0.46082461857225276,15.666852904529197,99.0,99.0,0.0,3.0,49.15449156601879,2.79532211904772,-0.03190838751266188,0.0,0.0,0.0,1.0,0,0,True,1,576,24,False,False,False,0
128,1076,NOISE_CRASH,AMBER,False,0.0,3.0,0.0,0.30581771564948057,21.085035612912122,False,0.6766494317369843,0.11606492466882425,1.4358392033578746,0.8456999059369812,31.18479745170163,99.0,99.0,0.0,3.0,62.551715003681004,5.484742920704904,-0.4491892918516364,0.0,0.0,0.0,1.0,0,0,True,1,577,24,False,False,False,0
128,1077,NOISE_CRASH,AMBER,False,0.0,3.0,0.0,1.7114582306642467,21.225693495067226,False,0.6793556049188996,0.12299987368553679,0.7772009759873633,0.7668552044674943,28.16300503579978,99.0,99.0,0.0,3.0,60.60662854653917,5.756984226051593,-1.9814461886629422,0.0,0.0,0.0,1.0,0,0,True,1,578,24,False,False,False,0
128,1078,NOISE_CRASH,AMBER,False,0.0,3.0,0.0,1.0228105529746268,21.252431675741825,False,0.678838870033912,0.12222092117402451,0.14003669800741642,0.6621311087526477,30.13580365603621,99.0,99.0,0.0,3.0,61.87865604193805,6.325437188368833,-1.7885669374283129,0.0,0.0,0.0,1.0,0,0,True,1,579,24,False,False,False,0
128,1079,NOISE_CRASH,AMBER,False,0.0,3.0,0.0,0.0,21.128188508167643,False,0.6766588416813767,0.1212713200447129,0.5945595161053477,0.6061712582827341,22.638753253221015,99.0,99.0,0.0,3.0,52.89340891916429,10.332107347187074,-3.048723635292526,0.0,0.0,0.0,1.0,0,0,True,1,580,24,False,False,False,0
128,1080,NOISE_CRASH,AMBER,False,0.0,3.0,0.0,0.1975959053891625,21.045021063632305,False,0.6690260404556617,0.12222092117402451,2.097995696179657,0.42223213415754324,21.230769522226314,99.0,99.0,0.0,3.0,35.79490125249189,13.14675873756124,-2.6764974132211443,0.0,0.0,0.0,1.0,0,0,True,1,581,24,False,False,False,0
128,1081,NOISE_CRASH,AMBER,False,0.0,3.0,0.0,0.0,20.941518957269075,False,0.667502583283752,0.12222092117402451,0.41549274250694324,0.6182441347253413,20.74566075933879,99.0,99.0,0.0,3.0,58.329858154547466,8.667625989086615,-1.424330565309875,0.0,0.0,0.0,1.0,0,0,True,1,582,24,False,False,False,0
128,1082,NOISE_CRASH,AMBER,False,0.0,3.0,0.0,0.0,20.84836706154217,False,0.6716504976550219,0.12222092117402451,1.1312614161923709,0.8057663956594151,30.43465925484151,99.0,99.0,0.0,3.0,54.508363325571445,13.118848681369986,-1.6879249281971584,0.0,0.0,0.0,1.0,0,0,True,1,583,24,False,False,False,0
128,1083,NOISE_CRASH,AMBER,False,0.0,3.0,0.0,0.0,20.764530355387954,False,0.6739651540583714,0.12222092117402451,0.6312766480881393,0.7488057111000048,28.413034400031304,99.0,99.0,0.0,3.0,54.40468459279402,15.273890681763188,-2.87013037614977,0.0,0.0,0.0,1.0,0,0,True,1,584,24,False,False,False,0
128,1084,NOISE_CRASH,AMBER,False,0.0,3.0,0.0,0.13913699429450666,20.709252184021864,False,0.671756807256793,0.12222092117402451,0.602282811694755,0.6003535940057569,25.53633700199242,99.0,99.0,0.0,3.0,54.62051127054603,13.824231101228436,-1.6802298267213605,0.0,0.0,0.0,1.0,0,0,True,1,585,24,False,False,False,0
128,1085,NOISE_CRASH,AMBER,False,0.0,3.0,0.0,0.0,20.63932696561968,False,0.6694130087171285,0.1212713200447129,0.639224588052123,0.5936301892679762,22.53926963423422,99.0,99.0,0.0,3.0,51.74461520851624,13.318917637480453,-1.4603534645505054,0.0,0.0,0.0,1.0,0,0,True,1,586,24,False,False,False,0
128,1086,NOISE_CRASH,AMBER,False,0.0,3.0,0.0,0.2661188807352801,20.61498150676433,False,0.6652953033102671,0.11536628048763112,1.1318162187462824,0.5321561618217513,18.548511550570318,99.0,99.0,0.0,3.0,44.18021549195085,13.353546462021963,-1.135298660783944,0.0,0.0,0.0,1.0,0,0,True,1,587,24,False,False,False,0
128,1087,NOISE_CRASH,AMBER,False,0.0,3.0,0.0,0.0,20.5544833560879,False,0.6653553303807315,0.11501305013694012,0.017343909679305446,0.667296205659082,25.62285318800739,99.0,99.0,0.0,3.0,56.315534195679874,11.499610769001942,-2.8230954675404276,0.0,0.0,0.0,1.0,0,0,True,1,588,24,False,False,False,0
128,1088,NOISE_CRASH,AMBER,False,0.0,3.0,0.0,0.0,20.50003502047911,False,0.6670670200085603,0.11418333093733825,0.4960856255850599,0.7224116513083613,23.736241284500746,99.0,99.0,0.0,3.0,68.03555911379249,4.127584249484147,2.0678954113255865,0.0,0.0,0.0,1.0,0,0,True,1,589,24,False,False,False,0
128,1089,NOISE_CRASH,AMBER,False,0.0,3.0,0.0,0.7784450079153082,20.563906044578918,False,0.6645136602401958,0.11418333093733825,0.7453977001732949,0.5819550277297422,26.78932590778993,99.0,99.0,0.0,3.0,50.43429777636279,8.693883101838475,-0.8358940264486759,0.0,0.0,0.0,1.0,0,0,True,1,590,24,False,False,False,0
128,1090,NOISE_CRASH,AMBER,False,0.0,3.0,0.0,0.0,20.508515440121027,False,0.6656086462165783,0.11202183871928686,0.3196572761230535,0.7010131927862825,28.553457299355102,99.0,99.0,0.0,3.0,60.16951182889648,8.942564253990046,-3.1841091143981055,0.0,0.0,0.0,1.0,0,0,True,1,591,24,False,False,False,0
128,1091,NOISE_CRASH,AMBER,False,0.0,3.0,0.0,0.0,20.458663896108927,False,0.6659763349059598,0.1111522224006104,0.10940982388943492,0.6778649358626262,22.34660802808295,99.0,99.0,0.0,3.0,56.25269960612978,6.655669125260494,-1.5842419562002183,0.0,0.0,0.0,1.0,0,0,True,1,592,24,False,False,False,0
128,1092,NOISE_CRASH,AMBER,False,0.0,3.0,0.0,0.0,20.413797506498035,False,0.6633203042320289,0.10857999816635758,0.7965144905389354,0.5774419791082671,27.015689139418775,99.0,99.0,0.0,3.0,50.889587335861115,12.307388187284033,-2.5796485500766573,0.0,0.0,0.0,1.0,0,0,True,1,593,24,False,False,False,0
128,1093,NOISE_CRASH,AMBER,False,0.0,3.0,0.0,0.0,20.373417755848234,False,0.6622750747097099,0.11118796880739273,0.3208784736201644,0.6284793201547278,22.22311984804991,99.0,99.0,0.0,3.0,58.292799862826854,9.124213154950228,-2.1699033049599525,0.0,0.0,0.0,1.0,0,0,True,1,594,24,False,False,False,0
128,1094,NOISE_CRASH,AMBER,False,0.0,3.0,0.0,0.0,20.33707598026341,False,0.6578498341619783,0.11118796880739273,1.3266544918474532,0.5147670564519878,25.247768868113152,99.0,99.0,0.0,3.0,49.803626649446656,10.40124797758014,-0.9355073241134734,0.0,0.0,0.0,1.0,0,0,True,1,595,24,False,False,False,0
128,1095,NOISE_CRASH,AMBER,False,0.0,3.0,0.0,0.6151659961077756,20.3935674516727,False,0.6641125379368206,0.11226169099122825,1.8775124209379652,0.8666066266567212,29.305719764534377,99.0,99.0,0.0,3.0,69.41591832656374,6.116443917577739,-1.7647871488398732,0.0,0.0,0.0,1.0,0,0,True,1,596,24,False,False,False,0
128,1096,NOISE_CRASH,AMBER,False,0.0,3.0,0.0,0.0,20.35521070650543,False,0.660636314465153,0.11226169099122825,1.0321786060687845,0.54823842221457,17.786940339346827,99.0,99.0,0.0,3.0,43.48837529720393,5.157616073061334,-2.1939861801834164,0.0,0.0,0.0,1.0,0,0,True,1,597,24,False,False,False,0
128,1097,NOISE_CRASH,AMBER,False,0.0,3.0,0.0,2.550422225901907,20.690500858610665,False,0.6584871059658588,0.11226169099122825,0.6381543220777172,0.5889960311553476,27.702820585670857,99.0,99.0,0.0,3.0,56.853842908558605,8.273817904287508,-2.784599135521673,0.0,0.0,0.0,1.0,0,0,True,1,598,24,False,False,False,0
128,1098,NOISE_CRASH,AMBER,False,0.0,3.0,0.0,0.0,20.622450772749602,False,0.6532091105340804,0.11226169099122825,1.5671702386259843,0.4825539249065791,13.895781631989397,99.0,99.0,0.0,3.0,42.118605027376496,4.522046779212093,-0.09343115634200103,0.0,0.0,0.0,1.0,0,0,True,1,599,24,False,False,False,0
128,1099,NOISE_CRASH,AMBER,False,0.0,3.0,0.0,0.8814230935974354,20.689012044046272,False,0.6530512929307853,0.11130922633589613,0.04686003506673358,0.6479485237575806,23.19247093340002,99.0,99.0,0.0,3.0,55.209761234386804,5.8243433792631105,-1.5571161151871424,0.0,0.0,0.0,1.0,0,0,True,1,600,24,False,False,False,0
128,1100,FROZEN_LOW_VARIANCE,AMBER,False,0.0,3.0,0.0,0.0,20.62111083964165,False,0.6446489232346131,0.11249402654689857,2.5162243876102237,0.3729723030583773,-2.3093105000359624,99.0,99.0,0.0,3.0,16.090509768100784,1.7682589489088743,-1.9574719436093126,0.0,0.0,0.0,1.0,0,0,True,1,601,24,False,False,False,0
128,1101,FROZEN_LOW_VARIANCE,AMBER,True,0.13861481552475508,3.0,0.0,0.0,20.58813856322901,False,0.6309658497986965,0.11249402654689857,4.05445926209902,0.1885464753707271,-2.305751783011633,-5.1187874503471615,99.0,0.0,3.0,9.31121241594632,-0.05796724269712936,-0.8958753392493237,0.0,0.0,0.0,1.0,0,0,True,1,602,24,False,False,False,0
128,1102,FROZEN_LOW_VARIANCE,AMBER,True,0.3115942785518495,3.0,0.0,0.0,20.593578345452134,False,0.6149476776060794,0.11670008082315447,4.746377114207398,0.09702677671145762,-2.308282011915601,-5.129964345179962,99.0,0.0,3.0,4.9976956359842815,-0.9086080739235056,0.1374147829456913,0.0,0.0,0.0,1.0,0,0,True,1,603,24,False,False,False,0
128,1103,FROZEN_LOW_VARIANCE,AMBER,True,0.32833325281348413,3.0,0.0,0.0,20.60187216122806,False,0.5980961870628165,0.11862265012110673,4.8133330112539365,0.05323132616398751,-2.302766868446308,-5.169482114698049,99.0,0.0,3.0,2.1845609021220307,-1.3155464933214913,0.9683214760645911,0.0,0.0,0.0,1.0,0,0,True,1,604,24,False,False,False,0
128,1104,FROZEN_LOW_VARIANCE,AMBER,True,0.30984809290182036,3.0,0.0,0.0,20.605584107964322,False,0.5812302085703022,0.11862265012110673,4.739392371607281,0.03589690397900371,-2.3032027933471406,-5.175002182993861,99.0,0.0,3.0,0.35540176400983775,-1.5171798592193881,1.4570610053542714,0.0,0.0,0.0,1.0,0,0,True,1,605,24,False,False,False,0
128,1105,FROZEN_LOW_VARIANCE,AMBER,True,0.28410365179777197,3.0,0.0,0.0,20.603698738482837,False,0.5647306949373457,0.12062988658760475,4.636414607191088,0.031246420805085235,-2.297918145615154,-5.138177642591135,99.0,0.0,3.0,-0.8241097786629606,-1.6201520180512208,1.6488950145827843,0.0,0.0,0.0,1.0,0,0,True,1,606,24,False,False,False,0
128,1106,FROZEN_LOW_VARIANCE,AMBER,True,0.232220403940814,3.0,0.0,0.0,20.59146960663454,False,0.5487030303267623,0.12859829883901258,4.428881615763256,0.030475207917896468,-2.307324579606305,-5.1326889824127475,99.0,0.0,3.0,-1.617621602428314,-1.6761861204104354,1.6322356281063093,0.0,0.0,0.0,1.0,0,0,True,1,607,24,False,False,False,0
128,1107,FROZEN_LOW_VARIANCE,AMBER,True,0.13428231704024007,3.0,0.04825505285496545,0.0,20.598365662715693,False,0.5331279916444016,0.1299161747955905,4.03712926816096,0.029535074248074934,-2.3054172296801325,-5.167239833616195,99.0,0.0,3.0,-2.1447651585648964,-1.706358101945744,1.5198115267029917,0.04825505285496545,0.0,0.04825505285496545,1.0,0,0,True,1,608,24,False,False,False,0
128,1108,FROZEN_LOW_VARIANCE,AMBER,True,0.09692225623136386,3.0,0.16482468031452324,0.0,20.688262039145364,False,0.5179757810370081,0.1299161747955905,3.8876890249254554,0.028054304731287297,-2.3051610021129134,-5.154645275570989,99.0,0.0,3.0,-2.4944740409435697,-1.7236223420406842,1.366809302870449,0.16482468031452324,0.0,0.16482468031452324,1.0,0,0,True,1,609,24,False,False,False,0
128,1109,FROZEN_LOW_VARIANCE,AMBER,True,0.07127319271039312,3.0,0.23601439843992678,0.0,20.8197035673295,False,0.5032234378159827,0.13221809077670346,3.7850927708415725,0.02623100700282841,-2.3055160354685844,-5.122455489807716,99.0,0.0,3.0,-2.7080431953197803,-1.7340180894481125,1.2398442419594005,0.23601439843992678,0.0,0.23601439843992678,1.0,0,0,True,1,610,24,False,False,False,0
128,1110,FROZEN_LOW_VARIANCE,AMBER,True,0.03109212483467505,3.0,0.2984208680764235,0.0,20.97870845164183,False,0.488847225318369,0.1356494303274647,3.6243684993387,0.024016354562193913,-2.303826284219945,-5.121464286776973,99.0,0.0,3.0,-2.8952626042292704,-1.7395655186950245,1.1164241869864917,0.2984208680764235,0.0,0.2984208680764235,1.0,0,0,True,1,611,24,False,False,False,0
128,1111,FROZEN_LOW_VARIANCE,AMBER,False,0.0,3.0,0.3383686015300145,0.0,21.146780221475648,False,0.4748321813519539,0.14076817757907495,3.443937295468692,0.02167909310453136,-2.304150172054105,-5.14989992258628,99.0,0.0,3.0,-3.0151058045900436,-1.7426478941991312,1.0310671959617936,0.3383686015300145,0.0,0.3383686015300145,1.0,0,0,True,1,612,24,False,False,False,0
128,1112,FROZEN_LOW_VARIANCE,AMBER,False,0.0,3.0,0.35802042075238044,0.0,21.313432188777195,False,0.4611646726961548,0.1411440525420533,3.236410598581835,0.019248559491985878,-2.3085330607171968,-5.140435490345969,99.0,0.0,3.0,-3.0740612622571413,-1.7454100598424338,0.9682123646401579,0.35802042075238044,0.0,0.35802042075238044,1.0,1,0,True,1,613,24,False,False,False,0
128,1113,FROZEN_LOW_VARIANCE,AMBER,False,0.0,3.0,0.3778706210533465,0.0,21.478961666184244,False,0.4478384034452268,0.140544370514786,3.1472029251716584,0.01695569766522235,-2.302268246655327,-5.128373108249977,99.0,0.0,3.0,-3.1336118631600396,-1.746216536635338,0.9213217460022044,0.3778706210533465,0.0,0.3778706210533465,1.0,2,0,True,1,614,24,False,False,False,0
128,1114,FROZEN_LOW_VARIANCE,AMBER,False,0.0,3.0,0.3908852710303397,0.0,21.638128666782578,False,0.434850440129073,0.14526452156404682,3.080394532720984,0.014906292906767735,-2.305062969711331,-5.139094692276983,99.0,0.0,3.0,-3.172655813091019,-1.7471453488132531,0.8829057839884753,0.3908852710303397,0.0,0.3908852710303397,1.0,3,0,True,1,615,24,False,False,False,0
128,1115,FROZEN_LOW_VARIANCE,AMBER,False,0.0,3.0,0.39797555760878717,0.0,21.786930661712002,False,0.42219436020946316,0.1492984054859051,2.904145665517222,0.012981109475413399,-2.2975944968325455,-5.141512077828836,99.0,0.0,3.0,-3.1939266728263616,-1.7465674464699703,0.8615677369114932,0.39797555760878717,0.0,0.39797555760878717,1.0,4,0,True,1,616,24,False,False,False,0
128,1116,FROZEN_LOW_VARIANCE,AMBER,False,0.0,3.0,0.40137202005975264,0.0,21.92351188724759,False,0.4098661112385642,0.15148919156120638,2.7524850719326257,0.01125272784616536,-2.299015276888716,-5.158039240546829,99.0,0.0,3.0,-3.204116060179258,-1.7464640408821093,0.8360718108293903,0.40137202005975264,0.0,0.40137202005975264,1.0,5,0,True,1,617,24,False,False,False,0
128,1117,FROZEN_LOW_VARIANCE,AMBER,False,0.0,3.0,0.40654054373492904,0.0,22.050481944267283,False,0.39786805038618406,0.15353301838766203,2.640025718167618,0.009930749492558486,-2.3065295146449416,-5.147145173627582,94.78189275725583,0.0,3.0,-3.219621631204787,-1.7475677947963795,0.827755627178038,0.40654054373492904,0.0,0.40654054373492904,1.0,6,0,True,1,618,24,False,False,False,0
128,1118,FROZEN_LOW_VARIANCE,AMBER,False,0.0,3.0,0.4080981175957567,0.0,22.16597457591803,False,0.38618559832537036,0.15353301838766203,2.5363604049686455,0.008452981692395108,-2.2978877742791854,-5.161727605164586,90.37784967949203,0.0,3.0,-3.22429435278727,-1.7469335974521971,0.831189969661987,0.4080981175957567,0.0,0.4080981175957567,1.0,7,0,True,1,619,24,False,False,False,0
128,1119,FROZEN_LOW_VARIANCE,AMBER,False,0.0,3.0,0.4094549376992589,0.0,22.27098033454475,False,0.374821401064514,0.15584950746498188,2.4672645619811484,0.007379022963491812,-2.3067527080099146,-5.153375565331982,81.68490200004815,0.0,3.0,-3.2283648130977767,-1.7475423704684325,0.8173214195694498,0.4094549376992589,0.0,0.4094549376992589,1.0,8,0,True,1,620,24,False,False,False,0
128,1120,FROZEN_LOW_VARIANCE,AMBER,False,0.0,3.0,0.4087036598739462,0.0,22.364897266771575,False,0.36376488179577393,0.15605653973129563,2.3647854156622565,0.006270758773178875,-2.3062238472970633,-5.152891293285745,75.72348094115391,0.0,3.0,-3.2261109796218386,-1.7481430509647882,0.815211137674134,0.4087036598739462,0.0,0.4087036598739462,1.0,9,0,True,1,621,24,False,False,False,0
128,1121,FROZEN_LOW_VARIANCE,AMBER,False,0.0,3.0,0.41209554874177384,0.0,22.452078354759227,False,0.3530124591459925,0.16258071818056724,2.296693806893181,0.0053507934697276,-2.3019484654498865,-5.1447550091823135,67.57930490623461,0.0,3.0,-3.2362866462253215,-1.7476530571155455,0.8008026220098313,0.41209554874177384,0.0,0.41209554874177384,1.0,10,0,True,1,622,24,False,False,False,0
128,1122,FROZEN_LOW_VARIANCE,AMBER,False,0.0,3.0,0.40662135539106387,0.0,22.526255040554506,False,0.34256032893411675,0.1682901582070476,2.142962242354649,0.004608118750134904,-2.305156205579008,-5.1481193359019315,58.21088150319227,0.0,3.0,-3.2198640661731917,-1.7477981049043338,0.8111474102251919,0.40662135539106387,0.0,0.40662135539106387,1.0,11,0,True,1,623,24,False,False,False,0
128,1123,FROZEN_LOW_VARIANCE,AMBER,False,0.0,3.0,0.40989249511374365,0.0,22.595575360173115,False,0.3324015225205408,0.16937466379007127,2.0121609252747823,0.0039334484815843306,-2.3027851477173567,-5.131502642206846,52.42758408076053,0.0,3.0,-3.229677485341231,-1.7478184810487851,0.7919597850723693,0.40989249511374365,0.0,0.40989249511374365,1.0,12,0,True,1,624,24,False,False,False,0
128,1124,FROZEN_LOW_VARIANCE,AMBER,False,0.0,3.0,0.40948302572781614,0.0,22.657643033300683,False,0.32253313248687887,0.16985816954105024,1.9421224349298427,0.003455188065144135,-2.3047189017601553,-5.153359769000481,44.1076436896771,0.0,3.0,-3.2284490771834484,-1.74788603717567,0.7682147968158071,0.40948302572781614,0.0,0.40948302572781614,1.0,13,0,True,1,625,24,False,False,False,0
128,1125,FROZEN_LOW_VARIANCE,AMBER,False,0.0,3.0,0.4112767237850634,0.0,22.71490840469432,False,0.31294369137911354,0.17182181966472657,1.8818525937797705,0.0028850955613694803,-2.30181349813896,-5.1656525223095064,37.93377374643374,0.0,3.0,-3.2338301713551902,-1.7476423769269849,0.7845510865067225,0.4112767237850634,0.0,0.4112767237850634,1.0,14,0,True,1,626,24,False,False,False,0
128,1126,FROZEN_LOW_VARIANCE,AMBER,False,0.0,3.0,0.4066477059144293,0.0,22.762822717955885,False,0.3036312555458765,0.1739894213192109,1.8066071490819722,0.002529163604545145,-2.3034274179583,-5.126436152503666,30.090474556653053,0.0,3.0,-3.219943117743288,-1.7479421873027121,0.782259090565577,0.4066477059144293,0.0,0.4066477059144293,1.0,15,0,True,1,627,24,False,False,False,0
128,1127,FROZEN_LOW_VARIANCE,AMBER,False,0.0,3.0,0.40917863177251323,0.0,22.807927314838174,False,0.2945892459258323,0.17669518206089313,1.7322910690942162,0.0022309348777366372,-2.3072887902894026,-5.151913636333776,20.11316207793184,0.0,3.0,-3.2275358953175397,-1.7487667399556077,0.7698820525447732,0.40917863177251323,0.0,0.40917863177251323,1.0,16,0,True,1,628,24,False,False,False,0
128,1128,FROZEN_LOW_VARIANCE,AMBER,False,0.0,3.0,0.40977679430206787,0.0,22.848989813292874,False,0.2858077358268959,0.1804938046521928,1.65662130615991,0.0018722426279524497,-2.300979233741673,-5.1532077374520515,15.823557832936414,0.0,3.0,-3.2293303829062037,-1.7484251142637086,0.76673313513773,0.40977679430206787,0.0,0.40977679430206787,1.0,17,0,True,1,629,24,False,False,False,0
128,1129,FROZEN_LOW_VARIANCE,RED,False,0.0,1.022461769852779,0.40827972385907385,0.0,21.565755856237043,True,0.27728647418141084,0.184806439180716,1.5736942073820392,0.00176568097739471,-2.303379307665947,-5.1550356340643315,7.089847079411116,0.0,1.022461769852779,-3.2248391715772216,-1.7483735611211577,0.7868648585987266,0.40827972385907385,0.0,0.40827972385907385,1.0,18,48,True,1,630,24,False,False,False,0
128,1130,FROZEN_LOW_VARIANCE,RED,False,0.0,0.5345339321608926,0.40947917179692395,0.0,20.086336594881647,True,0.2690202056303204,0.1899137318133659,1.4909777292278372,0.001744189145064532,-2.3032519424877496,-5.1381357286435705,4.377496842168809,0.0,0.5345339321608926,-3.228437515390772,-1.7484718877294505,0.8027120180617123,0.40947917179692395,0.0,0.40947917179692395,1.0,19,48,True,1,631,24,False,False,False,0
128,1131,FROZEN_LOW_VARIANCE,RED,False,0.0,0.5316719954966056,0.40693185328884685,0.0,18.750955797514884,True,0.2610037776116181,0.19641052385642216,1.4070297325981453,0.001805938340244294,-2.304622509651917,-5.126687981986422,-2.062478358617852,0.0,0.5316719954966056,-3.2207955598665405,-1.7483079990400003,0.7873262654957737,0.40693185328884685,0.0,0.40693185328884685,1.0,20,48,True,1,632,24,False,False,False,0
128,1132,FROZEN_LOW_VARIANCE,RED,False,0.0,0.5313613024488453,0.4059290011462681,0.0,17.548120614394303,True,0.2532239941387875,0.2028763456704024,1.3203269899661259,0.0016776618505982379,-2.303983643993844,-5.125445209795381,-2.0624793428865447,0.0,0.5313613024488453,-3.2177870034388043,-1.748295389716957,0.7939058900827731,0.4059290011462681,0.0,0.4059290011462681,1.0,21,48,True,1,633,24,False,False,False,0
128,1133,FROZEN_LOW_VARIANCE,RED,False,0.0,0.5386469387434352,0.4086285779129207,0.0,16.47254223760256,True,0.2456787856678503,0.20871985170268845,1.2397056354704006,0.0017170451075486281,-2.30267955210649,-5.154587754973741,-2.0624799092477915,0.0,0.5386469387434352,-3.225885733738762,-1.748041407237077,0.817167029173761,0.4086285779129207,0.0,0.4086285779129207,1.0,22,48,True,1,634,24,False,False,False,0
128,1134,FROZEN_LOW_VARIANCE,RED,False,0.0,0.5417482227057051,0.4108121028139326,0.0,15.50829995489032,True,0.23835778423316106,0.21708433348987713,1.1691910432358994,0.0016454045115418118,-2.2985880976274395,-5.16699289082282,-2.0624805174340444,0.0,0.5417482227057051,-3.2324363084417977,-1.7472878053848588,0.7985048741736729,0.4108121028139326,0.0,0.4108121028139326,1.0,23,48,True,1,635,24,False,False,False,0
128,1135,FROZEN_LOW_VARIANCE,RED,False,0.0,0.5432313500270418,0.40997846711824826,0.0,14.640818409622915,True,0.2312615343461618,0.21708433348987713,1.0896302791514205,0.0018161213331861672,-2.3048514866907643,-5.172925400108167,-2.0624798091607697,0.0,0.5432313500270418,-3.2299354013547448,-1.747648279899566,0.793204995185671,0.40997846711824826,0.0,0.40997846711824826,1.0,24,48,True,1,636,24,False,False,False,0
128,1136,FROZEN_LOW_VARIANCE,RED,False,0.0,0.5425819744151801,0.410949887128369,0.0,13.86041250721706,True,0.22437589932946356,0.22483950399891295,1.057290332901789,0.0017403671228866137,-2.302701486552815,-5.17032789766072,-2.062479932651683,0.0,0.5425819744151801,-3.232849661385107,-1.7476974524217141,0.7961714599155761,0.410949887128369,0.0,0.410949887128369,1.0,25,48,True,1,637,24,False,False,False,0
128,1137,FROZEN_LOW_VARIANCE,RED,False,0.0,0.5333166931235371,0.4052649387592582,0.0,13.147415937857254,True,0.21769845506859614,0.22757107887099376,0.98995715345166,0.001794423967216568,-2.310184007274298,-5.1332667724941485,-2.062480002240356,0.0,0.5333166931235371,-3.2157948162777745,-1.7486736021246099,0.7950890795059518,0.4052649387592582,0.0,0.4052649387592582,1.0,26,48,True,1,638,24,False,False,False,0
128,1138,FROZEN_LOW_VARIANCE,RED,False,0.0,0.5384792558666316,0.4100491517544061,0.0,12.512908493558273,True,0.21121908402293554,0.23077618034491726,0.9490618752033443,0.0017194202132426529,-2.303859422741275,-5.153917023466526,-2.0624806300816187,0.0,0.5384792558666316,-3.2301474552632183,-1.7482618813186508,0.7992911053682877,0.4100491517544061,0.0,0.4100491517544061,1.0,27,48,True,1,639,24,False,False,False,0
128,1139,FROZEN_LOW_VARIANCE,RED,False,0.0,0.5419462261901875,0.40703586634744465,0.0,11.94180486042135,True,0.20493268398080425,0.2346298561700269,0.908008217129929,0.001672415951892275,-2.3017357762417716,-5.16778490476075,-2.0624801326707773,0.0,0.5419462261901875,-3.221107599042334,-1.7478880614630607,0.8038300242587364,0.40703586634744465,0.0,0.40703586634744465,1.0,28,48,True,1,640,24,False,False,False,0
128,1140,FROZEN_LOW_VARIANCE,RED,False,0.0,0.5338646510722114,0.4063005791923966,0.0,11.421845450152027,True,0.19883610195490756,0.24414781467603255,0.8661276283439275,0.0017132831175819983,-2.302631735816527,-5.1354586042888455,-2.0624801944293023,0.0,0.5338646510722114,-3.21890173757719,-1.7474336809483926,0.7977964150638931,0.4063005791923966,0.0,0.4063005791923966,1.0,29,48,True,1,641,24,False,False,False,0
128,1141,FROZEN_LOW_VARIANCE,RED,False,0.0,0.5436585244543128,0.4134630930062211,0.0,10.966022742771722,True,0.19292022107416704,0.2561673610133313,0.8076911506239872,0.0016400725968908406,-2.303220513051973,-5.174634097817251,-2.062481236395488,0.0,0.5436585244543128,-3.2403892790186632,-1.747275388698942,0.802427192882971,0.4134630930062211,0.0,0.4134630930062211,1.0,30,48,True,1,642,24,False,False,False,0
128,1142,FROZEN_LOW_VARIANCE,RED,False,0.0,0.5432917787957703,0.4092975743227738,0.0,10.55227608564606,True,0.1871805432174371,0.25932206935109775,0.7468656212388212,0.0015976258498359719,-2.304722906066313,-5.173167115183081,-2.0624813888004168,0.0,0.5432917787957703,-3.2278927229683214,-1.747395165657836,0.7969037057217279,0.4092975743227738,0.0,0.4092975743227738,1.0,31,48,True,1,643,24,False,False,False,0
128,1143,FROZEN_LOW_VARIANCE,RED,False,0.0,0.5358422509583856,0.40764276362454394,0.0,10.173639542388715,True,0.18161028874946708,0.26751064647004097,0.7160021104140853,0.0015053942851033166,-2.299800828446877,-5.143369003833542,-2.0624812091651306,0.0,0.5358422509583856,-3.222928290873632,-1.74690389384422,0.8148521520455759,0.40764276362454394,0.0,0.40764276362454394,1.0,32,48,True,1,644,24,False,False,False,0
128,1144,FROZEN_LOW_VARIANCE,RED,False,0.0,0.5384597726056108,0.406927529210319,0.0,9.834052511849466,True,0.17621290113859317,0.28234288016469095,0.6725448976947996,0.0016973683870036443,-2.3047103570418583,-5.153839090422443,-2.062481745426697,0.0,0.5384597726056108,-3.220782587630957,-1.7476271523512261,0.8229628157936939,0.406927529210319,0.0,0.406927529210319,1.0,33,48,True,1,645,24,False,False,False,0
128,1145,FROZEN_LOW_VARIANCE,RED,False,0.0,0.5383915671692192,0.4086691525786678,0.0,9.529742382435487,True,0.17097736725364446,0.2889661874554023,0.6181058862301058,0.0016951049736363218,-2.305268298909833,-5.153566268676877,-2.0624823290573717,0.0,0.5383915671692192,-3.2260074577360034,-1.7479083765293195,0.8041649466880784,0.4086691525786678,0.0,0.4086691525786678,1.0,34,48,True,1,646,24,False,False,False,0
128,1146,FROZEN_LOW_VARIANCE,RED,False,0.0,0.5435384737660025,0.4117405834675953,0.0,9.261701183048988,True,0.16589631512489933,0.29946446430554363,0.586118416770278,0.0016089629621406946,-2.3026429981886087,-5.17415389506401,-2.0624831117847213,0.0,0.5435384737660025,-3.235221750402786,-1.7477481180062588,0.8050692137760856,0.4117405834675953,0.0,0.4117405834675953,1.0,35,48,True,1,647,24,False,False,False,0
128,1147,FROZEN_LOW_VARIANCE,RED,False,0.0,0.544320785165249,0.41044512647898596,0.0,9.019971562482356,True,0.16097076586815842,0.3483794489345448,0.548261963587033,0.0017113399002030042,-2.3009990785877776,-5.177283140660996,-2.0624834055415313,0.0,0.544320785165249,-3.231335379436958,-1.7477715887453684,0.818262206938408,0.41044512647898596,0.0,0.41044512647898596,1.0,36,48,True,1,648,24,False,False,False,0
128,1148,FROZEN_LOW_VARIANCE,RED,False,0.0,0.5350091287332581,0.4085075381120711,0.0,8.794686897440956,True,0.1561921710976329,0.37890967173586015,0.45722126502581967,0.0016842735173079127,-2.302014483849013,-5.1400365149330325,-2.0624831697070927,0.0,0.5350091287332581,-3.2255226143362132,-1.7472909516968653,0.8138261447567571,0.4085075381120711,0.0,0.4085075381120711,1.0,37,48,True,1,649,24,False,False,False,0
128,1149,FROZEN_LOW_VARIANCE,RED,False,0.0,0.5399745797323674,0.4096748560351659,0.0,8.596156664653885,True,0.15155808899974083,0.3803623670703471,0.4076681456966084,0.0017227678345641828,-2.3033548222834415,-5.15989831892947,-2.062483400485587,0.0,0.5399745797323674,-3.2290245681054977,-1.7474939864534724,0.7981022905371359,0.4096748560351659,0.0,0.4096748560351659,1.0,38,48,True,1,650,24,False,False,False,0
128,1150,FROZEN_LOW_VARIANCE,RED,False,0.0,0.542079109577672,0.40943184346519795,0.0,8.418692897710054,True,0.14706114418402058,0.3823465156539962,0.39409303732796785,0.0016599284757323307,-2.3003695903159054,-5.168316438310688,-2.0624833430952108,0.0,0.542079109577672,-3.228295530395594,-1.7469357644879433,0.789854054533854,0.40943184346519795,0.0,0.40943184346519795,1.0,39,48,True,1,651,24,False,False,False,0
128,1151,FROZEN_LOW_VARIANCE,RED,False,0.0,0.5328013058728576,0.40418645457132163,0.0,8.24868007288559,True,0.14270077785187094,0.385222109154698,0.3801408890999776,0.0017155997790319565,-2.3030803170862435,-5.13120522349143,-2.062482420079958,0.0,0.5328013058728576,-3.212559363713965,-1.747508984951236,0.8244366127152837,0.40418645457132163,0.0,0.40418645457132163,1.0,40,48,True,1,652,24,False,False,False,0
128,1152,FROZEN_LOW_VARIANCE,RED,False,0.0,0.5355030701241088,0.4095839152444687,0.0,8.10169681900623,True,0.13846859610158324,0.3959457439393413,0.3662113924851017,0.0016280528422811383,-2.304356853050878,-5.142012280496435,-2.0624827126015717,0.0,0.5355030701241088,-3.228751745733406,-1.7478989014561872,0.8165021161604046,0.4095839152444687,0.0,0.4095839152444687,1.0,41,48,True,1,653,24,False,False,False,0
128,1153,FROZEN_LOW_VARIANCE,RED,False,0.0,0.5405415109276082,0.40878652890660233,0.0,7.972148177028192,True,0.13436502490744484,0.4067977467228257,0.3454657830397969,0.0016828896303037722,-2.305752395671278,-5.162166043710433,-2.062482334753425,0.0,0.5405415109276082,-3.226359586719807,-1.7483391486518576,0.7973350568615004,0.40878652890660233,0.0,0.40878652890660233,1.0,42,48,True,1,654,24,False,False,False,0
128,1154,FROZEN_LOW_VARIANCE,RED,False,0.0,0.5347571611656887,0.40669048982597333,0.0,7.850055039356625,True,0.13038427725473112,0.4115563895514773,0.3261856524347982,0.001673436483654157,-2.3014401232558823,-5.139028644662755,-2.06248229175307,0.0,0.5347571611656887,-3.22007146947792,-1.747612101405157,0.7902113341656581,0.40669048982597333,0.0,0.40669048982597333,1.0,43,48,True,1,655,24,False,False,False,0
128,1155,FROZEN_LOW_VARIANCE,RED,False,0.0,0.5368550875197136,0.40656122096793484,0.0,7.741469314814505,True,0.12652467293305636,0.41509824963169756,0.31260230834799524,0.0017307998655725606,-2.305575458674718,-5.147420350078854,-2.062481492247083,0.0,0.5368550875197136,-3.2196836629038046,-1.7479881228460776,0.7932186976767303,0.40656122096793484,0.0,0.40656122096793484,1.0,44,48,True,1,656,24,False,False,False,0
128,1156,FROZEN_LOW_VARIANCE,RED,False,0.0,0.533396815586737,0.40552904262253114,0.0,7.6406272997028495,True,0.12278030794504907,0.431896799709029,0.300681022812433,0.0017125066661469192,-2.307865757800868,-5.133587262346948,-2.0624810510430165,0.0,0.533396815586737,-3.2165871278675935,-1.7490766917997373,0.7924460107208369,0.40552904262253114,0.0,0.40552904262253114,1.0,45,48,True,1,657,24,False,False,False,0
128,1157,FROZEN_LOW_VARIANCE,RED,False,0.0,0.529947837394515,0.40290497880035625,0.0,7.545514375675385,True,0.11914579816894004,0.461950408481078,0.28050757947713534,0.0016299820747482255,-2.29896336152168,-5.11979134957806,-2.062480807337663,0.0,0.529947837394515,-3.2087149364010688,-1.7474759715519013,0.8032588866637804,0.40290497880035625,0.0,0.40290497880035625,1.0,46,48,True,1,658,24,False,False,False,0
128,1158,FROZEN_LOW_VARIANCE,RED,False,0.0,0.5323547503446504,0.40710323436532275,0.0,7.464805389095776,True,0.11562057766737961,0.47410621901528704,0.2543722180880533,0.0016384481169259594,-2.3039365308788393,-5.129419001378602,-2.0624803057866052,0.0,0.5323547503446504,-3.2213097030959683,-1.7476081210869898,0.7969674057826125,0.40710323436532275,0.0,0.40710323436532275,1.0,47,48,True,1,659,24,False,False,False,0
128,1159,FROZEN_LOW_VARIANCE,RED,False,0.0,0.5307949982474094,0.40681933634846307,0.0,7.390904654378067,True,0.11220221357202136,0.4910557207116985,0.24033742919875314,0.001675107822104501,-2.306456790394717,-5.1231799929896376,-2.062480740388241,0.0,0.5307949982474094,-3.220458009045389,-1.748547948257105,0.8006719380569429,0.40681933634846307,0.0,0.40681933634846307,1.0,48,48,True,1,660,24,False,False,False,0
128,1160,FROZEN_LOW_VARIANCE,RED,False,0.0,0.5338099121589635,0.4061368152190424,0.0,7.325870526666799,True,0.10888615601032474,0.5031422514376325,0.22509716798809046,0.0016669615154673305,-2.307534282781326,-5.135239648635854,-2.062480225124522,0.0,0.5338099121589635,-3.218410445657127,-1.7489565450258078,0.7977044022455914,0.4061368152190424,0.0,0.4061368152190424,1.0,49,48,True,1,661,24,False,False,False,0
128,1161,FROZEN_LOW_VARIANCE,RED,False,0.0,0.5390051964191365,0.40821429908552237,0.0,7.272431736195648,True,0.10566902937423282,0.5423625596498556,0.21313565742091117,0.0016486014739275521,-2.3029121900426652,-5.156020785676546,-2.062480577149851,0.0,0.5390051964191365,-3.224642897256567,-1.7482533006449412,0.8064651261995824,0.40821429908552237,0.0,0.40821429908552237,1.0,50,48,True,1,662,24,False,False,False,0
128,1162,FROZEN_LOW_VARIANCE,RED,False,0.0,0.5363613666585159,0.4096333039657276,0.0,7.2236844711424775,True,0.10254827228629608,0.5753113515742656,0.19180017944401576,0.001643793109674826,-2.3004436332220264,-5.145445466634063,-2.0624805252089904,0.0,0.5363613666585159,-3.228899911897183,-1.7478942528703307,0.7814048755519608,0.4096333039657276,0.0,0.4096333039657276,1.0,51,48,True,1,663,24,False,False,False,0
128,1163,FROZEN_LOW_VARIANCE,RED,False,0.0,0.5276535861163765,0.40435567742234085,0.0,7.169871461389546,True,0.09952770893106588,0.5522366801800109,0.17501035725929392,0.0018628271119566146,-2.3106335445017345,-5.110614344465506,-2.062479594076117,0.0,0.5276535861163765,-3.2130670322670225,-1.7491490680848711,0.79857156109828,0.40435567742234085,0.0,0.40435567742234085,1.0,52,48,True,1,664,24,False,False,False,0
128,1164,FROZEN_LOW_VARIANCE,RED,False,0.0,0.53402331728883,0.40899886233032917,0.0,7.129323977086888,True,0.09658867496508737,0.41376846229112063,0.17740183218908254,0.0015599100651155413,-2.3027276040887013,-5.13609326915532,-2.0624802024310624,0.0,0.53402331728883,-3.2269965869909876,-1.74835291906846,0.7854090709802093,0.40899886233032917,0.0,0.40899886233032917,1.0,53,48,True,1,665,24,False,False,False,0
128,1165,FROZEN_LOW_VARIANCE,RED,False,0.0,0.5411451092460404,0.41004496803476026,0.0,7.098400577216526,True,0.09373719461078699,0.20943839778811973,0.2297162635765871,0.001539329821741166,-2.30069918410369,-5.164580436984162,-2.0624801978187084,0.0,0.5411451092460404,-3.230134904104281,-1.7478255629254245,0.7820419698336414,0.41004496803476026,0.0,0.41004496803476026,1.0,54,48,True,1,666,24,False,False,False,0
128,1166,FROZEN_LOW_VARIANCE,RED,False,0.0,0.5348580667987837,0.40829222712069074,0.0,7.065003663885164,True,0.09097446564510842,0.10912927768116365,0.4397043068281285,0.0016462290881679579,-2.3031995256882496,-5.139432267195135,-2.062479665613312,0.0,0.5348580667987837,-3.224876681362072,-1.7475713335980574,0.7826080637968417,0.40829222712069074,0.0,0.40829222712069074,1.0,55,48,True,1,667,24,False,False,False,0
128,1167,FROZEN_LOW_VARIANCE,RED,False,0.0,0.5379364750033806,0.4109903382109697,0.0,7.039112361143092,True,0.08829484617886545,0.06381370302459556,0.8184847437158732,0.001653816770342814,-2.301259632685328,-5.151745900013522,-2.062479724047158,0.0,0.5379364750033806,-3.232971014632909,-1.7475207901580951,0.7789310351648863,0.4109903382109697,0.0,0.4109903382109697,1.0,56,48,True,1,668,24,False,False,False,0
128,1168,FROZEN_LOW_VARIANCE,RED,False,0.0,0.5394773775815442,0.40701592601962516,0.0,7.013726005949039,True,0.08569510149631161,0.04747588013431825,1.3579866388842392,0.0016366900937379207,-2.2995028760320286,-5.157909510326177,-2.062478112378778,0.0,0.5394773775815442,-3.2210477780588755,-1.7470631118230726,0.7660140398793266,0.40701592601962516,0.0,0.40701592601962516,1.0,57,48,True,1,669,24,False,False,False,0
128,1169,FROZEN_LOW_VARIANCE,RED,False,0.0,0.5333513443922033,0.4106519328019485,0.0,6.98963921544766,True,0.0831754221832902,0.043413561998592774,1.769094331614816,0.0017057910622647482,-2.303931611763184,-5.133405377568813,-2.062479177508695,0.0,0.5333513443922033,-3.2319557984058456,-1.7474320918104587,0.780817283945178,0.4106519328019485,0.0,0.4106519328019485,1.0,58,48,True,1,670,24,False,False,False,0
128,1170,FROZEN_LOW_VARIANCE,RED,False,0.0,0.5382643463043764,0.40725920708129104,0.0,6.968581572032564,True,0.08072964261260417,0.042108577883316296,1.8778921133487452,0.0016494364937560426,-2.301829676493098,-5.1530573852175054,-2.062478402003679,0.0,0.5382643463043764,-3.221777621243873,-1.7475214004104882,0.7819787079465169,0.40725920708129104,0.0,0.40725920708129104,1.0,59,48,True,1,671,24,False,False,False,0
128,1171,FROZEN_LOW_VARIANCE,RED,False,0.0,0.5355858599823979,0.40886997826308935,0.0,6.949104376417566,True,0.07835754420759301,0.04029140682158331,1.877763410885301,0.001659695778898806,-2.298786832844243,-5.142343439929592,-2.0624786280957195,0.0,0.5355858599823979,-3.226609934789268,-1.7470859213333876,0.7801178316632893,0.40886997826308935,0.0,0.40886997826308935,1.0,60,48,True,1,672,24,False,False,False,0
128,1172,FROZEN_LOW_VARIANCE,RED,False,0.0,0.5361681562979779,0.40828007370953295,0.0,6.931501396741124,True,0.07605910722228726,0.03784210177268207,1.901511320171062,0.001742978030734802,-2.3076570510999184,-5.1446726251919115,-2.06247863208482,0.0,0.5361681562979779,-3.224840221128599,-1.747721899723444,0.7778949609211061,0.40828007370953295,0.0,0.40828007370953295,1.0,61,48,True,1,673,24,False,False,False,0
128,1173,FROZEN_LOW_VARIANCE,RED,False,0.0,0.5440503298502137,0.4108884965439114,0.0,6.922958519870987,True,0.0738263463234995,0.03483318784415718,1.9667343991620512,0.0016337439293622061,-2.3070361258980676,-5.176201319400855,-2.062477992153853,0.0,0.5440503298502137,-3.232665489631734,-1.7483212006096345,0.7656188577546965,0.4108884965439114,0.0,0.4108884965439114,1.0,62,48,True,1,674,24,False,False,False,0
128,1174,FROZEN_LOW_VARIANCE,RED,False,0.0,0.5352833575273594,0.40437792256235133,0.0,6.904324580720958,True,0.07165831770510268,0.03145885407134957,2.0746771997025,0.0015587257102723084,-2.3039853236197367,-5.141133430109438,-2.0624778841957663,0.0,0.5352833575273594,-3.213133767687054,-1.7487624588072692,0.7670288705292665,0.40437792256235133,0.0,0.40437792256235133,1.0,63,48,True,1,675,24,False,False,False,0
128,1175,FROZEN_LOW_VARIANCE,RED,False,0.0,0.5327736391413642,0.40787960213914126,0.0,6.8886218684311,True,0.06956085378182991,0.027920268782951164,2.222441540639788,0.001742853596010271,-2.3080608991005245,-5.131094556565457,-2.0624777269962724,0.0,0.5327736391413642,-3.2236388064174237,-1.7489503490146903,0.7867569647873127,0.40787960213914126,0.0,0.40787960213914126,1.0,64,48,True,1,676,24,False,False,False,0
128,1176,FROZEN_LOW_VARIANCE,RED,False,0.0,0.5436772592179464,0.4101794614166723,0.0,6.883562931775614,True,0.0675232262356493,0.024418815743791393,2.43267422437906,0.0016399355758093166,-2.304270650773688,-5.174709036871786,-2.06247762737222,0.0,0.5436772592179464,-3.230538384250017,-1.748746311675999,0.7959834713467446,0.4101794614166723,0.0,0.4101794614166723,1.0,65,48,True,1,677,24,False,False,False,0
128,1177,FROZEN_LOW_VARIANCE,RED,False,0.0,0.5423882076530557,0.40989845100112604,0.0,6.8779300602365225,True,0.06554697857604241,0.021204112327022386,2.6977115793850515,0.0016483042487532608,-2.3040302716316083,-5.169552830612223,-2.0624773932926437,0.0,0.5423882076530557,-3.229695353003378,-1.7483745174834238,0.8146126612738559,0.40989845100112604,0.0,0.40989845100112604,1.0,66,48,True,1,678,24,False,False,False,0
128,1178,FROZEN_LOW_VARIANCE,RED,False,0.0,0.5410275777606692,0.40984090377059984,0.0,6.871907876231616,True,0.06363145182932839,0.018273331570092966,3.0112503920177254,0.0016960870189083694,-2.3067454335231847,-5.164110311042677,-2.062476991118277,0.0,0.5410275777606692,-3.2295227113117995,-1.74905227183839,0.8064515955503895,0.40984090377059984,0.0,0.40984090377059984,1.0,67,48,True,1,679,24,False,False,False,0
128,1179,FROZEN_LOW_VARIANCE,RED,False,0.0,0.5380583000209334,0.40636711840872247,0.0,6.861787428436447,True,0.061773892531621424,0.015587499320168027,3.38847040669026,0.0017128085724295076,-2.307043332486193,-5.152233200083733,-2.0624762806705235,0.0,0.5380583000209334,-3.2191013552261674,-1.7494084240603323,0.8216865263666424,0.40636711840872247,0.0,0.40636711840872247,1.0,68,48,True,1,680,24,False,False,False,0
128,1180,FROZEN_LOW_VARIANCE,RED,True,0.08886447808414577,0.5358576660063534,0.41139264799280184,0.0,6.8731856812484855,True,0.059970984103996934,0.01332626746487768,3.855457912336583,0.0016769449441384977,-2.3035485987606625,-5.143430664025414,-2.0624769364775615,0.0,0.5358576660063534,-3.2341779439784055,-1.7490442422016876,0.7975719922433445,0.41139264799280184,0.0,0.41139264799280184,1.0,69,48,True,1,681,24,False,False,False,0
128,1181,FROZEN_LOW_VARIANCE,RED,True,0.21821391172788407,0.5410160068104861,0.41077597853151343,0.0,6.912659804937166,True,0.05822276878591561,0.011287178553652542,4.372855646911536,0.0016971401679530863,-2.308053174979991,-5.1640640272419445,-2.062476529326414,0.0,0.5410160068104861,-3.2323279355945402,-1.7495575548000721,0.7887645517785098,0.41077597853151343,0.0,0.41077597853151343,1.0,70,48,True,1,682,24,False,False,False,0
128,1182,FROZEN_LOW_VARIANCE,RED,True,0.3769291406069677,0.5387356870890667,0.4108932283722509,0.0,6.978976541090543,True,0.056527079056329414,0.009395583677655417,5.007716562427871,0.0016997777997091103,-2.307252915167357,-5.154942748356267,-2.062477210960031,0.0,0.5387356870890667,-3.2326796851167527,-1.749562433421364,0.7923438352005451,0.4108932283722509,0.0,0.4108932283722509,1.0,71,48,True,1,683,24,False,False,False,0
128,1183,FROZEN_LOW_VARIANCE,RED,True,0.5851856817969352,0.5371484250066614,0.4069704518553281,0.0,7.076807443668432,True,0.05488076344534092,0.007777901827640423,5.840742727187741,0.001649892023379692,-2.3076396792050917,-5.1485937000266455,-2.06247694158125,0.0,0.5371484250066614,-3.2209113555659843,-1.7492933084046491,0.8194931497285276,0.4069704518553281,0.0,0.4069704518553281,1.0,72,48,True,1,684,24,False,False,False,0
128,1184,FROZEN_LOW_VARIANCE,RED,True,0.8393473053460758,0.5383091989166506,0.4092688587173144,0.0,7.219023954339906,True,0.05328068044060552,0.006303211977371556,6.857389221384303,0.0015446632874942144,-2.3010356529129674,-5.1532367956666025,-2.062477182774027,0.0,0.5383091989166506,-3.227806576151943,-1.7482352195738384,0.8204424139883382,0.4092688587173144,0.0,0.4092688587173144,1.0,73,48,True,1,685,24,False,False,False,0
128,1185,FROZEN_LOW_VARIANCE,RED,True,1.1723194467829496,0.5442702432304058,0.4111899692683072,0.0,7.4200924047746195,True,0.05173211782558936,0.00508199936453975,8.189277787131799,0.0016619266067335377,-2.301766464164567,-5.177080972921623,-2.0624777355728128,0.0,0.5442702432304058,-3.2335699078049216,-1.7480566702537395,0.8209161088695629,0.4111899692683072,0.0,0.4111899692683072,1.0,74,48,True,1,686,24,False,False,False,0
128,1186,FROZEN_LOW_VARIANCE,RED,True,1.5831515193994465,0.5407055799072391,0.4090251912705396,0.0,7.680380269298206,True,0.05023303889044571,0.004031321524829145,9.832606077597786,0.0017628199874677264,-2.3052986052865223,-5.162822319628956,-2.0624780901345123,0.0,0.5407055799072391,-3.227075573811619,-1.7481160673431717,0.8243161333102147,0.4090251912705396,0.0,0.4090251912705396,1.0,75,48,True,1,687,24,False,False,False,0
128,1187,FROZEN_LOW_VARIANCE,RED,True,2.1332097211970056,0.5366511512177186,0.40830020206029455,0.0,8.023029191846806,True,0.0487777916184143,0.003176654008045488,12.032838884788022,0.0017247964893986401,-2.307237340289561,-5.146604604870874,-2.062478298252214,0.0,0.5366511512177186,-3.2249006061808836,-1.748539594627271,0.8175541427099142,0.40830020206029455,0.0,0.40830020206029455,1.0,76,48,True,1,688,24,False,False,False,0
128,1188,FROZEN_LOW_VARIANCE,RED,True,2.837089456000405,0.5375482771793372,0.41068842237837666,0.0,8.476769167831094,True,0.047362748756579046,0.00239950998829022,14.84835782400162,0.0016096962239059741,-2.3022458388864537,-5.150193108717349,-2.0624790688713555,0.0,0.5375482771793372,-3.23206526713513,-1.7481885269788577,0.8163050321538579,0.41068842237837666,0.0,0.41068842237837666,1.0,77,48,True,1,689,24,False,False,False,0
128,1189,FROZEN_LOW_VARIANCE,RED,True,3.0,0.5342845371585221,0.40162498398044644,0.0,8.908932399789409,True,0.04599327791257858,0.001727426227816324,19.02431261220808,0.0017137206232301508,-2.3030318644078727,-5.137138148634088,-2.0624773627931585,0.0,0.5342845371585221,-3.2048749519413393,-1.7481751463639157,0.8016456890475725,0.40162498398044644,0.0,0.40162498398044644,1.0,78,48,True,1,690,24,False,False,False,0
128,1190,FROZEN_LOW_VARIANCE,RED,True,3.0,0.5335741481141099,0.40844575552106255,0.0,9.302746143175572,True,0.04466642346742833,0.0012424969130392974,25.60368760923504,0.0017647964075701435,-2.3045730053607243,-5.134296592456439,-2.0624778627325946,0.0,0.5335741481141099,-3.2253372665631876,-1.7483122973080711,0.7711706299170493,0.40844575552106255,0.0,0.40844575552106255,1.0,79,48,True,1,691,24,False,False,False,0
128,1191,FROZEN_LOW_VARIANCE,RED,True,3.0,0.5323084173234356,0.40547471336281465,0.0,9.654007943775829,True,0.043382637863677416,0.0007565053807096721,34.441013904563434,0.0018735700090647387,-2.303895727612317,-5.129233669293742,-2.062477727791534,0.0,0.5323084173234356,-3.216424140088444,-1.7483967199373904,0.8125484983311554,0.40547471336281465,0.0,0.40547471336281465,1.0,80,48,True,1,692,24,False,False,False,0
128,1192,FROZEN_LOW_VARIANCE,RED,True,3.0,0.5351069975228981,0.40900050098199037,0.0,9.974770909014918,True,0.04213392999432776,0.0005126868280094427,55.02088512039622,0.0017590422186889358,-2.3054168464287192,-5.140427990091593,-2.0624783255696006,0.0,0.5351069975228981,-3.227001502945971,-1.7485200611125284,0.7847706784994459,0.40900050098199037,0.0,0.40900050098199037,1.0,81,48,True,1,693,24,False,False,False,0
128,1193,FROZEN_LOW_VARIANCE,RED,True,3.0,0.5380352587392694,0.40405278439203346,0.0,10.261536665871482,True,0.040920048080509426,0.00048264310631840183,78.92289844408839,0.001671199533716699,-2.302942172850256,-5.1521410349570775,-2.062477704763101,0.0,0.5380352587392694,-3.2121583531761004,-1.747697446629426,0.7790382739036295,0.40405278439203346,0.0,0.40405278439203346,1.0,82,48,True,1,694,24,False,False,False,0
128,1194,FROZEN_LOW_VARIANCE,RED,True,3.0,0.5375171083405665,0.4096250701737718,0.0,10.523643340493557,True,0.03974068986988506,0.00042666221834002067,81.45136611194229,0.0016081077263641918,-2.303058463674095,-5.150068433362266,-2.06247821064294,0.0,0.5375171083405665,-3.2288752105213154,-1.7474700794841076,0.755562938166983,0.4096250701737718,0.0,0.4096250701737718,1.0,83,48,True,1,695,24,False,False,False,0
128,1195,FROZEN_LOW_VARIANCE,RED,True,3.0,0.5330935498275926,0.40442270976499683,0.0,10.752515385925197,True,0.03859406917393712,0.0003844905718696775,89.5806758180588,0.0015200000049538497,-2.2981350470833104,-5.13237419931037,-2.062478081022682,0.0,0.5330935498275926,-3.2132681292949905,-1.746796895029234,0.7572419576606365,0.40442270976499683,0.0,0.40442270976499683,1.0,84,48,True,1,696,24,False,False,False,0
128,1196,FROZEN_LOW_VARIANCE,RED,True,3.0,0.5440159135473852,0.4094505903872772,0.0,10.96972227394202,True,0.03748924744323227,0.0003571038782257241,95.78229927567071,0.0017666781504418938,-2.3058020491357922,-5.176063654189541,-2.062477212448992,0.0,0.5440159135473852,-3.2283517711618317,-1.7474271101796066,0.7555223034239058,0.4094505903872772,0.0,0.4094505903872772,1.0,85,48,True,1,697,24,False,False,False,0
128,1197,FROZEN_LOW_VARIANCE,RED,True,3.0,0.5267246792757245,0.40226937588052314,0.0,11.148052328939176,True,0.03641711166880477,0.00029916362606666116,100.0769281060379,0.0017513882956491642,-2.3068792848091664,-5.106898717102898,-2.0624762285373146,0.0,0.5267246792757245,-3.2068081276415694,-1.7484723675506073,0.7500639654062089,0.40226937588052314,0.0,0.40226937588052314,1.0,86,48,True,1,698,24,False,False,False,0
128,1198,FROZEN_LOW_VARIANCE,RED,True,3.0,0.539198332360713,0.40933916603655734,0.0,11.322404950736479,True,0.03537761971138241,0.00024338682506377748,115.82200807513259,0.0017673797547259988,-2.3036995870502484,-5.156793329442852,-2.0624771498815813,0.0,0.539198332360713,-3.228017498109672,-1.7484433117566214,0.7660484248275978,0.40933916603655734,0.0,0.40933916603655734,1.0,87,48,True,1,699,24,False,False,False,0
128,1199,FROZEN_LOW_VARIANCE,RED,True,3.0,0.5392595635752071,0.4078966210098553,0.0,11.47823363881821,True,0.03436813574831413,0.00023372332007660213,138.2550819124729,0.0017281542757731452,-2.3042878175667614,-5.157038254300828,-2.0624767794287813,0.0,0.5392595635752071,-3.223689863029566,-1.7480317293365426,0.7530989135772693,0.4078966210098553,0.0,0.4078966210098553,1.0,88,48,True,1,700,24,False,False,False,0
128,1200,FROZEN_LOW_VARIANCE,RED,True,3.0,0.5392570357217932,0.41172782648350187,0.0,11.621477605899408,True,0.033387677661005664,0.0002311508308580504,139.8317302394307,0.0016861995046985791,-2.3068472676283758,-5.157028142887173,-2.062478245590883,0.0,0.5392570357217932,-3.2351834794505057,-1.7485669997505933,0.7528831368595204,0.41172782648350187,0.0,0.41172782648350187,1.0,89,48,True,1,701,24,False,False,False,0
128,1201,FROZEN_LOW_VARIANCE,RED,True,3.0,0.5346314125335414,0.40680546829556735,0.0,11.743457679144768,True,0.03243944964897154,0.00021699950270993946,136.74015483226898,0.0017800772598682362,-2.3115192574318555,-5.138525650134166,-2.0624769468346242,0.0,0.5346314125335414,-3.220416404886702,-1.7497877254425505,0.7623211272285232,0.40680546829556735,0.0,0.40680546829556735,1.0,90,48,True,1,702,24,False,False,False,0
128,1202,FROZEN_LOW_VARIANCE,RED,True,3.0,0.534148865944768,0.40904654186937045,0.0,11.85467264709917,True,0.03151452201343605,0.0002148786508770665,142.07830340389162,0.0016085284644551596,-2.3071463702579718,-5.136595463779072,-2.062477473984845,0.0,0.534148865944768,-3.2271396256081113,-1.7496758565897308,0.7826081660754787,0.40904654186937045,0.0,0.40904654186937045,1.0,91,48,True,1,703,24,False,False,False,0
128,1203,FROZEN_LOW_VARIANCE,RED,True,3.0,0.533717815841855,0.4079949461023227,0.0,11.953655208353888,True,0.030616213096038764,0.00021061307065942721,139.35135229902593,0.001570891433526561,-2.302685644370836,-5.13487126336742,-2.062477235078145,0.0,0.533717815841855,-3.223984838306968,-1.7493314799548911,0.7527471878651714,0.4079949461023227,0.0,0.4079949461023227,1.0,92,48,True,1,704,24,False,False,False,0
128,1204,FROZEN_LOW_VARIANCE,RED,True,3.0,0.5373960973375382,0.40994168321385044,0.0,12.046717222399083,True,0.02974582906159138,0.00020213875751432707,137.7540389939109,0.0016034119477927149,-2.300856778938698,-5.149584389350153,-2.062477355625591,0.0,0.5373960973375382,-3.2298250496415513,-1.7484586468295542,0.7698549111686318,0.40994168321385044,0.0,0.40994168321385044,1.0,93,48,True,1,705,24,False,False,False,0
128,1205,FROZEN_LOW_VARIANCE,RED,True,3.0,0.5392409855673099,0.40796814349209143,0.0,12.130158293886879,True,0.028904821584946852,0.0001854993510197788,138.68484648635774,0.0017122465067738394,-2.300796006335696,-5.15696394226924,-2.0624769021203173,0.0,0.5392409855673099,-3.2239044304762743,-1.747881890276974,0.7781275661527607,0.40796814349209143,0.0,0.40796814349209143,1.0,94,48,True,1,706,24,False,False,False,0
128,1206,FROZEN_LOW_VARIANCE,RED,True,3.0,0.5412881457906951,0.40961176567052826,0.0,12.207907670260608,True,0.028091408737823998,0.00018101788811814308,146.1663419397664,0.0017910600141851074,-2.310087480236078,-5.16515258316278,-2.062477111068794,0.0,0.5412881457906951,-3.228835297011585,-1.7488489055052696,0.7877753345742304,0.40961176567052826,0.0,0.40961176567052826,1.0,95,48,True,1,707,24,False,False,False,0
128,1207,FROZEN_LOW_VARIANCE,RED,True,3.0,0.5367699651964701,0.4075307376756981,0.0,12.273239037620664,True,0.02729662634899413,0.0001837701707745433,146.3542999520476,0.0015986624434950953,-2.3049659363987214,-5.1470798607858805,-2.062477749918324,0.0,0.5367699651964701,-3.2225922130270943,-1.7484816687896056,0.7646274509177395,0.4075307376756981,0.0,0.4075307376756981,1.0,96,48,True,1,708,24,False,False,False,0
128,1208,FROZEN_LOW_VARIANCE,RED,True,3.0,0.5291961090487625,0.4033518929704205,0.0,12.323713470789961,True,0.026527408410742487,0.00017403816611043056,139.52535296480946,0.0016560284072726621,-2.3045123308911233,-5.11678443619505,-2.0624765949115873,0.0,0.5291961090487625,-3.2100556789112615,-1.7485738576765457,0.771367135492504,0.4033518929704205,0.0,0.4033518929704205,1.0,97,48,True,1,709,24,False,False,False,0
128,1209,FROZEN_LOW_VARIANCE,RED,True,3.0,0.5332574378267783,0.4068957047827175,0.0,12.374624171586294,True,0.025781340414568383,0.00016693023492439323,142.89356042756523,0.0016584752049390392,-2.304287010586654,-5.133029751307113,-2.0624761869953514,0.0,0.5332574378267783,-3.2206871143481526,-1.7485216071811427,0.7816166089511776,0.4068957047827175,0.0,0.4068957047827175,1.0,98,48,True,1,710,24,False,False,False,0
128,1210,FROZEN_LOW_VARIANCE,RED,True,3.0,0.5388464536117825,0.41022704260743614,0.0,12.426780113348347,True,0.02505576347087571,0.00015799480455091846,144.88626421716475,0.0015954422914793646,-2.297272044329223,-5.15538581444713,-2.0624761522230517,0.0,0.5388464536117825,-3.2306811278223084,-1.7473685481617338,0.7998664966272846,0.41022704260743614,0.0,0.41022704260743614,1.0,99,48,True,1,711,24,False,False,False,0
128,1211,FROZEN_LOW_VARIANCE,RED,True,3.0,0.5385149700911049,0.40399333766767614,0.0,12.468618370458069,True,0.024357204244508535,0.0001537760016977229,147.38021045538957,0.0017704559253032073,-2.303787989594043,-5.15405988036442,-2.0624760746876727,0.0,0.5385149700911049,-3.2119800130030285,-1.7475671601788392,0.811138203548026,0.40399333766767614,0.0,0.40399333766767614,1.0,100,48,True,1,712,24,False,False,False,0
128,1212,FROZEN_LOW_VARIANCE,RED,True,3.0,0.5334538220487777,0.40867598144835143,0.0,12.506563526192856,True,0.023679216831194828,0.00014880334722066181,146.96428697771861,0.001757623800718242,-2.30092008882076,-5.133815288195111,-2.062474728292827,0.0,0.5334538220487777,-3.2260279443450544,-1.7474245828365684,0.8168878462836172,0.40867598144835143,0.0,0.40867598144835143,1.0,101,48,True,1,713,24,False,False,False,0
128,1213,FROZEN_LOW_VARIANCE,RED,True,3.0,0.534136283071516,0.4070137724280977,0.0,12.539867858193471,True,0.02302269154000569,0.0001453161329796515,147.06776952079548,0.0017950404582236345,-2.306917167854082,-5.136545132286064,-2.0624746305546946,0.0,0.534136283071516,-3.221041317284293,-1.7478891061212571,0.8066927219458561,0.4070137724280977,0.0,0.4070137724280977,1.0,102,48,True,1,714,24,False,False,False,0
128,1214,FROZEN_LOW_VARIANCE,RED,True,3.0,0.5349262705745708,0.4091445727141334,0.0,12.572037095282528,True,0.0223833232353615,0.00013385687355491155,146.66146410913163,0.001710414718532735,-2.3018125398929556,-5.139705082298283,-2.0624741494418264,0.0,0.5349262705745708,-3.2274337181424,-1.7476598535547474,0.8140778743028177,0.4091445727141334,0.0,0.4091445727141334,1.0,103,48,True,1,715,24,False,False,False,0
128,1215,FROZEN_LOW_VARIANCE,RED,True,3.0,0.5342457301891832,0.40773860127468725,0.0,12.599434612588542,True,0.02176343514647618,0.0001294065707971842,154.36589655368616,0.0017203869391841744,-2.306619192883322,-5.136982920756733,-2.0624750526254925,0.0,0.5342457301891832,-3.2232158038240617,-1.7482219553637968,0.8006988002915079,0.40773860127468725,0.0,0.40773860127468725,1.0,104,48,True,1,716,24,False,False,False,0
128,1216,FROZEN_LOW_VARIANCE,RED,True,3.0,0.5428393846046977,0.40776977604248293,0.0,12.629848755502287,True,0.021163052506919248,0.00012820234379921775,154.65022006697896,0.0017506804945785531,-2.310876251097488,-5.171357538418791,-2.0624748198210394,0.0,0.5428393846046977,-3.2233093281274487,-1.749366227721267,0.8073750982436406,0.40776977604248293,0.0,0.40776977604248293,1.0,105,48,True,1,717,24,False,False,False,0
128,1217,FROZEN_LOW_VARIANCE,RED,True,3.0,0.5285531661028033,0.4058446836022296,0.0,12.646185229003173,True,0.020576165639684924,0.0001242093749310141,152.59389957110037,0.0016001569324417336,-2.30133343328462,-5.114212664411213,-2.06247368780565,0.0,0.5285531661028033,-3.2175340508066888,-1.7486105484317278,0.7887426802813862,0.4058446836022296,0.0,0.4058446836022296,1.0,106,48,True,1,718,24,False,False,False,0
128,1218,FROZEN_LOW_VARIANCE,RED,True,3.0,0.5346477751702932,0.4107438899373097,0.0,12.668789237962354,True,0.02000913322408723,0.00012094057535703082,152.17112661923233,0.0016750851197618781,-2.305072861748352,-5.138591100681173,-2.0624744856840467,0.0,0.5346477751702932,-3.232231669811929,-1.7486065178191887,0.7842730974194949,0.4107438899373097,0.0,0.4107438899373097,1.0,107,48,True,1,719,24,False,False,False,0
128,1219,FROZEN_LOW_VARIANCE,RED,True,3.0,0.5400461054112486,0.40931766370687983,0.0,12.69161679715791,True,0.019458765301721612,0.00011559939381687838,151.69100492559198,0.0016635358118999414,-2.304836375743477,-5.160184421644995,-2.062474434472701,0.0,0.5400461054112486,-3.2279529911206395,-1.748618518898105,0.7993414732957592,0.40931766370687983,0.0,0.40931766370687983,1.0,108,48,True,1,720,24,False,False,False,0
128,1220,FROZEN_LOW_VARIANCE,RED,True,3.0,0.5446039782272885,0.4132281880543746,0.0,12.718263642166296,True,0.01892482635600223,0.00011341823627624533,153.9624410618158,0.0016608004444088414,-2.3031130985490913,-5.178415912909154,-2.0624747048713683,0.0,0.5446039782272885,-3.239684564163124,-1.7483272025400916,0.7920986508857917,0.4132281880543746,0.0,0.4132281880543746,1.0,109,48,True,1,721,24,False,False,False,0
128,1221,FROZEN_LOW_VARIANCE,RED,True,3.0,0.5414983470902208,0.4081317988043562,0.0,12.736183873922654,True,0.018407717136153044,0.00011192697244024001,151.97709434477423,0.0016878523610293968,-2.302770352357952,-5.165993388360883,-2.0624760883810644,0.0,0.5414983470902208,-3.2243953964130685,-1.7477256333380864,0.795403448559508,0.4081317988043562,0.0,0.4081317988043562,1.0,110,48,True,1,722,24,False,False,False,0
128,1222,FROZEN_LOW_VARIANCE,RED,True,3.0,0.5435933157878157,0.4101633922657982,0.0,12.755300164304982,True,0.01790824830691549,0.0001091689563134716,148.7484259745729,0.0017587561615679398,-2.3063231817309515,-5.174373263151263,-2.0624757114529384,0.0,0.5435933157878157,-3.2304901767973946,-1.748234789220026,0.8098864528270894,0.4101633922657982,0.0,0.4101633922657982,1.0,111,48,True,1,723,24,False,False,False,0
128,1223,FROZEN_LOW_VARIANCE,RED,True,3.0,0.5311127108420017,0.40445739618815457,0.0,12.759712467221425,True,0.017421111820014146,0.00010387301758900654,148.74084579580952,0.001670365410203942,-2.2974540945090633,-5.124450843368007,-2.062475070054251,0.0,0.5311127108420017,-3.2133721885644637,-1.7467814351790112,0.825403793730317,0.40445739618815457,0.0,0.40445739618815457,1.0,112,48,True,1,724,24,False,False,False,0
128,1224,FROZEN_LOW_VARIANCE,RED,True,3.0,0.5356843443433106,0.4074752106317991,0.0,12.76909576810097,True,0.01695048667419181,0.0001020672267320479,151.02579307761258,0.0017336069592696296,-2.3013669833810884,-5.142737377373242,-2.0624743601626125,0.0,0.5356843443433106,-3.222425631895397,-1.7467432904492413,0.8221925042183857,0.4074752106317991,0.0,0.4074752106317991,1.0,113,48,True,1,725,24,False,False,False,0
128,1225,FROZEN_LOW_VARIANCE,RED,True,3.0,0.534144013684144,0.405799057471994,0.0,12.775200910418768,True,0.016497707233313532,0.0001020672267320479,147.8696787647406,0.0018578386449159432,-2.3072713517903534,-5.136576054736576,-2.0624747359239493,0.0,0.534144013684144,-3.217397172415982,-1.747976548208573,0.839422536353784,0.405799057471994,0.0,0.405799057471994,1.0,114,48,True,1,726,24,False,False,False,0
128,1226,FROZEN_LOW_VARIANCE,RED,True,3.0,0.541692313940414,0.4100457331948113,0.0,12.789055401866683,True,0.01605703611358531,0.0001020672267320479,143.9153173313547,0.0018086699090395296,-2.30727826439357,-5.166769255761656,-2.0624746106647027,0.0,0.541692313940414,-3.230137199584434,-1.748809322463756,0.8269634907328566,0.4100457331948113,0.0,0.4100457331948113,1.0,115,48,True,1,727,24,False,False,False,0
128,1227,FROZEN_LOW_VARIANCE,RED,True,3.0,0.5347245329860852,0.408677000000631,0.0,12.795805216182227,True,0.015625637192635253,9.922164968141634e-05,140.88718281157634,0.0016770720819166667,-2.298143337779315,-5.138898131944341,-2.0624758660570595,0.0,0.5347245329860852,-3.226031000001893,-1.747886646298406,0.8168171377045861,0.408677000000631,0.0,0.408677000000631,1.0,116,48,True,1,728,24,False,False,False,0
128,1228,FROZEN_LOW_VARIANCE,RED,True,3.0,0.5394059410592411,0.40887094395884294,0.0,12.805154406370294,True,0.015211247768098693,9.922164968141634e-05,139.21337593394622,0.0018126563747499242,-2.3046865357427655,-5.1576237642369644,-2.062476181733517,0.0,0.5394059410592411,-3.226612831876529,-1.747839630576459,0.820763103096331,0.40887094395884294,0.0,0.40887094395884294,1.0,117,48,True,1,729,24,False,False,False,0
128,1229,FROZEN_LOW_VARIANCE,RED,True,3.0,0.5410118206996495,0.4099178412787244,0.0,12.815459519861172,True,0.014807145629606722,9.768333313953128e-05,135.75738083690183,0.0017411764850329948,-2.302376976560852,-5.164047282798598,-2.0624771874480876,0.0,0.5410118206996495,-3.229753523836173,-1.7476785143964353,0.8202081334244081,0.4099178412787244,0.0,0.4099178412787244,1.0,118,48,True,1,730,24,False,False,False,0
128,1230,FROZEN_LOW_VARIANCE,RED,True,3.0,0.5418910047038592,0.408919012954744,0.0,12.824538455156095,True,0.014412481732039835,9.576555758224268e-05,134.67459421596791,0.0016516823773771343,-2.3050792477636377,-5.167564018815437,-2.062476618581734,0.0,0.5418910047038592,-3.226757038864232,-1.7476333919271823,0.7994290897576534,0.408919012954744,0.0,0.408919012954744,1.0,119,48,True,1,731,24,False,False,False,0
128,1231,FROZEN_LOW_VARIANCE,RED,True,3.0,0.5381407370152165,0.4107561376302935,0.0,12.831646536994153,True,0.01402757330581473,9.518997413341857e-05,133.97594289733712,0.00158220085786964,-2.302412286551165,-5.152562948060866,-2.0624765161427345,0.0,0.5381407370152165,-3.2322684128908805,-1.7473821271136414,0.7966572904474133,0.4107561376302935,0.0,0.4107561376302935,1.0,120,48,True,1,732,24,False,False,False,0
128,1232,FROZEN_LOW_VARIANCE,RED,True,3.0,0.5408220743238557,0.41056145493415147,0.0,12.83967982608219,True,0.01365737943966359,9.393398164230948e-05,129.6333532045695,0.001687777767443446,-2.3047820400079067,-5.163288297295423,-2.062476639024039,0.0,0.5408220743238557,-3.2316843648024545,-1.7475540329696198,0.7938947006903168,0.41056145493415147,0.0,0.41056145493415147,1.0,121,48,True,1,733,24,False,False,False,0
128,1233,FROZEN_LOW_VARIANCE,RED,True,3.0,0.5414572239512185,0.41040224195943537,0.0,12.84720876730367,True,0.013295411707609752,9.306905804808562e-05,128.4475634643669,0.0015917883712023662,-2.3006903916923687,-5.165828895804874,-2.0624777246842365,0.0,0.5414572239512185,-3.231206725878306,-1.7472561671900015,0.7947011409220265,0.41040224195943537,0.0,0.41040224195943537,1.0,122,48,True,1,734,24,False,False,False,0
128,1234,FROZEN_LOW_VARIANCE,RED,True,3.0,0.5338016970830377,0.40595712895471375,0.0,12.84539805449923,True,0.012943740031022891,9.171115342495475e-05,125.9536677969329,0.0015730224880477095,-2.302689285308216,-5.135206788332151,-2.062476667837954,0.0,0.5338016970830377,-3.2178713868641413,-1.7475932647469172,0.7798409122572273,0.40595712895471375,0.0,0.40595712895471375,1.0,123,48,True,1,735,24,False,False,False,0
128,1235,FROZEN_LOW_VARIANCE,RED,True,3.0,0.5321369931804403,0.4089233273229496,0.0,12.844980588794531,True,0.012606179857714998,8.805033955588855e-05,122.68961142372943,0.0016917342540931602,-2.302116447183543,-5.128547972721761,-2.062477001494639,0.0,0.5321369931804403,-3.226769981968849,-1.74724108849863,0.7690930844805781,0.4089233273229496,0.0,0.4089233273229496,1.0,124,48,True,1,736,24,False,False,False,0
128,1236,FROZEN_LOW_VARIANCE,RED,True,3.0,0.5405934722855563,0.40954601553261333,0.0,12.85073290609158,True,0.012276141407786914,8.823462450787705e-05,124.94309186947021,0.0016048981934455692,-2.2996049208034393,-5.162373889142225,-2.062476821737932,0.0,0.5405934722855563,-3.22863804659784,-1.7470596443507524,0.7682466557035519,0.40954601553261333,0.0,0.40954601553261333,1.0,125,48,True,1,737,24,False,False,False,0
128,1237,FROZEN_LOW_VARIANCE,RED,True,3.0,0.5401276766855383,0.40686980907893355,0.0,12.853503836340481,True,0.011957936650129886,8.724228112498637e-05,120.21159850107755,0.0016693161525526618,-2.2975539786723393,-5.160510706742153,-2.0624761250354453,0.0,0.5401276766855383,-3.2206094272368007,-1.7466393386734114,0.795371580776531,0.40686980907893355,0.0,0.40686980907893355,1.0,126,48,True,1,738,24,False,False,False,0
128,1238,FROZEN_LOW_VARIANCE,RED,True,3.0,0.5325587988180143,0.4066374391308664,0.0,12.850767286357517,True,0.01165531622097632,8.724228112498637e-05,115.62452870759664,0.0018705890116776835,-2.3081898288549136,-5.130235195272057,-2.062475993508708,0.0,0.5325587988180143,-3.219912317392599,-1.748064728200603,0.8005563417474365,0.4066374391308664,0.0,0.4066374391308664,1.0,127,48,True,1,739,24,False,False,False,0
128,1239,FROZEN_LOW_VARIANCE,RED,True,3.0,0.5361419742093083,0.4095482119986638,0.0,12.852973504514328,True,0.011356729681246108,8.683440978753863e-05,114.08326936585829,0.0017024315633025653,-2.304141630200105,-5.144567896837233,-2.062476439579358,0.0,0.5361419742093083,-3.2286446359959915,-1.7481160657349404,0.7996254716242522,0.4095482119986638,0.0,0.4095482119986638,1.0,128,48,True,1,740,24,False,False,False,0
128,1240,FROZEN_LOW_VARIANCE,RED,True,3.0,0.5385882674540634,0.40818028980310794,0.0,12.855519695370589,True,0.01106917692499042,8.683440978753863e-05,110.38356682151459,0.0017716378060565567,-2.303987526704096,-5.154353069816254,-2.0624784137845382,0.0,0.5385882674540634,-3.224540869409324,-1.748126738542256,0.8119379481113118,0.40818028980310794,0.0,0.40818028980310794,1.0,129,48,True,1,741,24,False,False,False,0
128,1241,FROZEN_LOW_VARIANCE,RED,True,3.0,0.5387406535292978,0.4107487009742921,0.0,12.859923974600441,True,0.010786067404358337,8.487913336679803e-05,108.67793129658304,0.0016321929039209585,-2.3007939349746844,-5.154962614117191,-2.062478684749801,0.0,0.5387406535292978,-3.2322461029228764,-1.7477800349591748,0.7968128187155091,0.4107487009742921,0.0,0.4107487009742921,1.0,130,48,True,1,742,24,False,False,False,0
128,1242,FROZEN_LOW_VARIANCE,RED,True,3.0,0.5468267680126697,0.4101207000208797,0.0,12.868789539521197,True,0.010511433363835096,8.392925519777046e-05,107.85298640928706,0.001631599386917004,-2.298774458047673,-5.187307072050679,-2.0624772828152964,0.0,0.5468267680126697,-3.230362100062639,-1.7474195371641597,0.7711354983881684,0.4101207000208797,0.0,0.4101207000208797,1.0,131,48,True,1,743,24,False,False,False,0
128,1243,FROZEN_LOW_VARIANCE,RED,True,3.0,0.5325549066643869,0.4053018074465524,0.0,12.863476023544875,True,0.010250865303284722,8.392925519777046e-05,103.4871809344558,0.001825831345489311,-2.305164779531511,-5.1302196266575475,-2.0624775344984583,0.0,0.5325549066643869,-3.2159054223396573,-1.747328016254008,0.7662377403275157,0.4053018074465524,0.0,0.4053018074465524,1.0,132,48,True,1,744,24,False,False,False,0
128,1244,FROZEN_LOW_VARIANCE,RED,True,3.0,0.5377186784767378,0.40332993159551017,0.0,12.860594116173656,True,0.00999836765879851,8.392925519777046e-05,100.28193541939065,0.0018342771537443482,-2.3132738541882607,-5.150874713906951,-2.06247686378016,0.0,0.5377186784767378,-3.2099897947865306,-1.7490373387041798,0.766338968034663,0.40332993159551017,0.0,0.40332993159551017,1.0,133,48,True,1,745,24,False,False,False,0
128,1245,FROZEN_LOW_VARIANCE,RED,True,3.0,0.5317221854665244,0.407869472232868,0.0,12.857555199020798,True,0.009746920149343676,8.261990121727903e-05,99.86486391120911,0.0016167840103040226,-2.302455982559043,-5.1268887418660976,-2.0624760157375386,0.0,0.5317221854665244,-3.223608416698604,-1.7484385285531592,0.767561801086315,0.407869472232868,0.0,0.407869472232868,1.0,134,48,True,1,746,24,False,False,False,0
128,1246,FROZEN_LOW_VARIANCE,RED,True,3.0,0.5326227803522021,0.4084266578550655,0.0,12.855857146714154,True,0.009505920639212838,8.24205656507532e-05,97.2322271753231,0.0017136031449824479,-2.308064000902243,-5.1304911214088085,-2.062476507007555,0.0,0.5326227803522021,-3.2252799735651965,-1.7487332543792697,0.7746386812866836,0.4084266578550655,0.0,0.4084266578550655,1.0,135,48,True,1,747,24,False,False,False,0
128,1247,FROZEN_LOW_VARIANCE,RED,True,3.0,0.5436680114268484,0.40853645997905463,0.0,12.861782043828047,True,0.009271546311248862,8.046058439259009e-05,94.78796386697488,0.0016934430404136128,-2.3092922833526095,-5.174672045707394,-2.0624754527665043,0.0,0.5436680114268484,-3.225609379937164,-1.7493209254391233,0.7743193393864177,0.40853645997905463,0.0,0.40853645997905463,1.0,136,48,True,1,748,24,False,False,False,0
128,1248,FROZEN_LOW_VARIANCE,RED,True,3.0,0.53294570419425,0.4052218382165325,0.0,12.857367323466352,True,0.009036508236775181,7.796186999524413e-05,97.37193113374315,0.0014369438287928514,-2.296896533280645,-5.131782816777,-2.062475217736668,0.0,0.53294570419425,-3.2156655146495976,-1.7478037187177589,0.7777208756823274,0.4052218382165325,0.0,0.4052218382165325,1.0,137,48,True,1,749,24,False,False,False,0
128,1249,FROZEN_LOW_VARIANCE,RED,True,3.0,0.5434010085576984,0.4107955755254536,0.0,12.864731999464132,True,0.008811860482902533,7.869900423449326e-05,96.05026743045524,0.0015482497743535986,-2.2990463528003517,-5.173604034230793,-2.062476284683747,0.0,0.5434010085576984,-3.232386726576361,-1.7471045197023005,0.7848647089513947,0.4107955755254536,0.0,0.4107955755254536,1.0,138,48,True,1,750,24,False,False,False,0
128,1250,FROZEN_LOW_VARIANCE,RED,True,3.0,0.5373109992554879,0.40870754382242236,0.0,12.865663242834087,True,0.008595851556719885,7.963975351875563e-05,91.49159648789745,0.0016115629434809427,-2.3047973628732805,-5.1492439970219515,-2.0624754772028413,0.0,0.5373109992554879,-3.226122631467267,-1.7476010850613055,0.7751506747605909,0.40870754382242236,0.0,0.40870754382242236,1.0,139,48,True,1,751,24,False,False,False,0
128,1251,FROZEN_LOW_VARIANCE,RED,True,3.0,0.5336045872555948,0.4045138031230772,0.0,12.86074548609553,True,0.008386566509347342,7.973892471192239e-05,87.59655746684984,0.0016196833109684507,-2.2994776696567225,-5.134418349022379,-2.062474634095921,0.0,0.5336045872555948,-3.2135414093692316,-1.7468526338003243,0.7730113944770991,0.4045138031230772,0.0,0.4045138031230772,1.0,140,48,True,1,752,24,False,False,False,0
128,1252,FROZEN_LOW_VARIANCE,RED,True,3.0,0.5352574836528465,0.4090756532614989,0.0,12.860993915586178,True,0.00818490325051073,7.749267670060248e-05,84.30147073305031,0.001664457881460315,-2.300562264640369,-5.141029934611386,-2.062474319129866,0.0,0.5352574836528465,-3.2272269597844967,-1.7464905097425032,0.7904543276432388,0.4090756532614989,0.0,0.4090756532614989,1.0,141,48,True,1,753,24,False,False,False,0
128,1253,FROZEN_LOW_VARIANCE,RED,True,3.0,0.5368257710427098,0.4101594213414869,0.0,12.863112140223432,True,0.00799009610363499,7.415890988928833e-05,83.7959383905782,0.0016913316879860504,-2.3020336119855864,-5.147303084170839,-2.062474926849261,0.0,0.5368257710427098,-3.2304782640244607,-1.746528861759663,0.8004025705567916,0.4101594213414869,0.0,0.4101594213414869,1.0,142,48,True,1,754,24,False,False,False,0
128,1254,FROZEN_LOW_VARIANCE,RED,True,3.0,0.5413687404242935,0.41049520583011273,0.0,12.868311622229072,True,0.007798489436851059,7.402846407037303e-05,86.12436324013716,0.0016032072108373217,-2.3044676573138303,-5.165474961697174,-2.0624753703887366,0.0,0.5413687404242935,-3.231485617490338,-1.747176532810167,0.7907171274454928,0.41049520583011273,0.0,0.41049520583011273,1.0,143,48,True,1,755,24,False,False,False,0
128,1255,FROZEN_LOW_VARIANCE,RED,True,3.0,0.5372927532872915,0.40957274076648265,0.0,12.869550182468945,True,0.0076163608396010146,7.194756551273574e-05,82.00836418673987,0.0017275361951829204,-2.3074889442919875,-5.149171013149166,-2.0624761551706268,0.0,0.5372927532872915,-3.228718222299448,-1.7478712337480233,0.8151777626371409,0.40957274076648265,0.0,0.40957274076648265,1.0,144,48,True,1,756,24,False,False,False,0
128,1256,FROZEN_LOW_VARIANCE,RED,True,3.0,0.5404596150999301,0.41152893567394155,0.0,12.8743088841264,True,0.007433298531580988,7.113616495402602e-05,84.81283404816149,0.001514283905600131,-2.3011790642508996,-5.1618384603997205,-2.0624770174191993,0.0,0.5404596150999301,-3.2345868070218247,-1.7474013805962059,0.8033473478657409,0.41152893567394155,0.0,0.41152893567394155,1.0,145,48,True,1,757,24,False,False,False,0
128,1257,FROZEN_LOW_VARIANCE,RED,True,3.0,0.538988350417225,0.4077731760245163,0.0,12.874669622269245,True,0.007259680661621851,6.905392664086424e-05,81.35471367779533,0.0016460361996097832,-2.307140864871538,-5.1559534016689,-2.0624775952746193,0.0,0.538988350417225,-3.223319528073549,-1.748251156169243,0.7885440425940409,0.4077731760245163,0.0,0.4077731760245163,1.0,146,48,True,1,758,24,False,False,False,0
128,1258,FROZEN_LOW_VARIANCE,RED,True,3.0,0.540655371689194,0.40773981823707633,0.0,12.876080070638643,True,0.0070910492215669925,6.758317024085367e-05,81.40084532864539,0.0016386326597932356,-2.305861065450178,-5.162621486756776,-2.0624775201607495,0.0,0.540655371689194,-3.223219454711229,-1.7483762012189379,0.765524180560965,0.40773981823707633,0.0,0.40773981823707633,1.0,147,48,True,1,759,24,False,False,False,0
128,1259,FROZEN_LOW_VARIANCE,RED,True,3.0,0.5329527171244395,0.4051743944292688,0.0,12.870203076734898,True,0.006925628403179936,6.706637808350031e-05,81.58876329591493,0.0015770219419984602,-2.299103373351025,-5.131810868497758,-2.0624770908690437,0.0,0.5329527171244395,-3.2155231832878064,-1.747314605964964,0.7816529194421197,0.4051743944292688,0.0,0.4051743944292688,1.0,148,48,True,1,760,24,False,False,False,0
128,1260,FROZEN_LOW_VARIANCE,RED,True,3.0,0.5343043700249415,0.4095151458287569,0.0,12.869214143051959,True,0.006767100425443738,6.701712600636893e-05,78.79158045422987,0.0016413624786400219,-2.3055243155854077,-5.137217480099766,-2.0624771644622535,0.0,0.5343043700249415,-3.2285454374862708,-1.747740112426932,0.7759023261834197,0.4095151458287569,0.0,0.4095151458287569,1.0,149,48,True,1,761,24,False,False,False,0
128,1261,FROZEN_LOW_VARIANCE,RED,True,3.0,0.5445707809300437,0.41167458400758444,0.0,12.876862638905042,True,0.006611910048752547,6.844726603422063e-05,77.18941208970143,0.00159408786907068,-2.304608013216484,-5.178283123720175,-2.062477799477542,0.0,0.5445707809300437,-3.2350237520227534,-1.7480662414814379,0.7810198818128239,0.41167458400758444,0.0,0.41167458400758444,1.0,150,48,True,1,762,24,False,False,False,0
128,1262,FROZEN_LOW_VARIANCE,RED,True,3.0,0.5377346688524631,0.4063848559206577,0.0,12.875044741325006,True,0.006459910531846678,7.021222377942084e-05,74.02268720266834,0.001545259485223608,-2.302234386518883,-5.1509386754098525,-2.0624772882229534,0.0,0.5377346688524631,-3.219154567761973,-1.7473715227387359,0.7966255116460057,0.4063848559206577,0.0,0.4063848559206577,1.0,151,48,True,1,763,24,False,False,False,0
128,1263,FROZEN_LOW_VARIANCE,RED,True,3.0,0.5351082043390039,0.4080277198236897,0.0,12.87294314410857,True,0.00631566070613599,6.964863162343692e-05,68.4827693080261,0.001651583008157096,-2.307498866235538,-5.140432817356015,-2.062477360483344,0.0,0.5351082043390039,-3.224083159471069,-1.7481567406083374,0.8062761300557908,0.4080277198236897,0.0,0.4080277198236897,1.0,152,48,True,1,764,24,False,False,False,0
128,1264,FROZEN_LOW_VARIANCE,RED,True,3.0,0.5379474307157375,0.4059514570581843,0.0,12.871319756861668,True,0.006174179694553012,7.130688261207437e-05,67.71179288819835,0.0015996269867034076,-2.30060754926901,-5.15178972286295,-2.062476513219887,0.0,0.5379474307157375,-3.217854371174553,-1.747593115337674,0.8100220432296189,0.4059514570581843,0.0,0.4059514570581843,1.0,153,48,True,1,765,24,False,False,False,0
128,1265,FROZEN_LOW_VARIANCE,RED,True,3.0,0.5406020805052782,0.4123085277967915,0.0,12.876606946137409,True,0.006041493585637229,7.130688261207437e-05,62.02585409958481,0.0017513093973602657,-2.308426737691069,-5.162408322021113,-2.0624765319248546,0.0,0.5406020805052782,-3.2369255833903745,-1.7484053790766914,0.806195560814183,0.4123085277967915,0.0,0.4123085277967915,1.0,154,48,True,1,766,24,False,False,False,0
128,1266,FROZEN_LOW_VARIANCE,RED,True,3.0,0.5335881845286199,0.4027325432676152,0.0,12.8691891519828,True,0.0059107930878490615,6.847479473168516e-05,61.097654251791276,0.0016848103260316415,-2.306656457657844,-5.13435273811448,-2.062477674614215,0.0,0.5335881845286199,-3.2081976298028456,-1.7492231540093497,0.7871938157208667,0.4027325432676152,0.0,0.4027325432676152,1.0,155,48,True,1,767,24,False,False,False,0
128,1267,FROZEN_LOW_VARIANCE,RED,True,3.0,0.5370365884367119,0.4082299881250255,0.0,12.869117721973701,True,0.005783889384861604,6.844726603422063e-05,61.77635799407301,0.001680669654933815,-2.305886714199061,-5.1481463537468475,-2.0624780004191017,0.0,0.5370365884367119,-3.2246899643750764,-1.748850068441799,0.7828313064874441,0.4082299881250255,0.0,0.4082299881250255,1.0,156,48,True,1,768,24,False,False,False,0
128,1268,FROZEN_LOW_VARIANCE,RED,True,3.0,0.5375270662092151,0.40801021761907474,0.0,12.869208503333613,True,0.005661519915537664,6.844726603422063e-05,59.593064078828995,0.0017049070740636381,-2.309179680909707,-5.15010826483686,-2.0624774653538447,0.0,0.5375270662092151,-3.2240306528572242,-1.7493468374786627,0.7648691199649361,0.40801021761907474,0.0,0.40801021761907474,1.0,157,48,True,1,769,24,False,False,False,0
128,1269,FROZEN_LOW_VARIANCE,RED,True,3.0,0.5360916310720711,0.41053879537844634,0.0,12.870312647706648,True,0.005539412535698998,7.303195410264142e-05,59.46542835746343,0.0015912739209154772,-2.3036229754892736,-5.144366524288285,-2.0624790505078052,0.0,0.5360916310720711,-3.231616386135339,-1.7486609733186789,0.7757482271928423,0.41053879537844634,0.0,0.41053879537844634,1.0,158,48,True,1,770,24,False,False,False,0
128,1270,FROZEN_LOW_VARIANCE,RED,True,3.0,0.5347776677620366,0.40607791120020603,0.0,12.866937091803022,True,0.005422721845771051,6.844726603422063e-05,53.26010664863456,0.0016497228714341316,-2.308124147007193,-5.1391106710481465,-2.062478059366922,0.0,0.5347776677620366,-3.218233733600618,-1.7492425037037895,0.7619340173649906,0.40607791120020603,0.0,0.40607791120020603,1.0,159,48,True,1,771,24,False,False,False,0
128,1271,FROZEN_LOW_VARIANCE,RED,True,3.0,0.531936977614309,0.4085343213918013,0.0,12.863927720341245,True,0.005305155246470659,6.844726603422063e-05,57.25410042509435,0.0015038352024246335,-2.2972566153125715,-5.127747910457236,-2.062477831995502,0.0,0.531936977614309,-3.225602964175404,-1.7478084612379206,0.7574536881534999,0.4085343213918013,0.0,0.4085343213918013,1.0,160,48,True,1,772,24,False,False,False,0
128,1272,FROZEN_LOW_VARIANCE,RED,True,3.0,0.5384256084395491,0.4089169777501116,0.0,12.865846822714637,True,0.005193685201696243,7.465159959631601e-05,54.285121589655745,0.001589487087323478,-2.3004968928243508,-5.1537024337581965,-2.0624782213502786,0.0,0.5384256084395491,-3.226750933250335,-1.7470643380699087,0.7614657831029819,0.4089169777501116,0.0,0.4089169777501116,1.0,161,48,True,1,773,24,False,False,False,0
128,1273,FROZEN_LOW_VARIANCE,RED,True,3.0,0.5394675454354896,0.40882821672519604,0.0,12.868199486944473,True,0.00508799195746517,7.465159959631601e-05,47.19400736336848,0.0016705770606604696,-2.304885025827503,-5.157870181741958,-2.062478853214962,0.0,0.5394675454354896,-3.226484650175588,-1.7475535203504502,0.7795545784013244,0.40882821672519604,0.0,0.40882821672519604,1.0,162,48,True,1,774,24,False,False,False,0
128,1274,FROZEN_LOW_VARIANCE,RED,True,3.0,0.5329979407646765,0.4060458085271564,0.0,12.863823032816828,True,0.0049841249741958155,7.045630056182948e-05,46.37854773866052,0.001625759181820057,-2.3074857185856708,-5.131991763058706,-2.0624794823597425,0.0,0.5329979407646765,-3.218137425581469,-1.7481781798896574,0.7556631568282819,0.4060458085271564,0.0,0.4060458085271564,1.0,163,48,True,1,775,24,False,False,False,0
128,1275,FROZEN_LOW_VARIANCE,RED,True,3.0,0.5318699100383821,0.4060279242771796,0.0,12.859117824239778,True,0.00488557744444949,7.045630056182948e-05,46.62347628269452,0.001699207315984962,-2.306366471233311,-5.1274796401535285,-2.0624780616805105,0.0,0.5318699100383821,-3.218083772831539,-1.748431183825369,0.7485547547548852,0.4060279242771796,0.0,0.4060279242771796,1.0,164,48,True,1,776,24,False,False,False,0
128,1276,FROZEN_LOW_VARIANCE,RED,True,3.0,0.5353697109134785,0.4061237369318033,0.0,12.857292525012692,True,0.004787625120588199,7.375806709261888e-05,46.34188051326502,0.001620499982406501,-2.300051251177627,-5.141478843653914,-2.062478296608747,0.0,0.5353697109134785,-3.21837121079541,-1.7477146906915604,0.7841514959891412,0.4061237369318033,0.0,0.4061237369318033,1.0,165,48,True,1,777,24,False,False,False,0
128,1277,FROZEN_LOW_VARIANCE,RED,True,3.0,0.5366399414811225,0.4097604648302462,0.0,12.859344557441414,True,0.004691596698030695,7.123475992436843e-05,43.39792980968444,0.0015866777020047292,-2.304687996055937,-5.14655976592449,-2.0624790286718246,0.0,0.5366399414811225,-3.2292813944907386,-1.7478368783422042,0.7785731846401733,0.4097604648302462,0.0,0.4097604648302462,1.0,166,48,True,1,778,24,False,False,False,0
128,1278,FROZEN_LOW_VARIANCE,RED,True,3.0,0.542837527353127,0.4105458326490221,0.0,12.865940119405993,True,0.004597116979112541,7.39894100439357e-05,44.21049452938665,0.0015422727340922333,-2.3027286419295976,-5.171350109412508,-2.062478699829696,0.0,0.542837527353127,-3.2316374979470663,-1.747766532164576,0.7741711060003252,0.4105458326490221,0.0,0.4105458326490221,1.0,167,48,True,1,779,24,False,False,False,0
128,1279,FROZEN_LOW_VARIANCE,RED,True,3.0,0.5396060755830665,0.40850650920007014,0.0,12.868123956582954,True,0.004504410391890083,7.640760210166897e-05,41.76570095973073,0.0015068974050306255,-2.3014239695609247,-5.158424302332266,-2.062479732471626,0.0,0.5396060755830665,-3.2255195276002104,-1.7475107661477345,0.7844187231965298,0.40850650920007014,0.0,0.40850650920007014,1.0,168,48,True,1,780,24,False,False,False,0
128,1280,FROZEN_LOW_VARIANCE,RED,True,3.0,0.5406801435271451,0.407792723500416,0.0,12.87024691915809,True,0.004417043702735807,8.067122801480569e-05,38.11430920098968,0.0015921874200808836,-2.301362071756941,-5.16272057410858,-2.0624802239180227,0.0,0.5406801435271451,-3.223378170501248,-1.7472066900111534,0.7948357056497236,0.407792723500416,0.0,0.407792723500416,1.0,169,48,True,1,781,24,False,False,False,0
128,1281,FROZEN_LOW_VARIANCE,RED,True,3.0,0.5416082294709863,0.40771689455082605,0.0,12.872717244732726,True,0.004334458596857901,7.961973733760728e-05,34.124147237372334,0.0016642068401389416,-2.3041006794058174,-5.166432917883945,-2.062479769271999,0.0,0.5416082294709863,-3.223150683652478,-1.7476235287311133,0.7928145835988278,0.40771689455082605,0.0,0.40771689455082605,1.0,170,48,True,1,782,24,False,False,False,0
128,1282,FROZEN_LOW_VARIANCE,RED,True,3.0,0.5385511162455601,0.4087040761072456,0.0,12.873674406387215,True,0.004255998450121656,8.111612121664717e-05,32.847863004770105,0.001719120372316398,-2.3053076476946512,-5.15420446498224,-2.0624801221295916,0.0,0.5385511162455601,-3.2261122283217367,-1.74802118587659,0.8018973425742735,0.4087040761072456,0.0,0.4087040761072456,1.0,171,48,True,1,783,24,False,False,False,0
128,1283,FROZEN_LOW_VARIANCE,RED,True,3.0,0.5344190337136663,0.4076966704324982,0.0,12.870990954184155,True,0.00417521105076242,8.111612121664717e-05,33.19825050290808,0.0015630851381471461,-2.3033270684617175,-5.137676134854665,-2.062480229207453,0.0,0.5344190337136663,-3.2230900112974945,-1.747891628105723,0.7778298186130396,0.4076966704324982,0.0,0.4076966704324982,1.0,172,48,True,1,784,24,False,False,False,0
128,1284,FROZEN_LOW_VARIANCE,RED,True,3.0,0.5443100153879956,0.4103037261496792,0.0,12.87721445660473,True,0.0040963005351511315,8.06728826786128e-05,32.42697605511839,0.0015448605303861216,-2.3022584780715962,-5.1772400615519825,-2.0624802435121645,0.0,0.5443100153879956,-3.2309111784490376,-1.7474210802705739,0.774302677687929,0.4103037261496792,0.0,0.4103037261496792,1.0,173,48,True,1,785,24,False,False,False,0
128,1285,FROZEN_LOW_VARIANCE,RED,True,3.0,0.5361628726721577,0.40615517524474054,0.0,12.874133149233216,True,0.004021073705988455,8.229367444437044e-05,31.083071396852272,0.0015887395630619233,-2.301011903101198,-5.144651490688631,-2.0624792255690987,0.0,0.5361628726721577,-3.2184655257342216,-1.7469082857902594,0.7805178763952108,0.40615517524474054,0.0,0.40615517524474054,1.0,174,48,True,1,786,24,False,False,False,0
128,1286,FROZEN_LOW_VARIANCE,RED,True,3.0,0.5238150673701694,0.4052392100792064,0.0,12.862406785737816,True,0.003947191531912885,8.454147908237634e-05,29.926226438182624,0.0015583345701361427,-2.2988712141500622,-5.0952602694806775,-2.06247751135067,0.0,0.5238150673701694,-3.215717630237619,-1.746566835694055,0.7809206086423574,0.4052392100792064,0.0,0.4052392100792064,1.0,175,48,True,1,787,24,False,False,False,0
128,1287,FROZEN_LOW_VARIANCE,RED,True,3.0,0.5329025219874699,0.40794631915412244,0.0,12.860034057227354,True,0.0038786828532601115,8.454147908237634e-05,27.011860290899108,0.0016635689101537666,-2.3015753126456966,-5.13161008794988,-2.0624774969418405,0.0,0.5329025219874699,-3.2238389574623674,-1.7466297389511407,0.7875807547570461,0.40794631915412244,0.0,0.40794631915412244,1.0,176,48,True,1,788,24,False,False,False,0
128,1288,FROZEN_LOW_VARIANCE,RED,True,3.0,0.5347806539199089,0.4072666452776848,0.0,12.858619130921626,True,0.00381130411386433,8.467290119694532e-05,26.566343577582007,0.0016327248734007394,-2.301808935263328,-5.139122615679636,-2.062476194392655,0.0,0.5347806539199089,-3.2217999358330545,-1.746731720742847,0.7805759225706259,0.4072666452776848,0.0,0.4072666452776848,1.0,177,48,True,1,789,24,False,False,False,0
128,1289,FROZEN_LOW_VARIANCE,RED,True,3.0,0.5327744523691533,0.4061302607777361,0.0,12.855117771748656,True,0.0037505078118741414,8.5611807216028e-05,23.93378957169903,0.0017847607141913777,-2.3092586014233194,-5.131097809476613,-2.0624757169600048,0.0,0.5327744523691533,-3.2183907823332083,-1.7477842454554435,0.789180523196851,0.4061302607777361,0.0,0.4061302607777361,1.0,178,48,True,1,790,24,False,False,False,0
128,1290,FROZEN_LOW_VARIANCE,RED,True,3.0,0.5400746788637811,0.41008262548376023,0.0,12.859930501129718,True,0.003685979228865395,8.684498323305793e-05,25.12448734472589,0.0015995550449159335,-2.3028346254371805,-5.1602987154551245,-2.0624759990985564,0.0,0.5400746788637811,-3.2302478764512808,-1.747459013097521,0.7829061878193907,0.41008262548376023,0.0,0.41008262548376023,1.0,179,48,True,1,791,24,False,False,False,0
128,1291,FROZEN_LOW_VARIANCE,RED,True,3.0,0.5407963000586526,0.40681762377474645,0.0,12.862186782571495,True,0.003622365791990357,8.607078071939951e-05,24.416469632381048,0.0015655313330307952,-2.298479644354581,-5.163185200234611,-2.0624764117557475,0.0,0.5407963000586526,-3.2204528713242393,-1.7465464025876027,0.7872736487923383,0.40681762377474645,0.0,0.40681762377474645,1.0,180,48,True,1,792,24,False,False,False,0
128,1292,FROZEN_LOW_VARIANCE,RED,True,3.0,0.5391802164780966,0.4112697745152956,0.0,12.866625542150713,True,0.0035650709884612205,8.5611807216028e-05,22.189025919618473,0.0017125390076858035,-2.3069419200568544,-5.156720865912386,-2.0624770238415353,0.0,0.5391802164780966,-3.233809323545887,-1.7472700956440357,0.7792807037845833,0.4112697745152956,0.0,0.4112697745152956,1.0,181,48,True,1,793,24,False,False,False,0
128,1293,FROZEN_LOW_VARIANCE,RED,True,3.0,0.5362019775650315,0.4025722770450069,0.0,12.861823799897756,True,0.0035079109460020093,8.454147908237634e-05,22.255513703063894,0.0016597362398208448,-2.3033654036626126,-5.144807910260126,-2.062475045392148,0.0,0.5362019775650315,-3.207716831135021,-1.7478224330699665,0.787046475700443,0.4025722770450069,0.0,0.4025722770450069,1.0,182,48,True,1,794,24,False,False,False,0
128,1294,FROZEN_LOW_VARIANCE,RED,True,3.0,0.5386250132798189,0.41098006673254045,0.0,12.865701696017199,True,0.00345589039672316,8.5611807216028e-05,20.510858434418406,0.0017738926367070434,-2.302235522441884,-5.154500053119276,-2.0624754677328965,0.0,0.5386250132798189,-3.2329402001976213,-1.7477368209370734,0.8115482421628422,0.41098006673254045,0.0,0.41098006673254045,1.0,183,48,True,1,795,24,False,False,False,0
128,1295,FROZEN_LOW_VARIANCE,RED,True,3.0,0.5431054487576485,0.40889503631881086,0.0,12.870547674174459,True,0.003406649957010833,8.855985599204442e-05,19.17198157339704,0.0018145424063122514,-2.3001514441743556,-5.172421795030594,-2.062475944813282,0.0,0.5431054487576485,-3.2266851089564326,-1.7470328677954179,0.807374984342104,0.40889503631881086,0.0,0.40889503631881086,1.0,184,48,True,1,796,24,False,False,False,0
128,1296,FROZEN_LOW_VARIANCE,RED,True,3.0,0.5384119940389556,0.40901414945455467,0.0,12.871871785803911,True,0.003356312651127831,8.998236069247238e-05,18.94662290610312,0.0017287397609107706,-2.30337005093398,-5.153647976155822,-2.062476692628613,0.0,0.5384119940389556,-3.227042448363664,-1.7474190805439467,0.8005242898196975,0.40901414945455467,0.0,0.40901414945455467,1.0,185,48,True,1,797,24,False,False,False,0
128,1297,FROZEN_LOW_VARIANCE,RED,True,3.0,0.5379123987303327,0.4101578595804692,0.0,12.87362578122816,True,0.0033084794679127563,9.047237582908259e-05,17.719466662490824,0.001761873210625342,-2.3046334128030135,-5.151649594921331,-2.0624765428346272,0.0,0.5379123987303327,-3.2304735787414076,-1.7478653293945834,0.7838155408811077,0.4101578595804692,0.0,0.4101578595804692,1.0,186,48,True,1,798,24,False,False,False,0
128,1298,FROZEN_LOW_VARIANCE,RED,True,3.0,0.5457048194959657,0.41132586486818584,0.0,12.881316469900943,True,0.0032629078740240114,9.180375396195373e-05,16.790242498932315,0.0017894263382879172,-2.3043598326279806,-5.182819277983863,-2.062477690946318,0.0,0.5457048194959657,-3.2339775946045575,-1.7477295170038252,0.7804643785540659,0.41132586486818584,0.0,0.41132586486818584,1.0,187,48,True,1,799,24,False,False,False,0
128,1299,FROZEN_LOW_VARIANCE,RED,True,3.0,0.5422304247981304,0.4079112166213214,0.0,12.883246998865697,True,0.003215064339338614,9.22426404701512e-05,17.37166968329162,0.0016681233845107768,-2.3045769099816185,-5.168921699192522,-2.06247763539862,0.0,0.5422304247981304,-3.223733649863964,-1.7481464615284863,0.7920382235655781,0.4079112166213214,0.0,0.4079112166213214,1.0,188,48,True,1,800,24,False,False,False,0
128,1300,FROZEN_LOW_VARIANCE,RED,True,3.0,0.5346221584873865,0.4078754551950207,0.0,12.879881760107915,True,0.0031688027285877297,8.955152057074189e-05,16.717362857746195,0.0016730106476424724,-2.3050851982671037,-5.138488633949546,-2.0624777958269673,0.0,0.5346221584873865,-3.223626365585062,-1.7482883069647424,0.7940333609157183,0.4078754551950207,0.0,0.4078754551950207,1.0,189,48,True,1,801,24,False,False,False,0
128,1301,FROZEN_LOW_VARIANCE,RED,True,3.0,0.536462074118603,0.40731410459898365,0.0,12.877640731435235,True,0.003124043209915125,9.121353421708543e-05,16.66062112898329,0.0016768187728342454,-2.3027452121713834,-5.145848296474412,-2.0624766881274876,0.0,0.536462074118603,-3.221942313796951,-1.7480370948110435,0.8139236116634968,0.40731410459898365,0.0,0.40731410459898365,1.0,190,48,True,1,802,24,False,False,False,0
128,1302,FROZEN_LOW_VARIANCE,RED,True,2.9761979450585345,0.5310772611904471,0.40579380716883157,0.0,12.86600992536582,True,0.0030818894448505214,9.097069216967993e-05,15.404791780234138,0.0017189177077616624,-2.3047122861666516,-5.124309044761788,-2.062476602514602,0.0,0.5310772611904471,-3.2173814215064946,-1.7485331725770568,0.8057591527196836,0.40579380716883157,0.0,0.40579380716883157,1.0,191,48,True,1,803,24,False,False,False,0
128,1303,FROZEN_LOW_VARIANCE,RED,True,3.0,0.5400948423705285,0.4097699814923019,0.0,12.869502088198853,True,0.0030372205847482695,9.003598098936216e-05,16.367491198496737,0.001592927441442129,-2.301213393707064,-5.160379369482114,-2.062477282438406,0.0,0.5400948423705285,-3.229309944476906,-1.747779925557542,0.794106274835484,0.4097699814923019,0.0,0.4097699814923019,1.0,192,48,True,1,804,24,False,False,False,0
128,1304,FROZEN_LOW_VARIANCE,RED,True,3.0,0.5388423614783735,0.4079501340251337,0.0,12.870384689426723,True,0.002994149734911603,9.121353421708543e-05,15.94579165772822,0.0016015255901927219,-2.304443864356094,-5.155369445913494,-2.062476883025674,0.0,0.5388423614783735,-3.223850402075401,-1.7480271163215226,0.7994897663483638,0.4079501340251337,0.0,0.4079501340251337,1.0,193,48,True,1,805,24,False,False,False,0
128,1305,FROZEN_LOW_VARIANCE,RED,True,2.7881060960930433,0.5431613373877309,0.40910279059672733,0.0,12.831947855065792,True,0.0029540547525231872,9.121353421708543e-05,14.652424384372173,0.001657650321964415,-2.3023961618343756,-5.1726453495509235,-2.06247693804287,0.0,0.5431613373877309,-3.227308371790182,-1.7477999352665474,0.7960279090725361,0.40910279059672733,0.0,0.40910279059672733,1.0,194,48,True,1,806,24,False,False,False,0
128,1306,FROZEN_LOW_VARIANCE,RED,True,2.3957163676632827,0.5409750873763024,0.4065039585115664,0.0,12.71420647498941,True,0.0029182547206052386,9.303258135280106e-05,13.08286547065313,0.0017607203552582424,-2.3053649581848052,-5.16390034950521,-2.062477284656933,0.0,0.5409750873763024,-3.219511875534699,-1.7483181953600004,0.813894433110154,0.4065039585115664,0.0,0.4065039585115664,1.0,195,48,True,1,807,24,False,False,False,0
128,1307,FROZEN_LOW_VARIANCE,RED,True,2.1277010989225045,0.5368071734749773,0.4078769037014413,0.0,12.552127150877777,True,0.0028847328364936,9.541180810537595e-05,12.010804395690018,0.0018008585835506265,-2.300996783304924,-5.147228693899909,-2.062477858431568,0.0,0.5368071734749773,-3.223630711104324,-1.7473908427937914,0.8136607026675312,0.4078769037014413,0.0,0.4078769037014413,1.0,196,48,True,1,808,24,False,False,False,0
128,1308,FROZEN_LOW_VARIANCE,RED,True,1.8770432767565581,0.5349106790072153,0.4069858775907931,0.0,12.353409586022984,True,0.0028532235454912496,9.738563477153058e-05,11.008173107026233,0.0018344231364152532,-2.3017281534547576,-5.139642716028861,-2.062477603231749,0.0,0.5349106790072153,-3.2209576327723792,-1.747392185285861,0.7983829419417366,0.4069858775907931,0.0,0.4069858775907931,1.0,197,48,True,1,809,24,False,False,False,0
128,1309,FROZEN_LOW_VARIANCE,RED,True,1.9072908764030578,0.5379143554137436,0.4078413055181908,0.0,12.183377292612215,True,0.0028207089259171436,9.863916017902447e-05,11.129163505612231,0.00176940289302105,-2.3042956680746856,-5.151657421654974,-2.0624779211877513,0.0,0.5379143554137436,-3.2235239165545724,-1.7478567071291715,0.790962511446091,0.4078413055181908,0.0,0.4078413055181908,1.0,198,48,True,1,810,24,False,False,False,0
128,1310,FROZEN_LOW_VARIANCE,RED,True,2.094272433830094,0.5453885228765643,0.4086579064339609,0.0,12.073930152914961,True,0.002785562541211256,9.697714653268093e-05,11.877089735320377,0.0016491627690542296,-2.301812846703856,-5.181554091506257,-2.062477743950923,0.0,0.5453885228765643,-3.2259737193018827,-1.7475459012959158,0.7703070236176979,0.4086579064339609,0.0,0.4086579064339609,1.0,199,48,True,1,811,24,False,False,False,0
128,1311,FROZEN_LOW_VARIANCE,RED,True,2.024803065210431,0.5374130380801867,0.40835788804111733,0.0,11.955770882596862,True,0.0027518167859987568,9.697714653268093e-05,11.599212260841725,0.0016607040341279388,-2.3088883064569408,-5.149652152320747,-2.0624773720799805,0.0,0.5374130380801867,-3.225073664123352,-1.7486647163026587,0.7775341321074948,0.40835788804111733,0.0,0.40835788804111733,1.0,200,48,True,1,812,24,False,False,False,0
128,1312,FROZEN_LOW_VARIANCE,RED,True,2.247339467164872,0.5365785612176517,0.4053254637528679,0.0,11.891671444622315,True,0.002715481317354914,9.697714653268093e-05,12.489357868659487,0.001540634497870674,-2.303680071623513,-5.146314244870607,-2.0624764940595677,0.0,0.5365785612176517,-3.2159763912586037,-1.7486309188101503,0.7743465284948342,0.4053254637528679,0.0,0.4053254637528679,1.0,201,48,True,1,813,24,False,False,False,0
128,1313,FROZEN_LOW_VARIANCE,RED,True,2.137168984736819,0.5298105849301451,0.40626561248348,0.0,11.807839238784629,True,0.0026804279309932317,9.837550342155575e-05,12.048675938947277,0.0015470351052988371,-2.2983417247961087,-5.11924233972058,-2.062475247330199,0.0,0.5298105849301451,-3.21879683745044,-1.7476787820245203,0.7733873570845264,0.40626561248348,0.0,0.40626561248348,1.0,202,48,True,1,814,24,False,False,False,0
128,1314,FROZEN_LOW_VARIANCE,RED,True,1.665368384628847,0.5285430650646346,0.4061253836210179,0.0,11.635659496759189,True,0.002650438728747544,9.697714653268093e-05,10.161473538515388,0.001680787856136963,-2.30447116344072,-5.114172260258538,-2.0624737690147543,0.0,0.5285430650646346,-3.2183761508630537,-1.748039955404027,0.7887026315600613,0.4061253836210179,0.0,0.4061253836210179,1.0,203,48,True,1,815,24,False,False,False,0
128,1315,FROZEN_LOW_VARIANCE,RED,True,1.5085942151043668,0.538536931525595,0.4087337374030657,0.0,11.45758082246363,True,0.0026227002288908285,9.697714653268093e-05,9.534376860417467,0.0017258220668570367,-2.3046998525834406,-5.15414772610238,-2.062474281009666,0.0,0.538536931525595,-3.226201212209197,-1.7481663243592347,0.7964785096472864,0.4087337374030657,0.0,0.4087337374030657,1.0,204,48,True,1,816,24,False,False,False,0
128,1316,FROZEN_LOW_VARIANCE,RED,True,1.712426604635497,0.536322686057966,0.4082664433081867,0.0,11.336845197669245,True,0.0025925896790131935,9.697714653268093e-05,10.349706418541988,0.001619015232969654,-2.3024753236968514,-5.145290744231864,-2.062473832255539,0.0,0.536322686057966,-3.22479932992456,-1.7480626890943736,0.8006773680221708,0.4082664433081867,0.0,0.4082664433081867,1.0,205,48,True,1,817,24,False,False,False,0
128,1317,FROZEN_LOW_VARIANCE,RED,True,1.5765839190534767,0.5301104682905287,0.4055305928120346,0.0,11.194321349991784,True,0.0025640599654585677,9.477406706079901e-05,9.806335676213907,0.0016415992271923408,-2.3030437797423358,-5.120441873162115,-2.0624738152296205,0.0,0.5301104682905287,-3.2165917784361038,-1.7477637103691042,0.7819581140732923,0.4055305928120346,0.0,0.4055305928120346,1.0,206,48,True,1,818,24,False,False,False,0
128,1318,FROZEN_LOW_VARIANCE,RED,True,1.7536473516542803,0.5383645979389606,0.40978884307270347,0.0,11.110833478329639,True,0.002534164653412383,9.488443061157543e-05,10.514589406617121,0.0015675495639190698,-2.3008013934114224,-5.1534583917558425,-2.062474760702344,0.0,0.5383645979389606,-3.2293665292181104,-1.7475388320577603,0.7739490943148843,0.40978884307270347,0.0,0.40978884307270347,1.0,207,48,True,1,819,24,False,False,False,0
128,1319,FROZEN_LOW_VARIANCE,RED,True,1.4220040287639963,0.5458728102585786,0.41238292886730915,0.0,10.975409946081342,True,0.0025080106630865706,9.44262474700418e-05,9.188016115055985,0.0016623649758853165,-2.3015216142673007,-5.183491241034314,-2.062474886417568,0.0,0.5458728102585786,-3.2371487866019275,-1.7475543971120415,0.7941802252042817,0.41238292886730915,0.0,0.41238292886730915,1.0,208,48,True,1,820,24,False,False,False,0
128,1320,FROZEN_LOW_VARIANCE,RED,True,1.2566499201654167,0.5377383863276006,0.40846354076239644,0.0,10.811467341364255,True,0.0024838566187408468,9.341166147923417e-05,8.526599680661667,0.0017028758515624327,-2.3034607251624033,-5.1509535453104025,-2.062475627128356,0.0,0.5377383863276006,-3.2253906222871893,-1.7472587730524343,0.7852492302043477,0.40846354076239644,0.0,0.40846354076239644,1.0,209,48,True,1,821,24,False,False,False,0
128,1321,FROZEN_LOW_VARIANCE,RED,True,1.5244411569456706,0.5399274530337239,0.4083867046396337,0.0,10.719680562994128,True,0.0024569603245298125,9.438291119612062e-05,9.597764627782682,0.001587313478373043,-2.306008525508668,-5.159709812134896,-2.062475731037363,0.0,0.5399274530337239,-3.2251601139189012,-1.747691579092999,0.7576225436937452,0.4083867046396337,0.0,0.4083867046396337,1.0,210,48,True,1,822,24,False,False,False,0
128,1322,FROZEN_LOW_VARIANCE,RED,True,1.4851314955684463,0.5400875380170462,0.40965353170265456,0.0,10.630191303475657,True,0.002430229594766924,9.481909624586282e-05,9.440525982273785,0.0015659359991001965,-2.304664100391396,-5.160350152068185,-2.062475259858935,0.0,0.5400875380170462,-3.2289605951079636,-1.7477600770505453,0.7726374672731869,0.40965353170265456,0.0,0.40965353170265456,1.0,211,48,True,1,823,24,False,False,False,0
128,1323,FROZEN_LOW_VARIANCE,RED,True,1.0945165561307408,0.5391012298759923,0.40668726334324273,0.0,10.467375681547678,True,0.0024078198611796942,9.44262474700418e-05,7.878066224522963,0.0016832384751926,-2.304449053398759,-5.156404919503969,-2.0624756031141867,0.0,0.5391012298759923,-3.220061790029728,-1.7481277300546738,0.8046454610676971,0.40668726334324273,0.0,0.40668726334324273,1.0,212,48,True,1,824,24,False,False,False,0
128,1324,FROZEN_LOW_VARIANCE,RED,True,1.136836029638681,0.5418004156576153,0.41103033047010956,0.0,10.334633453411287,True,0.002385023445963237,9.315556414206424e-05,8.047344118554724,0.0016479393539644606,-2.303004670794998,-5.167201662630461,-2.0624756400294486,0.0,0.5418004156576153,-3.2330909914103287,-1.7480373051117537,0.7887736725458958,0.41103033047010956,0.0,0.41103033047010956,1.0,213,48,True,1,825,24,False,False,False,0
128,1325,FROZEN_LOW_VARIANCE,RED,True,1.0080330336315009,0.5370602360835877,0.40818115235149505,0.0,10.183625833656325,True,0.0023639736454177064,9.214097815125662e-05,7.5321321345260035,0.0016833634277788965,-2.3051507142924312,-5.148240944334351,-2.0624769113329524,0.0,0.5370602360835877,-3.224543457054485,-1.7480970943113106,0.788341804899073,0.40818115235149505,0.0,0.40818115235149505,1.0,214,48,True,1,826,24,False,False,False,0
128,1326,FROZEN_LOW_VARIANCE,RED,True,1.1729970446606597,0.5350389504141169,0.4078927617662054,0.0,10.079632662745961,True,0.0023413291113041964,8.982182858164024e-05,8.191988178642639,0.0016091558416340425,-2.3022220700044107,-5.1401558016564675,-2.0624768102276456,0.0,0.5350389504141169,-3.2236782852986163,-1.747868687019203,0.8016291461415871,0.4078927617662054,0.0,0.4078927617662054,1.0,215,48,True,1,827,24,False,False,False,0
128,1327,FROZEN_LOW_VARIANCE,RED,True,1.143657147861496,0.5344693258105202,0.4062007077023006,0.0,9.978377991933769,True,0.0023195707741481583,8.68653326235219e-05,8.074628591445984,0.001616051206102924,-2.3020809060449285,-5.137877303242081,-2.0624765551414432,0.0,0.5344693258105202,-3.2186021231069017,-1.7476600102021322,0.7906063946023868,0.4062007077023006,0.0,0.4062007077023006,1.0,216,48,True,1,828,24,False,False,False,0
128,1328,FROZEN_LOW_VARIANCE,RED,True,1.1401561946913792,0.537932627324095,0.4093857136774055,0.0,9.891341976497323,True,0.0022985651085713323,8.717301198828108e-05,8.060624778765517,0.0016193819215872892,-2.299065526568251,-5.15173050929638,-2.062476316247154,0.0,0.537932627324095,-3.2281571410322165,-1.7467510065401082,0.8046625502112633,0.4093857136774055,0.0,0.4093857136774055,1.0,217,48,True,1,829,24,False,False,False,0
128,1329,FROZEN_LOW_VARIANCE,RED,True,0.5894273472038933,0.5377716303788453,0.4066193326709868,0.0,9.698938145274054,True,0.0022832460834480797,8.717301198828108e-05,5.857709388815573,0.0017879309377962457,-2.3096983745615405,-5.151086521515381,-2.062475733312887,0.0,0.5377716303788453,-3.2198579980129605,-1.7481259292385014,0.8093894181161162,0.4066193326709868,0.0,0.4066193326709868,1.0,218,48,True,1,830,24,False,False,False,0
128,1330,FROZEN_LOW_VARIANCE,RED,True,0.8817829470574083,0.535155206470572,0.40927496271097946,0.0,9.585457087517872,True,0.0022648687961395225,8.68653326235219e-05,7.027131788229633,0.0016706698398295068,-2.3040063095859256,-5.140620825882288,-2.0624758870113578,0.0,0.535155206470572,-3.2278248881329383,-1.7479098099837678,0.7938114953831067,0.40927496271097946,0.0,0.40927496271097946,1.0,219,48,True,1,831,24,False,False,False,0
128,1331,FROZEN_LOW_VARIANCE,RED,True,1.0739906525528953,0.531107889423651,0.4026863793167467,0.0,9.51448387848491,True,0.0022445528295818255,8.68653326235219e-05,7.795962610211581,0.0015876699108829536,-2.300486447352887,-5.124431557694604,-2.06247480003771,0.0,0.531107889423651,-3.20805913795024,-1.7479549490048796,0.7964369295454439,0.4026863793167467,0.0,0.4026863793167467,1.0,220,48,True,1,832,24,False,False,False,0
128,1332,FROZEN_LOW_VARIANCE,RED,True,0.5062990465816228,0.5312763532028368,0.4102645338448749,0.0,9.341412654679319,True,0.0022301543894457615,8.982182858164024e-05,5.525196186326491,0.0017646048250463601,-2.306071427509403,-5.125105412811347,-2.062475653476909,0.0,0.5312763532028368,-3.2307936015346246,-1.748191001684656,0.7793563593319606,0.4102645338448749,0.0,0.4102645338448749,1.0,221,48,True,1,833,24,False,False,False,0
128,1333,FROZEN_LOW_VARIANCE,RED,True,0.8317389159240307,0.5347852865261309,0.40425630209465274,0.0,9.249348859797006,True,0.0022117581002049926,8.811191800736377e-05,6.826955663696123,0.0016169447480867904,-2.2985847699427464,-5.1391411461045235,-2.062474944307263,0.0,0.5347852865261309,-3.212768906283958,-1.7474196625745053,0.7817562482278437,0.40425630209465274,0.0,0.40425630209465274,1.0,222,48,True,1,834,24,False,False,False,0
128,1334,FROZEN_LOW_VARIANCE,RED,True,0.2794870038250197,0.5330078960067661,0.4078208603254036,0.0,9.05598983586509,True,0.002199551212498401,8.811191800736377e-05,4.617948015300079,0.0018048618433186038,-2.308761771594728,-5.1320315840270645,-2.0624759365166376,0.0,0.5330078960067661,-3.2234625809762107,-1.7481635316378237,0.7903569798792951,0.4078208603254036,0.0,0.4078208603254036,1.0,223,48,True,1,835,24,False,False,False,0
128,1335,FROZEN_LOW_VARIANCE,RED,True,0.5351066471062738,0.5390284527996325,0.4101585313989709,0.0,8.939703609743903,True,0.002184641548345825,8.732171779030448e-05,5.640426588425095,0.0017025624074125344,-2.3071567193416707,-5.15611381119853,-2.062475655211553,0.0,0.5390284527996325,-3.2304755941969128,-1.7486966620515072,0.7897809234312608,0.4101585313989709,0.0,0.4101585313989709,1.0,224,48,True,1,836,24,False,False,False,0
128,1336,FROZEN_LOW_VARIANCE,RED,True,0.6373699485660715,0.5409311101427035,0.4101762034884994,0.0,8.857088366125105,True,0.002168794019324638,8.732171779030448e-05,6.049479794264286,0.00165639058097293,-2.3050437565980815,-5.163724440570814,-2.0624763072701358,0.0,0.5409311101427035,-3.230528610465498,-1.7485124095424356,0.7845663471345053,0.4101762034884994,0.0,0.4101762034884994,1.0,225,48,True,1,837,24,False,False,False,0
128,1337,FROZEN_LOW_VARIANCE,RED,True,0.5457896827630955,0.5458087480689859,0.41175589059499346,0.0,8.768634132411396,True,0.002153906123838524,8.821419426350671e-05,5.683158731052382,0.0016725308364541772,-2.3038049968078713,-5.183234992275944,-2.0624769996873926,0.0,0.5458087480689859,-3.2352676717849804,-1.7485106734761418,0.7918216904768781,0.41175589059499346,0.0,0.41175589059499346,1.0,226,48,True,1,838,24,False,False,False,0
128,1338,FROZEN_LOW_VARIANCE,RED,True,0.2538744475056418,0.5388089444149466,0.404162568512403,0.0,8.619152089083883,True,0.0021419561938611593,8.871162749707737e-05,4.515497790022567,0.0017555751245930382,-2.30769380673221,-5.155235777659787,-2.0624765564443672,0.0,0.5388089444149466,-3.212487705537209,-1.749202914102529,0.7943287247793269,0.404162568512403,0.0,0.404162568512403,1.0,227,48,True,1,839,24,False,False,False,0
128,1339,FROZEN_LOW_VARIANCE,RED,False,0.0,0.5373374625563054,0.4069865526198672,0.0,8.434311438401906,True,0.0021350811932677074,8.871162749707737e-05,2.5832767689437146,0.001912789507412771,-2.31165164335112,-5.149349850225222,-2.062476966168766,0.0,0.5373374625563054,-3.2209596578596016,-1.7498132179272943,0.797573999428784,0.4069865526198672,0.0,0.4069865526198672,1.0,228,48,True,1,840,24,False,False,False,0
128,1340,FROZEN_LOW_VARIANCE,RED,True,0.42543428185862897,0.5290797129513511,0.40535675281123984,0.0,8.34753395976877,True,0.002121237556276107,8.5611807216028e-05,5.201737127434516,0.0016736266268810194,-2.3008035869593866,-5.116318851805405,-2.062477423649083,0.0,0.5290797129513511,-3.2160702584337195,-1.7487552595333553,0.8128275797183294,0.40535675281123984,0.0,0.40535675281123984,1.0,229,48,True,1,841,24,False,False,False,0
128,1341,FROZEN_LOW_VARIANCE,RED,True,0.19955654332113482,0.5409394050585394,0.41056597574605025,0.0,8.235570284269286,True,0.0021101981889605635,8.5611807216028e-05,4.298226173284539,0.0017532586457579852,-2.3080284336915344,-5.163757620234158,-2.062476720129935,0.0,0.5409394050585394,-3.2316979272381507,-1.7494336310651744,0.7890787010153316,0.41056597574605025,0.0,0.41056597574605025,1.0,230,48,True,1,842,24,False,False,False,0
128,1342,FROZEN_LOW_VARIANCE,RED,True,0.44107930441400267,0.5447970696989068,0.408503512823958,0.0,8.18479025066873,True,0.0020966775576377037,8.5611807216028e-05,5.264317217656011,0.0016595104781985802,-2.3043233265359353,-5.179188278795627,-2.0624764747602646,0.0,0.5447970696989068,-3.225510538471874,-1.749045006222947,0.7745996471528079,0.408503512823958,0.0,0.408503512823958,1.0,231,48,True,1,843,24,False,False,False,0
128,1343,FROZEN_LOW_VARIANCE,RED,True,0.4330313044422651,0.5348092807450207,0.4075431898932786,0.0,8.130040688347002,True,0.002083239606773491,8.467290119694532e-05,5.2321252177690605,0.0016487458621639404,-2.3018831822127925,-5.139237122980083,-2.062477093996461,0.0,0.5348092807450207,-3.2226295696798357,-1.7483887455813572,0.799462678207248,0.4075431898932786,0.0,0.4075431898932786,1.0,232,48,True,1,844,24,False,False,False,0
128,1344,FROZEN_LOW_VARIANCE,RED,False,0.0,0.5398213210447598,0.4079994201981094,0.0,7.996560986664276,True,0.0020760837993195787,8.467290119694532e-05,2.8170395930524155,0.0018447126916430808,-2.3078987148567007,-5.159285284179039,-2.0624768639549296,0.0,0.5398213210447598,-3.2239982605943283,-1.7489601702380673,0.8019704739885856,0.4079994201981094,0.0,0.4079994201981094,1.0,233,48,True,1,845,24,False,False,False,0
128,1345,FROZEN_LOW_VARIANCE,RED,False,0.0,0.5403944245877783,0.40807390958442563,0.0,7.8768698404025015,True,0.0020693952826057343,8.467290119694532e-05,2.6330804067946465,0.001853133242191443,-2.304193893916401,-5.161577698351113,-2.0624777746780456,0.0,0.5403944245877783,-3.224221728753277,-1.748672007423819,0.8085577686629475,0.40807390958442563,0.0,0.40807390958442563,1.0,234,48,True,1,846,24,False,False,False,0
128,1346,FROZEN_LOW_VARIANCE,RED,False,0.0,0.5365752003164181,0.4080121675954165,0.0,7.766552042200513,True,0.002061799377608142,8.821419426350671e-05,2.9902935847699506,0.0018161984493526488,-2.307292653220109,-5.146300801265673,-2.0624783649419864,0.0,0.5365752003164181,-3.2240365027862494,-1.7489775249539836,0.8125488086330724,0.4080121675954165,0.0,0.4080121675954165,1.0,235,48,True,1,847,24,False,False,False,0
128,1347,FROZEN_LOW_VARIANCE,RED,True,0.07567451270512582,0.5363479979009251,0.41009987600365694,0.0,7.684111081570383,True,0.0020517358192707258,9.089439276741474e-05,3.8026980508205033,0.0017263474330276036,-2.3037538127885524,-5.1453919916037005,-2.0624786160272293,0.0,0.5363479979009251,-3.230299628010971,-1.7486436627658923,0.804910938208609,0.41009987600365694,0.0,0.41009987600365694,1.0,236,48,True,1,848,24,False,False,False,0
128,1348,FROZEN_LOW_VARIANCE,RED,False,0.0,0.5362792309872593,0.40932296923207384,0.0,7.5938981053905605,True,0.0020431523660456503,9.155409214295518e-05,3.147775113418001,0.0017656207117682165,-2.304752207211204,-5.145116923949037,-2.0624789981080442,0.0,0.5362792309872593,-3.2279689076962215,-1.7486553964808929,0.8103838886633262,0.40932296923207384,0.0,0.40932296923207384,1.0,237,48,True,1,849,24,False,False,False,0
128,1349,FROZEN_LOW_VARIANCE,RED,False,0.0,0.5331563262906236,0.40808963777116425,0.0,7.509657750862172,True,0.0020365882729673573,9.253043209349783e-05,2.3898779124816527,0.0018243492634358917,-2.3087358624917598,-5.132625305162494,-2.0624794845396046,0.0,0.5331563262906236,-3.2242689133134927,-1.749221440354137,0.787794803649792,0.40808963777116425,0.0,0.40808963777116425,1.0,238,48,True,1,850,24,False,False,False,0
128,1350,FROZEN_LOW_VARIANCE,RED,False,0.0,0.5372894889060795,0.40506583434332527,0.0,7.434230613167133,True,0.002027449624020139,9.253043209349783e-05,3.292123733585725,0.0017319666413934108,-2.3046028714773117,-5.149157955624318,-2.0624791621771683,0.0,0.5372894889060795,-3.2151975030299758,-1.7489460388308988,0.7690470266385079,0.40506583434332527,0.0,0.40506583434332527,1.0,239,48,True,1,851,24,False,False,False,0
128,1351,FROZEN_LOW_VARIANCE,RED,False,0.0,0.5243783152679282,0.40570435519886133,0.0,7.358234398254837,True,0.002018657462621943,9.341166147923417e-05,3.167304420565201,0.0017343775774135953,-2.3068550222641946,-5.097513261071713,-2.0624780042017044,0.0,0.5243783152679282,-3.217113065596584,-1.749049897888596,0.7678533382619747,0.40570435519886133,0.0,0.40570435519886133,1.0,240,48,True,1,852,24,False,False,False,0
128,1352,FROZEN_LOW_VARIANCE,RED,False,0.0,0.5391340744333224,0.4117912060402566,0.0,7.3044459004059,True,0.0020090426002490787,9.253043209349783e-05,3.431000020271106,0.0016981620501931329,-2.3041197138677965,-5.15653629773329,-2.062478753420191,0.0,0.5391340744333224,-3.2353736181207697,-1.7489207923133165,0.7710051286304307,0.4117912060402566,0.0,0.4117912060402566,1.0,241,48,True,1,853,24,False,False,False,0
128,1353,FROZEN_LOW_VARIANCE,RED,True,0.1350174837675593,0.5353939042623936,0.40366410668468644,0.0,7.274586589247251,True,0.0019978277177456786,9.214097815125662e-05,4.040069935070237,0.00163521318346908,-2.3017162102747855,-5.1415756170495746,-2.0624778802689816,0.0,0.5353939042623936,-3.2109923200540593,-1.7484641504880836,0.755913276629019,0.40366410668468644,0.0,0.40366410668468644,1.0,242,48,True,1,854,24,False,False,False,0
128,1354,FROZEN_LOW_VARIANCE,RED,True,0.3537615670405687,0.535191207698132,0.40728456021883525,0.0,7.294817874617763,True,0.001984241402621464,9.214097815125662e-05,4.915046268162275,0.0015449505469385231,-2.299722101499655,-5.140764830792528,-2.06247766486005,0.0,0.535191207698132,-3.2218536806565057,-1.7474869614239001,0.7508569801129383,0.40728456021883525,0.0,0.40728456021883525,1.0,243,48,True,1,855,24,False,False,False,0
128,1355,FROZEN_LOW_VARIANCE,RED,True,0.1627825246177368,0.5409810845247924,0.4110404376278443,0.0,7.281059985694026,True,0.0019727667269902765,9.037665186972555e-05,4.151130098470947,0.0016017522149152285,-2.3005640468670365,-5.16392433809917,-2.0624776964571936,0.0,0.5409810845247924,-3.233121312883533,-1.747226922505423,0.7703135910845775,0.4110404376278443,0.0,0.4110404376278443,1.0,244,48,True,1,856,24,False,False,False,0
128,1356,FROZEN_LOW_VARIANCE,RED,False,0.0,0.5402355394650911,0.4089349053934466,0.0,7.2334871228709074,True,0.001964380168248716,8.880122019630268e-05,3.0931878119911658,0.0016932147689382728,-2.3052966687773964,-5.160942157860364,-2.0624772610329636,0.0,0.5402355394650911,-3.22680471618034,-1.7475154862060682,0.7665721758848891,0.4089349053934466,0.0,0.4089349053934466,1.0,245,48,True,1,857,24,False,False,False,0
128,1357,FROZEN_LOW_VARIANCE,RED,True,0.23896527015968871,0.5408900754188131,0.4092086387067604,0.0,7.239832404837975,True,0.001952509591219138,8.717525368363266e-05,4.455861080638755,0.0015686942672627788,-2.3035602403608633,-5.163560301675252,-2.0624775067801995,0.0,0.5408900754188131,-3.227625916120281,-1.7476649378510771,0.7684955293132174,0.4092086387067604,0.0,0.4092086387067604,1.0,246,48,True,1,858,24,False,False,False,0
128,1358,FROZEN_LOW_VARIANCE,RED,True,0.23652823839431703,0.5330161558431246,0.40485500010270686,0.0,7.236387637776008,True,0.0019408818604801125,8.858044675490974e-05,4.446112953577268,0.0015649185665849543,-2.301476339251201,-5.132064623372498,-2.0624764976798176,0.0,0.5330161558431246,-3.2145650003081205,-1.7470771412859092,0.7591642316343955,0.40485500010270686,0.0,0.40485500010270686,1.0,247,48,True,1,859,24,False,False,False,0
128,1359,FROZEN_LOW_VARIANCE,RED,True,0.30996300921101994,0.5350154771048052,0.40825034733746063,0.0,7.2521867100623805,True,0.001928286114150838,8.858044675490974e-05,4.73985203684408,0.001521023649504295,-2.299076891147686,-5.140061908419221,-2.062476648007533,0.0,0.5350154771048052,-3.224751042012382,-1.7465648199232857,0.7811532456963977,0.40825034733746063,0.0,0.40825034733746063,1.0,248,48,True,1,860,24,False,False,False,0
128,1360,FROZEN_LOW_VARIANCE,RED,True,0.08975663845807491,0.5318647297218861,0.4056262904183723,0.0,7.217547796785215,True,0.0019180310852655123,8.900395202838205e-05,3.8590265538322996,0.0015864518179733132,-2.304475049500588,-5.127458918887545,-2.0624760301336815,0.0,0.5318647297218861,-3.216878871255117,-1.7475464052579686,0.7755394616846495,0.4056262904183723,0.0,0.4056262904183723,1.0,249,48,True,1,861,24,False,False,False,0
128,1361,FROZEN_LOW_VARIANCE,RED,False,0.0,0.5405099634682495,0.41094439633819463,0.0,7.178082625072823,True,0.0019105688701632202,8.858044675490974e-05,2.7947130182535447,0.001669290581855779,-2.3063852455759437,-5.162039853872998,-2.062477086397794,0.0,0.5405099634682495,-3.232833189014584,-1.7481666146491526,0.7817245335158785,0.41094439633819463,0.0,0.41094439633819463,1.0,250,48,True,1,862,24,False,False,False,0
128,1362,FROZEN_LOW_VARIANCE,RED,False,0.0,0.5448767114545758,0.41066794385824795,0.0,7.145260129146751,True,0.0019023216344210899,8.717525368363266e-05,3.103482406581678,0.0016356610120922127,-2.3021296717053965,-5.179506845818303,-2.0624771421977823,0.0,0.5448767114545758,-3.232003831574744,-1.7476711851586206,0.7783728863619824,0.41066794385824795,0.0,0.41066794385824795,1.0,251,48,True,1,863,24,False,False,False,0
128,1363,FROZEN_LOW_VARIANCE,RED,False,0.0,0.5398289127539193,0.40624422664203425,0.0,7.108889230499653,True,0.0018960615085615831,8.717525368363266e-05,2.393693773933098,0.00169365077243754,-2.3069973722238015,-5.159315651015677,-2.062477972441719,0.0,0.5398289127539193,-3.2187326799261027,-1.747919959714298,0.7967587987367732,0.40624422664203425,0.0,0.40624422664203425,1.0,252,48,True,1,864,24,False,False,False,0
128,1364,FROZEN_LOW_VARIANCE,RED,False,0.0,0.5324108306444693,0.40571751503069553,0.0,7.070795145758583,True,0.0018886654047348698,8.717525368363266e-05,2.8280593838990424,0.0016495247143378062,-2.300644979270333,-5.129643322577877,-2.0624769031530876,0.0,0.5324108306444693,-3.2171525450920866,-1.7474437948617298,0.8064085213135255,0.40571751503069553,0.0,0.40571751503069553,1.0,253,48,True,1,865,24,False,False,False,0
128,1365,FROZEN_LOW_VARIANCE,RED,False,0.0,0.5363646774039867,0.408384377514693,0.0,7.041235838605188,True,0.0018802856237683226,8.80600366940665e-05,3.204189496619598,0.0016093393725166252,-2.307161615064042,-5.145458709615947,-2.06247788363441,0.0,0.5363646774039867,-3.225153132544079,-1.7483142988816418,0.7876901927260661,0.408384377514693,0.0,0.408384377514693,1.0,254,48,True,1,866,24,False,False,False,0
128,1366,FROZEN_LOW_VARIANCE,RED,False,0.0,0.5357852485662786,0.40436797575382055,0.0,7.0111011405536185,True,0.0018728177936517291,8.599689590772764e-05,2.8267949900807117,0.0016313579532152118,-2.299624664348611,-5.1431409942651145,-2.062476588036223,0.0,0.5357852485662786,-3.2131039272614617,-1.7479681422194993,0.7633212647005098,0.40436797575382055,0.0,0.40436797575382055,1.0,255,48,True,1,867,24,False,False,False,0
128,1367,FROZEN_LOW_VARIANCE,RED,False,0.0,0.5256949346446014,0.40376183193941123,0.0,6.976775062314765,True,0.0018709889432686146,8.745766112141086e-05,0.7088823241081486,0.0018118561142145726,-2.301555677621361,-5.1027797385784055,-2.0624750001193655,0.0,0.5256949346446014,-3.2112854958182337,-1.7474046996476045,0.7624161272478454,0.40376183193941123,0.0,0.40376183193941123,1.0,256,48,True,1,868,24,False,False,False,0
128,1368,FROZEN_LOW_VARIANCE,RED,False,0.0,0.535656498172264,0.40684531995566103,0.0,6.9549403258894715,True,0.0018648756414307978,8.599689590772764e-05,2.330004316538273,0.0016672122153413857,-2.296794235630366,-5.142625992689056,-2.062474250835586,0.0,0.535656498172264,-3.220535959866983,-1.7463126051661981,0.7805502225240123,0.40684531995566103,0.0,0.40684531995566103,1.0,257,48,True,1,869,24,False,False,False,0
128,1369,FROZEN_LOW_VARIANCE,RED,False,0.0,0.5320336593322599,0.40658339732683474,0.0,6.9326675441820536,True,0.001864193769257086,8.80600366940665e-05,0.26430107990689616,0.0018421465689737444,-2.3076224212198273,-5.1281346373290395,-2.062473297558738,0.0,0.5320336593322599,-3.2197501919805043,-1.747570376470865,0.7761147855372071,0.40658339732683474,0.0,0.40658339732683474,1.0,258,48,True,1,870,24,False,False,False,0
128,1370,FROZEN_LOW_VARIANCE,RED,False,0.0,0.5357348028963833,0.40424844822512807,0.0,6.913262438256011,True,0.0018603555702738953,8.858044675490974e-05,1.452872050812798,0.0017362538031507274,-2.304178619014437,-5.142939211585533,-2.0624728308092375,0.0,0.5357348028963833,-3.212745344675384,-1.747627719824203,0.7953250398165533,0.40424844822512807,0.0,0.40424844822512807,1.0,259,48,True,1,871,24,False,False,False,0
128,1371,FROZEN_LOW_VARIANCE,RED,False,0.0,0.5277757787109036,0.40547178737013256,0.0,6.891447048341396,True,0.0018532610998768986,8.80600366940665e-05,2.669690154316737,0.0016238732237073348,-2.308188279958711,-5.111103114843615,-2.0624727148319324,0.0,0.5277757787109036,-3.2164153621103977,-1.748507653908842,0.7949379553263123,0.40547178737013256,0.0,0.40547178737013256,1.0,260,48,True,1,872,24,False,False,False,0
128,1372,FROZEN_LOW_VARIANCE,RED,False,0.0,0.5298656075916943,0.40257277224989085,0.0,6.870937184442582,True,0.0018468244458313286,8.599689590772764e-05,2.436464290807956,0.0016387059650245673,-2.3048729511414634,-5.119462430366777,-2.062471421202357,0.0,0.5298656075916943,-3.2077183167496726,-1.7484301731318257,0.7783760464406916,0.40257277224989085,0.0,0.40257277224989085,1.0,261,48,True,1,873,24,False,False,False,0
128,1373,FROZEN_LOW_VARIANCE,RED,False,0.0,0.5267555628713134,0.4081894763007254,0.0,6.854801786376958,True,0.0018418390611012242,8.702277675385558e-05,1.9323894106803643,0.0016806449548278542,-2.3105829228883534,-5.107022251485254,-2.062470520983743,0.0,0.5267555628713134,-3.224568428902176,-1.7489648677649363,0.7967674991816937,0.4081894763007254,0.0,0.4081894763007254,1.0,262,48,True,1,874,24,False,False,False,0
128,1374,FROZEN_LOW_VARIANCE,RED,False,0.0,0.5406984305190665,0.4071615926423992,0.0,6.848774987934479,True,0.0018336604541204869,8.745766112141086e-05,3.1327457346292764,0.0015692188284099874,-2.3099864045068497,-5.162793722076266,-2.062469446829474,0.0,0.5406984305190665,-3.2214847779271976,-1.7495739568710604,0.8146158416448862,0.4071615926423992,0.0,0.4071615926423992,1.0,263,48,True,1,875,24,False,False,False,0
128,1375,FROZEN_LOW_VARIANCE,RED,True,0.05037561759674214,0.5342033163579956,0.40960551414088436,0.0,6.851158469096266,True,0.0018239487116596318,8.84835419675388e-05,3.7015024703869686,0.0015099357054253182,-2.3013094959756226,-5.136813265431982,-2.0624694738413427,0.0,0.5342033163579956,-3.228816542422653,-1.748784986895803,0.8035184844921937,0.40960551414088436,0.0,0.40960551414088436,1.0,264,48,True,1,876,24,False,False,False,0
128,1376,FROZEN_LOW_VARIANCE,RED,False,0.0,0.5338477630414424,0.403447704782032,0.0,6.838018632979612,True,0.0018173526257372421,8.514488130803627e-05,2.484863578663963,0.0016040791809133104,-2.302393774578456,-5.13539105216577,-2.062468908488423,0.0,0.5338477630414424,-3.210343114346096,-1.7485334913215307,0.7968813473780428,0.403447704782032,0.0,0.403447704782032,1.0,265,48,True,1,877,24,False,False,False,0
128,1377,FROZEN_LOW_VARIANCE,RED,False,0.0,0.5317607913734828,0.4098588209535288,0.0,6.829820674334377,True,0.0018159921776354213,8.745766112141086e-05,0.5326012481787527,0.0017720043556765503,-2.305424415665725,-5.127043165493931,-2.0624690046895098,0.0,0.5317607913734828,-3.2295764628605865,-1.7485110896941143,0.810650420903967,0.4098588209535288,0.0,0.4098588209535288,1.0,266,48,True,1,878,24,False,False,False,0
128,1378,FROZEN_LOW_VARIANCE,RED,False,0.0,0.5405974037229995,0.40969267028346373,0.0,6.828206436016131,True,0.0018127721672096353,8.80600366940665e-05,1.2272644784146054,0.0017086584967758917,-2.304954271449889,-5.162389614891998,-2.0624693889540606,0.0,0.5405974037229995,-3.229078010850391,-1.7487210950915535,0.8126325555995388,0.40969267028346373,0.0,0.40969267028346373,1.0,267,48,True,1,879,24,False,False,False,0
128,1379,FROZEN_LOW_VARIANCE,RED,False,0.0,0.5362329321868602,0.4034537791073422,0.0,6.818957467224203,True,0.001807829156496244,8.80600366940665e-05,1.8710760290973587,0.0016480051434299336,-2.2979034041853876,-5.144931728747441,-2.062468803899723,0.0,0.5362329321868602,-3.2103613373220266,-1.747086490191057,0.7867986646534215,0.4034537791073422,0.0,0.4034537791073422,1.0,268,48,True,1,880,24,False,False,False,0
128,1380,FROZEN_LOW_VARIANCE,RED,False,0.0,0.5353255338182219,0.405746444990245,0.0,6.8118233179858985,True,0.0018036850238190227,8.80600366940665e-05,1.5686770196030584,0.0016696914005888599,-2.303624242596478,-5.141302135272888,-2.0624683950836684,0.0,0.5353255338182219,-3.217239334970735,-1.747360401386809,0.7971309961618789,0.405746444990245,0.0,0.405746444990245,1.0,269,48,True,1,881,24,False,False,False,0
128,1381,FROZEN_LOW_VARIANCE,RED,False,0.0,0.5317431364260687,0.40698100536717546,0.0,6.8039797853859945,True,0.0017989938272303665,8.745766112141086e-05,1.7757569209871782,0.0016473118041971492,-2.29944612308453,-5.126972545704275,-2.0624685789795323,0.0,0.5317431364260687,-3.2209430161015264,-1.747090699554178,0.797351455631692,0.40698100536717546,0.0,0.40698100536717546,1.0,270,48,True,1,882,24,False,False,False,0
128,1382,FROZEN_LOW_VARIANCE,RED,False,0.0,0.544542023668191,0.40961753738850026,0.0,6.807521868409274,True,0.0017963401635905341,8.80600366940665e-05,1.0114088751845356,0.00171053837256929,-2.3012054668608424,-5.178168094672764,-2.0624683926218963,0.0,0.544542023668191,-3.228852612165501,-1.747208259373395,0.8024571224650178,0.40961753738850026,0.0,0.40961753738850026,1.0,271,48,True,1,883,24,False,False,False,0
128,1383,FROZEN_LOW_VARIANCE,RED,False,0.0,0.5333297144243541,0.40444058790287646,0.0,6.799177581417343,True,0.0017978435748590745,8.80600366940665e-05,0.5690857150724433,0.0018464538725418826,-2.3051722368160297,-5.133318857697416,-2.062467798866206,0.0,0.5333297144243541,-3.2133217637086293,-1.7478231315411006,0.8217958462435583,0.40444058790287646,0.0,0.40444058790287646,1.0,272,48,True,1,884,24,False,False,False,0
128,1384,FROZEN_LOW_VARIANCE,RED,False,0.0,0.5368567155361204,0.41155698175176747,0.0,6.799592369249835,True,0.0017987229396467332,8.717525368363266e-05,0.33286562996168245,0.0018271557344476939,-2.3072711937629173,-5.147426862144481,-2.062467650381396,0.0,0.5368567155361204,-3.2346709452553024,-1.7484911377827783,0.8255208199327988,0.41155698175176747,0.0,0.41155698175176747,1.0,273,48,True,1,885,24,False,False,False,0
128,1385,FROZEN_LOW_VARIANCE,RED,False,0.0,0.5402224986335951,0.41010571997669326,0.0,6.80107431765521,True,0.0017983029965946951,9.037665186972555e-05,0.16057425866979277,0.0017847248379121328,-2.3023546459190465,-5.16088999453438,-2.062469110319086,0.0,0.5402224986335951,-3.2303171599300797,-1.7481317719290017,0.8326907331597251,0.41010571997669326,0.0,0.41010571997669326,1.0,274,48,True,1,886,24,False,False,False,0
128,1386,FROZEN_LOW_VARIANCE,RED,False,0.0,0.5385309615662186,0.411050926067057,0.0,6.802019912364863,True,0.0017936564497806969,9.037665186972555e-05,1.7137710968005528,0.0016434181027947538,-2.2977642113770096,-5.154123846264874,-2.0624694053609423,0.0,0.5385309615662186,-3.233152778201171,-1.7474048236001853,0.8262754054087973,0.411050926067057,0.0,0.411050926067057,1.0,275,48,True,1,887,24,False,False,False,0
128,1387,FROZEN_LOW_VARIANCE,RED,False,0.0,0.5391398288580487,0.4099029010331556,0.0,6.802378158485657,True,0.0017937012124371425,9.214097815125662e-05,0.016509668341621164,0.0017951485383288922,-2.3067295773614824,-5.156559315432195,-2.062468963085108,0.0,0.5391398288580487,-3.2297087030994667,-1.748278048125661,0.8127278066243797,0.4099029010331556,0.0,0.4099029010331556,1.0,276,48,True,1,888,24,False,False,False,0
128,1388,FROZEN_LOW_VARIANCE,RED,False,0.0,0.5312081836686706,0.40433602095533844,0.0,6.793051305552124,True,0.0017920163711757965,9.253043209349783e-05,0.6095157280185199,0.0017375398370589408,-2.3019933621897883,-5.1248327346746825,-2.062468485076207,0.0,0.5312081836686706,-3.2130080628660154,-1.7482100371408742,0.8185307558967565,0.40433602095533844,0.0,0.40433602095533844,1.0,277,48,True,1,889,24,False,False,False,0
128,1389,FROZEN_LOW_VARIANCE,RED,False,0.0,0.5289265608191835,0.4058833181315265,0.0,6.784346829160293,True,0.0017938768332246963,9.41358678464953e-05,0.6702162761687789,0.0018540317728057887,-2.302818492986646,-5.115706243276734,-2.062467688238944,0.0,0.5289265608191835,-3.2176499543945796,-1.7477953427030402,0.8411779326538421,0.4058833181315265,0.0,0.4058833181315265,1.0,278,48,True,1,890,24,False,False,False,0
128,1390,FROZEN_LOW_VARIANCE,RED,False,0.0,0.5325958395047938,0.40525518564928015,0.0,6.778468381557348,True,0.001797626036039538,9.48029744538984e-05,1.327585648492486,0.0019188502603860887,-2.3042107250377604,-5.130383358019175,-2.0624681712631863,0.0,0.5325958395047938,-3.2157655569478405,-1.747534914739993,0.8240754457112115,0.40525518564928015,0.0,0.40525518564928015,1.0,279,48,True,1,891,24,False,False,False,0
128,1391,FROZEN_LOW_VARIANCE,RED,False,0.0,0.5361098315615509,0.4085643654719669,0.0,6.778112699217718,True,0.0017946695064381677,9.48029744538984e-05,1.0395347538411446,0.0016990750493271964,-2.298625832335047,-5.144439326246204,-2.0624677839040944,0.0,0.5361098315615509,-3.2256930964159007,-1.7470784905968566,0.8057730312906495,0.4085643654719669,0.0,0.4085643654719669,1.0,280,48,True,1,892,24,False,False,False,0
128,1392,FROZEN_LOW_VARIANCE,RED,False,0.0,0.5327281813998077,0.4075551538706474,0.0,6.774746811770335,True,0.0017944248140253165,9.441362581542263e-05,0.08603542039357694,0.001786513092676465,-2.3031381641991553,-5.130912725599231,-2.062468673530208,0.0,0.5327281813998077,-3.222665461611942,-1.7471788041105947,0.7779658330094387,0.4075551538706474,0.0,0.4075551538706474,1.0,281,48,True,1,893,24,False,False,False,0
128,1393,FROZEN_LOW_VARIANCE,RED,False,0.0,0.5394690685611325,0.40888730348015984,0.0,6.7772567579485425,True,0.0017904107315508942,9.139668276056178e-05,1.4171974436083103,0.001660622064877908,-2.2988642591515123,-5.15787627424453,-2.0624681892394574,0.0,0.5394690685611325,-3.2266619104404795,-1.746940290172258,0.7870441802367301,0.40888730348015984,0.0,0.40888730348015984,1.0,282,48,True,1,894,24,False,False,False,0
128,1394,FROZEN_LOW_VARIANCE,RED,False,0.0,0.5413028878343633,0.4094688513496096,0.0,6.781194218945953,True,0.0017862072145813388,9.241088795211722e-05,1.5330669351051034,0.0016502934992323863,-2.30079327988051,-5.165211551337453,-2.0624679562287564,0.0,0.5413028878343633,-3.2284065540488287,-1.7468116097855801,0.7760468014570272,0.4094688513496096,0.0,0.4094688513496096,1.0,283,48,True,1,895,24,False,False,False,0
128,1395,FROZEN_LOW_VARIANCE,RED,False,0.0,0.5420544593246599,0.4074439409020328,0.0,6.783653727147198,True,0.001781675178478248,9.241088795211722e-05,1.6347410294477613,0.001635139344478313,-2.302926209386042,-5.16821783729864,-2.0624685170266397,0.0,0.5420544593246599,-3.2223318227060984,-1.7475225161678454,0.7785633768663486,0.4074439409020328,0.0,0.4074439409020328,1.0,284,48,True,1,896,24,False,False,False,0
128,1396,FROZEN_LOW_VARIANCE,RED,False,0.0,0.5347122831074116,0.4081685083390827,0.0,6.781537389294623,True,0.0017826940198069996,9.41358678464953e-05,0.36750407205975555,0.0018156365561033088,-2.3112748274658994,-5.138849132429646,-2.0624683592252397,0.0,0.5347122831074116,-3.224505525017248,-1.7488994822760986,0.7749652974804238,0.4081685083390827,0.0,0.4081685083390827,1.0,285,48,True,1,897,24,False,False,False,0
128,1397,FROZEN_LOW_VARIANCE,RED,False,0.0,0.5405341316367944,0.4105714678381509,0.0,6.785397375484175,True,0.0017795369392686502,9.241088795211722e-05,1.1179162666942142,0.0016774580018620257,-2.3073262811874007,-5.162136526547178,-2.062468963127872,0.0,0.5405341316367944,-3.2317144035144527,-1.7493207379368365,0.797895530213266,0.4105714678381509,0.0,0.4105714678381509,1.0,286,48,True,1,898,24,False,False,False,0
128,1398,FROZEN_LOW_VARIANCE,RED,False,0.0,0.5393726630600799,0.4097456526109209,0.0,6.787450050191182,True,0.001773336384610761,9.48029744538984e-05,2.236588781292445,0.0015728517840056717,-2.3015080422763807,-5.15749065224032,-2.0624706343562673,0.0,0.5393726630600799,-3.2292369578327627,-1.7488087401376482,0.7845724601752734,0.4097456526109209,0.0,0.4097456526109209,1.0,287,48,True,1,899,24,False,False,False,0
128,1399,FROZEN_LOW_VARIANCE,RED,False,0.0,0.5448716322774696,0.4115122225924461,0.0,6.794348494191022,True,0.0017728575129913884,9.48029744538984e-05,0.16837433007100913,0.0017573739972983468,-2.307063851505115,-5.179486529109878,-2.0624721115743303,0.0,0.5448716322774696,-3.234536667777338,-1.7489959203788659,0.786456637234171,0.4115122225924461,0.0,0.4115122225924461,1.0,288,48,True,1,900,24,False,False,False,0
