reservoir,t,regime,status,is_surprise,residual_evidence,input_evidence,geometry_evidence,novelty_evidence,event_score,adaptation_frozen,ema_err,sigma,z,error_norm,energy_z,delta_z,rolling_var_z,period47_score,input_evidence_score,plasticity_z,state_var_z,eigen_dominance_z,low_plasticity_score,low_state_var_score,rank_collapse_score,threshold_multiplier,collapse_counter,freeze_remaining,event_active,episode_id,episode_age,merge_cooldown_remaining,rls_recovered,rls_p_clipped,w_out_clipped,recoveries
64,0,WARMUP,GREEN,False,0.0,0.0,0.0,0.0,0.0,False,0.10233504484168073,1e-06,0.0,0.10233504484168073,0.0,0.0,0.0,0.0,0.0,0.0,0.0,0.0,0.0,0.0,0.0,1.015,0,0,False,0,0,0,False,False,False,0
64,1,WARMUP,GREEN,False,0.0,0.0,0.0,0.0,0.0,False,0.10093630530584506,1e-06,46624.651194521735,0.05571039364715899,0.7071067811865481,0.7071067811865476,0.7071067811865476,0.0,0.0,-0.7071067811865477,0.7071067811865476,0.7071067811865469,0.0,0.0,0.0,1.0299999999999998,0,0,False,0,0,0,False,False,False,0
64,2,WARMUP,GREEN,False,0.0,0.0,0.0,0.0,0.0,False,0.09918948031623241,1e-06,58227.49965375518,0.042708805652089885,-0.9220570270830408,0.5417423449008368,0.9560708858210558,0.0,0.0,-1.0727828607985475,0.9108593262710273,0.8611821685072806,0.0,0.0,0.0,1.0449999999999997,0,0,False,0,0,0,False,False,False,0
64,3,WARMUP,GREEN,False,0.0,0.0,0.0,0.0,0.0,False,0.09699982999731335,1e-06,72988.34396396835,0.02620113635226407,0.458156850726266,0.4080585843211773,1.0177246416739985,0.0,0.0,-0.7884958774603601,1.1260857859070244,1.0451884921868964,0.0,0.0,0.0,1.0599999999999996,0,0,False,0,0,0,False,False,False,0
64,4,WARMUP,GREEN,False,0.0,0.0,0.0,0.0,0.0,False,0.09484039908149501,1e-06,71981.0305272778,0.02501879947003554,1.1314760091931304,0.2376257027010035,1.13922588132321,0.0,0.0,-0.8386812570904568,1.2363748645072852,0.6935948725249946,0.0,0.0,0.0,1.0749999999999995,0,0,False,0,0,0,False,False,False,0
64,5,WARMUP,GREEN,False,0.0,0.0,0.0,0.0,0.0,False,0.0929143801001176,1e-06,64200.6327125807,0.030639766368914318,1.5432503367821067,0.6936049948507087,1.3673925924046146,0.0,0.0,-0.46144654871058505,1.3350640458321434,0.19351545505297651,0.0,0.0,0.0,1.0899999999999994,0,0,False,0,0,0,False,False,False,0
64,6,WARMUP,GREEN,False,0.0,0.0,0.0,0.0,0.0,False,0.09083138641905036,1e-06,69433.12270224102,0.023481257397876588,0.7654434067737169,0.10875378735829086,1.3751371030115451,0.0,0.0,-0.9298184699104738,1.2657297652741424,0.04329174418701568,0.0,0.0,0.0,1.1049999999999993,0,0,False,0,0,0,False,False,False,0
64,7,WARMUP,GREEN,False,0.0,0.0,0.0,0.0,0.0,False,0.08872868854227484,0.009353862860844669,70089.92922585065,0.02074145719319972,1.701611979384043,-0.025081655476330095,1.4887025756825831,0.0,0.0,-0.7480086168499243,1.3631637989011758,-0.10217604354186535,0.0,0.0,0.0,1.1199999999999992,0,0,False,0,0,0,False,False,False,0
64,8,WARMUP,GREEN,False,0.0,0.0,0.0,0.0,0.0,False,0.08683849354508398,0.00658071286268566,6.735880228702869,0.02572218863591318,1.6316442345121316,0.440775291749931,1.6963142562184412,0.0,0.0,-0.4832767528650631,1.3582158544999605,-0.5028635463877178,0.0,0.0,0.0,1.1349999999999991,0,0,False,0,0,0,False,False,False,0
64,9,WARMUP,GREEN,False,0.0,0.0,0.0,0.0,0.0,False,0.08537317064101183,0.009353862860844669,7.422310898772635,0.03799439674267894,1.397659918294284,1.2151528069083415,1.6163503761798756,0.0,0.0,-0.5550136212683219,1.3589450177056777,-0.7226284007219512,0.0,0.0,0.0,1.149999999999999,0,0,False,0,0,0,False,False,False,0
64,10,WARMUP,GREEN,False,0.0,0.0,0.0,0.0,0.0,False,0.0836591452865944,0.007053817558963839,6.108083829167992,0.02823899216043145,1.5118978590162147,0.34903386394727076,1.5876607372165432,0.0,0.0,-0.7516063593660298,1.3801259486533202,-0.9228008596446244,0.0,0.0,0.0,1.164999999999999,0,0,False,0,0,0,False,False,False,0
64,11,WARMUP,GREEN,False,0.0,0.0,0.0,0.0,0.0,False,0.08188079616243622,0.005306602700230269,8.40371949559089,0.02438084114798865,1.7487770776995628,-0.00783256725020763,1.6515106377218205,0.0,0.0,-0.5916500125855902,1.445548111661852,-1.3235091669922285,0.0,0.0,0.0,1.1799999999999988,0,0,False,0,0,0,False,False,False,0
64,12,WARMUP,GREEN,False,0.0,0.0,0.0,0.0,0.0,False,0.08023026187665981,0.00501375176926637,10.36780264772651,0.026862986636556185,1.5920901992095473,0.08433139167473337,1.6036949609679712,0.0,0.0,-0.7592688218585474,1.4607934441010608,-1.189331113921151,0.0,0.0,0.0,1.1949999999999987,0,0,False,0,0,0,False,False,False,0
64,13,WARMUP,GREEN,False,0.0,0.0,0.0,0.0,0.0,False,0.0786632586470353,0.004639741266272198,10.418034915024693,0.02799682088917595,1.4253422812455574,0.27698476948373285,1.5599804537478963,0.0,0.0,-0.7933325808813684,1.4598649154040384,-1.2447959677839564,0.0,0.0,0.0,1.2099999999999986,0,0,False,0,0,0,False,False,False,0
64,14,WARMUP,GREEN,False,0.0,0.0,0.0,0.0,0.0,False,0.07700792025710217,0.005007739947759339,11.89246192071338,0.023485312315930703,1.2207279772520652,-0.15256397192195417,1.52171643732714,0.0,0.0,-0.6867541971443076,1.2907450427909684,-1.0701900210255129,0.0,0.0,0.0,1.2249999999999985,0,0,False,0,0,0,False,False,False,0
64,15,WARMUP,GREEN,False,0.0,0.0,0.0,0.0,0.0,False,0.07567607142066728,0.005303596789476754,8.865268899268669,0.03261295904260599,1.447631044077175,0.8747078176197801,1.574403733372978,0.0,0.0,-0.590351534376919,1.2722705874518507,-1.5742205529989157,0.0,0.0,0.0,1.2399999999999984,0,0,False,0,0,0,False,False,False,0
64,16,WARMUP,GREEN,False,0.0,0.0,0.0,0.0,0.0,False,0.0740688616270815,0.00501375176926637,10.101382498098634,0.02210241163447469,0.9163942692559204,-0.21875155750615768,1.5180326398225317,0.0,0.0,-0.8301097837101211,1.0857339298154198,-1.5731821291800265,0.0,0.0,0.0,1.2549999999999983,0,0,False,0,0,0,False,False,False,0
64,17,WARMUP,GREEN,False,0.0,0.0,0.0,0.0,0.0,False,0.07243462728807304,0.005306602700230269,10.865012963120716,0.019594383660132966,0.7550275534789118,-0.7025402762039756,1.4745512322091423,0.0,0.0,-0.8235580583108821,0.9106458398741126,-1.5376896216916682,0.0,0.0,0.0,1.2699999999999982,0,0,False,0,0,0,False,False,False,0
64,18,WARMUP,GREEN,False,0.0,0.0,0.0,0.0,0.0,False,0.07113038797080314,0.00501375176926637,8.192556775940693,0.02895998337907637,0.8861417381652918,0.33111215893482454,1.432801598717648,0.0,0.0,-0.6591677912591222,0.8251863596443516,-1.555279213160513,0.0,0.0,0.0,1.2849999999999981,0,0,False,0,0,0,False,False,False,0
64,19,WARMUP,GREEN,False,0.0,0.0,0.0,0.0,0.0,False,0.06967011475558045,0.0052841728079628374,9.70845308679467,0.02245461413004681,0.20027977401587257,0.08048099862809147,1.3516943713647236,0.0,0.0,-0.6185595327819403,0.5768284859152993,-1.6971233218354516,0.0,0.0,0.0,1.299999999999998,0,0,False,0,0,0,False,False,False,0
64,20,WARMUP,GREEN,False,0.0,0.0,0.0,0.0,0.0,False,0.06839691256812491,0.00501375176926637,8.031545230926348,0.02723004184039584,0.11663736183225763,0.41287954715191594,1.3257377919406856,0.0,0.0,-0.29079404710621437,0.36086483267943265,-1.8412537147079704,0.0,0.0,0.0,1.314999999999998,0,0,False,0,0,0,False,False,False,0
64,21,WARMUP,GREEN,False,0.0,0.0,0.0,0.0,0.0,False,0.067037165292213,0.0048265021635987716,9.040118315170535,0.023072003371061335,0.06893237730067696,-0.3211366772523986,1.2636527153669412,0.0,0.0,-0.5675115883728684,0.21090597660924645,-1.695481559872514,0.0,0.0,0.0,1.3299999999999979,0,0,False,0,0,0,False,False,False,0
64,22,WARMUP,GREEN,False,0.0,0.0,0.0,0.0,0.0,False,0.06577825109084767,0.004090266601951917,8.694455174736282,0.025073358580035798,-1.0279066575323026,1.2608706441953685,1.2364882669457136,0.0,0.0,0.19219767843749078,-0.2206142390061932,-1.2808400764913659,0.0,0.0,0.0,1.3449999999999978,0,0,False,0,0,0,False,False,False,0
64,23,WARMUP,GREEN,False,0.0,0.0,0.0,0.0,0.0,False,0.06472889058632231,0.0048265021635987716,8.55168791870106,0.030799567606669038,-0.9116126308639478,0.5936148802246494,1.2213018607027497,0.0,0.0,-0.16562635632676095,-0.3852021468067799,-1.2926594507303495,0.0,0.0,0.0,1.35,0,0,False,0,0,0,False,False,False,0
64,24,WARMUP,GREEN,False,0.0,0.0,0.0,0.0,0.0,False,0.06335799971743629,0.004639252557931173,9.46780105908586,0.019032528290121663,-1.3340753054870889,-0.3991272215013359,1.234889625002994,0.0,0.0,-0.08368608956706804,-0.6762178264458156,-1.1219381250000473,0.0,0.0,0.0,1.35,0,0,False,0,0,0,False,False,False,0
64,25,WARMUP,GREEN,False,0.0,0.0,0.0,0.0,0.0,False,0.06213157381532002,0.004805734529666744,8.811950393600897,0.022477136313560728,-1.933456593331783,0.6018079741642743,1.2809283891445666,0.0,0.0,0.3964425529378243,-1.0046499677145206,-1.5114636154591876,0.0,0.0,0.0,1.35,0,0,False,0,0,0,False,False,False,0
64,26,WARMUP,GREEN,False,0.0,0.0,0.0,0.0,0.0,False,0.0611194391259596,0.004639252557931173,7.020325981472881,0.028393750836639215,-1.7189172653670788,0.33646367663844057,1.2791435354253502,0.0,0.0,-0.269750301811906,-1.1362250877565232,-1.0574803856175683,0.0,0.0,0.0,1.35,0,0,False,0,0,0,False,False,False,0
64,27,WARMUP,GREEN,False,0.0,0.0,0.0,0.0,0.0,False,0.060335164747139555,0.005570857123402118,5.635062753656063,0.03497695983195803,-1.8228741445738137,1.8628768736404557,1.4095439302223072,0.0,0.0,1.1660774275773875,-1.3263191579452003,-1.1705727717584626,0.0,0.0,0.0,1.35,0,0,False,0,0,0,False,False,False,0
64,28,WARMUP,GREEN,False,0.0,0.0,0.0,0.0,0.0,False,0.05915923852071107,0.005521202457381573,7.036177739380202,0.02113762386618995,-1.9335171788677736,-0.5738111847363647,1.5341927244420197,0.0,0.0,0.5395658747122889,-1.431084723708578,-1.4058137214467659,0.0,0.0,0.0,1.35,0,0,False,0,0,0,False,False,False,0
64,29,WARMUP,GREEN,False,0.0,0.0,0.0,0.0,0.0,False,0.0579665940795016,0.005182854209889525,7.200390678271904,0.019404423813728856,-1.8537364468018067,-1.157200863899746,1.656817756444621,0.0,0.0,0.33844448974426894,-1.4457120946574402,-0.4821793061114878,0.0,0.0,0.0,1.35,0,0,False,0,0,0,False,False,False,0
64,30,WARMUP,GREEN,False,0.0,0.0,0.0,0.0,0.0,False,0.057108079156594355,0.005521202457381573,5.52150667142118,0.029349429982593246,-1.3553939124701981,0.08516632894634281,1.8081985766785247,0.0,0.0,0.3583217117293463,-1.3689502699033058,-0.5844410016482752,0.0,0.0,0.0,1.35,0,0,False,0,0,0,False,False,False,0
64,31,WARMUP,GREEN,False,0.0,0.0,0.0,0.0,0.0,False,0.0560874114386761,0.005094431296853805,6.162110070507504,0.02308582189265258,-1.6734791047257191,0.3604668877758335,1.910286464842048,0.0,0.0,-0.1775000274021307,-1.3248386237758358,0.2794956260341087,0.0,0.0,0.0,1.35,0,0,False,0,0,0,False,False,False,0
64,32,WARMUP,GREEN,False,0.0,0.0,0.0,0.0,0.0,False,0.055423587450611725,0.005521202457381573,4.343461513059902,0.03395994516986375,-1.0370165011502122,0.5771578900963285,1.9207344319488104,0.0,0.0,0.4089404017605282,-1.2021457562123508,0.6843922092544782,0.0,0.0,0.0,1.35,0,0,False,0,0,0,False,False,False,0
64,33,WARMUP,GREEN,False,0.0,0.0,0.0,0.0,0.0,False,0.05467589293086742,0.005947672645014249,4.514080193676348,0.03050043679246839,-0.9734826707107579,0.562997073408054,1.9624695923733155,0.0,0.0,0.3136902729560855,-1.0543586214231127,0.44187441907155606,0.0,0.0,0.0,1.35,0,0,False,0,0,0,False,False,False,0
64,34,WARMUP,GREEN,False,0.0,0.0,0.0,0.0,0.0,False,0.05402411637348392,0.005620511789422663,3.652838100349832,0.03295000768475091,-0.7955712324798837,1.2891894079692532,2.093396558000731,0.0,0.0,0.41480184319885816,-0.9177414524709581,0.6248160850670142,0.0,0.0,0.0,1.35,0,0,False,0,0,0,False,False,False,0
64,35,WARMUP,GREEN,False,0.0,0.0,0.0,0.0,0.0,False,0.05329783740353163,0.0057181996978004,4.307312199570418,0.029814817375074323,-0.19506460727149522,0.2738706543693957,2.2560562626858416,0.0,0.0,0.744416018490713,-0.6218395326788425,-0.1907813034584524,0.0,0.0,0.0,1.35,0,0,False,0,0,0,False,False,False,0
64,36,WARMUP,GREEN,False,0.0,0.0,0.0,0.0,0.0,False,0.05263348135798379,0.005815637930930951,3.872757631528643,0.03115263588527035,0.12030518212877081,0.9066297178598947,2.4081245745217195,0.0,0.0,0.38876698435474694,-0.35849013308288075,0.066819657825218,0.0,0.0,0.0,1.35,0,0,False,0,0,0,False,False,False,0
64,37,WARMUP,GREEN,False,0.0,0.0,0.0,0.0,0.0,False,0.05194425905684905,0.006123355212586225,3.950396667973737,0.029659404653492486,0.40607154863837713,0.18204812784716579,2.5141915705199573,0.0,0.0,0.46308010368145736,-0.006071340403854906,0.18595884818766628,0.0,0.0,0.0,1.35,0,0,False,0,0,0,False,False,False,0
64,38,WARMUP,GREEN,False,0.0,0.0,0.0,0.0,0.0,False,0.051177120467440655,0.005557947814479043,4.17602530407719,0.026372972743236012,0.6969183296791345,-0.022181926952415727,2.605193659342822,0.0,0.0,0.11313362119742897,0.31297757072245935,0.09256334987001083,0.0,0.0,0.0,1.35,0,0,False,0,0,0,False,False,False,0
64,39,WARMUP,GREEN,False,0.0,0.0,0.0,0.0,0.0,False,0.050271711976867015,0.0057181996978004,5.43011270104024,0.02099683744831916,0.9916918761887599,-0.2278926078049261,2.658013815603198,0.0,0.0,0.07846614149042104,0.6443258085308043,0.33629358228054185,0.0,0.0,0.0,1.35,0,0,False,0,0,0,False,False,False,0
64,40,WARMUP,GREEN,False,0.0,0.0,0.0,0.0,0.0,False,0.04949152041131097,0.005600024449311484,4.548002324671977,0.024265326458332202,1.3491583090026433,-0.42774085504191567,2.690937897833637,0.0,0.0,0.05761049093236377,1.0173539772337554,0.4743669480525342,0.0,0.0,0.0,1.35,0,0,False,0,0,0,False,False,False,0
64,41,WARMUP,GREEN,False,0.0,0.0,0.0,0.0,0.0,False,0.04892528790057566,0.005445816266135408,3.3704168964531815,0.03061710338680062,1.4459542237119707,0.06472364826240386,2.653734234506258,0.0,0.0,-0.4356549122220059,1.3201001501436553,0.4506149557474535,0.0,0.0,0.0,1.35,0,0,False,0,0,0,False,False,False,0
64,42,WARMUP,GREEN,False,0.0,0.0,0.0,0.0,0.0,False,0.04805303030920407,0.005600024449311484,5.339007345239108,0.019850034854856105,1.540631539983135,-0.9717797133567584,2.58238136433176,0.0,0.0,-0.8617017373706567,1.541257827007052,0.3578273296304222,0.0,0.0,0.0,1.35,0,0,False,0,0,0,False,False,False,0
64,43,WARMUP,GREEN,False,0.0,0.0,0.0,0.0,0.0,False,0.047319412748425965,0.005842615846652159,4.366752130092912,0.023599111616600756,1.5198484951327755,-0.7642535799221744,2.463146528461796,0.0,0.0,-1.1246444687630917,1.7016359909570928,0.30625362457715877,0.0,0.0,0.0,1.35,0,0,False,0,0,0,False,False,False,0
64,44,WARMUP,GREEN,False,0.0,0.0,0.0,0.0,0.0,False,0.04647182665015828,0.005809358479914309,4.835654214446613,0.019066542806169887,1.6986311962333407,-0.9030486224923097,2.3534322158275653,0.0,0.0,-0.9595717997087736,1.8593576523482411,0.16947669084237277,0.0,0.0,0.0,1.35,0,0,False,0,0,0,False,False,False,0
64,45,WARMUP,GREEN,False,0.0,0.0,0.0,0.0,0.0,False,0.04566021878539287,0.00594306387325442,4.656898964957545,0.019418231157977996,1.6816707202125134,-0.9861084713537351,2.2288119491318374,0.0,0.0,-0.9187655028855255,1.9624731395073836,0.2119865622363482,0.0,0.0,0.0,1.35,0,0,False,0,0,0,False,False,False,0
64,46,WARMUP,GREEN,False,0.0,0.0,0.0,0.0,0.0,False,0.045167181529728984,0.005809358479914309,2.7653371290112863,0.0292256435965968,1.2454649146331647,0.737686450975345,2.0655967915663647,0.0,0.0,-0.8013169951913838,1.7383416678520047,0.4267918926153694,0.0,0.0,0.0,1.35,0,0,False,0,0,0,False,False,False,0
64,47,WARMUP,GREEN,False,0.0,0.0,0.0,0.0,0.0,False,0.04461371584876201,0.005947672645014249,3.1757131352831456,0.026718325497496583,1.6093371076861982,0.07469171349539319,1.8975260253204573,0.0,0.0,-1.143423880010804,1.846790484138617,0.29569358072342633,0.0,0.0,0.0,1.35,0,0,False,0,0,0,False,False,False,0
64,48,WARMUP,GREEN,False,0.0,0.0,0.0,0.0,0.0,False,0.04381174587612881,0.005809358479914309,4.49458704549175,0.017881383427655315,1.4059712883546152,-1.5292156166550017,1.7266338292776158,0.0,0.0,-1.5236797479659476,1.793340696991917,0.46178669561872354,0.0,0.0,0.0,1.35,0,0,False,0,0,0,False,False,False,0
64,49,WARMUP,GREEN,False,0.0,0.0,0.0,0.0,0.0,False,0.04306250899742166,0.00594306387325442,4.299022466924788,0.01883718325255716,1.0130682998606013,-0.5821430637055879,1.5316227460840208,0.0,0.0,-1.034622652158225,1.5984465147612366,0.6270015953089734,0.0,0.0,0.0,1.35,0,0,False,0,0,0,False,False,False,0
64,50,WARMUP,GREEN,False,0.0,0.0,0.0,0.0,0.0,False,0.042503970357322056,0.005554593846659305,3.132719934876182,0.02444455432743508,1.0367340787720385,-0.3514438527761987,1.315451067281927,0.0,0.0,-1.1878177266743752,1.5181652567064599,0.49670074696143107,0.0,0.0,0.0,1.35,0,0,False,0,0,0,False,False,False,0
64,51,WARMUP,GREEN,False,0.0,0.0,0.0,0.0,0.0,False,0.04209428473602361,0.005665280468647941,2.4585393196350473,0.028847782980707268,0.4078472309479625,1.0907539209063104,1.0908730111994727,0.0,0.0,-0.04776788749153837,1.1608139646782172,0.5799892971599037,0.0,0.0,0.0,1.35,0,0,False,0,0,0,False,False,False,0
64,52,WARMUP,GREEN,False,0.0,0.0,0.0,0.0,0.0,False,0.041355846003229384,0.005554593846659305,4.344820095438055,0.017479660309549318,0.2775066626251303,-1.459880291817826,0.8540392972040818,0.0,0.0,-0.8795488405132118,0.9018006975359144,0.5284731085398993,0.0,0.0,0.0,1.35,0,0,False,0,0,0,False,False,False,0
64,53,WARMUP,GREEN,False,0.0,0.0,0.0,0.0,0.0,False,0.0411551689843376,0.00594306387325442,1.2042705817424286,0.03466661204017007,-0.11284106057154028,1.521804599041064,0.5916001860925286,0.0,0.0,-0.11329291053802915,0.6650118795630242,0.6411881333452236,0.0,0.0,0.0,1.35,0,0,False,0,0,0,False,False,False,0
64,54,WARMUP,GREEN,False,0.0,0.0,0.0,0.0,0.0,False,0.04061861644871928,0.005554593846659305,3.0094047282747707,0.02327008446372678,-0.37623775728649983,-0.1803821798671931,0.37367885036756626,0.0,0.0,-0.40836693625238657,0.39063989592152826,0.9770443280038152,0.0,0.0,0.0,1.35,0,0,False,0,0,0,False,False,False,0
64,55,WARMUP,GREEN,False,0.0,0.0,0.0,0.0,0.0,False,0.039882108287993975,0.005717206375506507,4.419814067763382,0.016068344424542566,-0.7265934949273051,-1.1770915144381622,0.1454151770481462,0.0,0.0,-0.27754432290842435,0.0701035285158625,1.282213601360397,0.0,0.0,0.0,1.35,0,0,False,0,0,0,False,False,False,0
64,56,WARMUP,GREEN,False,0.0,0.0,0.0,0.0,0.0,False,0.039229244025408,0.00606773136868031,3.8064293392367365,0.018119966201794686,-1.2021081970968606,-0.5134689025571693,-0.06033063798168082,0.0,0.0,-0.16680552639801344,-0.24193280896868932,1.3870860638346305,0.0,0.0,0.0,1.35,0,0,False,0,0,0,False,False,False,0
64,57,WARMUP,GREEN,False,0.0,0.0,0.0,0.0,0.0,False,0.038632396889269324,0.006421561069194986,3.278804437626683,0.019334339487452373,-1.5410887596731402,-0.5028453450307684,-0.23283672713964654,0.0,0.0,0.4048035527213725,-0.5806303182968005,1.7840073653116564,0.0,0.0,0.0,1.35,0,0,False,0,0,0,False,False,False,0
64,58,WARMUP,GREEN,False,0.0,0.0,0.0,0.0,0.0,False,0.038064947515377284,0.0064224769961231665,2.9455422016419193,0.01971741775953469,-1.824863308953566,-0.45845899731057027,-0.4014174793154048,0.0,0.0,0.3974443449052394,-0.8919601490368977,1.7822936889665952,0.0,0.0,0.0,1.35,0,0,False,0,0,0,False,False,False,0
64,59,WARMUP,GREEN,False,0.0,0.0,0.0,0.0,0.0,False,0.03775881123213702,0.006421561069194986,1.5888796146463542,0.027860404740702033,-1.9754389543319013,0.7745141054032135,-0.495313795672985,0.0,0.0,0.24048701814230788,-1.0987464050358173,1.910645143020528,0.0,0.0,0.0,1.35,0,0,False,0,0,0,False,False,False,0
64,60,WARMUP,GREEN,False,0.0,0.0,0.0,0.0,0.0,False,0.03729717630984711,0.006339703461431673,2.3962756995046655,0.02237098048913988,-2.3357584080989717,0.05211968887871577,-0.5484897159059069,0.0,0.0,0.2597778884566152,-1.2900516042272216,1.4769079075642018,0.0,0.0,0.0,1.35,0,0,False,0,0,0,False,False,False,0
64,61,WARMUP,GREEN,False,0.0,0.0,0.0,0.0,0.0,False,0.036775828640373875,0.00638109022877742,2.741177999070531,0.019918920660739314,-2.302863966955787,-1.037980981872713,-0.5638216698323029,0.0,0.0,0.3786505428085183,-1.4223409168451322,0.826880469953837,0.0,0.0,0.0,1.35,0,0,False,0,0,0,False,False,False,0
64,62,WARMUP,GREEN,False,0.0,0.0,0.0,0.0,0.0,False,0.03653016303875164,0.006339703461431673,1.2833000465152067,0.028586975252966083,-2.4600845547990744,0.6383488426739546,-0.5381329255303019,0.0,0.0,1.0030029797391071,-1.557969387561055,1.020927414303902,0.0,0.0,0.0,1.35,0,0,False,0,0,0,False,False,False,0
64,63,WARMUP,GREEN,False,0.0,0.0,0.0,0.0,0.0,False,0.036185186977490756,0.006279369942002949,1.8138391033565333,0.025030960996722102,-2.3579549456138347,0.015128239318122952,-0.46217713257564613,0.0,0.0,0.9336086255498872,-1.621827356291166,-0.5547906502627608,0.0,0.0,0.0,1.35,0,0,False,0,0,0,False,False,False,0
64,64,WARMUP,GREEN,False,0.0,0.0,0.0,0.0,0.0,False,0.036209320842928654,0.006339703461431673,0.12811192662536083,0.036989649158754134,-1.8234154803585478,0.5113955436400479,-0.3269090986335558,0.0,0.0,1.3109012577114476,-1.6002115011844056,0.16661055088759477,0.0,0.0,0.0,1.35,0,0,False,0,0,0,False,False,False,0
64,65,WARMUP,GREEN,False,0.0,0.0,0.0,0.0,0.0,False,0.03612829818587848,0.006421561069194986,0.4260065555804328,0.0335085656079228,-1.600931828436575,0.22030766490220471,-0.1710606668383597,0.0,0.0,0.7079917706767496,-1.5229328836877871,-0.6496158985074423,0.0,0.0,0.0,1.35,0,0,False,0,0,0,False,False,False,0
64,66,WARMUP,GREEN,False,0.0,0.0,0.0,0.0,0.0,False,0.03606287801682951,0.0067970757275916584,0.33958601002694205,0.03394762588424621,-1.3109730245393822,0.7095014079139129,0.03156888536751507,0.0,0.0,0.8740414841701414,-1.4051594894061037,0.25273001590325894,0.0,0.0,0.0,1.35,0,0,False,0,0,0,False,False,False,0
64,67,WARMUP,GREEN,False,0.0,0.0,0.0,0.0,0.0,False,0.035911224299707764,0.006815671721156321,0.7437204036932608,0.031007754112771378,-0.8668725128133611,0.9213793218585609,0.26939608011516547,0.0,0.0,0.7332945241866091,-1.2239421180194068,0.2154701653916889,0.0,0.0,0.0,1.35,0,0,False,0,0,0,False,False,False,0
64,68,WARMUP,GREEN,False,0.0,0.0,0.0,0.0,0.0,False,0.03581642455004257,0.00654711272540389,0.46363612931910225,0.032751232644201184,-0.45529343185223414,1.0283578444225265,0.5501444561686123,0.0,0.0,1.3500372133197023,-1.0143753479712794,-0.25041451275486265,0.0,0.0,0.0,1.35,0,0,False,0,0,0,False,False,False,0
64,69,WARMUP,GREEN,False,0.0,0.0,0.0,0.0,0.0,False,0.035559178599171064,0.006333245462397905,1.3097170292758182,0.027241559520992678,-0.2807700602005848,0.051089306308285454,0.8078792137733107,0.0,0.0,-0.1143109713039403,-0.8130530131454481,-0.2813458494231003,0.0,0.0,0.0,1.35,0,0,False,0,0,0,False,False,False,0
64,70,WARMUP,GREEN,False,0.0,0.0,0.0,0.0,0.0,False,0.03532717550910454,0.0062923480921488854,1.221085836869303,0.027825742263620203,0.004480517651801953,0.5873962066724769,1.073738866927814,0.0,0.0,0.5636407889898505,-0.568251355425061,-0.38559075829154366,0.0,0.0,0.0,1.35,0,0,False,0,0,0,False,False,False,0
64,71,WARMUP,GREEN,False,0.0,0.0,0.0,0.0,0.0,False,0.034940514677962164,0.0062254560496207275,2.048312360133729,0.022438481137692087,0.2750951972910762,-0.4401708555780629,1.3249389644464638,0.0,0.0,-0.007921677149725767,-0.32798730705154466,-0.5009853922791904,0.0,0.0,0.0,1.35,0,0,False,0,0,0,False,False,False,0
64,72,WARMUP,GREEN,False,0.0,0.0,0.0,0.0,0.0,False,0.03453255165108572,0.006374142832646925,2.184380944007532,0.02134174711541424,0.6267888372774921,-0.4800718358596795,1.5520440650680332,0.0,0.0,0.2709261838357611,0.012998050826343798,-0.801830925903566,0.0,0.0,0.0,1.35,0,0,False,0,0,0,False,False,False,0
64,73,WARMUP,GREEN,False,0.0,0.0,0.0,0.0,0.0,False,0.03418738001713194,0.0062254560496207275,1.8050617053736298,0.023026830519292964,0.5972643611795327,-0.41578980986501374,1.714807186529342,0.0,0.0,-0.27151205577822424,0.2513458448195272,-1.197201134162171,0.0,0.0,0.0,1.35,0,0,False,0,0,0,False,False,False,0
64,74,WARMUP,GREEN,False,0.0,0.0,0.0,0.0,0.0,False,0.033954677549322264,0.006076769266594531,1.245972803464197,0.026430631090142855,0.6208948489744254,0.01868495111796783,1.8128823496921123,0.0,0.0,-0.659375866065372,0.4475819155577949,-1.3780905657454574,0.0,0.0,0.0,1.35,0,0,False,0,0,0,False,False,False,0
64,75,WARMUP,GREEN,False,0.0,0.0,0.0,0.0,0.0,False,0.033920248301071564,0.0062254560496207275,0.18885719664650175,0.0328070359409656,0.9176864830597867,1.329204746858914,1.8883353032749668,0.0,0.0,-0.2855802731712084,0.6553434329532345,-1.3154084625810072,0.0,0.0,0.0,1.35,0,0,False,0,0,0,False,False,False,0
64,76,WARMUP,GREEN,False,0.0,0.0,0.0,0.0,0.0,False,0.03389896415274452,0.0062923480921488854,0.11396299407568104,0.033210776690170224,0.9839236129599499,1.1578882449852022,1.9039767756451442,0.0,0.0,-0.7840061595374044,0.8236934370558789,-1.4025523452045199,0.0,0.0,0.0,1.35,0,0,False,0,0,0,False,False,False,0
64,77,WARMUP,GREEN,False,0.0,0.0,0.0,0.0,0.0,False,0.03359163220633377,0.0062254560496207275,1.6280723926373069,0.023654565939052893,0.9847572857531397,0.2846597177678956,1.868619415209608,0.0,0.0,-0.6689805624770198,0.987797367891747,-1.3670885343062664,0.0,0.0,0.0,1.35,0,0,False,0,0,0,False,False,False,0
64,78,WARMUP,GREEN,False,0.0,0.0,0.0,0.0,0.0,False,0.03314927098591336,0.006374142832646925,2.3685612582410096,0.018846258192319998,0.9516777431239012,-1.5118890164827425,1.813861933251664,0.0,0.0,-1.1809576329083948,1.0557963932785976,-1.1512336088383832,0.0,0.0,0.0,1.35,0,0,False,0,0,0,False,False,False,0
64,79,WARMUP,GREEN,False,0.0,0.0,0.0,0.0,0.0,False,0.03282533551122873,0.0062254560496207275,1.6940080320839503,0.022351421829759126,0.700193157632917,-0.3995050458415373,1.670725978700141,0.0,0.0,-1.2294750931945766,1.008255541251808,-0.8727244560532628,0.0,0.0,0.0,1.35,0,0,False,0,0,0,False,False,False,0
64,80,WARMUP,GREEN,False,0.0,0.0,0.0,0.0,0.0,False,0.032731195245895024,0.006076769266594531,0.5040608783428842,0.029687326666771884,0.9839359579934167,0.6830768512208305,1.5286127402630858,0.0,0.0,-0.7341454338391855,1.10845446264694,-0.9089132909188129,0.0,0.0,0.0,1.35,0,0,False,0,0,0,False,False,False,0
64,81,WARMUP,GREEN,False,0.0,0.0,0.0,0.0,0.0,False,0.03251032532824253,0.005717206375506507,1.2115534201518872,0.025368864657478545,0.8231787379598177,-0.1105979013502554,1.3712310191454067,0.0,0.0,-1.1836674965817773,1.1656147990334191,-0.8519145669420638,0.0,0.0,0.0,1.35,0,0,False,0,0,0,False,False,False,0
64,82,WARMUP,GREEN,False,0.0,0.0,0.0,0.0,0.0,False,0.03207783814396952,0.00606773136868031,2.521553102845586,0.01809408585247553,0.8049323686715324,-1.5089640795526431,1.1722932329325386,0.0,0.0,-1.1801964280868735,1.1970109546448406,-0.9382288634156011,0.0,0.0,0.0,1.35,0,0,False,0,0,0,False,False,False,0
64,83,WARMUP,GREEN,False,0.0,0.0,0.0,0.0,0.0,False,0.031929003331867635,0.005717206375506507,0.8176301984962641,0.02711667774057343,0.6060605946961771,0.8591183350252485,0.9880335584536991,0.0,0.0,-0.47353359133744266,1.010096967552071,-0.5638321052663147,0.0,0.0,0.0,1.35,0,0,False,0,0,0,False,False,False,0
64,84,WARMUP,GREEN,False,0.0,0.0,0.0,0.0,0.0,False,0.03187110538116614,0.005707586751065827,0.3375655107218253,0.029999071641817705,0.66053201033205,0.32971896308270027,0.7894948960899769,0.0,0.0,-0.3716368267860693,0.9601343621774948,-0.1952597879524601,0.0,0.0,0.0,1.35,0,0,False,0,0,0,False,False,False,0
64,85,WARMUP,GREEN,False,0.0,0.0,0.0,0.0,0.0,False,0.03174756310146402,0.005820470233494377,0.7215091368171865,0.027753029391095422,0.2596516649709387,1.2188827606869106,0.5854305573066374,0.0,0.0,-0.19190145992805907,0.6606846330114313,-0.12416007939141266,0.0,0.0,0.0,1.35,0,0,False,0,0,0,False,False,False,0
64,86,WARMUP,GREEN,False,0.0,0.0,0.0,0.0,0.0,False,0.03168411009194576,0.005933353715922926,0.3633899379991124,0.029632462784188816,0.29972686216513106,0.11608772241225374,0.383917434045095,0.0,0.0,-0.3071299764495454,0.48652633044586113,0.5764725164896498,0.0,0.0,0.0,1.35,0,0,False,0,0,0,False,False,False,0
64,87,WARMUP,GREEN,False,0.0,0.0,0.0,0.0,0.0,False,0.03142496085136366,0.005755933168523673,1.4558896086409336,0.0230458020725425,0.20438232473905268,-0.051117129958390344,0.18038193812252826,0.0,0.0,-0.8828061086531662,0.36422681289336023,0.24637046297208381,0.0,0.0,0.0,1.35,0,0,False,0,0,0,False,False,False,0
64,88,WARMUP,GREEN,False,0.0,0.0,0.0,0.0,0.0,False,0.0312451606234462,0.005630818860292221,1.041245746798574,0.025431619920781547,-0.09036604666008392,0.9090944854790626,0.0013102593125724213,0.0,0.0,0.4973279362577846,0.11079774267534583,0.7111799398493569,0.0,0.0,0.0,1.35,0,0,False,0,0,0,False,False,False,0
64,89,WARMUP,GREEN,False,0.0,0.0,0.0,0.0,0.0,False,0.03134341129234016,0.005755933168523673,0.5816245163843747,0.03452018291991168,0.19175472962590862,1.3560039373697037,-0.14289279006881322,0.0,0.0,0.043243413901295366,0.04218368534378391,1.112624798433916,0.0,0.0,0.0,1.35,0,0,False,0,0,0,False,False,False,0
64,90,WARMUP,GREEN,False,0.0,0.0,0.0,0.0,0.0,False,0.031218951319646554,0.005833277254379424,0.7207633645123706,0.02719474553588669,-0.439063039312948,1.2239660597241968,-0.2872968239159654,0.0,0.0,0.13536964369832288,-0.2326137524242842,1.1114034734669003,0.0,0.0,0.0,1.35,0,0,False,0,0,0,False,False,False,0
64,91,WARMUP,GREEN,False,0.0,0.0,0.0,0.0,0.0,False,0.030722102993368285,0.005755933168523673,2.8391605873882377,0.01465734044370422,-0.348078525751207,-0.1230984686939788,-0.39029748632420935,0.0,0.0,0.3887118202015369,-0.4365389797415508,0.5709737977595674,0.0,0.0,0.0,1.35,0,0,False,0,0,0,False,False,False,0
64,92,WARMUP,GREEN,False,0.0,0.0,0.0,0.0,0.0,False,0.03054769796045605,0.005630818860292221,1.01000149356592,0.024908601896293757,-0.37673456284699697,-0.5257572169915838,-0.45271144034713545,0.0,0.0,0.3379264159083644,-0.6213367558010789,0.7559852887238968,0.0,0.0,0.0,1.35,0,0,False,0,0,0,False,False,False,0
64,93,WARMUP,GREEN,False,0.0,0.0,0.0,0.0,0.0,False,0.030230290325801674,0.005618178564484799,1.878990383279725,0.019967443471976865,-0.3591557897994903,-1.4124690805340534,-0.4991237374475289,0.0,0.0,-0.5928168864915211,-0.7006154453805439,0.3863943496079958,0.0,0.0,0.0,1.35,0,0,False,0,0,0,False,False,False,0
64,94,WARMUP,GREEN,False,0.0,0.0,0.0,0.0,0.0,False,0.03004751095269009,0.00583731646766308,1.0844521405746488,0.024137644555415526,-0.13104173541999284,1.894737102540307,-0.47102988217286534,0.0,0.0,1.2027141857670889,-0.7785643544085754,0.5814900469884201,0.0,0.0,0.0,1.35,0,0,False,0,0,0,False,False,False,0
64,95,WARMUP,GREEN,False,0.0,0.0,0.0,0.0,0.0,False,0.03006936333602336,0.005618178564484799,0.12478555545360752,0.030775923730465917,-0.12937818957174071,0.2686034732711615,-0.4056839174990592,0.0,0.0,0.9417967597509092,-0.8370383534540721,0.023762923281756106,0.0,0.0,0.0,1.35,0,0,False,0,0,0,False,False,False,0
64,96,WARMUP,GREEN,False,0.0,0.0,0.0,0.0,0.0,False,0.02997793918821918,0.005630818860292221,0.5424305330445197,0.027021891742550576,-0.16457746881507895,0.601926139081979,-0.31072537092756874,0.0,0.0,0.2853153489235485,-0.8715332181173463,-0.39934606601249817,0.0,0.0,0.0,1.35,0,0,False,0,0,0,False,False,False,0
64,97,WARMUP,GREEN,False,0.0,0.0,0.0,0.0,0.0,False,0.030006738453330142,0.005755933168523673,0.17048595018184792,0.030937914691917968,0.0733754444829754,0.8668713174972061,-0.1969678186183935,0.0,0.0,0.46557455419131527,-0.8519762786635444,-0.16123476969195188,0.0,0.0,0.0,1.35,0,0,False,0,0,0,False,False,False,0
64,98,WARMUP,GREEN,False,0.0,0.0,0.0,0.0,0.0,False,0.029727879543473043,0.0056785890826679215,1.6149070399336671,0.020711441458093564,0.20541192629414973,-0.52926574294849,-0.05438441100293601,0.0,0.0,0.14182002673293526,-0.8226910490578916,-0.007846227503524775,0.0,0.0,0.0,1.35,0,0,False,0,0,0,False,False,False,0
64,99,WARMUP,GREEN,False,0.0,0.0,0.0,0.0,0.0,False,0.02949426333631686,0.005717206375506507,1.3713277703037285,0.021940672638266948,0.22661722255683914,-0.009955929833636476,0.1119402528315084,0.0,0.0,0.5411303770897513,-0.7763388754644065,0.4133031338747386,0.0,0.0,0.0,1.35,0,0,False,0,0,0,False,False,False,0
64,100,WARMUP,GREEN,False,0.0,0.0,0.0,0.0,0.0,False,0.029425352233905445,0.0056785890826679215,0.40177607666709203,0.02719722658926977,0.4972731437140791,0.3900329755141719,0.29107928627152424,0.0,0.0,0.37483755787063633,-0.6532841353351498,0.8835806611368779,0.0,0.0,0.0,1.35,0,0,False,0,0,0,False,False,False,0
64,101,WARMUP,GREEN,False,0.0,0.0,0.0,0.0,0.0,False,0.029253855846477172,0.005618178564484799,1.0066842598378831,0.023708805986296405,0.4765853186989066,-0.8677365358523776,0.43164896746759956,0.0,0.0,-0.4420254048804153,-0.545269832967134,0.965947190327085,0.0,0.0,0.0,1.35,0,0,False,0,0,0,False,False,False,0
64,102,WARMUP,GREEN,False,0.0,0.0,0.0,0.0,0.0,False,0.029063224498313795,0.0057973724522334584,1.1310388588005416,0.02289947757436462,0.5437871884030605,-0.6546776531000159,0.5725288678171834,0.0,0.0,-0.42356639878829155,-0.4477693211300861,0.8848029911311637,0.0,0.0,0.0,1.35,0,0,False,0,0,0,False,False,False,0
64,103,WARMUP,GREEN,False,0.0,0.0,0.0,0.0,0.0,False,0.02885153403446817,0.005802958824937742,1.2171632671514345,0.022006875703459595,0.6320380994500421,-0.6560496283840828,0.7019233874373924,0.0,0.0,-0.5098710276498847,-0.33583107562125614,0.2729836397161099,0.0,0.0,0.0,1.35,0,0,False,0,0,0,False,False,False,0
64,104,WARMUP,GREEN,False,0.0,0.0,0.0,0.0,0.0,False,0.028722793675143788,0.005808545197642024,0.7395098673406029,0.02456018872365548,0.7622147469679058,0.28628836960549114,0.8097907189012763,0.0,0.0,-0.17420082852627938,-0.22497465677952638,-0.03229169940863093,0.0,0.0,0.0,1.35,0,0,False,0,0,0,False,False,False,0
64,105,WARMUP,GREEN,False,0.0,0.0,0.0,0.0,0.0,False,0.028657191596564675,0.005501383761175779,0.3764687849075942,0.026536057722506654,0.8038932940843037,0.670120400262284,0.9227554210549258,0.0,0.0,0.062307851145717484,-0.10969156986907294,-0.7401069602375874,0.0,0.0,0.0,1.35,0,0,False,0,0,0,False,False,False,0
64,106,WARMUP,GREEN,False,0.0,0.0,0.0,0.0,0.0,False,0.028499122108410102,0.0056250195017636916,0.9577559332744544,0.02338820865807884,0.9246171516388124,-1.014662692330474,0.9924691234744947,0.0,0.0,-0.7921017139389412,0.000505866666564266,-0.724400708769543,0.0,0.0,0.0,1.35,0,0,False,0,0,0,False,False,False,0
64,107,WARMUP,GREEN,False,0.0,0.0,0.0,0.0,0.0,False,0.028205846194442948,0.005763302826389373,1.7379253166749151,0.018723258309504866,0.9824230519191399,-1.377791669150354,1.0190690281563664,0.0,0.0,-0.9847248234699351,0.10894685778428365,-0.8408212989652779,0.0,0.0,0.0,1.35,0,0,False,0,0,0,False,False,False,0
64,108,WARMUP,GREEN,False,0.0,0.0,0.0,0.0,0.0,False,0.028156414670444167,0.0056250195017636916,0.2858981240897688,0.026558128727816963,0.518270618283595,0.09120137561466841,0.9783307711795994,0.0,0.0,-1.5382007593543408,0.08311939815642386,-0.9625006941140133,0.0,0.0,0.0,1.35,0,0,False,0,0,0,False,False,False,0
64,109,WARMUP,GREEN,False,0.0,0.0,0.0,0.0,0.0,False,0.027909347436967186,0.005763302826389373,1.4640970483125455,0.01992084022121144,0.3824677230934435,-0.9783665827403398,0.9262638116121255,0.0,0.0,-1.1188223297684363,0.060066510987689226,-1.0404708494073531,0.0,0.0,0.0,1.35,0,0,False,0,0,0,False,False,False,0
64,110,WARMUP,GREEN,False,0.0,0.0,0.0,0.0,0.0,False,0.02749268693229201,0.005901586151015055,2.4098479478777506,0.014020663947794715,0.46494504622907407,-2.2593046510802477,0.8551829265593461,0.0,0.0,-1.5700667816206384,0.10369671619743949,-1.0501268580891059,0.0,0.0,0.0,1.35,0,0,False,0,0,0,False,False,False,0
64,111,WARMUP,GREEN,False,0.0,0.0,0.0,0.0,0.0,False,0.027505180617386937,0.005763302826389373,0.07056682037239938,0.02790914310212293,0.5475386892665633,-0.04741126773926403,0.7796626098873056,0.0,0.0,-0.7807778341173531,0.13676792569616003,-1.1660484680601488,0.0,0.0,0.0,1.35,0,0,False,0,0,0,False,False,False,0
64,112,WARMUP,GREEN,False,0.0,0.0,0.0,0.0,0.0,False,0.027532042231013607,0.0056250195017636916,0.15536006832559524,0.028400567738275886,-0.13563710429525963,1.3627539468110677,0.6394228592593154,0.0,0.0,-0.7736636745530727,-0.013991041993664842,-1.3293725002554424,0.0,0.0,0.0,1.35,0,0,False,0,0,0,False,False,False,0
64,113,WARMUP,GREEN,False,0.0,0.0,0.0,0.0,0.0,False,0.027596104071357142,0.005501383761175779,0.37962440440397516,0.029667436909131394,-0.2972791324626611,0.8938455673412539,0.4952586132240362,0.0,0.0,-0.09196652666776808,-0.15027656582767882,-1.7117179542186016,0.0,0.0,0.0,1.35,0,0,False,0,0,0,False,False,False,0
64,114,WARMUP,GREEN,False,0.0,0.0,0.0,0.0,0.0,False,0.027764279034565735,0.005606475618110304,1.018985831621951,0.03320193617831034,-0.3335925916691249,1.4636690912633052,0.35180408022428605,0.0,0.0,-0.3379515067826595,-0.24336405088074411,-1.8931687852791172,0.0,0.0,0.0,1.35,0,0,False,0,0,0,False,False,False,0
64,115,WARMUP,GREEN,False,0.0,0.0,0.0,0.0,0.0,False,0.027456515762129537,0.005802958824937742,1.8298083228499056,0.017505503286692432,-0.808274481752007,0.21398294529751616,0.2022262002215398,0.0,0.0,-0.11646739771024213,-0.40956255870706854,-1.8498341643636729,0.0,0.0,0.0,1.35,0,0,False,0,0,0,False,False,False,0
64,116,WARMUP,GREEN,False,0.0,0.0,0.0,0.0,0.0,False,0.0271652085758793,0.006063645421237572,1.6733255972704126,0.01774627622045498,-1.046204611774501,-1.4776815676350297,0.038387885887220856,0.0,0.0,-1.1138001476592552,-0.5446458982541013,-1.6762610256407509,0.0,0.0,0.0,1.35,0,0,False,0,0,0,False,False,False,0
64,117,WARMUP,GREEN,False,0.0,0.0,0.0,0.0,0.0,False,0.027089383293392253,0.005936095309439798,0.41683001571667944,0.02463769915964447,-1.0773959372404107,-0.30795919530065735,-0.09304214818981435,0.0,0.0,-0.5778035064876745,-0.6349010535046923,-1.4823205434947884,0.0,0.0,0.0,1.35,0,0,False,0,0,0,False,False,False,0
64,118,WARMUP,GREEN,False,0.0,0.0,0.0,0.0,0.0,False,0.026986721724086477,0.005901586151015055,0.5764820360533284,0.023667330983199786,-1.483218452716671,0.5426727124370798,-0.22055248695851812,0.0,0.0,-0.19711243261411632,-0.8147778427383198,-0.4114783880587707,0.0,0.0,0.0,1.35,0,0,False,0,0,0,False,False,False,0
64,119,WARMUP,GREEN,False,0.0,0.0,0.0,0.0,0.0,False,0.026828085489336614,0.005844332461500632,0.8960090315300328,0.021698847232424424,-1.7986928974859429,0.10029147946920317,-0.3278981409349227,0.0,0.0,0.19609542688773765,-1.0073700201014575,-0.0692903947836729,0.0,0.0,0.0,1.35,0,0,False,0,0,0,False,False,False,0
64,120,WARMUP,GREEN,False,0.0,0.0,0.0,0.0,0.0,False,0.026851795321950124,0.005718060455136722,0.1352297732871698,0.027618413243120192,-1.871602673652788,0.7195529998027229,-0.39219505670302995,0.0,0.0,0.35396010989793125,-1.1513983638470708,0.7246428603687617,0.0,0.0,0.0,1.35,0,0,False,0,0,0,False,False,False,0
64,121,WARMUP,GREEN,False,0.0,0.0,0.0,0.0,0.0,False,0.026923631406642393,0.005686875905200603,0.4187671982827478,0.029246331478359103,-1.6501528887475427,-0.07304657442483414,-0.44150517958784397,0.0,0.0,0.3291449337673466,-1.2055948237114802,1.6210003801650692,0.0,0.0,0.0,1.35,0,0,False,0,0,0,False,False,False,0
64,122,WARMUP,GREEN,False,0.0,0.0,0.0,0.0,0.0,False,0.02691604057178528,0.0056250195017636916,0.04449329171028496,0.026670603578072112,-1.6154192314819527,-0.09151219170354374,-0.4417744387983616,0.0,0.0,-0.0033471968131266877,-1.2191004511809527,0.7693413901197181,0.0,0.0,0.0,1.35,0,0,False,0,0,0,False,False,False,0
64,123,WARMUP,GREEN,False,0.0,0.0,0.0,0.0,0.0,False,0.027027838523403583,0.005516719687926175,0.6625040830717654,0.030642638959062034,-1.2317046284154562,1.1021219295229272,-0.37958582668772245,0.0,0.0,0.5337877252806302,-1.174540515607971,0.24279631334939797,0.0,0.0,0.0,1.35,0,0,False,0,0,0,False,False,False,0
64,124,WARMUP,GREEN,False,0.0,0.0,0.0,0.0,0.0,False,0.02696303360081972,0.0056250195017636916,0.3915667658185495,0.024867674437274813,-1.2451462952859045,-0.7511356916810443,-0.3061084969532641,0.0,0.0,0.0570233520655831,-1.181442447227456,-0.25154189182289033,0.0,0.0,0.0,1.35,0,0,False,0,0,0,False,False,False,0
64,125,WARMUP,GREEN,False,0.0,0.0,0.0,0.0,0.0,False,0.02692346072943349,0.0054829641194554975,0.23450509148647253,0.025643937887945435,-0.7966321479466622,0.42020404014534696,-0.18195399760150835,0.0,0.0,1.1356120970061008,-1.1445835133486086,-0.5008427553691155,0.0,0.0,0.0,1.35,0,0,False,0,0,0,False,False,False,0
64,126,WARMUP,GREEN,False,0.0,0.0,0.0,0.0,0.0,False,0.02676583019948226,0.005578297607282298,0.9583048299969638,0.021669109731059236,-0.8241362372894768,-0.6771249434127056,-0.03891750464875457,0.0,0.0,0.16265632925909249,-1.1189206016681565,0.37287092109126585,0.0,0.0,0.0,1.35,0,0,False,0,0,0,False,False,False,0
64,127,WARMUP,GREEN,False,0.0,0.0,0.0,0.0,0.0,False,0.02669467269804628,0.005509732720833769,0.42520440491310574,0.02439391348494959,-0.3430148660730462,-0.5493583900008004,0.13974341572733653,0.0,0.0,0.5396308534277253,-1.017578332680298,0.46245402000952013,0.0,0.0,0.0,1.35,0,0,False,0,0,0,False,False,False,0
64,128,WARMUP,GREEN,False,0.0,0.0,0.0,0.0,0.0,False,0.026606354731022238,0.005321550479964085,0.5343148902673529,0.02375074046391154,0.004155802242447432,-0.7426931293513841,0.34511554853766735,0.0,0.0,-0.15738412677836505,-0.8878776393896834,0.0002768171511295983,0.0,0.0,0.0,1.35,0,0,False,0,0,0,False,False,False,0
64,129,WARMUP,GREEN,False,0.0,0.0,0.0,0.0,0.0,False,0.02654794972380697,0.005128213711389545,0.3658395389035888,0.024659521157180005,0.02542949964008457,-0.9421912001630877,0.5258189249248565,0.0,0.0,-0.22485388826045344,-0.763436785046658,0.08820827815970898,0.0,0.0,0.0,1.35,0,0,False,0,0,0,False,False,False,0
64,130,WARMUP,GREEN,False,0.0,0.0,0.0,0.0,0.0,False,0.026623140134671163,0.005128213711389545,0.488736852608155,0.029054296752613482,0.34437835134941075,0.7246995324851616,0.7134840602403955,0.0,0.0,-0.4239704866006873,-0.5831259489788955,-0.08192333695727755,0.0,0.0,0.0,1.35,0,0,False,0,0,0,False,False,False,0
64,131,WARMUP,GREEN,False,0.0,0.0,0.0,0.0,0.0,False,0.02641430069293728,0.005370887618367182,1.3574540992708666,0.01966182541020836,0.682421774257455,-0.7794675305200877,0.9113756818271033,0.0,0.0,-0.7276048342853989,-0.40677265235000776,0.2734044568235051,0.0,0.0,0.0,1.35,0,0,False,0,0,0,False,False,False,0
64,132,WARMUP,GREEN,False,0.0,0.0,0.0,0.0,0.0,False,0.026321578938478533,0.005370887618367182,0.5754589126116233,0.02332357554431247,0.806791530197305,-0.6398392808651795,1.0762723970081463,0.0,0.0,-0.8521760446042422,-0.24216767898486397,0.3055826278157215,0.0,0.0,0.0,1.35,0,0,False,0,0,0,False,False,False,0
64,133,WARMUP,GREEN,False,0.0,0.0,0.0,0.0,0.0,False,0.02607768594957414,0.005370887618367182,1.5136727622099602,0.018191812641665406,0.8837449630996275,-1.696771739323221,1.208378036594176,0.0,0.0,-1.1879250839045805,-0.1106864482485545,0.23003744535571644,0.0,0.0,0.0,1.35,0,0,False,0,0,0,False,False,False,0
64,134,WARMUP,GREEN,False,0.0,0.0,0.0,0.0,0.0,False,0.026021787200211977,0.005370887618367182,0.3469243405937989,0.024214394304168708,1.1972852036253963,0.006885413246214081,1.329325038518825,0.0,0.0,-0.22313824302297913,0.08791346731112158,0.685100026818673,0.0,0.0,0.0,1.35,0,0,False,0,0,0,False,False,False,0
64,135,WARMUP,GREEN,False,0.0,0.0,0.0,0.0,0.0,False,0.025929090877500217,0.005232703727727339,0.5753010755910506,0.02293190977648668,1.5844201162856109,0.05983695002251638,1.4447535413346235,0.0,0.0,-0.21133545017003347,0.32778528896661546,0.4976466444304618,0.0,0.0,0.0,1.35,0,0,False,0,0,0,False,False,False,0
64,136,WARMUP,GREEN,False,0.0,0.0,0.0,0.0,0.0,False,0.026056699602119846,0.005370887618367182,0.8128922207936711,0.030182715031487815,1.2513963326504727,0.31380462691812105,1.4633014163820142,0.0,0.0,-0.6178426568686123,0.4300891383698264,0.4885838392153523,0.0,0.0,0.0,1.35,0,0,False,0,0,0,False,False,False,0
64,137,WARMUP,GREEN,False,0.0,0.0,0.0,0.0,0.0,False,0.026396120820429986,0.005370887618367182,2.1065494968925944,0.0373707402124579,1.485602779885348,2.2612844354067154,1.4681488128476574,0.0,0.0,-0.7633529982405138,0.4910045236084283,0.32662458456332055,0.0,0.0,0.0,1.35,0,0,False,0,0,0,False,False,False,0
64,138,WARMUP,GREEN,False,0.0,0.0,0.0,0.0,0.0,False,0.02623452927237005,0.00547882365276016,1.0028854293861946,0.02100973588509882,1.208161855204205,0.2528175686622348,1.3999084023278892,0.0,0.0,-0.9774922860643449,0.48101379894675317,0.08355362830053038,0.0,0.0,0.0,1.35,0,0,False,0,0,0,False,False,False,0
64,139,WARMUP,GREEN,False,0.0,0.0,0.0,0.0,0.0,False,0.02621819919756447,0.005522204183017146,0.09935268250117674,0.025690193445517432,1.4182861940200722,0.24865727865697368,1.2848265099406817,0.0,0.0,-0.9857154576815252,0.5008143505868198,0.2686626726305113,0.0,0.0,0.0,1.35,0,0,False,0,0,0,False,False,False,0
64,140,WARMUP,GREEN,False,0.0,0.0,0.0,0.0,0.0,False,0.02621822675171199,0.005522204183017146,0.0001663233653787152,0.026219117669148497,1.1368899161028003,0.04672801169792603,1.1532464290845066,0.0,0.0,-1.4316397111024048,0.4985761565049885,0.1171287318287526,0.0,0.0,0.0,1.35,0,0,False,0,0,0,False,False,False,0
64,141,WARMUP,GREEN,False,0.0,0.0,0.0,0.0,0.0,False,0.02623037627162347,0.005522204183017146,0.0733373818908951,0.026623210748761415,0.8410818409816029,0.5721447684609103,0.987408782126142,0.0,0.0,-0.48659119909913046,0.3125461873991537,-0.024227233282826777,0.0,0.0,0.0,1.35,0,0,False,0,0,0,False,False,False,0
64,142,WARMUP,GREEN,False,0.0,0.0,0.0,0.0,0.0,False,0.026185776761928372,0.005522204183017146,0.2692132115907483,0.02474372594845356,0.7915279847380673,0.14925274906309347,0.7612525225005988,0.0,0.0,-1.4322397281097883,0.23550646596437258,0.035447894847678435,0.0,0.0,0.0,1.35,0,0,False,0,0,0,False,False,False,0
64,143,WARMUP,GREEN,False,0.0,0.0,0.0,0.0,0.0,False,0.026131912798683543,0.005384020292377304,0.32513564909751935,0.024390311320434056,0.4994258026730616,0.4346181227751972,0.4979985291975544,0.0,0.0,-0.5658577695671192,0.09041968818894772,0.1788721612045159,0.0,0.0,0.0,1.35,0,0,False,0,0,0,False,False,False,0
64,144,WARMUP,GREEN,False,0.0,0.0,0.0,0.0,0.0,False,0.026055787472785672,0.005384020292377304,0.4713041046399657,0.023594401935421252,0.26913422124813524,0.09680845859662247,0.2701886434105466,0.0,0.0,-0.5627398250955334,-0.0766358451840728,-0.014040006106847946,0.0,0.0,0.0,1.35,0,0,False,0,0,0,False,False,False,0
64,145,WARMUP,GREEN,False,0.0,0.0,0.0,0.0,0.0,False,0.02616286779557535,0.005370887618367182,0.6629514561902236,0.02962513156577492,0.09091475198106964,0.9237417373780966,0.03737996058912452,0.0,0.0,-0.666625460637858,-0.2464510998881182,0.6210032784075602,0.0,0.0,0.0,1.35,0,0,False,0,0,0,False,False,False,0
64,146,WARMUP,GREEN,False,0.0,0.0,0.0,0.0,0.0,False,0.025946281434271072,0.005384020292377304,1.3441996723446885,0.01894332241876604,-0.2258897357566913,-0.401351787736885,-0.20400635831142605,0.0,0.0,-0.4688038419367294,-0.4626928162499762,0.7506911405508174,0.0,0.0,0.0,1.35,0,0,False,0,0,0,False,False,False,0
64,147,WARMUP,GREEN,False,0.0,0.0,0.0,0.0,0.0,False,0.025921014010130864,0.005370887618367182,0.15643467624604748,0.02510403396293088,-0.6674272216377052,1.3166818747538784,-0.4172606950662614,0.0,0.0,0.41195879272476765,-0.6704218378932654,0.4885100278511122,0.0,0.0,0.0,1.35,0,0,False,0,0,0,False,False,False,0
64,148,WARMUP,GREEN,False,0.0,0.0,0.0,0.0,0.0,False,0.025674929811291568,0.005522204183017146,1.5272720657801406,0.01771820738215424,-0.8270809112238503,-0.9756203433782631,-0.6175527468863755,0.0,0.0,-0.11196237476544578,-0.8291039130440659,0.624560281135052,0.0,0.0,0.0,1.35,0,0,False,0,0,0,False,False,False,0
64,149,WARMUP,GREEN,False,0.0,0.0,0.0,0.0,0.0,False,0.025581127548325148,0.005522204183017146,0.5662126924782288,0.02254818771241089,-1.2431282599077478,0.47953466115042875,-0.7964741690527574,0.0,0.0,0.30302957937050806,-0.9931814518122664,0.4428449156725945,0.0,0.0,0.0,1.35,0,0,False,0,0,0,False,False,False,0
64,150,WARMUP,GREEN,False,0.0,0.0,0.0,0.0,0.0,False,0.025310412213215387,0.005488385263944921,1.6341019282500295,0.01655728304466645,-1.4016475890047393,-1.1664985849485285,-0.9219433289721527,0.0,0.0,0.25844802752013707,-1.1362197491018162,0.6497027181358379,0.0,0.0,0.0,1.35,0,0,False,0,0,0,False,False,False,0
64,151,WARMUP,GREEN,False,0.0,0.0,0.0,0.0,0.0,False,0.025265353579384503,0.005483331894761656,0.27366053744373836,0.023808457752185926,-1.8840740591001006,1.1933100775397603,-0.9923480390629091,0.0,0.0,0.6790833656408406,-1.2955647282987395,0.5197159654856318,0.0,0.0,0.0,1.35,0,0,False,0,0,0,False,False,False,0
64,152,WARMUP,GREEN,False,0.0,0.0,0.0,0.0,0.0,False,0.025193727969828838,0.005404556608799233,0.4354141540844887,0.02287783326086236,-1.8659231914506402,-0.17244856367422529,-1.0308646363955423,0.0,0.0,0.1746940616376694,-1.3796526617747984,-0.47860688307499827,0.0,0.0,0.0,1.35,0,0,False,0,0,0,False,False,False,0
64,153,WARMUP,GREEN,False,0.0,0.0,0.0,0.0,0.0,False,0.025100366066602212,0.005404556608799233,0.5758221564042426,0.022081664528941263,-1.680308963349025,-0.6485959884849732,-1.0275759635457191,0.0,0.0,0.11376840852596314,-1.378374100155018,-1.4967368143427537,0.0,0.0,0.0,1.35,0,0,False,0,0,0,False,False,False,0
64,154,WARMUP,GREEN,False,0.0,0.0,0.0,0.0,0.0,False,0.02510393139621068,0.005300191637231616,0.021989652229519895,0.02521921038688446,-1.7695337313535389,1.9246553729145741,-0.9769832790294536,0.0,0.0,0.9047436654495515,-1.3972787875254062,-0.3233444561774189,0.0,0.0,0.0,1.35,0,0,False,0,0,0,False,False,False,0
64,155,WARMUP,GREEN,False,0.0,0.0,0.0,0.0,0.0,False,0.024953434870258362,0.005226556504259888,0.946484808179013,0.020087380531133504,-1.4021054719597044,-0.08918408633707174,-0.8755272270825882,0.0,0.0,0.6853554941707768,-1.3295103922477756,0.32296188938683557,0.0,0.0,0.0,1.35,0,0,False,0,0,0,False,False,False,0
64,156,WARMUP,GREEN,False,0.0,0.0,0.0,0.0,0.0,False,0.0249280916727143,0.005114530569979973,0.16163094205147246,0.024108661618789586,-1.076478865570716,1.7219682051643033,-0.7038156577669016,0.0,0.0,1.5861061959221563,-1.198090578919963,0.8163021499882284,0.0,0.0,0.0,1.35,0,0,False,0,0,0,False,False,False,0
64,157,WARMUP,GREEN,False,0.0,0.0,0.0,0.0,0.0,False,0.02483727253681537,0.004871571527995891,0.5919027149301269,0.021900787142750025,-0.9057275634255371,-1.0516412652761356,-0.5084931476268861,0.0,0.0,0.16180045681321922,-1.05050146302238,0.3552257522193474,0.0,0.0,0.0,1.35,0,0,False,0,0,0,False,False,False,0
64,158,WARMUP,GREEN,False,0.0,0.0,0.0,0.0,0.0,False,0.024679569253768373,0.005014749792112713,1.0790719322003126,0.019580496435248815,-0.8823071603416757,-0.7787295272804311,-0.2951682108644986,0.0,0.0,-0.2530705041999103,-0.9471626659852161,0.2870780145931921,0.0,0.0,0.0,1.35,0,0,False,0,0,0,False,False,False,0
64,159,WARMUP,GREEN,False,0.0,0.0,0.0,0.0,0.0,False,0.024698964248987747,0.004871571527995891,0.12891966049088743,0.025326069094414292,-0.10430035442109471,2.2939048119601115,0.0011342577633137374,0.0,0.0,1.277197916403339,-0.6863472294765814,-0.020411503830316348,0.0,0.0,0.0,1.35,0,0,False,0,0,0,False,False,False,0
64,160,WARMUP,GREEN,False,0.0,0.0,0.0,0.0,0.0,False,0.02464762609412105,0.004952924750530641,0.3512771636535706,0.02298769242009786,-0.12996850169115903,-1.3982172224540852,0.259222347960884,0.0,0.0,-0.5663957741813207,-0.49365360374563905,-0.3547549852613743,0.0,0.0,0.0,1.35,0,0,False,0,0,0,False,False,False,0
64,161,WARMUP,GREEN,False,0.0,0.0,0.0,0.0,0.0,False,0.024548589535328656,0.004996587238319936,0.6665190352547582,0.021346407467707953,0.2832935434279929,0.2305350225084584,0.5321705717506557,0.0,0.0,0.387851990800192,-0.23362913843531022,-0.9754973495480528,0.0,0.0,0.0,1.35,0,0,False,0,0,0,False,False,False,0
64,162,WARMUP,GREEN,False,0.0,0.0,0.0,0.0,0.0,False,0.024532777182252566,0.004883104576513135,0.10548768804180333,0.024021511099459106,0.5664740774603927,1.1177668515482289,0.8150156069491803,0.0,0.0,0.1597909852847979,0.039208701806715644,-0.9857334421180134,0.0,0.0,0.0,1.35,0,0,False,0,0,0,False,False,False,0
64,163,WARMUP,GREEN,False,0.0,0.0,0.0,0.0,0.0,False,0.024411079108282042,0.0048990125255012435,0.8307424922242397,0.020476174716568454,0.7107434413289478,-0.8525375355181553,1.0659868713586425,0.0,0.0,-0.10950740251365222,0.2892207128057312,-1.140376486506339,0.0,0.0,0.0,1.35,0,0,False,0,0,0,False,False,False,0
64,164,WARMUP,GREEN,False,0.0,0.0,0.0,0.0,0.0,False,0.024335350498332478,0.0046196508612881175,0.5152644507804015,0.021886792109963336,0.9187961512055118,-0.7664290692730521,1.284763089403339,0.0,0.0,-0.5937841808197115,0.553326863045261,-1.5049361741203617,0.0,0.0,0.0,1.35,0,0,False,0,0,0,False,False,False,0
64,165,WARMUP,GREEN,False,0.0,0.0,0.0,0.0,0.0,False,0.02446886353257002,0.0046196508612881175,0.9633703083232135,0.02878578497291721,0.9391015889747587,0.4638781823012456,1.4533310011296985,0.0,0.0,-0.8825807537011304,0.6657908821630691,-1.3650837351247627,0.0,0.0,0.0,1.35,0,0,False,0,0,0,False,False,False,0
64,166,WARMUP,GREEN,False,0.0,0.0,0.0,0.0,0.0,False,0.02457075529887205,0.004798544189179179,0.7352053893355416,0.02786525574263762,1.271492596316354,1.005103019044582,1.5998575319786679,0.0,0.0,-0.051935897642414096,0.9448804274565664,-1.7776175558987715,0.0,0.0,0.0,1.35,0,0,False,0,0,0,False,False,False,0
64,167,WARMUP,GREEN,False,0.0,0.0,0.0,0.0,0.0,False,0.02459043014574896,0.004652892600468423,0.13667233297744322,0.02522658352810252,1.3712555482922326,-0.1967258148476291,1.6591872357813802,0.0,0.0,-0.7984371956020591,1.184150084254343,-1.4357994694656195,0.0,0.0,0.0,1.35,0,0,False,0,0,0,False,False,False,0
64,168,WARMUP,GREEN,False,0.0,0.0,0.0,0.0,0.0,False,0.024333613192278288,0.0048990125255012435,1.8398372476569245,0.01602986503005987,1.174664812188297,-0.8810079107339537,1.6790300657840334,0.0,0.0,-1.2062040805717757,1.1800013824141886,-1.5018520145221168,0.0,0.0,0.0,1.35,0,0,False,0,0,0,False,False,False,0
64,169,WARMUP,GREEN,False,0.0,0.0,0.0,0.0,0.0,False,0.024095472491564424,0.0048990125255012435,1.6203313046880992,0.016395589835149518,1.2421937691908647,-2.0529110324875597,1.6437026904860386,0.0,0.0,-1.425881091033353,1.1796848580499326,-1.532070684696333,0.0,0.0,0.0,1.35,0,0,False,0,0,0,False,False,False,0
64,170,WARMUP,GREEN,False,0.0,0.0,0.0,0.0,0.0,False,0.024143519541378482,0.004635513931237699,0.32691656100049776,0.025697040818699654,0.952262401780485,-0.24491849725788867,1.5533692598439148,0.0,0.0,-0.8938537796384857,1.0639898243815396,-1.619482208053626,0.0,0.0,0.0,1.35,0,0,False,0,0,0,False,False,False,0
64,171,WARMUP,GREEN,False,0.0,0.0,0.0,0.0,0.0,False,0.02416933928840997,0.004652892600468423,0.1856661951942933,0.025004177775761527,1.2716236107375183,-0.013458721506628076,1.4278258378843602,0.0,0.0,-1.4495567388034432,1.125126470525713,-1.711028697645868,0.0,0.0,0.0,1.35,0,0,False,0,0,0,False,False,False,0
64,172,WARMUP,GREEN,False,0.0,0.0,0.0,0.0,0.0,False,0.024153167269304072,0.004519016855762418,0.11585638221600317,0.02363027198488009,1.3275657391742544,-0.5489958488809422,1.2776052314775639,0.0,0.0,-1.3760801226385646,1.200026523405299,-1.5020376523264525,0.0,0.0,0.0,1.35,0,0,False,0,0,0,False,False,False,0
64,173,WARMUP,GREEN,False,0.0,0.0,0.0,0.0,0.0,False,0.024173945501232537,0.004370076217099966,0.1532651355494941,0.024845775000252947,0.9309424664647423,0.2767293012808112,1.0845941017925895,0.0,0.0,-0.8876502103209005,1.0812849701816047,-1.0656740073134432,0.0,0.0,0.0,1.35,0,0,False,0,0,0,False,False,False,0
64,174,WARMUP,GREEN,False,0.0,0.0,0.0,0.0,0.0,False,0.024093680315680845,0.004257375007830475,0.6122333003225882,0.021498439316176173,0.805965964543991,-0.3144935254504921,0.8514710734869236,0.0,0.0,-1.0339909205418383,0.9749415953502445,-0.9975187283164354,0.0,0.0,0.0,1.35,0,0,False,0,0,0,False,False,False,0
64,175,WARMUP,GREEN,False,0.0,0.0,0.0,0.0,0.0,False,0.02401879710878634,0.004324803864019524,0.5863018625073987,0.021597573419197387,0.5457266895334126,-0.34525037857371693,0.6179784697836108,0.0,0.0,-0.0010436758419278657,0.7324208059937256,-0.9462386698643033,0.0,0.0,0.0,1.35,0,0,False,0,0,0,False,False,False,0
64,176,WARMUP,GREEN,False,0.0,0.0,0.0,0.0,0.0,False,0.024166738152983508,0.004257375007830475,1.140252435707538,0.028950165248691973,0.7217928698143733,0.09046934921891024,0.373682097838775,0.0,0.0,-0.43208985913882514,0.7248690535772869,-0.3335179179045974,0.0,0.0,0.0,1.35,0,0,False,0,0,0,False,False,False,0
64,177,WARMUP,GREEN,False,0.0,0.0,0.0,0.0,0.0,False,0.024140996771059974,0.004191726295306653,0.20154345401558735,0.023308692088865716,0.39542771329130255,0.089616412600736,0.10493971828715366,0.0,0.0,0.04088724052625022,0.5395386384888772,0.03123434248294941,0.0,0.0,0.0,1.35,0,0,False,0,0,0,False,False,False,0
64,178,WARMUP,GREEN,False,0.0,0.0,0.0,0.0,0.0,False,0.024328080180354972,0.004257375007830475,1.4877196657971103,0.030377110414226548,0.23239839174216856,1.0397826153398964,-0.15040574297761697,0.0,0.0,-0.7969246221557393,0.423334799564095,0.27187254396311794,0.0,0.0,0.0,1.35,0,0,False,0,0,0,False,False,False,0
64,179,WARMUP,GREEN,False,0.0,0.0,0.0,0.0,0.0,False,0.02446739171830958,0.004257375007830475,1.0907467449494748,0.028971798112175307,-0.096633284925397,1.667546291735291,-0.3639762210734572,0.0,0.0,0.803402875187364,0.2021762840603504,0.06717075472237267,0.0,0.0,0.0,1.35,0,0,False,0,0,0,False,False,False,0
64,180,WARMUP,GREEN,False,0.0,0.0,0.0,0.0,0.0,False,0.024710253785262922,0.004342601726506518,1.9015008583665964,0.03256279395008772,-0.3303712176654783,1.0324117920301887,-0.5615788480976004,0.0,0.0,0.5898586165092887,0.044679150492054745,0.057859925384356144,0.0,0.0,0.0,1.35,0,0,False,0,0,0,False,False,False,0
64,181,WARMUP,GREEN,False,0.0,0.0,0.0,0.0,0.0,False,0.02473794214811461,0.004216083747953703,0.21253282859353992,0.025633199213652542,-0.7788109996888559,0.8131633801401538,-0.726385979724575,0.0,0.0,0.4808714036062636,-0.2385561914639188,-0.21804423350756336,0.0,0.0,0.0,1.35,0,0,False,0,0,0,False,False,False,0
64,182,WARMUP,GREEN,False,0.0,0.0,0.0,0.0,0.0,False,0.024771732622188545,0.0043968020686050175,0.26715530410051713,0.02586429128391243,-0.5842037665183769,1.2533946055298428,-0.8423167598943688,0.0,0.0,0.8434176797902236,-0.3709445279059032,0.08207928706399027,0.0,0.0,0.0,1.35,0,0,False,0,0,0,False,False,False,0
64,183,WARMUP,GREEN,False,0.0,0.0,0.0,0.0,0.0,False,0.02473345648719145,0.004321727790859815,0.2901816244310788,0.023495861455618813,-0.8848007762797093,-0.44315430259066085,-0.9066140132273339,0.0,0.0,0.2614364587056524,-0.5009568173426051,0.07274065191634903,0.0,0.0,0.0,1.35,0,0,False,0,0,0,False,False,False,0
64,184,WARMUP,GREEN,False,0.0,0.0,0.0,0.0,0.0,False,0.024672433059339357,0.0041603598433782064,0.47067153698075,0.02269934222545504,-0.9002489356623077,-1.0807398101096215,-0.9442608431409738,0.0,0.0,0.485976950482323,-0.585822695234267,-0.49226023445205136,0.0,0.0,0.0,1.35,0,0,False,0,0,0,False,False,False,0
64,185,WARMUP,GREEN,False,0.0,0.0,0.0,0.0,0.0,False,0.024537209172227074,0.0041603598433782064,1.0834310188136531,0.020164970155596696,-0.6116097471755605,-0.44366687251346787,-0.9478725885662844,0.0,0.0,0.5450920634888037,-0.48833638869193685,-0.26843088533333387,0.0,0.0,0.0,1.35,0,0,False,0,0,0,False,False,False,0
64,186,WARMUP,GREEN,False,0.0,0.0,0.0,0.0,0.0,False,0.02482627313950915,0.0042339949763499345,2.31601734917361,0.0341726747482962,-0.8866645439292774,1.7559190280313994,-0.8809232864806924,0.0,0.0,0.4816452147932181,-0.5718583452271434,0.35734319846018975,0.0,0.0,0.0,1.35,0,0,False,0,0,0,False,False,False,0
64,187,WARMUP,GREEN,False,0.0,0.0,0.0,0.0,0.0,False,0.02475509550662722,0.004010661787853838,0.5603662205514316,0.02245368537677819,-0.5514030056083904,0.1602092010035941,-0.7792971219189654,0.0,0.0,1.119231281332856,-0.5067254883762594,0.6659745227291097,0.0,0.0,0.0,1.35,0,0,False,0,0,0,False,False,False,0
64,188,WARMUP,GREEN,False,0.0,0.0,0.0,0.0,0.0,False,0.024843754481921144,0.0042339949763499345,0.7368607309183326,0.027710394683091426,-0.5623796452046003,0.5699342571253138,-0.6291496932955355,0.0,0.0,0.4192905145359633,-0.45560123190157775,1.0812068787993956,0.0,0.0,0.0,1.35,0,0,False,0,0,0,False,False,False,0
64,189,WARMUP,GREEN,False,0.0,0.0,0.0,0.0,0.0,False,0.02461010771254707,0.0042339949763499345,1.8394508470854847,0.01705552883611857,-0.504027999452596,-1.9974556321997439,-0.46509727122514766,0.0,0.0,0.002977564500517034,-0.39415270693502624,1.4714655572748787,0.0,0.0,0.0,1.35,0,0,False,0,0,0,False,False,False,0
64,190,WARMUP,GREEN,False,0.0,0.0,0.0,0.0,0.0,False,0.024446761528387418,0.0041603598433782064,1.2859894345022465,0.019165234907225465,-0.2886171461003349,-1.153068165503698,-0.2671768314147357,0.0,0.0,0.3409972471397084,-0.2756348798598214,1.6332357809884233,0.0,0.0,0.0,1.35,0,0,False,0,0,0,False,False,False,0
64,191,WARMUP,GREEN,False,0.0,0.0,0.0,0.0,0.0,False,0.024568230555446775,0.004321727790859815,0.9732253269124566,0.02849572909703263,-0.31401457409132366,0.3571628893160835,-0.07312891113342085,0.0,0.0,0.14565714043365052,-0.2444600399597785,1.7485834520740229,0.0,0.0,0.0,1.35,0,0,False,0,0,0,False,False,False,0
64,192,WARMUP,GREEN,False,0.0,0.0,0.0,0.0,0.0,False,0.02447895923765128,0.004141009470208501,0.6885465112996516,0.0215925199622635,0.021845548831371384,-0.4338255253830712,0.14192792828393502,0.0,0.0,0.05545902822522639,-0.06102730510061483,1.1823611227508088,0.0,0.0,0.0,1.35,0,0,False,0,0,0,False,False,False,0
64,193,WARMUP,GREEN,False,0.0,0.0,0.0,0.0,0.0,False,0.02441932360518686,0.004146929624553945,0.4800410213455912,0.022491104822170625,0.3575143943254948,0.08820846023352215,0.3589654110501955,0.0,0.0,0.5032799522991873,0.14631048153820012,0.6295481940218742,0.0,0.0,0.0,1.35,0,0,False,0,0,0,False,False,False,0
64,194,WARMUP,GREEN,False,0.0,0.0,0.0,0.0,0.0,False,0.02435667738942448,0.00402479330072681,0.5035550108482593,0.02233111641310763,0.25677097532375415,-1.1035069517303382,0.5493938135241535,0.0,0.0,-0.8474207919932467,0.29225985561577916,0.06735862991702252,0.0,0.0,0.0,1.35,0,0,False,0,0,0,False,False,False,0
64,195,WARMUP,GREEN,False,0.0,0.0,0.0,0.0,0.0,False,0.02427723964751567,0.00382655018293284,0.6579032840805982,0.02170875265913072,0.21334611746780743,-0.8223759080349017,0.7133142799022096,0.0,0.0,-0.43215379241163016,0.2885074179590605,-0.214623720466161,0.0,0.0,0.0,1.35,0,0,False,0,0,0,False,False,False,0
64,196,WARMUP,GREEN,False,0.0,0.0,0.0,0.0,0.0,False,0.024175976378825556,0.0037643833843989246,0.8821110735004964,0.02090179735784526,0.39292967582395955,-0.03664952604574732,0.8544005435662463,0.0,0.0,-0.5303525773426272,0.37630970551416865,-0.49382028620121504,0.0,0.0,0.0,1.35,0,0,False,0,0,0,False,False,False,0
64,197,WARMUP,GREEN,False,0.0,0.0,0.0,0.0,0.0,False,0.0242738891444872,0.0037643833843989246,0.8670102171087142,0.027439735234213704,0.40434024247590017,0.14889787605644697,0.9699579437956705,0.0,0.0,-0.6278439102399462,0.4150318367077481,-1.2068435400641186,0.0,0.0,0.0,1.35,0,0,False,0,0,0,False,False,False,0
64,198,WARMUP,GREEN,False,0.0,0.0,0.0,0.0,0.0,False,0.024349532719686512,0.0037643833843989246,0.6698182010614516,0.026795341651130906,0.3133318780439325,0.39699434695635155,1.0256702321560374,0.0,0.0,-0.6444908446866764,0.41560756668076615,-1.1500016356313738,0.0,0.0,0.0,1.35,0,0,False,0,0,0,False,False,False,0
64,199,WARMUP,GREEN,False,0.0,0.0,0.0,0.0,0.0,False,0.024430015425674544,0.003856851717957409,0.712668342280477,0.027032289585954265,0.5044396930028345,0.4402399827503296,1.069085563098062,0.0,0.0,-0.18022449146784,0.4285667813323555,-1.028173146992682,0.0,0.0,0.0,1.35,0,0,False,0,0,0,False,False,False,0
64,200,NORMAL,GREEN,False,0.0,0.0,0.0,0.0,0.0,False,0.024372321797117874,0.00382655018293284,0.4986245498977582,0.022506894473785635,0.2457893217147867,-0.6743192017687081,1.078267215586904,0.0,0.0,-0.8215803902181157,0.36689343277071235,-0.9963387506174539,0.0,0.0,0.0,1.35,0,0,False,0,0,0,False,False,False,0
64,201,NORMAL,GREEN,False,0.0,0.0,0.0,0.0,0.0,False,0.024342031864952544,0.00382655018293284,0.26385761514751094,0.023362657391606943,0.4782779996439273,-0.20361268880811742,1.0514148071100957,0.0,0.0,-1.563817564643581,0.3982718172339612,-0.9841918062021003,0.0,0.0,0.0,1.35,0,0,False,0,0,0,False,False,False,0
64,202,NORMAL,GREEN,False,0.0,0.0,0.0,0.0,0.0,False,0.024234494455174657,0.0038341253673434593,0.9367655341141027,0.020757451539023045,0.2935689728120469,-0.8355137734009872,1.0064348980668318,0.0,0.0,-1.0900981068114104,0.36023524971005566,-0.7295377229009035,0.0,0.0,0.0,1.35,0,0,False,0,0,0,False,False,False,0
64,203,NORMAL,GREEN,False,0.0,0.0,0.0,0.0,0.0,False,0.02417135124907283,0.0037989930629754396,0.5489579330542012,0.022129720918447112,-0.03349649923054348,-0.19693064614981665,0.8968744463622977,0.0,0.0,-0.13568869475433848,0.14142975087756304,-0.5964354565552269,0.0,0.0,0.0,1.35,0,0,False,0,0,0,False,False,False,0
64,204,NORMAL,GREEN,False,0.0,0.0,0.0,0.0,0.0,False,0.02384829222681363,0.003902364505900434,2.8346021950543956,0.013402717173766227,-0.10205177550136565,-2.406616855827831,0.7326936084086434,0.0,0.0,-0.5277927593437709,0.005990361175758299,-0.6443234212788733,0.0,0.0,0.0,1.35,0,0,False,0,0,0,False,False,False,0
64,205,NORMAL,GREEN,False,0.0,0.0,0.0,0.0,0.0,False,0.023644812766453818,0.003966971044263089,1.7380869133072938,0.017065643548153202,-0.2837091706107325,-0.6285653034176029,0.5875121849450697,0.0,0.0,0.09826057451492262,-0.14761385729909773,-1.005696103564724,0.0,0.0,0.0,1.35,0,0,False,0,0,0,False,False,False,0
64,206,NORMAL,GREEN,False,0.0,0.0,0.0,0.0,0.0,False,0.023678715774045206,0.0037989930629754396,0.2848773637207758,0.02477491301950014,-0.4868915795547934,0.2648282146093277,0.4248488536859396,0.0,0.0,-0.033391850722107354,-0.33302684645158587,-1.102684845824423,0.0,0.0,0.0,1.35,0,0,False,0,0,0,False,False,False,0
64,207,NORMAL,GREEN,False,0.0,0.0,0.0,0.0,0.0,False,0.02357388130499327,0.0038341253673434593,0.9198443492271413,0.02018423347231414,-0.7404845986698164,0.33491713490918057,0.27022880998601856,0.0,0.0,0.3619312787123006,-0.522982015960769,-1.10911888451417,0.0,0.0,0.0,1.35,0,0,False,0,0,0,False,False,False,0
64,208,NORMAL,GREEN,False,0.0,0.0,0.0,0.0,0.0,False,0.023737206675959584,0.0038341253673434593,1.4199272351865226,0.02901806033720378,-1.0593117037197566,1.1273514749567508,0.088552347744451,0.0,0.0,1.3436782252178825,-0.7439157530255144,-1.7572236095308746,0.0,0.0,0.0,1.35,0,0,False,0,0,0,False,False,False,0
64,209,NORMAL,GREEN,False,0.0,0.0,0.0,0.0,0.0,False,0.023464327882702363,0.004050348650757231,2.372368898710007,0.01464124690071888,-1.1997853109968273,-1.5984675490370084,-0.08822539932696345,0.0,0.0,-0.010810685766586134,-0.9016307836798055,-1.093959760222647,0.0,0.0,0.0,1.35,0,0,False,0,0,0,False,False,False,0
64,210,NORMAL,GREEN,False,0.0,0.0,0.0,0.0,0.0,False,0.023732574405609004,0.003946826576612951,2.2076002671728285,0.03240587864625713,-0.9457344041617531,1.3198383093560477,-0.22639791834912124,0.0,0.0,0.9334512011267464,-0.9159824435405474,-0.6266926646100901,0.0,0.0,0.0,1.35,0,0,False,0,0,0,False,False,False,0
64,211,NORMAL,GREEN,False,0.0,0.0,0.0,0.0,0.0,False,0.02364379023331404,0.004050348650757231,0.7498359384140804,0.0207731019957768,-1.0524535004996523,0.057995434877257,-0.33266400349776676,0.0,0.0,-0.20910646089924895,-0.9457974353519022,-0.28824346111469895,0.0,0.0,0.0,1.35,0,0,False,0,0,0,False,False,False,0
64,212,NORMAL,GREEN,False,0.0,0.0,0.0,0.0,0.0,False,0.02357096358258352,0.004113023614306961,0.5993447067567447,0.02121623520896337,-1.2455181835742275,-0.2073105090148213,-0.4067783972773833,0.0,0.0,0.625945038110271,-1.0152486635671023,0.9994101032206566,0.0,0.0,0.0,1.35,0,0,False,0,0,0,False,False,False,0
64,213,NORMAL,GREEN,False,0.0,0.0,0.0,0.0,0.0,False,0.023594123184144264,0.0040966623780704274,0.18769323764789703,0.02434295030127505,-1.1369357424032058,0.117524819912205,-0.4371941611293431,0.0,0.0,1.096635003187123,-0.990331118698531,1.457266089242878,0.0,0.0,0.0,1.35,0,0,False,0,0,0,False,False,False,0
64,214,NORMAL,GREEN,False,0.0,0.0,0.0,0.0,0.0,False,0.023492079783848648,0.0040966623780704274,0.8302970473545747,0.020192676507623818,-0.9091278929710426,-0.4737908300192433,-0.43326724936612465,0.0,0.0,0.9730764519544022,-0.9088805303031101,1.050275272592503,0.0,0.0,0.0,1.35,0,0,False,0,0,0,False,False,False,0
64,215,NORMAL,GREEN,False,0.0,0.0,0.0,0.0,0.0,False,0.023557282306961438,0.0040966623780704274,0.5305336970718826,0.025665497220941642,-0.7265557894033402,-0.7339062748750723,-0.38560888545722133,0.0,0.0,1.208742534900598,-0.7442791432163385,0.4433152287788384,0.0,0.0,0.0,1.35,0,0,False,0,0,0,False,False,False,0
64,216,NORMAL,GREEN,False,0.0,0.0,0.0,0.0,0.0,False,0.023481276178300224,0.0040966623780704274,0.6184394485624519,0.02102374468492102,-0.8041740485476114,-0.6768018431462183,-0.3252706625784678,0.0,0.0,0.373863931749764,-0.6490951324910433,0.22223932415368441,0.0,0.0,0.0,1.35,0,0,False,0,0,0,False,False,False,0
64,217,NORMAL,GREEN,False,0.0,0.0,0.0,0.0,0.0,False,0.023376170142040895,0.0040509107424930805,0.8552168127723292,0.019977741636322523,-0.31538579584505316,-0.2035294067828808,-0.23424035132483376,0.0,0.0,0.7680670680152453,-0.3964942590905617,0.28935640263547197,0.0,0.0,0.0,1.35,0,0,False,0,0,0,False,False,False,0
64,218,NORMAL,GREEN,False,0.0,0.0,0.0,0.0,0.0,False,0.02369872987798179,0.0040509107424930805,2.6542157755400786,0.0341281613400708,0.2387017802104534,1.7631341015167175,-0.05936358968402631,0.0,0.0,1.9344324395779706,-0.07374083435907564,0.13014538330309217,0.0,0.0,0.0,1.35,0,0,False,0,0,0,False,False,False,0
64,219,NORMAL,GREEN,False,0.0,0.0,0.0,0.0,0.0,False,0.02360370947450246,0.0040509107424930805,0.7818851078153148,0.02053138309533737,0.6561175633552488,-0.15902358702895808,0.13454946558109,0.0,0.0,1.4770106698469176,0.35077363536440115,0.7979963490804542,0.0,0.0,0.0,1.35,0,0,False,0,0,0,False,False,False,0
64,220,NORMAL,GREEN,False,0.0,0.0,0.0,0.0,0.0,False,0.02352509256197548,0.004012404773959836,0.6469073049203807,0.02098314572360324,0.34299579686626624,-0.3778808412238427,0.31205409157763836,0.0,0.0,0.06558503613695085,0.536598732464656,1.0277020641760937,0.0,0.0,0.0,1.35,0,0,False,0,0,0,False,False,False,0
64,221,NORMAL,GREEN,False,0.0,0.0,0.0,0.0,0.0,False,0.023488650471523875,0.003932389943706773,0.3027452156049729,0.022310356213588588,0.7483363534330021,0.17198261180653746,0.5095032104953765,0.0,0.0,0.2785367188765527,0.8050188899342025,0.9006244331693368,0.0,0.0,0.0,1.35,0,0,False,0,0,0,False,False,False,0
64,222,NORMAL,GREEN,False,0.0,0.0,0.0,0.0,0.0,False,0.02347614104795047,0.003881426003232698,0.10603749672575231,0.023071669685743687,0.9489925768936738,-0.8135800934865083,0.6972006339032017,0.0,0.0,0.058345544393100975,1.1499312725992914,0.7113895033803063,0.0,0.0,0.0,1.35,0,0,False,0,0,0,False,False,False,0
64,223,NORMAL,GREEN,False,0.0,0.0,0.0,0.0,0.0,False,0.023549475090537925,0.0038617147165160262,0.6297860848596833,0.025920609134198958,1.0580141388977984,-0.46001905237373863,0.8589091774169033,0.0,0.0,-0.2942256609929874,1.4215723041757968,0.5438192320469369,0.0,0.0,0.0,1.35,0,0,False,0,0,0,False,False,False,0
64,224,NORMAL,GREEN,False,0.0,0.0,0.0,0.0,0.0,False,0.023672078157674484,0.0038617147165160262,1.0582783049906679,0.027636243995090022,1.3097141351119124,0.7954845280139047,1.010127954740634,0.0,0.0,-0.16604977174268606,1.7087060063770758,0.8021250135921901,0.0,0.0,0.0,1.35,0,0,False,0,0,0,False,False,False,0
64,225,NORMAL,GREEN,False,0.0,0.0,0.0,0.0,0.0,False,0.02354850139449802,0.0037786891152471655,1.066683000066795,0.019552852718459076,1.439155246387071,-0.9938570856453595,1.122871327377894,0.0,0.0,-0.9778347835191046,1.958457056791216,0.7099672177405648,0.0,0.0,0.0,1.35,0,0,False,0,0,0,False,False,False,0
64,226,NORMAL,GREEN,False,0.0,0.0,0.0,0.0,0.0,False,0.023270308358818253,0.0037786891152471655,2.4540524257230603,0.01427540020517239,1.5431867943891426,-2.133116038203175,1.2111379840256438,0.0,0.0,-1.1198499119243812,2.1587536424226594,0.48811057917788203,0.0,0.0,0.0,1.35,0,0,False,0,0,0,False,False,False,0
64,227,NORMAL,GREEN,False,0.0,0.0,0.0,0.0,0.0,False,0.02320216587238522,0.0037867275802392283,0.6011122230906008,0.020998892144383774,1.9089892222152511,-0.7783958452823281,1.3041159309312529,0.0,0.0,-0.5717397869405071,2.492077503233857,0.35704200065585323,0.0,0.0,0.0,1.35,0,0,False,0,0,0,False,False,False,0
64,228,NORMAL,GREEN,False,0.0,0.0,0.0,0.0,0.0,False,0.023262052039900824,0.0037670162935225567,0.5271584875211472,0.025198371456238745,1.6686787822252303,-0.0922924065639021,1.3213889433368937,0.0,0.0,-1.342491566424709,2.5655501602460324,0.34137987791377705,0.0,0.0,0.0,1.35,0,0,False,0,0,0,False,False,False,0
64,229,NORMAL,GREEN,False,0.0,0.0,0.0,0.0,0.0,False,0.023196529128518044,0.003633876503745292,0.5797949559836827,0.021077954993808098,1.5231438487486375,-0.7574713685527248,1.2877788440159457,0.0,0.0,-1.3608197935625594,2.5083081978203596,0.2916548973941484,0.0,0.0,0.0,1.35,0,0,False,0,0,0,False,False,False,0
64,230,NORMAL,GREEN,False,0.0,0.0,0.0,0.0,0.0,False,0.02332456641059584,0.0037867275802392283,1.1744783836749608,0.027464438531111232,1.5647079534102024,-0.022729626333761938,1.232498594684779,0.0,0.0,-0.6439693133486128,2.55727129035653,0.31871535156313063,0.0,0.0,0.0,1.35,0,0,False,0,0,0,False,False,False,0
64,231,NORMAL,GREEN,False,0.0,0.0,0.0,0.0,0.0,False,0.023277578974359437,0.0037867275802392283,0.4136151443056328,0.021758318536049072,1.4895223473119323,-0.6486238209392233,1.116739657218938,0.0,0.0,-1.5290569993791863,2.4744433987573182,0.38198091955328406,0.0,0.0,0.0,1.35,0,0,False,0,0,0,False,False,False,0
64,232,NORMAL,GREEN,False,0.0,0.0,0.0,0.0,0.0,False,0.023266591673618307,0.0036601416262746047,0.09671764083292238,0.022911335616321738,1.1223371054383584,-0.40507409320463994,0.9614159290917494,0.0,0.0,-1.0262643437733392,2.233748304691032,0.25875562973897176,0.0,0.0,0.0,1.35,0,0,False,0,0,0,False,False,False,0
64,233,NORMAL,GREEN,False,0.0,0.0,0.0,0.0,0.0,False,0.023115753503210008,0.0036786967473935923,1.3737006725413348,0.018238652660008348,0.8894326603494652,-1.4780839159172192,0.7349764577939504,0.0,0.0,-1.5309624835804723,2.021479759756064,0.09112565470457137,0.0,0.0,0.0,1.35,0,0,False,0,0,0,False,False,False,0
64,234,NORMAL,GREEN,False,0.0,0.0,0.0,0.0,0.0,False,0.022958725118209965,0.0037740986192949418,1.4228624590243637,0.017881474003208633,0.5705249159535426,-1.3186864903664561,0.48721732711962673,0.0,0.0,-0.5890226007259519,1.6773187257925788,0.1618215717523931,0.0,0.0,0.0,1.35,0,0,False,0,0,0,False,False,False,0
64,235,NORMAL,GREEN,False,0.0,0.0,0.0,0.0,0.0,False,0.022968758030551116,0.0036786967473935923,0.08861199589803118,0.023293155529581694,0.4451254541024696,-0.1151097037285085,0.25354107591166664,0.0,0.0,-0.8184234023912157,1.402783949078025,-0.27062913692499657,0.0,0.0,0.0,1.35,0,0,False,0,0,0,False,False,False,0
64,236,NORMAL,GREEN,False,0.0,0.0,0.0,0.0,0.0,False,0.02274942517711741,0.0036748971056349525,1.987414461286279,0.015657662916094293,0.23358721655698458,-1.8261296620599643,-0.004849456091420755,0.0,0.0,-0.9006158935151819,1.1063863069015782,-0.31713116994471446,0.0,0.0,0.0,1.35,0,0,False,0,0,0,False,False,False,0
64,237,NORMAL,GREEN,False,0.0,0.0,0.0,0.0,0.0,False,0.022704604160270713,0.003554713977531362,0.406551218154954,0.021255391282227407,-0.024576333456868188,-0.5928682956013646,-0.2421609980828705,0.0,0.0,0.15541171185029634,0.7675909240998037,-0.3520747380278904,0.0,0.0,0.0,1.35,0,0,False,0,0,0,False,False,False,0
64,238,NORMAL,GREEN,False,0.0,0.0,0.0,0.0,0.0,False,0.022860276811025967,0.003559196169119286,1.459776620934273,0.027893692518779274,-0.2671023131462283,0.8661751748528851,-0.47691600394429856,0.0,0.0,0.28951931154604627,0.42874640168572425,-0.22486870748300422,0.0,0.0,0.0,1.35,0,0,False,0,0,0,False,False,False,0
64,239,NORMAL,GREEN,False,0.0,0.0,0.0,0.0,0.0,False,0.022974553509495683,0.003559196169119286,1.0702481968748843,0.02666950009334988,-0.7866587658038774,1.5207920413075753,-0.6803065023878064,0.0,0.0,0.8924128464817321,0.012584163209359558,-0.3093083654909067,0.0,0.0,0.0,1.35,0,0,False,0,0,0,False,False,False,0
64,240,NORMAL,GREEN,False,0.0,0.0,0.0,0.0,0.0,False,0.02301741996078772,0.0034944104339949705,0.40146191494923933,0.02440343521923031,-1.105941626635771,0.28677427211821505,-0.8470838483637165,0.0,0.0,0.601568553263942,-0.3343514311894862,-0.13262680305163863,0.0,0.0,0.0,1.35,0,0,False,0,0,0,False,False,False,0
64,241,NORMAL,GREEN,False,0.0,0.0,0.0,0.0,0.0,False,0.023057449877802175,0.003484852284667065,0.38184712195442805,0.024351750527936224,-1.3177537247422786,0.5717482329736921,-0.9997121037724931,0.0,0.0,0.23837459836645805,-0.581792869668398,-0.6285429165273245,0.0,0.0,0.0,1.35,0,0,False,0,0,0,False,False,False,0
64,242,NORMAL,GREEN,False,0.0,0.0,0.0,0.0,0.0,False,0.022925000158633555,0.0035014734945711255,1.2669089758493854,0.018642459238848233,-1.733763336829964,-0.32061951792494825,-1.1100023290639847,0.0,0.0,0.8497934320659187,-0.8929923205422511,-0.4002068969000039,0.0,0.0,0.0,1.35,0,0,False,0,0,0,False,False,False,0
64,243,NORMAL,GREEN,False,0.0,0.0,0.0,0.0,0.0,False,0.022823294987612923,0.0035014734945711255,0.9682130601904275,0.019534827791279175,-1.9794726761172374,-0.5550407342021028,-1.1758786934368128,0.0,0.0,1.32347461601551,-1.1639337436077573,-0.05337240251994516,0.0,0.0,0.0,1.35,0,0,False,0,0,0,False,False,False,0
64,244,NORMAL,GREEN,False,0.0,0.0,0.0,0.0,0.0,False,0.022840873067905956,0.0034776616545303804,0.1673398386925799,0.0234092309973808,-2.3236542995726475,-0.05516594317753622,-1.1726223281963886,0.0,0.0,1.4829744237575087,-1.3880373559672865,-0.33605007226721656,0.0,0.0,0.0,1.35,0,0,False,0,0,0,False,False,False,0
64,245,NORMAL,GREEN,False,0.0,0.0,0.0,0.0,0.0,False,0.022732383790806155,0.0035014734945711255,1.0398680481032612,0.01922456383124589,-2.0147708873145627,-0.6514879790831227,-1.122531567877526,0.0,0.0,0.595370477992526,-1.4421982335656927,1.0030075211015463,0.0,0.0,0.0,1.35,0,0,False,0,0,0,False,False,False,0
64,246,NORMAL,GREEN,False,0.0,0.0,0.0,0.0,0.0,False,0.022701410413994916,0.0035240238514910494,0.2948604052861532,0.02169993789709819,-2.1564592780566194,-1.098603499538137,-1.0317676262609183,0.0,0.0,0.6051682885538037,-1.523190252820484,1.6993544904353577,0.0,0.0,0.0,1.35,0,0,False,0,0,0,False,False,False,0
64,247,NORMAL,GREEN,False,0.0,0.0,0.0,0.0,0.0,False,0.022783266881426827,0.0035014734945711255,0.7742708419077575,0.02542995932839191,-1.8021941386246212,0.252688051941998,-0.8768333579108495,0.0,0.0,1.5188565508548573,-1.5315013073835109,0.9968294504778737,0.0,0.0,0.0,1.35,0,0,False,0,0,0,False,False,False,0
64,248,NORMAL,GREEN,False,0.0,0.0,0.0,0.0,0.0,False,0.022791982905191323,0.0034897346066629278,0.0829748178684469,0.02307380100691006,-1.6027464389484563,-0.7784428295833147,-0.6899539185075128,0.0,0.0,1.2083878707890028,-1.4781017323697705,-0.19540452003128747,0.0,0.0,0.0,1.35,0,0,False,0,0,0,False,False,False,0
64,249,NORMAL,GREEN,False,0.0,0.0,0.0,0.0,0.0,False,0.02295337116471717,0.0034897346066629278,1.5415523692232547,0.028171591556052943,-1.0312163716073675,0.47221961705558635,-0.45622272112249734,0.0,0.0,1.263325436343049,-1.281636473741237,-1.615685462632343,0.0,0.0,0.0,1.35,0,0,False,0,0,0,False,False,False,0
64,250,NORMAL,GREEN,False,0.0,0.0,0.0,0.0,0.0,False,0.02310779231505282,0.0034897346066629278,1.475003763331223,0.028100742842572194,-1.0372735390179577,1.1492527477067478,-0.21133959617267628,0.0,0.0,1.006470693576658,-1.1908209439292188,-2.6047997506181977,0.0,0.0,0.0,1.35,0,0,False,0,0,0,False,False,False,0
64,251,NORMAL,GREEN,False,0.0,0.0,0.0,0.0,0.0,False,0.02287902274682643,0.0035852255451542126,2.185166820323058,0.01548214004083985,-0.6652783084909577,-1.3200672707744077,0.03891072022466325,0.0,0.0,0.6732115769825413,-0.9624216243885182,-1.7972958598410989,0.0,0.0,0.0,1.35,0,0,False,0,0,0,False,False,False,0
64,252,NORMAL,GREEN,False,0.0,0.0,0.0,0.0,0.0,False,0.02285803218859461,0.0034637300242591393,0.19515795187270615,0.022179337472432427,-0.07112192794800523,0.4752221205468693,0.3440538857108977,0.0,0.0,1.2569060243435615,-0.6236099022434233,-1.0368911345015177,0.0,0.0,0.0,1.35,0,0,False,0,0,0,False,False,False,0
64,253,NORMAL,GREEN,False,0.0,0.0,0.0,0.0,0.0,False,0.02290240626629733,0.003421038089117098,0.4270355694770136,0.02433716811201874,0.3494302207468922,0.2795220057028693,0.6645197545986399,0.0,0.0,1.6741328296393354,-0.22643922998615315,-0.8055704758971164,0.0,0.0,0.0,1.35,0,0,False,0,0,0,False,False,False,0
64,254,NORMAL,GREEN,False,0.0,0.0,0.0,0.0,0.0,False,0.023024338205266004,0.0035852255451542126,1.1880598402432199,0.02696680423191976,0.3728925547694781,0.05950020632133215,0.9250129615268096,0.0,0.0,-0.19769757895159598,0.07899769754575577,-0.5193671395267011,0.0,0.0,0.0,1.35,0,0,False,0,0,0,False,False,False,0
64,255,NORMAL,GREEN,False,0.0,0.0,0.0,0.0,0.0,False,0.023144980235480377,0.0036143917512028467,1.1216591415235007,0.027045739212411803,0.48417695394706844,0.5974553168906488,1.1605956292306423,0.0,0.0,0.03104998450504518,0.3606413717338298,-0.4136014491990513,0.0,0.0,0.0,1.35,0,0,False,0,0,0,False,False,False,0
64,256,NORMAL,GREEN,False,0.0,0.0,0.0,0.0,0.0,False,0.023294512397190683,0.0036558987864633314,1.3790440365753815,0.028129385625823913,1.0293158689542379,1.0971722313012122,1.3901781653549392,0.0,0.0,0.08195593597071556,0.7155913574330945,-0.07050643641004732,0.0,0.0,0.0,1.35,0,0,False,0,0,0,False,False,False,0
64,257,NORMAL,GREEN,False,0.0,0.0,0.0,0.0,0.0,False,0.02341217645713447,0.003698148610544774,1.0728238281601328,0.027216647728650258,1.2779778686431584,0.9192621659369694,1.5945613356640052,0.0,0.0,0.7764744573565372,1.152460160616313,0.043168002907069465,0.0,0.0,0.0,1.35,0,0,False,0,0,0,False,False,False,0
64,258,NORMAL,GREEN,False,0.0,0.0,0.0,0.0,0.0,False,0.02348593500954906,0.003698148610544774,0.6648241249173439,0.02587079487095419,1.1580164456967934,-0.5602060543331752,1.7206386064780812,0.0,0.0,-0.5659435702894728,1.4643431245187253,0.0478490416851789,0.0,0.0,0.0,1.35,0,0,False,0,0,0,False,False,False,0
64,259,NORMAL,GREEN,False,0.0,0.0,0.0,0.0,0.0,False,0.023358031770663215,0.003698148610544774,1.1528582934817926,0.019222493713354348,0.957799234625554,-1.1894254400549609,1.7341493408638262,0.0,0.0,-1.543894325096094,1.5422256356856299,0.15298277245139286,0.0,0.0,0.0,1.35,0,0,False,0,0,0,False,False,False,0
64,260,NORMAL,GREEN,False,0.0,0.0,0.0,0.0,0.0,False,0.023328932540341893,0.003820086242500446,0.26228646985095516,0.02238805742661921,1.0558586565273014,-0.7493612128695385,1.727981766936049,0.0,0.0,-1.3641930784921947,1.5555599836868077,0.7090976019069669,0.0,0.0,0.0,1.35,0,0,False,0,0,0,False,False,False,0
64,261,NORMAL,GREEN,False,0.0,0.0,0.0,0.0,0.0,False,0.02330490594114007,0.003781976288507037,0.2096514552866659,0.022528045900281103,1.2225601529857968,-0.713975806748354,1.6848544914217323,0.0,0.0,-1.2969101858365466,1.6900077870767753,0.5204032467100846,0.0,0.0,0.0,1.35,0,0,False,0,0,0,False,False,False,0
64,262,NORMAL,GREEN,False,0.0,0.0,0.005683307195478123,0.0,0.00445002953405937,False,0.02315996908053921,0.003822902259688435,1.2774349488590926,0.018473677254444782,1.154867834766391,-1.3764357629185826,1.5721191730068282,0.0,0.0,-2.0170499215864344,1.7746052401041257,0.5537820471854701,0.005683307195478123,0.0,0.005683307195478123,1.35,0,0,False,0,0,0,False,False,False,0
64,263,NORMAL,GREEN,False,0.0,0.0,0.0,0.0,0.004005026580653433,False,0.0233630666366399,0.0038468447724918447,1.7708845470826569,0.02992988761722883,1.0580804403520057,1.219556885482438,1.4268566427643228,0.0,0.0,-0.14249939860998295,1.8254673288552405,0.43870508809894543,0.0,0.0,0.0,1.35,0,0,False,0,0,0,False,False,False,0
64,264,NORMAL,GREEN,False,0.0,0.0,0.0,0.0,0.0036045239225880902,False,0.02342879348928971,0.003820086242500446,0.5695304120389334,0.025553961724966996,1.167693916061233,0.13558879316365033,1.2703916681345526,0.0,0.0,-1.154351284999441,1.9349923961895161,0.5039133630433998,0.0,0.0,0.0,1.35,0,0,False,0,0,0,False,False,False,0
64,265,NORMAL,GREEN,False,0.0,0.0,0.0,0.0,0.003244071530329281,False,0.02339086394703407,0.0037641635093258394,0.33096584603815515,0.022164475414101832,0.8083841291525521,-0.3166874467659097,1.0633302324403935,0.0,0.0,-0.9095371748661957,1.762519670460281,0.7767271897729482,0.0,0.0,0.0,1.35,0,0,False,0,0,0,False,False,False,0
64,266,NORMAL,GREEN,False,0.0,0.0,0.0,0.0,0.002919664377296353,False,0.023406111675229126,0.003781976288507037,0.1350253795411955,0.02389912155353591,0.5981100619098806,0.2522941929969827,0.8406225961579948,0.0,0.0,-0.2622219914639297,1.5464797976069096,1.076860004769091,0.0,0.0,0.0,1.35,0,0,False,0,0,0,False,False,False,0
64,267,NORMAL,GREEN,False,0.0,0.0,0.0,0.0,0.002627697939566718,False,0.023578212717129288,0.003781976288507037,1.516852819544428,0.029142813071901197,0.42420960921877515,1.1740126891273532,0.5883848001876032,0.0,0.0,-0.6498668595661203,1.365083583029387,1.336426907320213,0.0,0.0,0.0,1.35,0,0,False,0,0,0,False,False,False,0
64,268,NORMAL,GREEN,False,0.0,0.0,0.0,0.0,0.0023649281456100462,False,0.02348838308580219,0.0037232375381444417,0.7917344837237503,0.020583891672892703,0.11587166496765679,-0.40407137885627564,0.31443091425952413,0.0,0.0,-0.3481444198711731,1.055333195387043,1.7753165540383893,0.0,0.0,0.0,1.35,0,0,False,0,0,0,False,False,False,0
64,269,NORMAL,GREEN,False,0.0,0.0,0.0,0.0,0.0021284353310490416,False,0.02329070288078377,0.0036722405327447275,1.7697877451473856,0.016899042918521436,-0.07350301314349614,-1.212752561862252,0.05086628160115759,0.0,0.0,-0.6120853893175001,0.8153142429555017,1.9924216744255776,0.0,0.0,0.0,1.35,0,0,False,0,0,0,False,False,False,0
64,270,NORMAL,GREEN,False,0.0,0.0,0.0,0.0,0.0019155917979441375,False,0.023194955127119256,0.0038508697881983875,0.8691129462676143,0.020099111091966645,-0.3874563272246761,-0.07476380390100529,-0.21153310929579294,0.0,0.0,0.33287740093295515,0.4459127375507511,2.2887362677007266,0.0,0.0,0.0,1.35,0,0,False,0,0,0,False,False,False,0
64,271,NORMAL,GREEN,False,0.0,0.0,0.0,0.0,0.0017240326181497238,False,0.02300853413601219,0.003875495538636787,1.613669996307347,0.01698092209021709,-0.5197929522543338,-1.452107167198882,-0.4276605448270468,0.0,0.0,-0.07538675400588749,0.15586634202874022,2.302764465059599,0.0,0.0,0.0,1.35,0,0,False,0,0,0,False,False,False,0
64,272,NORMAL,GREEN,False,0.0,0.0,0.0,0.0,0.0015516293563347515,False,0.023013391822634705,0.003875495538636787,0.04178120857136005,0.02317045702342935,-0.617740264443696,0.36109535898741063,-0.6277644399554002,0.0,0.0,0.5138941158956822,-0.030297920231665235,2.2229091634055216,0.0,0.0,0.0,1.35,0,0,False,0,0,0,False,False,False,0
64,273,NORMAL,GREEN,False,0.0,0.0,0.0,0.0,0.0013964664207012764,False,0.023059964204266984,0.003854956819879082,0.4005714122488991,0.02456580454371075,-0.7777385313473538,1.3969235311976365,-0.7786361290370235,0.0,0.0,1.0554362469569738,-0.28666658402086714,2.0739131446747225,0.0,0.0,0.0,1.35,0,0,False,0,0,0,False,False,False,0
64,274,NORMAL,GREEN,False,0.0,0.0,0.0,0.0,0.0012568197786311489,False,0.022827984563099965,0.003854956819879082,2.0058991752363746,0.015327309498699697,-0.9679009592802873,-1.649774048568414,-0.8983119691432867,0.0,0.0,-0.4009544702071213,-0.4627712213391313,1.6015029385254131,0.0,0.0,0.0,1.35,0,0,False,0,0,0,False,False,False,0
64,275,NORMAL,GREEN,False,0.0,0.0,0.0,0.0,0.001131137800768034,False,0.02288085230298889,0.003854956819879082,0.45714078746875614,0.02459024255939754,-1.1955590587828282,0.9196450424402061,-0.9577367267695386,0.0,0.0,1.132026796491795,-0.677878714207328,1.2814274928852218,0.0,0.0,0.0,1.35,0,0,False,0,0,0,False,False,False,0
64,276,NORMAL,GREEN,False,0.0,0.0,0.0,0.0,0.0010180240206912306,False,0.02287234265259925,0.0038053839245877786,0.07358189111878098,0.022597197290000946,-1.1074497499793767,0.5273607348775244,-0.9585785140236321,0.0,0.0,0.905063316786442,-0.8462156571535148,0.6671855045499722,0.0,0.0,0.0,1.35,0,0,False,0,0,0,False,False,False,0
64,277,NORMAL,GREEN,False,0.0,0.0,0.0,0.0,0.0009162216186221076,False,0.022811115567311625,0.0038053839245877786,0.5363198256380424,0.020831439809678522,-1.10223236173207,0.2973449319984571,-0.9196764719739196,0.0,0.0,1.9553800059605417,-0.9647921025113753,-0.46028766963167944,0.0,0.0,0.0,1.35,0,0,False,0,0,0,False,False,False,0
64,278,NORMAL,GREEN,False,0.0,0.0,0.0,0.0,0.0008245994567598968,False,0.02277952699949463,0.0036883212010646238,0.27670066448828445,0.02175816330674515,-1.0606773114140369,-0.3345320341483362,-0.8547281547412975,0.0,0.0,-0.16510557057112873,-0.9778491884649022,-1.3324427296288694,0.0,0.0,0.0,1.35,0,0,False,0,0,0,False,False,False,0
64,279,NORMAL,GREEN,False,0.0,0.0,0.0,0.0,0.0007421395110839071,False,0.022840505754588115,0.0036883212010646238,0.5510976563527493,0.024812152169277502,-0.7584746405445122,1.385630823445448,-0.7155627995433811,0.0,0.0,1.5242156334534707,-0.9762702865846166,-1.1650099929473947,0.0,0.0,0.0,1.35,0,0,False,0,0,0,False,False,False,0
64,280,NORMAL,GREEN,False,0.0,0.0,0.0,0.0,0.0006679255599755165,False,0.02275180186659241,0.0037800817080349074,0.8016645257658164,0.019883709488064637,-0.5465149777647917,-0.3035790271151735,-0.5507459829671892,0.0,0.0,0.7585567980415806,-0.8466830841512459,-1.0014711563161467,0.0,0.0,0.0,1.35,0,0,False,0,0,0,False,False,False,0
64,281,NORMAL,GREEN,False,0.0,0.0,0.0,0.0,0.0006011330039779649,False,0.02255386258792171,0.0037887775727805154,1.7454585549474693,0.01615382591090244,-0.4502450215103374,-0.566530582223662,-0.35714767478477855,0.0,0.0,0.981412778578743,-0.7307969249651932,-0.32767378920724105,0.0,0.0,0.0,1.35,0,0,False,0,0,0,False,False,False,0
64,282,NORMAL,GREEN,False,0.0,0.0,0.0,0.0,0.0005410197035801684,False,0.022546276985944396,0.0036610965367519423,0.06673746198782692,0.022301009188677938,-0.4038101082820749,-0.48812076477393007,-0.15034212118163626,0.0,0.0,0.20242298941917305,-0.6256172110053689,-0.7729971278174224,0.0,0.0,0.0,1.35,0,0,False,0,0,0,False,False,False,0
64,283,NORMAL,GREEN,False,0.0,0.0,0.0,0.0,0.0004869177332221516,False,0.022704233520776447,0.0037800817080349074,1.4381532349338806,0.02781149481367943,-0.21253745739188157,1.2662637032058306,0.08135295025192163,0.0,0.0,1.3483221429890058,-0.6026031851221215,-1.5849722020819483,0.0,0.0,0.0,1.35,0,0,False,0,0,0,False,False,False,0
64,284,NORMAL,GREEN,False,0.0,0.0,0.0,0.0,0.00043822595989993643,False,0.022727568241979607,0.0037800817080349074,0.2057691077026201,0.023482057560881786,0.09408448214507378,-0.5205320669633546,0.29882391172863426,0.0,0.0,0.3580008756514549,-0.3982804454197363,-1.3761776754354522,0.0,0.0,0.0,1.35,0,0,False,0,0,0,False,False,False,0
64,285,NORMAL,GREEN,False,0.0,0.0,0.0,0.0,0.0003944033639099428,False,0.022789792112405498,0.0038797921159811166,0.548699518792863,0.024801697256176064,0.2172020815494755,0.6165590703610189,0.5209247935342971,0.0,0.0,0.9093512333043162,-0.18874486508947488,-1.2809504554257616,0.0,0.0,0.0,1.35,0,0,False,0,0,0,False,False,False,0
64,286,NORMAL,GREEN,False,0.0,0.0,0.0,0.0,0.0003549630275189485,False,0.022801146231508838,0.0036722405327447275,0.09754920507702855,0.023168262749183578,0.5357025858423597,0.0628964541370628,0.7377081172535405,0.0,0.0,0.5015258528287985,0.062478123908191074,-1.0129462509453948,0.0,0.0,0.0,1.35,0,0,False,0,0,0,False,False,False,0
64,287,NORMAL,GREEN,False,0.0,0.0,0.0,0.0,0.0003194667247670537,False,0.02260954040215987,0.0038797921159811166,1.7392272977078986,0.01641428525320981,0.5616656076599064,-1.7142781467384267,0.9268109844272464,0.0,0.0,-0.4404249576512878,0.3058853389908872,-0.959900101027064,0.0,0.0,0.0,1.35,0,0,False,0,0,0,False,False,False,0
64,288,NORMAL,GREEN,False,0.0,0.0,0.0,0.0,0.0002875200522903483,False,0.022434895567300023,0.0037800817080349074,1.5004655716859472,0.016788045906831632,0.6213269778945758,-1.7591866591255014,1.0519753661530729,0.0,0.0,-1.0179811818314601,0.4915705490866022,-1.1435413978731481,0.0,0.0,0.0,1.35,0,0,False,0,0,0,False,False,False,0
64,289,NORMAL,GREEN,False,0.0,0.0,0.0,0.0,0.0002587680470613135,False,0.022375270431548664,0.0037800817080349074,0.5257834826217186,0.020447391042254775,0.9770414522828356,-0.34481500819248956,1.1697529974715728,0.0,0.0,-0.24326424551593873,0.7991635463233804,-1.60462341983151,0.0,0.0,0.0,1.35,0,0,False,0,0,0,False,False,False,0
64,290,NORMAL,GREEN,False,0.0,0.0,0.0,0.0,0.00023289124235518214,False,0.022343399234703586,0.0037423718494753225,0.28104504352671994,0.021312897203379436,0.8827308372189853,-0.8286493593815742,1.2354845049725922,0.0,0.0,-1.0053090618867342,0.9411592767449796,-1.485130607543899,0.0,0.0,0.0,1.35,0,0,False,0,0,0,False,False,False,0
64,291,NORMAL,GREEN,False,0.0,0.0,0.0,0.0,0.00020960211811966393,False,0.02246931138350598,0.003801694387084657,1.1215004268843403,0.0265404708614501,0.9049151229382184,0.47066792496006415,1.2858918045589258,0.0,0.0,-0.218530400199256,1.0537635961488763,-1.2877081154077312,0.0,0.0,0.0,1.35,0,0,False,0,0,0,False,False,False,0
64,292,NORMAL,GREEN,False,0.0,0.0,0.0,0.0,0.00018864190630769754,False,0.02254553328376052,0.0039029364737930916,0.6683151641847563,0.02501004139199073,0.8014299430377377,0.7874335765162492,1.28607352390318,0.0,0.0,-0.5474795419335594,1.1507522048018093,-1.6569433231841668,0.0,0.0,0.0,1.35,0,0,False,0,0,0,False,False,False,0
64,293,NORMAL,GREEN,False,0.0,0.0,0.0,0.0,0.0001697777156769278,False,0.02278422769075819,0.0039029364737930916,2.038588198060815,0.030502013517016213,0.7608334524253421,1.1589556618554544,1.2213811361445561,0.0,0.0,-0.19873724087681158,1.0796700184182269,-1.9845673817277298,0.0,0.0,0.0,1.35,0,0,False,0,0,0,False,False,False,0
64,294,NORMAL,GREEN,False,0.0,0.0,0.0,0.0,0.00015279994410923503,False,0.02287594221987102,0.0039029364737930916,0.7832950884431459,0.02584137866118593,0.32182159039865754,0.779697301207976,1.0940781143541332,0.0,0.0,-0.8782753080103185,0.9230754319911361,-1.9635733143343501,0.0,0.0,0.0,1.35,0,0,False,0,0,0,False,False,False,0
64,295,NORMAL,GREEN,False,0.0,0.0,0.0,0.0,0.00013751994969831154,False,0.02272141429305317,0.0038700528855038956,1.319757810180888,0.017725011325942733,0.3284602518951904,-1.217344285192268,0.9576179365115695,0.0,0.0,-0.7286714724046804,0.882399682272115,-1.9582688552179868,0.0,0.0,0.0,1.35,0,0,False,0,0,0,False,False,False,0
64,296,NORMAL,GREEN,False,0.0,0.0,0.0,0.0,0.00012376795472848038,False,0.02282156638438324,0.003963432055290418,0.8626246573632995,0.026059817337388817,0.22284399612237013,0.7644166589842784,0.7666491122220374,0.0,0.0,-0.3654953552981711,0.7573061642406677,-2.7346128774882206,0.0,0.0,0.0,1.35,0,0,False,0,0,0,False,False,False,0
64,297,NORMAL,GREEN,False,0.0,0.0,0.0,0.0,0.00011139115925563234,False,0.022831226172602085,0.003940521836543572,0.0812409386956522,0.02314355932501147,0.25812534552594263,-0.7204531087558127,0.582199633927037,0.0,0.0,-0.9874169732681229,0.7040823313897825,-2.7680943340802613,0.0,0.0,0.0,1.35,0,0,False,0,0,0,False,False,False,0
64,298,NORMAL,GREEN,False,0.0,0.0,0.0,0.0,0.00010025204333006911,False,0.022638687880312147,0.0039029364737930916,1.6287038474987245,0.01641328309627083,0.11000573743197772,-1.3489929185927854,0.4017931809667632,0.0,0.0,-1.1716309318986082,0.6331527697043223,-2.858138871413578,0.0,0.0,0.0,1.35,0,0,False,0,0,0,False,False,False,0
64,299,NORMAL,GREEN,False,0.0,0.0,0.0,0.0,9.02268389970622e-05,False,0.022566752190835645,0.0037800817080349074,0.6143723660336925,0.02024083156442869,0.019741959892381346,-0.08261169574375422,0.2139508013409926,0.0,0.0,-0.6436296725430566,0.5071812918664312,-1.992567082067595,0.0,0.0,0.0,1.35,0,0,False,0,0,0,False,False,False,0
64,300,NORMAL,GREEN,False,0.0,0.0,0.0,0.0,8.120415509735598e-05,False,0.022513641298288718,0.0037423718494753225,0.4683398988795567,0.020796389105938114,-0.20499070606463157,0.0037396290508643886,0.04066124626498003,0.0,0.0,0.6129552620993957,0.26913614003760084,-0.7302776078921778,0.0,0.0,0.0,1.35,0,0,False,0,0,0,False,False,False,0
64,301,NORMAL,GREEN,False,0.0,0.0,0.0,0.0,7.308373958762039e-05,False,0.022509422672300855,0.0037304438088768405,0.03757533241432917,0.022373020432026654,-0.5531258769272687,-0.38010396633886157,-0.13288940133663088,0.0,0.0,0.5144714893485053,-0.013379870872431835,-0.3903008185765071,0.0,0.0,0.0,1.35,0,0,False,0,0,0,False,False,False,0
64,302,NORMAL,GREEN,False,0.0,0.0,0.0,0.0,6.577536562885835e-05,False,0.022519525032333627,0.0037423718494753225,0.09026950992381796,0.02284616800672651,-0.6533808717490531,-0.19085272530430197,-0.27111795056235116,0.0,0.0,0.010909975014105799,-0.19578442547506672,-0.006437036939013562,0.0,0.0,0.0,1.35,0,0,False,0,0,0,False,False,False,0
64,303,NORMAL,GREEN,False,0.0,0.0,0.0,0.0,5.919782906597252e-05,False,0.022554291279089558,0.0037800817080349074,0.3096632131910628,0.023678399924197936,-0.8253141074679795,0.32658818769945275,-0.3920511467666137,0.0,0.0,0.4771160409411151,-0.4568247840903553,0.18736612584514034,0.0,0.0,0.0,1.35,0,0,False,0,0,0,False,False,False,0
64,304,NORMAL,GREEN,False,0.0,0.0,0.0,0.0,5.3278046159375266e-05,False,0.022443154478314076,0.0037423718494753225,0.9800211508589949,0.018849731253240153,-0.5806111313646636,-0.4890617940816833,-0.48454065696103304,0.0,0.0,-0.010814340619935343,-0.536297757885991,0.28986513894727794,0.0,0.0,0.0,1.35,0,0,False,0,0,0,False,False,False,0
64,305,NORMAL,GREEN,False,0.0,0.0,0.0,0.0,4.795024154343774e-05,False,0.022528650424505893,0.0038700528855038956,0.7615130157256048,0.025293019351374638,-0.41155139178140243,0.7999322194468366,-0.5132912985604727,0.0,0.0,0.2238861644697722,-0.5961762002472424,0.4353714749000991,0.0,0.0,0.0,1.35,0,0,False,0,0,0,False,False,False,0
64,306,NORMAL,GREEN,False,0.0,0.0,0.0,0.0,4.3155217389093966e-05,False,0.02250905505849256,0.0037304438088768405,0.16877776258758304,0.021875471557394926,-0.3543214861729964,0.16414909825634857,-0.5268165934228278,0.0,0.0,0.4435667358351795,-0.6884605185552467,0.7494692656299545,0.0,0.0,0.0,1.35,0,0,False,0,0,0,False,False,False,0
64,307,NORMAL,GREEN,False,0.0,0.0,0.0,0.0,3.883969565018457e-05,False,0.022444364083600517,0.0036404726314078523,0.5780453855392753,0.020352689228757746,-0.3861656063532406,-0.07779438970730461,-0.4821305884599455,0.0,0.0,0.7521167250814783,-0.7993674461186145,0.4582247557396813,0.0,0.0,0.0,1.35,0,0,False,0,0,0,False,False,False,0
64,308,NORMAL,GREEN,False,0.0,0.0,0.0,0.0,3.495572608516611e-05,False,0.022719591626107604,0.0036404726314078523,2.52007152526102,0.0316186155005035,-0.11236158597139333,1.5747684399675885,-0.4029016122417474,0.0,0.0,1.1068719880391304,-0.826931917495356,0.7528877416526514,0.0,0.0,0.0,1.35,0,0,False,0,0,0,False,False,False,0
64,309,NORMAL,GREEN,False,0.0,0.0,0.0,0.0,3.14601534766495e-05,False,0.02273176193939799,0.0035092534492736677,0.11143528622616379,0.023125268735787054,-0.13491872791686943,0.6298115593126892,-0.28829843357658336,0.0,0.0,0.7667444826663871,-0.8567971016732869,-0.05682004043531495,0.0,0.0,0.0,1.35,0,0,False,0,0,0,False,False,False,0
64,310,NORMAL,GREEN,False,0.0,0.0,0.0,0.0,2.8314138128984552e-05,False,0.02264980177490896,0.003493777350610538,0.7785147247010615,0.01999975645643045,0.3734110242717254,-0.41104500127827187,-0.15507145270469488,0.0,0.0,0.3245491818242742,-0.748830568166741,-0.1287620736190093,0.0,0.0,0.0,1.35,0,0,False,0,0,0,False,False,False,0
64,311,NORMAL,GREEN,False,0.0,0.0,0.0,0.0,2.5482724316086097e-05,False,0.0226547378667408,0.003493777350610538,0.04709412703870224,0.022814338169303554,0.3400079520677652,-0.19976334191493653,0.012947953205338451,0.0,0.0,0.7672796927671461,-0.6786921394547797,1.1212661368668095,0.0,0.0,0.0,1.35,0,0,False,0,0,0,False,False,False,0
64,312,NORMAL,GREEN,False,0.0,0.0,0.0,0.0,2.2934451884477487e-05,False,0.022728674930519006,0.003592282460853989,0.7054166723521483,0.02511930665934779,0.6797259344803953,0.3161982501470484,0.1793827586872856,0.0,0.0,0.5229689517232915,-0.5663922124335166,1.1576184094287814,0.0,0.0,0.0,1.35,0,0,False,0,0,0,False,False,False,0
64,313,NORMAL,GREEN,False,0.0,0.0,0.0,0.0,2.064100669602974e-05,False,0.022774302302259214,0.003631726364465606,0.42338329680751496,0.02424958732185918,0.7748489200129587,0.46677675493875986,0.3606834981337057,0.0,0.0,0.04319153556747643,-0.44183012978976555,1.6389369541156864,0.0,0.0,0.0,1.35,0,0,False,0,0,0,False,False,False,0
64,314,NORMAL,GREEN,False,0.0,0.0,0.0,0.0,1.8576906026426765e-05,False,0.022579343357422246,0.003592282460853989,1.7894056000890082,0.016275670807693564,0.8778372294350967,-1.808545606578491,0.526288249556371,0.0,0.0,-0.7524129646267498,-0.32418506142171244,1.4888172907175812,0.0,0.0,0.0,1.35,0,0,False,0,0,0,False,False,False,0
64,315,NORMAL,GREEN,False,0.0,0.0,0.0,0.0,1.671921542378409e-05,False,0.022771805227533568,0.0037141242227308343,1.7858828586803812,0.028994739027799563,1.1051919223059208,0.8058438782010403,0.7087360045747741,0.0,0.0,0.5570755503174887,-0.13567221452601902,1.0146162417756726,0.0,0.0,0.0,1.35,0,0,False,0,0,0,False,False,False,0
64,316,NORMAL,GREEN,False,0.0,0.0,0.0,0.0,1.5047293881405681e-05,False,0.02272823505712107,0.00356742894193352,0.39103135131060085,0.021319466213783694,1.2695755330995597,0.7011706539200563,0.8651355671065809,0.0,0.0,0.22164641195852458,0.04401603017832205,0.9202739444531625,0.0,0.0,0.0,1.35,0,0,False,0,0,0,False,False,False,0
64,317,NORMAL,GREEN,False,0.0,0.0,0.0,0.0,1.3542564493265113e-05,False,0.023006092079883078,0.003631726364465606,2.596239731607284,0.03199013581585461,1.1384189146919712,1.2612295986872477,0.9770372131400247,0.0,0.0,-0.31895990643723704,0.13833594967346494,0.7991309854240037,0.0,0.0,0.0,1.35,0,0,False,0,0,0,False,False,False,0
64,318,NORMAL,GREEN,False,0.0,0.0,0.0,0.0,1.2188308043938603e-05,False,0.023054361519792645,0.003522357973794328,0.44303484592396014,0.024615073410202082,1.3370020766660637,0.5950699372377902,1.069186943385459,0.0,0.0,-1.1015610730549559,0.24009205645759812,0.70883039025691,0.0,0.0,0.0,1.35,0,0,False,0,0,0,False,False,False,0
64,319,NORMAL,GREEN,False,0.0,0.0,0.0,0.0,1.0969477239544742e-05,False,0.022964170257879474,0.0034949735525910274,0.8535121698227335,0.02004798612268704,1.4461531031255555,-0.9130834282217151,1.1415134338935307,0.0,0.0,-0.6417933539242174,0.4148173320785425,0.23588351491787382,0.0,0.0,0.0,1.35,0,0,False,0,0,0,False,False,False,0
64,320,NORMAL,GREEN,False,0.0,0.0,0.0,0.0,9.872529515590268e-06,False,0.022969726764816942,0.003522357973794328,0.05299522160284674,0.023149387155795124,1.2392601293232124,0.14846223431251598,1.1509096374231724,0.0,0.0,-0.8989973244766267,0.423439314916534,0.10161560013369225,0.0,0.0,0.0,1.35,0,0,False,0,0,0,False,False,False,0
64,321,NORMAL,GREEN,False,0.0,0.0,0.0,0.0,8.88527656403124e-06,False,0.022962686973557713,0.003577371410856256,0.06662006257930952,0.022735067056176034,1.1375999531309122,-0.15756577599607552,1.0993074269596095,0.0,0.0,-0.7764057259423376,0.4445380916613067,-0.49482499497759524,0.0,0.0,0.0,1.35,0,0,False,0,0,0,False,False,False,0
64,322,NORMAL,GREEN,False,0.0,0.0,0.0,0.0,7.996748907628116e-06,False,0.02301461339282063,0.00365211093147298,0.483841469981171,0.02469356761565502,0.9357780633059883,0.16931056393856064,1.0043352915706831,0.0,0.0,-0.8586291659809207,0.4000823019344403,-0.32653837658881263,0.0,0.0,0.0,1.35,0,0,False,0,0,0,False,False,False,0
64,323,NORMAL,GREEN,False,0.0,0.0,0.0,0.0,7.197074016865305e-06,False,0.023081231196357185,0.0036907999850122565,0.6080301209040629,0.025235206844039196,0.5376457549038354,0.6228841291145684,0.8598301945893554,0.0,0.0,-1.1799689710295933,0.22849674079065513,-0.24603623192893292,0.0,0.0,0.0,1.35,0,0,False,0,0,0,False,False,False,0
64,324,NORMAL,GREEN,False,0.0,0.0,0.0,0.0,6.4773666151787745e-06,False,0.02296668225705186,0.003745186806463032,1.0345448120595868,0.019262933219513154,0.7027930984701802,-0.8410932126558233,0.6929345782224338,0.0,0.0,-1.5265970420479664,0.2060360842960123,-0.07327101625403772,0.0,0.0,0.0,1.35,0,0,False,0,0,0,False,False,False,0
64,325,NORMAL,GREEN,False,0.0,0.0,0.0,0.0,5.829629953660897e-06,False,0.022866221520152313,0.003716980487483311,0.8941319627117528,0.01961799102706691,0.566735930982576,-0.7414572483482786,0.5088451156506516,0.0,0.0,-1.1946824735942876,0.09182425614360458,0.036478873725345654,0.0,0.0,0.0,1.35,0,0,False,0,0,0,False,False,False,0
64,326,NORMAL,GREEN,False,0.0,0.0,0.0,0.0,5.246666958294808e-06,False,0.022967998129969497,0.003716980487483311,0.9127176405679307,0.026258775180725117,0.20166642794167594,0.8912866117721835,0.3281999778942975,0.0,0.0,-1.1726319036031438,-0.0310802455733653,-0.300167509867228,0.0,0.0,0.0,1.35,0,0,False,0,0,0,False,False,False,0
64,327,NORMAL,GREEN,False,0.0,0.0,0.0,0.0,4.722000262465327e-06,False,0.022835401695487426,0.003690299611733305,1.189105287016152,0.018548116980567218,-0.2181686732020729,0.16957963963913156,0.12378438349291546,0.0,0.0,-0.5840052565922607,-0.23685005970394213,-0.3936077268647508,0.0,0.0,0.0,1.35,0,0,False,0,0,0,False,False,False,0
64,328,NORMAL,GREEN,False,0.0,0.0,0.0,0.0,4.2498002362187945e-06,False,0.022665564379783308,0.0037593699138266123,1.5340878661461737,0.017174157838683427,-0.42295269142812286,-1.0715974128820325,-0.0852193916197853,0.0,0.0,-1.2074074128238115,-0.4148515696490866,-0.6257410258824038,0.0,0.0,0.0,1.35,0,0,False,0,0,0,False,False,False,0
64,329,NORMAL,GREEN,False,0.0,0.0,0.0,0.0,3.824820212596915e-06,False,0.022637385267320547,0.0036609880600734224,0.24985669681080946,0.021726260631024653,-1.0804274711886277,1.075854381294885,-0.30906537325752914,0.0,0.0,0.315563521363446,-0.7352008342700376,-0.40270692063854474,0.0,0.0,0.0,1.35,0,0,False,0,0,0,False,False,False,0
64,330,NORMAL,GREEN,False,0.0,0.0,0.0,0.0,3.442338191337224e-06,False,0.02249414945798673,0.0037304438088768405,1.3041634934199025,0.01786285828952664,-1.3433020883354463,-0.12212904544199173,-0.5211402142178976,0.0,0.0,-0.6025013766044607,-0.9402888278506499,-0.7632738045855529,0.0,0.0,0.0,1.35,0,0,False,0,0,0,False,False,False,0
64,331,NORMAL,GREEN,False,0.0,0.0,0.0,0.0,3.0981043722035016e-06,False,0.022347390439455043,0.0038001498403804116,1.3113633484436313,0.017602182173597183,-1.7301192964017247,-0.20655765332119225,-0.7163234181287075,0.0,0.0,0.07217039213460076,-1.1932606718217338,-0.20080032864973027,0.0,0.0,0.0,1.35,0,0,False,0,0,0,False,False,False,0
64,332,NORMAL,GREEN,False,0.0,0.0,0.0,0.0,2.7882939349831514e-06,False,0.022328625725010823,0.0037304438088768405,0.1645962679754242,0.021721899957981024,-2.230331978688492,0.8489244744709737,-0.846170606906742,0.0,0.0,0.08863766222129554,-1.384893334606725,-0.22032659071597027,0.0,0.0,0.0,1.35,0,0,False,0,0,0,False,False,False,0
64,333,NORMAL,GREEN,False,0.0,0.0,0.0,0.0,2.5094645414848365e-06,False,0.022272722697398325,0.0036609880600734224,0.4995207940984744,0.020465191471260927,-2.8674246646058887,0.9389895118329542,-0.9209815070166909,0.0,0.0,0.35872445677210996,-1.5882593847876376,-0.2784762176076661,0.0,0.0,0.0,1.35,0,0,False,0,0,0,False,False,False,0
64,334,NORMAL,GREEN,False,0.0,0.012160749358300693,0.0,0.0,0.008113478340073898,False,0.02213754693371842,0.003653454559583097,1.2307766961795916,0.017766863908068226,-3.0486429974332028,-0.7013954576168342,-0.9814202980510364,0.0,0.012160749358300693,0.2566127334799893,-1.7295065067938353,0.7443142876267198,0.0,0.0,0.0,1.35,0,0,False,0,0,0,False,False,False,0
64,335,NORMAL,GREEN,False,0.0,0.05534795672013293,0.0,0.0,0.04421921763839516,False,0.02204712393542773,0.0038001498403804116,0.8249999812141916,0.019123446990695462,-3.2213918268805317,-0.006532964999990126,-0.9844848751907365,0.0,0.05534795672013293,0.21911559811910802,-1.8358317871131755,-0.09055514585170797,0.0,0.0,0.0,1.35,0,0,False,0,0,0,False,False,False,0
64,336,NORMAL,GREEN,False,0.0,0.0,0.0,0.0,0.03979729587455565,False,0.022120881461484238,0.003653454559583097,0.6469703314744799,0.024505708137311337,-2.9384688775291594,0.44638639707234434,-0.9412042478717648,0.0,0.0,0.1846837964235997,-1.8908572217073267,-0.9964922067196151,0.0,0.0,0.0,1.35,0,0,False,0,0,0,False,False,False,0
64,337,NORMAL,GREEN,False,0.0,0.0,0.0,0.0,0.03581756628710008,False,0.02235443722242117,0.0037304438088768405,2.1309125115051333,0.029906073492715336,-2.5354694152343837,1.3759137569699555,-0.8380908396938028,0.0,0.0,1.0788916120488996,-1.9265225703517468,0.7653882834675254,0.0,0.0,0.0,1.35,0,0,False,0,0,0,False,False,False,0
64,338,NORMAL,GREEN,False,0.0,0.0,0.0,0.0,0.032235809658390076,False,0.022603582177492112,0.0037304438088768405,2.226231585618907,0.030659269058119294,-2.2003875657029246,-0.4478824410078506,-0.6931638324913658,0.0,0.0,0.2607031166848525,-1.9040023080886175,1.421881954697231,0.0,0.0,0.0,1.35,0,0,False,0,0,0,False,False,False,0
64,339,NORMAL,GREEN,False,0.0,0.0,0.0,0.0,0.02901222869255107,False,0.022777579605614263,0.003816023440798305,1.5547518118185313,0.028403496448230602,-1.9686119028072389,-1.478748094974213,-0.5170407161046556,0.0,0.0,-0.04024204453554652,-1.8499580797085269,1.0784894617415124,0.0,0.0,0.0,1.35,0,0,False,0,0,0,False,False,False,0
64,340,NORMAL,GREEN,True,0.04275266721680859,0.0,0.0,0.0,0.03478979726830811,False,0.023197839488528802,0.003888143132426115,3.6710106688672344,0.036786242369432294,-1.297375280844743,0.967200858233188,-0.2912469458887698,0.0,0.0,0.41833969256756576,-1.7363303154667153,0.7202908951058749,0.0,0.0,0.0,1.35,0,0,False,0,0,0,False,False,False,0
64,341,NORMAL,GREEN,False,0.0,0.0,0.0,0.0,0.0313108175414773,False,0.023429863482324217,0.003923895784022127,1.9891585425477647,0.030931972615042633,-0.9418560990008642,-0.3900161455117508,-0.037569575162472,0.0,0.0,0.047893879598294664,-1.6114026509150727,-0.42466159132809184,0.0,0.0,0.0,1.35,0,0,False,0,0,0,False,False,False,0
64,342,NORMAL,GREEN,False,0.0,0.0,0.0,0.0,0.02817973578732957,False,0.023385822881394003,0.003923895784022127,0.3741230939376095,0.021961843451317117,-0.6669442234345622,-0.33640565069390393,0.20934866260178583,0.0,0.0,0.12960607338623334,-1.431889215208361,0.4748018974838265,0.0,0.0,0.0,1.35,0,0,False,0,0,0,False,False,False,0
64,343,NORMAL,GREEN,False,0.0,0.0,0.0,0.0,0.025361762208596615,False,0.023042541444903815,0.003935068817039955,2.916161687134245,0.011943108331721087,-0.330293811077877,-1.0683812926686298,0.473719589189075,0.0,0.0,-0.1822118574688537,-1.2402831557154521,0.7872545997254644,0.0,0.0,0.0,1.35,0,0,False,0,0,0,False,False,False,0
64,344,NORMAL,GREEN,False,0.0,0.0,0.0,0.0,0.022825585987736954,False,0.0228369910625943,0.0039670649899839405,1.7411841390543072,0.01619086203458665,0.02006743444977138,-1.335987720124476,0.7253833810948163,0.0,0.0,-0.50128164471546,-1.05561080066378,0.6583877493257055,0.0,0.0,0.0,1.35,0,0,False,0,0,0,False,False,False,0
64,345,NORMAL,GREEN,False,0.0,0.0,0.0,0.0,0.02054302738896326,False,0.02304878837178755,0.00402540938898503,1.7796306146399445,0.029896901369036024,0.7518833028359118,1.6371150451840508,1.0168662445936356,0.0,0.0,1.0960540745565066,-0.7720840056690255,-0.40062585481975443,0.0,0.0,0.0,1.35,0,0,False,0,0,0,False,False,False,0
64,346,NORMAL,GREEN,True,0.03011764952802143,0.06448209890911893,0.0,0.0,0.0676121674766376,False,0.023486004661933086,0.00402540938898503,3.6204705981120857,0.037622664709972185,0.939504850636094,3.2579283956364757,1.2775899961988473,0.0,0.06448209890911893,1.517660548865133,-0.41244056137876284,-0.09556326232625928,0.0,0.0,0.0,1.35,0,0,False,0,0,0,False,False,False,0
64,347,NORMAL,GREEN,False,0.0,0.0,0.0,0.0,0.06085095072897385,False,0.023214418836073284,0.004111435006634607,2.2489292360586366,0.01443314379993972,1.0981824538616327,-1.1232719481964961,1.4932239971650192,0.0,0.0,-0.7016204209995905,-0.1434048549003655,-0.17760682260247468,0.0,0.0,0.0,1.35,0,0,False,0,0,0,False,False,False,0
64,348,NORMAL,GREEN,False,0.0,0.0,0.0,0.0,0.054765855656076466,False,0.023120337626610355,0.004111435006634607,0.7627605228758917,0.020078378520642426,1.0945520279619283,-1.6239394899366169,1.6411778500046643,0.0,0.0,-1.3126097143054665,-0.007269630372658644,-0.07113232517254181,0.0,0.0,0.0,1.35,0,0,False,0,0,0,False,False,False,0
64,349,NORMAL,GREEN,False,0.0,0.0,0.0,0.0,0.04928927009046882,False,0.023111403603996633,0.004117332365566142,0.07243231458363363,0.022822536872819633,1.2834062449829864,-0.5019010108211989,1.7610595809094196,0.0,0.0,-0.5474764732113502,0.15451295876344254,0.4071272444680941,0.0,0.0,0.0,1.35,0,0,False,0,0,0,False,False,False,0
64,350,NORMAL,GREEN,False,0.0,0.0,0.0,0.0,0.04436034308142194,False,0.023271295705273844,0.0042033579832157185,1.2944635594186316,0.028441140313236916,1.558787205840023,1.4628750893607247,1.8338986363749756,0.0,0.0,-0.5827537695426789,0.3400620943421895,0.5444019628202584,0.0,0.0,0.0,1.35,0,0,False,0,0,0,False,False,False,0
64,351,NORMAL,GREEN,False,0.0,0.0,0.0,0.0,0.03992430877327975,False,0.023290690802897026,0.004117332365566142,0.15380637497153435,0.023917798959379913,1.4769645990609448,-0.0517691569901763,1.8280233051200627,0.0,0.0,-1.051131162503952,0.4959196787857867,0.7690962163682277,0.0,0.0,0.0,1.35,0,0,False,0,0,0,False,False,False,0
64,352,NORMAL,GREEN,False,0.0,0.0,0.0,0.0,0.03593187789595178,False,0.023352641564249682,0.004078382519748222,0.5015444941224728,0.02535571618131898,1.5833123898154253,0.31232585313011596,1.7902614629825164,0.0,0.0,-1.044194274263716,0.510755944687711,0.5804387443869006,0.0,0.0,0.0,1.35,0,0,False,0,0,0,False,False,False,0
64,353,NORMAL,GREEN,False,0.0,0.0,0.0,0.0,0.0323386901063566,False,0.023408214555719932,0.004059049829365804,0.4542077747829184,0.025205074613258074,1.5159904473650514,0.3553633339003992,1.696335223102776,0.0,0.0,-1.1845983767654678,0.5633127476830214,0.8676248544535771,0.0,0.0,0.0,1.35,0,0,False,0,0,0,False,False,False,0
64,354,NORMAL,GREEN,False,0.0,0.0,0.0,0.0,0.02910482109572094,False,0.02356976189323779,0.00407063787738045,1.3266432975612485,0.028793125806315205,1.32910825168721,0.8977022697234086,1.5503943922730128,0.0,0.0,-0.6536366890026264,0.47356140753221815,1.1013899264309321,0.0,0.0,0.0,1.35,0,0,False,0,0,0,False,False,False,0
64,355,NORMAL,GREEN,False,0.0,0.0,0.0,0.0,0.026194338986148848,False,0.02351790549417935,0.00407063787738045,0.42463778094497595,0.02184121525795639,1.2108469556332278,-0.43874497101071397,1.3842380836691692,0.0,0.0,-1.4255758230218878,0.37407822828520393,0.7721159819741342,0.0,0.0,0.0,1.35,0,0,False,0,0,0,False,False,False,0
64,356,NORMAL,GREEN,False,0.0,0.0,0.0,0.0,0.023574905087533963,False,0.023482348694612507,0.004059049829365804,0.2911648463780272,0.02233267884195129,1.263394412884481,-0.025178207919228295,1.1547047731288433,0.0,0.0,-1.2636285053488816,0.38208497585594464,0.8983656506885356,0.0,0.0,0.0,1.35,0,0,False,0,0,0,False,False,False,0
64,357,NORMAL,GREEN,False,0.0,0.0,0.0,0.0,0.021217414578780566,False,0.023438287216186456,0.004059049829365804,0.36183737802609406,0.02201363274707752,1.0632649056007921,-0.42893985507907506,0.8801678634920722,0.0,0.0,-1.0899064925281026,0.303444116748248,0.5885254556541896,0.0,0.0,0.0,1.35,0,0,False,0,0,0,False,False,False,0
64,358,NORMAL,GREEN,False,0.0,0.0,0.0,0.0,0.01909567312090251,False,0.023470269172033802,0.00404368077424316,0.26263910021477677,0.024504352411098034,0.573475817488938,-0.35693091988368275,0.5836164370429345,0.0,0.0,-0.6817692704105146,0.11540831014565996,0.7688088770981176,0.0,0.0,0.0,1.35,0,0,False,0,0,0,False,False,False,0
64,359,NORMAL,GREEN,False,0.0,0.0,0.0,0.0,0.01718610580881226,False,0.023323026471654622,0.004059049829365804,1.2137679225081726,0.018562179159394444,0.6967987231231264,-0.5578489884196224,0.30454402974036676,0.0,0.0,-1.278693703386774,0.06137050889237685,0.7409110738359234,0.0,0.0,0.0,1.35,0,0,False,0,0,0,False,False,False,0
64,360,NORMAL,GREEN,False,0.0,0.0,0.0,0.0,0.015467495227931035,False,0.023437301325432893,0.004084941358625784,0.9384368147074856,0.02713218826426363,0.3276270010393301,0.6677577305635637,0.0031156015568268836,0.0,0.0,0.10365214315117838,-0.12853615178610028,0.7115247409954336,0.0,0.0,0.0,1.35,0,0,False,0,0,0,False,False,False,0
64,361,NORMAL,GREEN,False,0.0,0.0,0.0,0.0,0.01392074570513793,False,0.023421757451722928,0.00407063787738045,0.12683881558578958,0.022919172201767393,0.037212574239618094,-0.1393831338175564,-0.2555121712923182,0.0,0.0,0.2922428255542377,-0.3183487616942075,1.133264742765548,0.0,0.0,0.0,1.35,0,0,False,0,0,0,False,False,False,0
64,362,NORMAL,GREEN,False,0.0,0.0,0.0,0.0,0.012528671134624138,False,0.023351216909662676,0.00404368077424316,0.57763708608772,0.021070406049714583,-0.08012829438662082,-0.5881132503797317,-0.5084008397313049,0.0,0.0,-0.4573242221999189,-0.47406286002148273,0.4944238302402006,0.0,0.0,0.0,1.35,0,0,False,0,0,0,False,False,False,0
64,363,NORMAL,GREEN,False,0.0,0.0,0.0,0.0,0.011275804021161724,False,0.02318522739554183,0.004059049829365804,1.3683038085675152,0.01781823310563452,-0.0812764350279362,-0.6446143638656893,-0.7331345176294751,0.0,0.0,-0.005388316338295337,-0.5692227175412929,-0.23783050496545452,0.0,0.0,0.0,1.35,0,0,False,0,0,0,False,False,False,0
64,364,NORMAL,GREEN,False,0.0,0.0,0.0,0.0,0.010148223619045552,False,0.023419458487614387,0.00407063787738045,1.923529741517133,0.030992930464627,-0.6487109669952471,1.0992369055174411,-0.9040778356072077,0.0,0.0,0.43705145229798564,-0.739506358541117,-0.7001512882553216,0.0,0.0,0.0,1.35,0,0,False,0,0,0,False,False,False,0
64,365,NORMAL,GREEN,False,0.0,0.0,0.0,0.0,0.009133401257140997,False,0.023723142029364735,0.004180172586456397,2.4867809493105493,0.03354224321262602,-0.8267418088734309,2.031795708977663,-1.00079620042386,0.0,0.0,2.18288796890259,-0.8724991965416833,-0.9360417211282929,0.0,0.0,0.0,1.35,0,0,False,0,0,0,False,False,False,0
64,366,NORMAL,GREEN,False,0.0,0.0,0.0,0.0,0.008220061131426898,False,0.023735845521689655,0.004142273646729426,0.10129958402580543,0.024146591773528844,-0.9654364235115742,-0.08330687624966975,-1.080262912344471,0.0,0.0,0.08279111488164498,-0.9379252564012154,-0.07803568656315409,0.0,0.0,0.0,1.35,0,0,False,0,0,0,False,False,False,0
64,367,NORMAL,GREEN,False,0.0,0.0,0.0,0.0,0.007398055018284208,False,0.023612379331797547,0.00407063787738045,0.9935460604636042,0.019620305858619427,-0.8553064468290562,-0.3406702668511909,-1.1204190529410731,0.0,0.0,0.11686892010817192,-0.937906054528782,0.41404199376152795,0.0,0.0,0.0,1.35,0,0,False,0,0,0,False,False,False,0
64,368,NORMAL,GREEN,False,0.0,0.0,0.0,0.0,0.006658249516455788,False,0.02363768268862419,0.00407063787738045,0.2072022255385694,0.024455824559352374,-1.1667202827993064,0.21978487904204935,-1.100235777341345,0.0,0.0,-0.05701936980833049,-1.0031238167404848,0.6877431643125999,0.0,0.0,0.0,1.35,0,0,False,0,0,0,False,False,False,0
64,369,NORMAL,GREEN,False,0.0,0.0,0.0,0.0,0.005992424564810209,False,0.023908037362246563,0.00410853681710742,2.2138600203559466,0.03264950514270336,-0.9119817630890187,1.5126153022561784,-1.0007083843947502,0.0,0.0,1.196127282148664,-0.9740433188907175,0.8799910226261524,0.0,0.0,0.0,1.35,0,0,False,0,0,0,False,False,False,0
64,370,NORMAL,GREEN,False,0.0,0.0,0.0,0.0,0.005393182108329188,False,0.024021054579301832,0.004180172586456397,0.9169299768284213,0.027675277930755585,-0.7295708771611105,-0.21687333229238845,-0.8772596553275032,0.0,0.0,0.5694612435790831,-0.8949090908192519,0.38176483969103797,0.0,0.0,0.0,1.35,0,0,False,0,0,0,False,False,False,0
64,371,NORMAL,GREEN,False,0.0,0.0,0.0,0.0,0.00485386389749627,False,0.023990277049847245,0.004252704310156673,0.24542471088637804,0.022995136930815608,-0.7586964179456633,0.4594053624779938,-0.7285909999484106,0.0,0.0,0.006701441839023759,-0.8204847686598925,-0.03473720436451859,0.0,0.0,0.0,1.35,0,0,False,0,0,0,False,False,False,0
64,372,NORMAL,GREEN,False,0.0,0.0,0.0,0.0,0.004368477507746643,False,0.023856969865699476,0.004180172586456397,1.0448816754818933,0.01954670424492167,-0.4081583985759968,-0.12170609709899564,-0.5326038380226034,0.0,0.0,0.1727593531847826,-0.6334783489639423,-0.45357375335111927,0.0,0.0,0.0,1.35,0,0,False,0,0,0,False,False,False,0
64,373,NORMAL,GREEN,False,0.0,0.0,0.0,0.0,0.003931629756971979,False,0.024058739520663487,0.0042721120041849,1.608941981787531,0.03058262503116654,-0.09271066628875126,1.4662082936351324,-0.30295203810835875,0.0,0.0,1.0627811730514516,-0.4134655750194802,-1.776696018704848,0.0,0.0,0.0,1.35,0,0,False,0,0,0,False,False,False,0
64,374,NORMAL,GREEN,False,0.0,0.0,0.0,0.0,0.003538466781274781,False,0.02409916290178245,0.004278549185363466,0.31540512888680744,0.025406185557962303,0.020819915848091737,0.7835130761627896,-0.05241625581447055,0.0,0.0,0.1643432947832749,-0.20232041402175052,-2.68775844966015,0.0,0.0,0.0,1.35,0,0,False,0,0,0,False,False,False,0
64,375,NORMAL,GREEN,False,0.0,0.0,0.0,0.0,0.003184620103147303,False,0.02410653668773157,0.004278549185363466,0.057447712839562466,0.024344955766753155,0.18076677562689483,0.23912754830255178,0.20163971705418413,0.0,0.0,-0.2401920262074447,-0.04706605990973406,-2.544707576904,0.0,0.0,0.0,1.35,0,0,False,0,0,0,False,False,False,0
64,376,NORMAL,GREEN,False,0.0,0.0,0.0,0.0,0.002866158092832573,False,0.023964705185650755,0.004294641888789226,1.104981275475421,0.019378819951704325,0.3527218132129155,-0.2534543304113812,0.4619344237314192,0.0,0.0,0.11281414591520426,0.19183344828308,-2.1445966410479196,0.0,0.0,0.0,1.35,0,0,False,0,0,0,False,False,False,0
64,377,NORMAL,GREEN,False,0.0,0.0,0.0,0.0,0.0025795422835493157,False,0.02393659225059883,0.0042721120041849,0.21820162410055843,0.023027607350586655,0.6868730256688961,0.026813596414244256,0.6737691298019438,0.0,0.0,-0.4165147322895133,0.46501517887259247,-1.774035667151278,0.0,0.0,0.0,1.35,0,0,False,0,0,0,False,False,False,0
64,378,NORMAL,GREEN,False,0.0,0.0,0.0,0.0,0.002321588055194384,False,0.02398750237186083,0.004252704310156673,0.39722835927627137,0.02563359629266566,0.843609591871205,1.5653784116751803,0.8852084856963315,0.0,0.0,0.3438730520619758,0.70369205872956,-1.83805392408983,0.0,0.0,0.0,1.35,0,0,False,0,0,0,False,False,False,0
64,379,NORMAL,GREEN,False,0.0,0.0,0.0,0.0,0.002089429249674946,False,0.02411377766128316,0.00421757390357197,0.9897646314193286,0.02819667868593844,0.5207836838065948,0.2537303591522886,1.0145908085303805,0.0,0.0,-1.0911970949581113,0.8108476024028768,-1.900212544249542,0.0,0.0,0.0,1.35,0,0,False,0,0,0,False,False,False,0
64,380,NORMAL,GREEN,False,0.0,0.0,0.0,0.0,0.0018804863247074515,False,0.024195543374778743,0.004309127551642969,0.6462302369800355,0.026839301444469287,0.647103440223103,1.7104668294174952,1.1426052156872124,0.0,0.0,-0.468313625377801,0.7931170013894612,-1.1888884050676716,0.0,0.0,0.0,1.35,0,0,False,0,0,0,False,False,False,0
64,381,NORMAL,GREEN,False,0.0,0.0,0.0,0.0,0.0016924376922367063,False,0.0239487693850333,0.0043330872859763956,1.908924616317093,0.015969743716597273,0.6159884693843611,-1.704822735070212,1.2257518699289958,0.0,0.0,-1.3803340890677538,0.7643191977875998,-0.8670932292021454,0.0,0.0,0.0,1.35,0,0,False,0,0,0,False,False,False,0
64,382,NORMAL,GREEN,False,0.0,0.0,0.0,0.0,0.0015231939230130357,False,0.023769887375217836,0.004294641888789226,1.3760935949324373,0.017986035724518002,0.7662478670245115,-1.17325494559185,1.2656912772315896,0.0,0.0,-1.2305584914438608,0.8407332061995471,-1.0690831968035799,0.0,0.0,0.0,1.35,0,0,False,0,0,0,False,False,False,0
64,383,NORMAL,GREEN,False,0.0,0.0,0.0,0.0,0.0013708745307117322,False,0.02362875161642186,0.004238455122656735,1.0954406479105714,0.019065362082018686,0.7052016382524546,-0.6488822248419792,1.269154890181324,0.0,0.0,-0.8224309059994034,0.7684865033060442,-1.3746200387006269,0.0,0.0,0.0,1.35,0,0,False,0,0,0,False,False,False,0
64,384,NORMAL,GREEN,False,0.0,0.0,0.0,0.0,0.001233787077640559,False,0.023460326793534214,0.004176365470601162,1.3245771396542676,0.018014590853500226,0.48129002233460316,-0.8835691113868206,1.2054280421230392,0.0,0.0,-1.0297592705268985,0.6822833449763772,-1.4305452916318175,0.0,0.0,0.0,1.35,0,0,False,0,0,0,False,False,False,0
64,385,NORMAL,GREEN,False,0.0,0.0,0.0,0.0,0.0011104083698765031,False,0.023322110371182026,0.004176365470601162,1.1031635307872132,0.018853112715128035,0.7414160137157401,-0.6351596612124151,1.12432842179052,0.0,0.0,-1.1053606856361156,0.6727718678057305,-1.1222051021393535,0.0,0.0,0.0,1.35,0,0,False,0,0,0,False,False,False,0
64,386,NORMAL,GREEN,False,0.0,0.0,0.0,0.0,0.0009993675328888528,False,0.023422982259906557,0.004176365470601162,0.805101065624329,0.026684506661999674,0.21054067082879951,0.9676921252415995,0.9928070541009945,0.0,0.0,-0.3400257651130619,0.5375920403104896,-1.7372991469985188,0.0,0.0,0.0,1.35,0,0,False,0,0,0,False,False,False,0
64,387,NORMAL,GREEN,False,0.0,0.0,0.0,0.0,0.0008994307795999675,False,0.02336942345513033,0.00414061281900515,0.42747539819210034,0.021637688767365586,0.47689851286199364,0.23771571277304304,0.8597601812482256,0.0,0.0,-0.6326871457248006,0.49236442222712773,-1.8794342446870325,0.0,0.0,0.0,1.35,0,0,False,0,0,0,False,False,False,0
64,388,NORMAL,GREEN,False,0.0,0.0,0.0,0.0,0.0008094877016399707,False,0.02347987746168667,0.004176365470601162,0.8891921025905943,0.027051223673675087,0.14206302324983863,1.2810821002748856,0.6730508777633678,0.0,0.0,0.21033925479848856,0.2969045459347342,-1.674632233408567,0.0,0.0,0.0,1.35,0,0,False,0,0,0,False,False,False,0
64,389,NORMAL,GREEN,False,0.0,0.0,0.0,0.0,0.0007285389314759736,False,0.02358828060773715,0.004330394540385238,0.8652112050822368,0.027093315663369345,0.011385939537472961,1.268470246436524,0.48560735684862727,0.0,0.0,0.4618912782774353,0.08057242556360376,-1.158157444298363,0.0,0.0,0.0,1.35,0,0,False,0,0,0,False,False,False,0
64,390,NORMAL,GREEN,False,0.0,0.0,0.0,0.0,0.0006556850383283763,False,0.02338613293248728,0.004330394540385238,1.5560373953969908,0.016850024766074754,-0.19872092403286484,-0.9503762717379786,0.298009579857959,0.0,0.0,-0.9587434563987083,-0.07262730648243161,-1.061841694938534,0.0,0.0,0.0,1.35,0,0,False,0,0,0,False,False,False,0
64,391,NORMAL,GREEN,False,0.0,0.0,0.0,0.0,0.0005901165344955387,False,0.023212513839848688,0.004288597622553347,1.3364378312370184,0.017598829844534206,-0.6338357693570491,-0.6162763016972569,0.07690662610549243,0.0,0.0,-0.20104432916868958,-0.27889881065223154,-0.4248967644728548,0.0,0.0,0.0,1.35,0,0,False,0,0,0,False,False,False,0
64,392,NORMAL,GREEN,False,0.0,0.0,0.0,0.0,0.0005311048810459848,False,0.023245845936306585,0.004288597622553347,0.2590753387743481,0.02432358372177856,-0.5232014247522822,0.7444768681873538,-0.09984962545927555,0.0,0.0,0.49664017841665264,-0.46806031397632597,-0.23761697723527941,0.0,0.0,0.0,1.35,0,0,False,0,0,0,False,False,False,0
64,393,NORMAL,GREEN,False,0.0,0.0,0.0,0.0,0.00047799439294138633,False,0.023242235263141398,0.004330394540385238,0.028064132559299005,0.023125490164133754,-0.6115469763524686,0.7230972868187409,-0.25320630525111426,0.0,0.0,1.1063905737975397,-0.5422064515496459,0.09503015631832717,0.0,0.0,0.0,1.35,0,0,False,0,0,0,False,False,False,0
64,394,NORMAL,GREEN,False,0.0,0.0,0.0,0.0,0.0004301949536472477,False,0.023202161120038086,0.004288597622553347,0.3084718396101437,0.02190643049303104,-0.6282067680366014,-0.6053672144550395,-0.4014284732202506,0.0,0.0,0.6347241584900959,-0.5811932894087151,-0.458114217140364,0.0,0.0,0.0,1.35,0,0,False,0,0,0,False,False,False,0
64,395,NORMAL,GREEN,False,0.0,0.0,0.0,0.0,0.00038717545828252295,False,0.023208082743708107,0.004176365470601162,0.04602610760899896,0.023399548575705423,-0.766132088163595,0.5073687968446761,-0.5079679882742221,0.0,0.0,1.3364621948371378,-0.638175694608691,-0.4561537826349181,0.0,0.0,0.0,1.35,0,0,False,0,0,0,False,False,False,0
64,396,NORMAL,GREEN,False,0.0,0.0,0.0,0.0,0.00034845791245427066,False,0.023196986457065978,0.004178435264470328,0.08856414123908567,0.022838206522303745,-1.0997447402399967,0.45965401608279627,-0.5665835281425087,0.0,0.0,0.7883171261529961,-0.8014159731204883,-1.973687949378679,0.0,0.0,0.0,1.35,0,0,False,0,0,0,False,False,False,0
64,397,NORMAL,GREEN,False,0.0,0.0,0.0,0.0,0.0003136121212088436,False,0.023004011046321705,0.004178435264470328,1.5394551511117165,0.016764472765590285,-0.8272402677567624,-0.770171391501035,-0.5581676048798233,0.0,0.0,0.6316572860447254,-0.7983488800085411,-1.6436063737054631,0.0,0.0,0.0,1.35,0,0,False,0,0,0,False,False,False,0
64,398,NORMAL,GREEN,False,0.0,0.0,0.0,0.0,0.0002822509090879592,False,0.023167594102449486,0.004330394540385238,1.3049785846769464,0.028456779583914436,-0.7997395371536257,1.5969045675287385,-0.5098060116801612,0.0,0.0,1.925774100160666,-0.7742688192281627,-0.5266692824889204,0.0,0.0,0.0,1.35,0,0,False,0,0,0,False,False,False,0
64,399,NORMAL,GREEN,False,0.0,0.0,0.0,0.0,0.0002540258181791633,False,0.02301196834452303,0.004330394540385238,1.197933633029598,0.01798006883823426,-0.6801048871564256,-1.7178835529255227,-0.4684388194592321,0.0,0.0,-0.18381557178015057,-0.6879455320003504,0.2904190015685046,0.0,0.0,0.0,1.35,0,0,False,0,0,0,False,False,False,0
64,400,NORMAL,GREEN,False,0.0,0.0,0.0,0.0,0.000228623236361247,False,0.023026592394696968,0.004330394540385238,0.11256903605093418,0.023499436683654423,-0.43307539120394933,0.7064432923803303,-0.3603364823549852,0.0,0.0,0.8900814003473073,-0.5889529827391529,1.1218064178341367,0.0,0.0,0.0,1.35,0,0,False,0,0,0,False,False,False,0
64,401,NORMAL,GREEN,False,0.0,0.0,0.0,0.0,0.0002057609127251223,False,0.023122079519402,0.004416420158034815,0.7350148184306717,0.026209496551531396,-0.3635623254082344,0.4793834448607556,-0.23081546878749132,0.0,0.0,0.31146215750561956,-0.4628918023136837,2.019150504281836,0.0,0.0,0.0,1.35,0,0,False,0,0,0,False,False,False,0
64,402,NORMAL,GREEN,False,0.0,0.0,0.0,0.0,0.00018518482145261008,False,0.023268179338693042,0.004470664055329571,1.1027016909856362,0.027992073495770042,-0.04594975712196234,1.2821760784911074,-0.08151288954352996,0.0,0.0,1.165577441493957,-0.219608641871517,1.8421109605070154,0.0,0.0,0.0,1.35,0,0,False,0,0,0,False,False,False,0
64,403,NORMAL,GREEN,False,0.0,0.0,0.0,0.0,0.00016666633930734908,False,0.023337684233204738,0.004470664055329571,0.5182294595127632,0.025585009155749624,0.09092507467759199,0.5288697879958455,0.06838038298877826,0.0,0.0,-0.19217969211325783,-0.023590312670252352,2.08513598906761,0.0,0.0,0.0,1.35,0,0,False,0,0,0,False,False,False,0
64,404,NORMAL,GREEN,False,0.0,0.0,0.0,0.0,0.00014999970537661419,False,0.023240078651119215,0.004470664055329571,0.727748576628602,0.02008416483035399,0.2547032611082561,0.8948120837568712,0.24601657271502037,0.0,0.0,0.7218114248729812,0.21759053935417047,1.4708761146781737,0.0,0.0,0.0,1.35,0,0,False,0,0,0,False,False,False,0
64,405,NORMAL,GREEN,False,0.0,0.0,0.0,0.0,0.00013499973483895278,False,0.023151301367345625,0.004470664055329571,0.6619246617122174,0.02028083585866622,0.40144566807369264,-0.46990878639621997,0.39921710702461827,0.0,0.0,-0.502127385129774,0.3819329463154541,1.8706819765841962,0.0,0.0,0.0,1.35,0,0,False,0,0,0,False,False,False,0
64,406,NORMAL,GREEN,False,0.0,0.0,0.0,0.0,0.0001214997613550575,False,0.023020817643781454,0.004578348748704015,0.9728884564596091,0.018801843915206583,0.8229351431885537,-0.06204474350173155,0.577099214004802,0.0,0.0,0.49921667084194626,0.7577037403692863,1.6589621909295773,0.0,0.0,0.0,1.35,0,0,False,0,0,0,False,False,False,0
64,407,NORMAL,GREEN,False,0.0,0.0,0.0,0.0,0.00010934978521955175,False,0.022793076594068127,0.004773609859211749,1.6581018049195995,0.015429449320003938,0.7639490964136271,-0.9398707300661537,0.735904560568603,0.0,0.0,-0.4512257826438049,0.8925500457077272,1.659338161578406,0.0,0.0,0.0,1.35,0,0,False,0,0,0,False,False,False,0
64,408,NORMAL,GREEN,False,0.0,0.0,0.0,0.0,9.841480669759658e-05,False,0.02264308292304503,0.00483849721519725,1.0473811604974375,0.017793287559964916,0.766050651338539,-1.5091823180843802,0.8576574874395979,0.0,0.0,-1.0760894919138297,1.0436635215104884,1.3653399253820837,0.0,0.0,0.0,1.35,0,0,False,0,0,0,False,False,False,0
64,409,NORMAL,GREEN,False,0.0,0.0,0.0,0.0,8.857332602783692e-05,False,0.022306968911771228,0.00483849721519725,2.31555375098768,0.011439282547251593,1.0032620088773354,-2.4028299024376816,0.9358871714190777,0.0,0.0,-1.2263739841989545,1.2698196738952374,1.2020218288135682,0.0,0.0,0.0,1.35,0,0,False,0,0,0,False,False,False,0
64,410,NORMAL,GREEN,False,0.0,0.0,0.0,0.0,7.971599342505323e-05,False,0.02226182505551388,0.00483849721519725,0.3110046656329176,0.020802173703193004,1.38285538627494,-0.26277356142634817,1.0342094512021913,0.0,0.0,0.3679645329822104,1.6610513743274387,0.29173412348815886,0.0,0.0,0.0,1.35,0,0,False,0,0,0,False,False,False,0
64,411,NORMAL,GREEN,False,0.0,0.0,0.0,0.0,7.174439408254791e-05,False,0.02233649911778682,0.004773609859211749,0.5144439065253426,0.024750960464611945,0.9495770599817072,0.49614685763104144,1.066977886610213,0.0,0.0,-0.030721017519576045,1.7004891991340434,-0.14844453776763608,0.0,0.0,0.0,1.35,0,0,False,0,0,0,False,False,False,0
64,412,NORMAL,GREEN,False,0.0,0.0,0.0,0.0,6.456995467429312e-05,False,0.022514120204633045,0.00483849721519725,1.2402988659512617,0.028257202012660916,1.0581798027346283,1.2501659017613795,1.067521820306889,0.0,0.0,-1.1571638316513755,1.695135270241847,0.16182158887026693,0.0,0.0,0.0,1.35,0,0,False,0,0,0,False,False,False,0
64,413,NORMAL,GREEN,False,0.0,0.0,0.0,0.0,5.811295920686381e-05,False,0.022424685772089205,0.00483303823324499,0.6161309222412917,0.01953297245317164,1.149126468981931,-0.35664147835686527,1.0425409548854554,0.0,0.0,-1.3729917686733635,1.7398579323001178,-0.14397879906462513,0.0,0.0,0.0,1.35,0,0,False,0,0,0,False,False,False,0
64,414,NORMAL,GREEN,False,0.0,0.0,0.0,0.0,5.2301663286177427e-05,False,0.022549567010986465,0.004896062502073551,0.8613025104183779,0.026587393735331116,0.739273635550813,0.8188575264419814,0.9523761508323895,0.0,0.0,-0.4864572990829197,1.5455263290028045,0.14333426072352648,0.0,0.0,0.0,1.35,0,0,False,0,0,0,False,False,False,0
64,415,NORMAL,GREEN,False,0.0,0.0,0.0,0.0,4.707149695755968e-05,False,0.022555070036284926,0.00483303823324499,0.0374656525601313,0.02273300118760184,0.7149952023901149,-0.2577668062376775,0.8419403890150295,0.0,0.0,-0.856865661388861,1.4484533595800766,-0.14479399270976614,0.0,0.0,0.0,1.35,0,0,False,0,0,0,False,False,False,0
64,416,NORMAL,GREEN,False,0.0,0.0,0.0,0.0,4.2364347261803714e-05,False,0.02240712441428242,0.00483303823324499,1.0203769338083142,0.017623549302868052,0.3211299879218326,0.1416854777702879,0.7108451945467791,0.0,0.0,0.3360481167778575,1.1365877991640907,-0.5671319173525571,0.0,0.0,0.0,1.35,0,0,False,0,0,0,False,False,False,0
64,417,NORMAL,GREEN,False,0.0,0.0,0.0,0.0,3.812791253562334e-05,False,0.022497868097681485,0.0048862830452855235,0.6258567180017093,0.02543191386091791,0.27700279234921,0.10620549763482962,0.520613509188062,0.0,0.0,-0.27209673520234756,0.9492777435312054,-1.1104776713834492,0.0,0.0,0.0,1.35,0,0,False,0,0,0,False,False,False,0
64,418,NORMAL,GREEN,False,0.0,0.0,0.0,0.0,3.4315121282061006e-05,False,0.02237744363818956,0.004939127936889789,0.8215137380557168,0.018483719447950703,-0.12375926283033241,-0.23534394916091447,0.33636080036605087,0.0,0.0,-0.5376659249068655,0.6203404669574523,-1.1260744483256708,0.0,0.0,0.0,1.35,0,0,False,0,0,0,False,False,False,0
64,419,NORMAL,GREEN,False,0.0,0.0,0.0,0.0,3.0883609153854903e-05,False,0.022272091175379947,0.004896062502073551,0.7110058304203049,0.01886569487786911,-0.2753981188692684,-0.2646566147203612,0.12243190043521225,0.0,0.0,-0.3504105610859661,0.33565448809348136,-1.3827764527188064,0.0,0.0,0.0,1.35,0,0,False,0,0,0,False,False,False,0
64,420,NORMAL,GREEN,False,0.0,0.0,0.0,0.0,2.7795248238469413e-05,False,0.02217207926694249,0.0049493073141140854,0.6809002703369652,0.01893836089413139,-0.3621435369929858,-0.8285198829666102,-0.05965742707696395,0.0,0.0,0.11810730661215768,0.14675795404098807,-1.878247117582527,0.0,0.0,0.0,1.35,0,0,False,0,0,0,False,False,False,0
64,421,NORMAL,GREEN,False,0.0,0.0,0.0,0.0,2.5015723414622473e-05,False,0.02219870976115803,0.00487854474250839,0.17935502569957465,0.023059762407460514,-1.1568191014291012,1.4746323250890037,-0.24403888361594994,0.0,0.0,0.7033206201784888,-0.2625494310140166,-2.2432691551133757,0.0,0.0,0.0,1.35,0,0,False,0,0,0,False,False,False,0
64,422,NORMAL,GREEN,False,0.0,0.0,0.0,0.0,2.2514151073160226e-05,False,0.02244806423812606,0.0049493073141140854,1.7037490353446683,0.0305105256600925,-1.0723836848315997,1.7972955185030741,-0.4217848973855347,0.0,0.0,1.3550468289918463,-0.5467414187803817,-2.1591689997406447,0.0,0.0,0.0,1.35,0,0,False,0,0,0,False,False,False,0
64,423,NORMAL,GREEN,False,0.0,0.0,0.0,0.0,2.0262735965844203e-05,False,0.022355681272344434,0.0049493073141140854,0.622194581439533,0.01936863204540523,-1.4403615417191857,0.38025442158231004,-0.573495462837181,0.0,0.0,0.0005470379587538314,-0.750569412803495,-1.7457201241926916,0.0,0.0,0.0,1.35,0,0,False,0,0,0,False,False,False,0
64,424,NORMAL,GREEN,False,0.0,0.0,0.0,0.0,1.823646236925978e-05,False,0.022177555795751386,0.005063580563451808,1.1996660359930797,0.016418165385909633,-1.656356649326042,-0.3620998392673039,-0.6913386534531997,0.0,0.0,0.5422960888248403,-0.973706341212566,-0.5258893665608624,0.0,0.0,0.0,1.35,0,0,False,0,0,0,False,False,False,0
64,425,NORMAL,GREEN,False,0.0,0.0,0.0,0.0,1.6412816132333804e-05,False,0.02205347444394517,0.0050711328583913275,0.8168222087865243,0.018041510735544167,-1.8614222597871888,-0.302514607592139,-0.7670047284835555,0.0,0.0,1.0231320603558567,-1.1545889776490303,1.9021842069695252,0.0,0.0,0.0,1.35,0,0,False,0,0,0,False,False,False,0
64,426,NORMAL,GREEN,False,0.0,0.0,0.0,0.0,1.4771534519100424e-05,False,0.022098862103857832,0.005063580563451808,0.2983400434057562,0.023566396441033994,-2.1778687138893735,0.5066616233523222,-0.832610778131642,0.0,0.0,0.6394636053752937,-1.3473061666015842,2.215062807091693,0.0,0.0,0.0,1.35,0,0,False,0,0,0,False,False,False,0
64,427,NORMAL,GREEN,False,0.0,0.0,0.07661368880763075,0.0,0.060001812717442066,False,0.02203809998357402,0.005063580563451808,0.39999442767424775,0.020073458094397482,-1.9724752662586906,0.02567581506643021,-0.8288473699477862,0.0,0.0,1.2645394531764569,-1.4100477786107957,3.306454755230523,0.0,0.0,0.07661368880763075,1.35,0,0,False,0,0,0,False,False,False,0
64,428,NORMAL,GREEN,False,0.0,0.0,0.2606574570759954,0.0,0.2580964203362023,False,0.022224818093707955,0.005100110811273113,1.229157298175116,0.028262036988038475,-1.5881817024267086,0.6486392670716249,-0.7646093420966229,0.0,0.0,1.281983884832562,-1.386326867376398,4.042629828303982,0.0,0.0,0.2606574570759954,1.27,0,0,False,0,0,0,False,False,False,0
64,429,NORMAL,GREEN,False,0.0,0.0,0.0,0.0,0.23228677830258207,False,0.022419216710452477,0.005142340672912812,1.2705515882441416,0.028704771985192126,-1.263652681862566,0.7778762044115476,-0.6557743161574596,0.0,0.0,1.7589644664137392,-1.2978310875377401,2.1908867597780493,0.0,0.0,0.0,1.285,0,0,False,0,0,0,False,False,False,0
64,430,NORMAL,GREEN,False,0.0,0.0,0.0,0.0,0.20905810047232387,False,0.022512898428667008,0.0051964586826966225,0.607257305400491,0.02554194065093686,-1.190007164284366,1.046826088352344,-0.5031353406198622,0.0,0.0,0.7460968430578633,-1.2335106109970917,1.7174900972977525,0.0,0.0,0.0,1.2999999999999998,0,0,False,0,0,0,False,False,False,0
64,431,NORMAL,GREEN,False,0.0,0.0,0.0,0.0,0.1881522904250915,False,0.02265629034595491,0.005282365517269938,0.9198053651766988,0.027292629004930402,-0.8192742984300863,0.8183983286853257,-0.3212700975066791,0.0,0.0,1.3362548647032808,-1.0601134429480954,0.8414638551003497,0.0,0.0,0.0,1.3149999999999997,0,0,False,0,0,0,False,False,False,0
64,432,NORMAL,GREEN,False,0.0,0.0,0.0,0.0,0.16933706138258234,False,0.022574846893748942,0.0051964586826966225,0.5139329588842917,0.01994150860575602,-0.5408207711961798,-0.5796173834199896,-0.11514954819431947,0.0,0.0,1.2013418894862773,-0.8084537586355005,-0.18420453361304456,0.0,0.0,0.0,1.3299999999999996,0,0,False,0,0,0,False,False,False,0
64,433,NORMAL,GREEN,False,0.0,0.0,0.0,0.0,0.1524033552443241,False,0.022513081781882095,0.005124822913347651,0.39620002542959487,0.0205160098315207,-0.07789686135184533,0.5095428979219726,0.12026169984915913,0.0,0.0,0.8609104346778487,-0.4809786986083727,-0.2904242088158304,0.0,0.0,0.0,1.3449999999999995,0,0,False,0,0,0,False,False,False,0
64,434,NORMAL,GREEN,False,0.0,0.0,0.0,0.0,0.1371630197198917,False,0.02255168248840216,0.0051964586826966225,0.25107018117335367,0.023799771999217643,0.34590802952322347,0.8717928674183754,0.3863498355758875,0.0,0.0,1.729570738421766,-0.055485740163543955,-0.5253450126542637,0.0,0.0,0.0,1.35,0,0,False,0,0,0,False,False,False,0
64,435,NORMAL,GREEN,False,0.0,0.0,0.0,0.0,0.12344671774790253,False,0.022734653906014576,0.00535126804074206,1.1736930140628548,0.02865072974214945,0.607637929779471,1.5051803027675983,0.6416825949933358,0.0,0.0,0.94684822562301,0.30765145573654595,-0.6317595928700935,0.0,0.0,0.0,1.35,0,0,False,0,0,0,False,False,False,0
64,436,NORMAL,GREEN,False,0.0,0.0,0.0,0.0,0.11110204597311228,False,0.022682374898938294,0.0051964586826966225,0.3256487165176268,0.02099202033680513,0.7127424067965002,-0.3231421203768157,0.8771671746715473,0.0,0.0,-0.4384287967700715,0.5664888917136518,-0.24171623003915252,0.0,0.0,0.0,1.35,0,0,False,0,0,0,False,False,False,0
64,437,NORMAL,GREEN,False,0.0,0.0,0.0,0.0,0.09999184137580105,False,0.02255921186356939,0.005210729747920966,0.7900446752260827,0.018576940386641483,0.9395862968231161,-0.77382298936361,1.0959107498441032,0.0,0.0,-0.1841454409548025,0.9371455197231939,-0.10840327668361144,0.0,0.0,0.0,1.35,0,0,False,0,0,0,False,False,False,0
64,438,NORMAL,GREEN,False,0.0,0.0,0.0,0.0,0.08999265723822095,False,0.022471107695069544,0.005210729747920966,0.5636073561161338,0.019622406246907965,1.1438217492943707,-0.7471222497148046,1.2686007288925898,0.0,0.0,-0.9631266888070658,1.24194702181407,0.08985576005147211,0.0,0.0,0.0,1.35,0,0,False,0,0,0,False,False,False,0
64,439,NORMAL,GREEN,False,0.0,0.0,0.0,0.0,0.08099339151439885,False,0.022413604991685324,0.005210729747920966,0.3678480505036105,0.020554350915595647,1.2028041682676727,-0.2609903801220896,1.4160856731461835,0.0,0.0,-0.11830396040648065,1.5616655588191461,-0.12284194482612854,0.0,0.0,0.0,1.35,0,0,False,0,0,0,False,False,False,0
64,440,NORMAL,GREEN,False,0.0,0.0,0.0,0.0,0.07289405236295897,False,0.022484543548912054,0.005210729747920966,0.45379796854132715,0.02477822356590972,1.7376746186192564,0.6415915421513552,1.5723802154947935,0.0,0.0,-0.27491769625734896,1.9331148222547598,0.05656861438199595,0.0,0.0,0.0,1.35,0,0,False,0,0,0,False,False,False,0
64,441,NORMAL,GREEN,False,0.0,0.0,0.0,0.0,0.06560464712666307,False,0.02236019266424707,0.005316028142736841,0.7954796524395785,0.01833951406007931,1.766846046833928,-1.1174284236973,1.6557825630501561,0.0,0.0,-0.9411001130994383,2.244733087383538,0.12978489567285698,0.0,0.0,0.0,1.35,0,0,False,0,0,0,False,False,False,0
64,442,NORMAL,GREEN,False,0.0,0.0,0.0,0.0,0.05904418241399677,False,0.022328667415062182,0.005186017645846428,0.19767420549343276,0.021309351024750837,1.5970914951129593,-0.869643039652171,1.6414549395771354,0.0,0.0,-1.150362686360478,2.4305386260358044,0.029481009718008832,0.0,0.0,0.0,1.35,0,0,False,0,0,0,False,False,False,0
64,443,NORMAL,GREEN,False,0.0,0.0,0.0,0.0,0.053139764172597095,False,0.022146401130445498,0.005189250846009215,1.171523746245281,0.016253124594506042,1.5886976070888674,-1.4361725763161568,1.620333765443852,0.0,0.0,-1.7056679179509182,2.513541681261972,-0.029181820614326583,0.0,0.0,0.0,1.35,0,0,False,0,0,0,False,False,False,0
64,444,NORMAL,GREEN,False,0.0,0.0,0.0,0.0,0.047825787755337384,False,0.022049490416509658,0.005289418787268983,0.6225093423030252,0.018916043999250884,1.604342355905611,-0.8436984149316795,1.5230292535324679,0.0,0.0,-1.857054503895077,2.5662817947272014,0.06602032244866154,0.0,0.0,0.0,1.35,0,0,False,0,0,0,False,False,False,0
64,445,NORMAL,GREEN,False,0.0,0.0,0.0,0.0,0.04304320897980365,False,0.022029473154616234,0.0050978244403047405,0.12614657487890554,0.02138224835339554,1.4739847542494469,-0.7800901927270059,1.3512603090399131,0.0,0.0,-1.6868720558590202,2.57159294157102,0.29698084902298355,0.0,0.0,0.0,1.35,0,0,False,0,0,0,False,False,False,0
64,446,NORMAL,GREEN,False,0.0,0.0,0.0,0.0,0.03873888808182328,False,0.021988594922217983,0.004867538132134076,0.2672920110459794,0.020666865408007835,1.3440345139091157,-0.8805605381699045,1.1703601096503258,0.0,0.0,-1.5415604274402914,2.5366386143276696,0.22579670015346212,0.0,0.0,0.0,1.35,0,0,False,0,0,0,False,False,False,0
64,447,NORMAL,GREEN,False,0.0,0.0,0.0,0.0,0.03486499927364096,False,0.02194376889855366,0.004867538132134076,0.30697259030114743,0.020494394133407177,1.3992280659805478,-0.8024816685892926,0.954440061985075,0.0,0.0,-1.6556130119133758,2.5277687733952336,0.10000761727731776,0.0,0.0,0.0,1.35,0,0,False,0,0,0,False,False,False,0
64,448,NORMAL,GREEN,False,0.0,0.0,0.0,0.0,0.031378499346276865,False,0.0220840936235248,0.004912968712258274,0.9609561764892803,0.026621259730924995,0.8867707792851093,1.1511809872701655,0.7205336326557721,0.0,0.0,-0.4402546821220423,2.2336013640672094,0.43994171793320563,0.0,0.0,0.0,1.35,0,0,False,0,0,0,False,False,False,0
64,449,NORMAL,GREEN,False,0.0,0.0,0.0,0.0,0.02824064941164918,False,0.022042815419080743,0.005025106496594429,0.2800628761795737,0.02070815347538949,0.8305328726002504,-0.5884000396924985,0.45654693767602095,0.0,0.0,-1.156197407767919,2.001660124045493,0.43022987800986584,0.0,0.0,0.0,1.35,0,0,False,0,0,0,False,False,False,0
64,450,NORMAL,GREEN,False,0.0,0.0,0.0,0.0,0.02541658447048426,False,0.02188745866595651,0.005009688946391707,1.03053705249509,0.01686425698160639,0.4179068798358376,-0.6929138685201706,0.17426703330571824,0.0,0.0,-0.9805556930262843,1.6609325910947825,0.2767100823264064,0.0,0.0,0.0,1.35,0,0,False,0,0,0,False,False,False,0
64,451,NORMAL,GREEN,False,0.0,0.0,0.0,0.0,0.022874926023435837,False,0.021795825080406343,0.004934802693113732,0.609709082611257,0.01883300581428427,0.4064382281575297,-0.9519053569380561,-0.10077509310181211,0.0,0.0,-1.2033245977961906,1.4191036320497803,0.6918067301921683,0.0,0.0,0.0,1.35,0,0,False,0,0,0,False,False,False,0
64,452,NORMAL,GREEN,False,0.0,0.0,0.0,0.0,0.020587433421092254,False,0.021974667800585327,0.005046473287517282,1.2080369523760432,0.027757249086372546,-0.140919052336477,1.9772004666073513,-0.3873588185194584,0.0,0.0,0.3247338659025634,1.0378161017060366,0.6148857584602967,0.0,0.0,0.0,1.35,0,0,False,0,0,0,False,False,False,0
64,453,NORMAL,GREEN,False,0.0,0.0,0.0,0.0,0.01852869007898303,False,0.02212954360935895,0.005089157977316362,1.0229969852194816,0.027137194759706152,-0.3508749707656612,1.1530181364508583,-0.6090991539164593,0.0,0.0,0.29786281421779937,0.6583576320855251,0.9503729602648063,0.0,0.0,0.0,1.35,0,0,False,0,0,0,False,False,False,0
64,454,NORMAL,GREEN,False,0.0,0.0,0.0,0.0,0.016675821071084725,False,0.022059843203089836,0.005046473287517282,0.4565287393303365,0.019806196733721786,-0.7154116172166899,0.29987611680839615,-0.8195550302299774,0.0,0.0,0.0938727168972195,0.30117554375707445,0.8611975286470176,0.0,0.0,0.0,1.35,0,0,False,0,0,0,False,False,False,0
64,455,NORMAL,GREEN,False,0.0,0.0,0.0,0.0,0.015008238963976253,False,0.02189511989479296,0.005094211178445904,1.0880424071224042,0.01656906625986062,-1.0886316826201534,-1.4329247807315737,-1.006344527386124,0.0,0.0,0.11496184875648564,-0.056504911187689105,0.7835477903740055,0.0,0.0,0.0,1.35,0,0,False,0,0,0,False,False,False,0
64,456,NORMAL,GREEN,False,0.0,0.0,0.0,0.0,0.013507415067578629,False,0.02209049247720978,0.005073461943258354,1.2783960432281738,0.028407539308686936,-1.4698143184648236,1.7205949788539774,-1.1280598667156276,0.0,0.0,1.9726611232737157,-0.4644730630660057,0.9402556958798467,0.0,0.0,0.0,1.35,0,0,False,0,0,0,False,False,False,0
64,457,NORMAL,GREEN,False,0.0,0.0,0.0,0.0,0.012156673560820766,False,0.022121327081366438,0.004996433710196853,0.20258753294110435,0.02311831261576507,-1.510222594425659,-0.3562812722082318,-1.2039479738601724,0.0,0.0,0.8037702168303871,-0.7361699180693022,0.7853270413440921,0.0,0.0,0.0,1.35,0,0,False,0,0,0,False,False,False,0
64,458,NORMAL,GREEN,False,0.0,0.0,0.0,0.0,0.01094100620473869,False,0.02223325730301389,0.005399585576298687,0.7467340916850707,0.025852334469614952,-1.588598001960786,0.5120069233579194,-1.2402420107934153,0.0,0.0,1.1213083729132458,-0.9459012307170661,1.1851888226691152,0.0,0.0,0.0,1.35,0,0,False,0,0,0,False,False,False,0
64,459,NORMAL,GREEN,False,0.0,0.0,0.0,0.0,0.00984690558426482,False,0.02243031244537264,0.005670228045181358,1.216483126802161,0.028801762048305566,-1.5699179261835738,-0.8173437026043291,-1.2082037476497853,0.0,0.0,1.3958122618487059,-1.0881882033788821,0.6270602842717263,0.0,0.0,0.0,1.35,0,0,False,0,0,0,False,False,False,0
64,460,NORMAL,GREEN,False,0.0,0.0,0.0,0.0,0.008862215025838338,False,0.022533215702510455,0.005601186927134247,0.6049330898032258,0.025860421016633103,-1.731689578115902,-0.8164040130431162,-1.1399635494111915,0.0,0.0,0.29933686616836064,-1.2400544131265396,0.44140102859832625,0.0,0.0,0.0,1.35,0,0,False,0,0,0,False,False,False,0
64,461,NORMAL,GREEN,False,0.0,0.0,0.0,0.0,0.007975993523254505,False,0.022743564492173008,0.005648071877139906,1.251810806048667,0.029544842024595633,-1.6152460173099341,0.9809442933714474,-1.0206165098085738,0.0,0.0,0.9352207931178349,-1.3307297901063897,0.8000378752743386,0.0,0.0,0.0,1.35,0,0,False,0,0,0,False,False,False,0
64,462,NORMAL,GREEN,False,0.0,0.0,0.0,0.0,0.007178394170929054,False,0.02318112271256422,0.005719762906582536,2.582345680137873,0.03732883850521345,-1.406383930252718,0.686328063522799,-0.8458205174552964,0.0,0.0,1.4218384535415574,-1.3212455774638674,1.0683135367722367,0.0,0.0,0.0,1.35,0,0,False,0,0,0,False,False,False,0
64,463,NORMAL,GREEN,False,0.0,0.0,0.0,0.0,0.006460554753836149,False,0.023514385824764283,0.005762821249384631,1.9421732313212217,0.03428989311923289,-1.3771139315178234,-0.8480523234032886,-0.648735784906484,0.0,0.0,0.20738893734251698,-1.3377148439186817,0.2494494016857318,0.0,0.0,0.0,1.35,0,0,False,0,0,0,False,False,False,0
64,464,NORMAL,GREEN,False,0.0,0.0,0.0,0.0,0.005814499278452534,False,0.024114542476970674,0.00591991919789489,3.47142846784451,0.04351960756497736,-0.8447373606333303,1.441562957967035,-0.4041418468461053,0.0,0.0,1.2631908544084332,-1.2151407735699193,-1.6852651238718472,0.0,0.0,0.0,1.35,0,0,False,0,0,0,False,False,False,0
64,465,NORMAL,GREEN,False,0.0,0.0,0.0,0.0,0.005233049350607281,False,0.024573573553260265,0.00591991919789489,2.584669716735463,0.03941557835329049,-0.7468966512667908,1.2319635086453902,-0.14666814453025698,0.0,0.0,0.9349267288400566,-1.141013104395659,-0.31464847413975744,0.0,0.0,0.0,1.35,0,0,False,0,0,0,False,False,False,0
64,466,NORMAL,GREEN,False,0.0,0.0,0.0,0.0,0.004709744415546553,False,0.024900427664163477,0.00591991919789489,1.8404198884980338,0.03546871058336735,-0.3171576259409848,0.8002953234005125,0.13198627115743408,0.0,0.0,1.4458668275025575,-0.9082781790405892,0.3110267916768254,0.0,0.0,0.0,1.35,0,0,False,0,0,0,False,False,False,0
64,467,NORMAL,GREEN,False,0.0,0.0,0.0,0.0,0.004238769973991897,False,0.024915754149830906,0.005762821249384631,0.08629895755379201,0.025411310519744486,-0.35101767881872087,-0.40038687855916427,0.38790946397569304,0.0,0.0,-0.07092228459520396,-0.7692452511238811,0.1416895020678626,0.0,0.0,0.0,1.35,0,0,False,0,0,0,False,False,False,0
64,468,NORMAL,GREEN,False,0.0,0.0,0.0,0.0,0.0038148929765927076,False,0.02502277198993138,0.005762821249384631,0.6190130115632693,0.02848301548651329,0.127555419924503,0.7508026321885632,0.6593869850011719,0.0,0.0,0.9347468100265689,-0.46941418109923017,0.2095362165493279,0.0,0.0,0.0,1.35,0,0,False,0,0,0,False,False,False,0
64,469,NORMAL,GREEN,False,0.0,0.0,0.0,0.0,0.003433403678933437,False,0.02480347126608551,0.005762821249384631,1.2684801092826348,0.017712747861735673,0.14474387648583098,-1.223376062785009,0.8993109974983919,0.0,0.0,0.17905823980891258,-0.2409729806027819,-0.05583548789329843,0.0,0.0,0.0,1.35,0,0,False,0,0,0,False,False,False,0
64,470,NORMAL,GREEN,False,0.0,0.0,0.0,0.0,0.0030900633110400935,False,0.024689959930988978,0.005762821249384631,0.6565727108555273,0.021019760096201205,0.34114345923826306,-0.30208644548962044,1.1051094524237655,0.0,0.0,-0.4371292631189021,-0.026748918758244998,-0.05781190548602667,0.0,0.0,0.0,1.35,0,0,False,0,0,0,False,False,False,0
64,471,NORMAL,GREEN,False,0.0,0.0,0.0,0.0,0.002781056979936084,False,0.024630043933871828,0.005640921589341662,0.3465663461482739,0.022692760027084116,0.770588510404524,0.685259059398172,1.311366614083476,0.0,0.0,0.6457708142664365,0.3383136782829303,-0.24198331334040427,0.0,0.0,0.0,1.35,0,0,False,0,0,0,False,False,False,0
64,472,NORMAL,GREEN,False,0.0,0.0,0.0,0.0,0.0025029512819424757,False,0.0245884186061861,0.005423257853281462,0.2459723825055929,0.023242533011014224,0.5850811801564848,0.3023240148629189,1.4212691624307918,0.0,0.0,-0.46751518084977606,0.46033374403976973,-0.8308086524839834,0.0,0.0,0.0,1.35,0,0,False,0,0,0,False,False,False,0
64,473,NORMAL,GREEN,False,0.0,0.0,0.0,0.0,0.002252656153748228,False,0.02448927028239839,0.005407297454551877,0.6094019896651552,0.021283474479929197,0.9382606368463731,0.06813917627771608,1.5125802373551827,0.0,0.0,-0.2922613718040134,0.7714953869304697,-1.1012020994692284,0.0,0.0,0.0,1.35,0,0,False,0,0,0,False,False,False,0
64,474,NORMAL,GREEN,False,0.0,0.0,0.0,0.0,0.0020273905383734053,False,0.024264913393253974,0.005523629966381721,1.38305004197337,0.01701070731091792,0.58424611787566,-0.6893310399100464,1.5347190679916074,0.0,0.0,-1.0528033168827255,0.8172007224681058,-1.2604040588015533,0.0,0.0,0.0,1.35,0,0,False,0,0,0,False,False,False,0
64,475,NORMAL,GREEN,False,0.0,0.0,0.0,0.0,0.0018246514845360648,False,0.024050845002996906,0.005523629966381721,1.2918340026392332,0.01712930038468506,0.8099288982480718,-0.3837015958567969,1.5302805038558505,0.0,0.0,-0.28867988642335124,0.9485571754536903,-0.49638773233357497,0.0,0.0,0.0,1.35,0,0,False,0,0,0,False,False,False,0
64,476,NORMAL,GREEN,False,0.0,0.0,0.0,0.0,0.0016421863360824582,False,0.024061365037863734,0.005407297454551877,0.06348503267391416,0.02440151283189126,0.7938852542589258,-0.5000259894079544,1.4714859355490983,0.0,0.0,-0.43078361726328607,1.0098944339502194,-0.2508632053567888,0.0,0.0,0.0,1.35,0,0,False,0,0,0,False,False,False,0
64,477,NORMAL,GREEN,False,0.0,0.0,0.0,0.0,0.0014779677024742124,False,0.02392004179253236,0.005407297454551877,0.871188404923734,0.019350590193484517,0.4717437737191825,0.6043971749513962,1.3687530407048807,0.0,0.0,-0.5821772935671296,0.9531073957760257,0.17282152730331077,0.0,0.0,0.0,1.35,0,0,False,0,0,0,False,False,False,0
64,478,NORMAL,GREEN,False,0.0,0.0,0.0,0.0,0.0013301709322267913,False,0.02391059977590298,0.005364642465570883,0.058205395632730396,0.02360530790488631,0.28887259183797453,0.2957578803656614,1.221702531647465,0.0,0.0,-0.7516189698357371,0.8820317499595414,0.03436316681911722,0.0,0.0,0.0,1.35,0,0,False,0,0,0,False,False,False,0
64,479,NORMAL,GREEN,False,0.0,0.0,0.0,0.0,0.0011971538390041121,False,0.023766370396344674,0.005523629966381721,0.8961726743452463,0.019102953790626244,0.24669996908629188,-0.6299928717697532,1.0181397093087832,0.0,0.0,-0.8884416183143452,0.7835718343413454,0.2297479852511382,0.0,0.0,0.0,1.35,0,0,False,0,0,0,False,False,False,0
64,480,NORMAL,GREEN,False,0.0,0.0,0.0,0.0,0.001077438455103701,False,0.023641452204971207,0.005487763718961321,0.7538411765074415,0.01960243068389572,0.15455193819546295,-0.814598894054816,0.8388689084321733,0.0,0.0,-0.4974166903509873,0.7372896380795956,0.37523303752864895,0.0,0.0,0.0,1.35,0,0,False,0,0,0,False,False,False,0
64,481,NORMAL,GREEN,False,0.0,0.0,0.0,0.0,0.000969694609593331,False,0.023565883313133085,0.005379944232055014,0.4590144893751836,0.021122489143700518,0.05911139310452159,0.05617180215712845,0.6213601741238008,0.0,0.0,-0.5637051323034739,0.649052714317278,0.9806483545064407,0.0,0.0,0.0,1.35,0,0,False,0,0,0,False,False,False,0
64,482,NORMAL,GREEN,False,0.0,0.0,0.0,0.0,0.0008727251486339979,False,0.02350958903033123,0.0050831852772242605,0.3487909934483249,0.02168940721973803,-0.09925771763948908,0.21596030139702235,0.42263040267426405,0.0,0.0,0.3224326726246227,0.527194905680675,1.2356705860600192,0.0,0.0,0.0,1.35,0,0,False,0,0,0,False,False,False,0
64,483,NORMAL,GREEN,False,0.0,0.0,0.0,0.0,0.0007854526337705981,False,0.023545051178580644,0.005268080148658988,0.2325454501157238,0.024691660638644967,-0.3660983780678854,0.9666452955637858,0.17637758644764429,0.0,0.0,-0.4394922704649295,0.3166966637652886,1.4776688078492934,0.0,0.0,0.0,1.35,0,0,False,0,0,0,False,False,False,0
64,484,NORMAL,GREEN,False,0.0,0.0,0.0,0.0,0.0007069073703935383,False,0.02361217393442371,0.0052763241199317,0.4247135828672471,0.025782476373349423,-0.45320831942790923,1.0416382083877715,-0.0196178749384729,0.0,0.0,-0.16818967150817316,0.1658715089819035,0.9515432712023248,0.0,0.0,0.0,1.35,0,0,False,0,0,0,False,False,False,0
64,485,NORMAL,GREEN,False,0.0,0.0,0.0,0.0,0.0006362166333541845,False,0.023467634458371564,0.005487763718961321,0.9131324053560648,0.018794191399352254,-0.605492789712679,0.9271401970362998,-0.19551519042329826,0.0,0.0,0.6035673678093935,-0.027861050575817066,1.314530699017916,0.0,0.0,0.0,1.35,0,0,False,0,0,0,False,False,False,0
64,486,NORMAL,GREEN,False,0.0,0.0,0.0,0.0,0.0005725949700187661,False,0.023308521465770633,0.0055019569462266505,0.9664713518378195,0.018163868038340476,-0.46228247932563465,-0.8355809400507216,-0.3353134916851702,0.0,0.0,-0.03355769967068856,-0.0833897533260329,1.0138436777951743,0.0,0.0,0.0,1.35,0,0,False,0,0,0,False,False,False,0
64,487,NORMAL,GREEN,False,0.0,0.0,0.0,0.0,0.0005153354730168896,False,0.023153030483694246,0.0055019569462266505,0.9420344045829236,0.01812548872989113,-0.728481571104413,0.06197097548023472,-0.4440843127919816,0.0,0.0,0.7254265784682314,-0.27308616088375715,0.5943579838988708,0.0,0.0,0.0,1.35,0,0,False,0,0,0,False,False,False,0
64,488,NORMAL,GREEN,False,0.0,0.0,0.0,0.0,0.00046380192571520063,False,0.02317815393401734,0.005379944232055014,0.15220917798665445,0.023990478827797368,-0.5863089221495641,0.12915295162606824,-0.4859875006952221,0.0,0.0,0.8500517854488828,-0.35097062424590225,0.7575918217746452,0.0,0.0,0.0,1.35,0,0,False,0,0,0,False,False,False,0
64,489,NORMAL,GREEN,False,0.0,0.0,0.0,0.0,0.0004174217331436806,False,0.02319620860243848,0.005379944232055014,0.11186403701342093,0.02377997621472208,-0.5902591089328155,-0.17825296484188038,-0.5220496158822632,0.0,0.0,0.22937813823774258,-0.3767739489504398,0.10831306610749201,0.0,0.0,0.0,1.35,0,0,False,0,0,0,False,False,False,0
64,490,NORMAL,GREEN,False,0.0,0.0,0.0,0.0,0.00037567955982931254,False,0.023225696309485837,0.005487763718961321,0.18270144184557305,0.024179132170683706,-0.21354850951037924,1.8417399566307888,-0.4969051068694213,0.0,0.0,0.8534811923942673,-0.33620332486325366,-0.3362402407869278,0.0,0.0,0.0,1.35,0,0,False,0,0,0,False,False,False,0
64,491,NORMAL,GREEN,False,0.0,0.0,0.0,0.0,0.0003381116038463813,False,0.023226105181930804,0.005364642465570883,0.002483540144380068,0.02323932539098475,-0.17992924852289624,-0.33558382685664306,-0.4431298401978145,0.0,0.0,0.5482576633599536,-0.27834046146138436,-1.0244358465114098,0.0,0.0,0.0,1.35,0,0,False,0,0,0,False,False,False,0
64,492,NORMAL,GREEN,False,0.0,0.0,0.0,0.0,0.0003043004434617432,False,0.023173028363131107,0.005084507283220151,0.3297940738227665,0.021456877888607572,0.017905592611316,0.7751754088632207,-0.3576615779514538,0.0,0.0,0.7641534591895457,-0.2204467105150472,-0.3051670087439165,0.0,0.0,0.0,1.35,0,0,False,0,0,0,False,False,False,0
64,493,NORMAL,GREEN,False,0.0,0.0,0.0,0.0,0.0002738703991155689,False,0.023033770872693014,0.005084507283220151,0.91295303347399,0.018531112015194674,0.05565594802843435,-0.5146195447994719,-0.24662407579768195,0.0,0.0,0.4059708505995062,-0.1654911944139978,0.062564838292086,0.0,0.0,0.0,1.35,0,0,False,0,0,0,False,False,False,0
64,494,NORMAL,GREEN,False,0.0,0.0,0.0,0.0,0.000246483359204012,False,0.02293742524605966,0.0049999095850970865,0.6316287319278735,0.019822249984914633,0.3644426170024863,-0.5888326395324973,-0.10197401760366691,0.0,0.0,0.24322115835549007,0.02841794401211535,-0.0735440776824433,0.0,0.0,0.0,1.35,0,0,False,0,0,0,False,False,False,0
64,495,NORMAL,GREEN,False,0.0,0.0,0.0,0.0,0.0002218350232836108,False,0.022808593504887315,0.005053776902952314,0.8588938058423037,0.01864303387364821,0.35394781169134426,-0.6095734079663465,0.05285062126577364,0.0,0.0,0.4236602151041357,0.1528270650471394,-0.014749544177751307,0.0,0.0,0.0,1.35,0,0,False,0,0,0,False,False,False,0
64,496,NORMAL,GREEN,False,0.0,0.0,0.0,0.0,0.00019965152095524974,False,0.022908381789660547,0.005100427863872581,0.6581762952703007,0.026134869663995083,0.856616556635827,-0.20275515782969863,0.22090924263309983,0.0,0.0,-0.2482784008626972,0.38178144273496495,-0.7521229138181553,0.0,0.0,0.0,1.35,0,0,False,0,0,0,False,False,False,0
64,497,NORMAL,GREEN,False,0.0,0.0,0.0,0.0,0.00017968636885972477,False,0.02295296574414386,0.005053776902952314,0.29137395053405346,0.024394513605771065,0.7307275966855661,1.231080381831826,0.38676417814883146,0.0,0.0,0.5141458157377802,0.504309231637777,-0.5800790805174798,0.0,0.0,0.0,1.35,0,0,False,0,0,0,False,False,False,0
64,498,NORMAL,GREEN,False,0.0,0.0,0.0,0.0,0.0001617177319737523,False,0.02302501884670659,0.0049999095850970865,0.47524260202727847,0.02535473582956828,0.83544385235899,-0.24782991757213266,0.5402517968093388,0.0,0.0,0.4822414667127614,0.635497454299637,-0.8695612146229049,0.0,0.0,0.0,1.35,0,0,False,0,0,0,False,False,False,0
64,499,NORMAL,GREEN,False,0.0,0.0,0.0,0.0,0.00014554595877637707,False,0.023101209646326674,0.0049999095850970865,0.507947849344985,0.025564712167376033,1.2925990413604906,1.1386458314720187,0.717723952672777,0.0,0.0,0.23236409965533886,0.8328130256044647,-0.789297355493375,0.0,0.0,0.0,1.35,0,0,False,0,0,0,False,False,False,0
64,500,BACKDOOR_PERIODIC,AMBER,True,3.0,3.0,0.0,0.0,2.6101309913628987,False,0.028292848747873377,0.005128761887123077,34.611553223689576,0.19615584636455013,4.183344644211422,33.31686891795492,1.1833994565438912,0.0,3.0,15.791984232669781,0.8226308056423429,-0.8587130762380513,0.0,0.0,0.0,1.27,0,0,True,1,1,24,False,False,False,0
64,501,BACKDOOR_PERIODIC,AMBER,True,3.0,0.36391254247864,0.0,0.0,3.2008475580598614,False,0.032572217102038954,0.005128761887123077,27.81287471420023,0.17093846055339268,4.45565016991456,1.8219189961904316,1.6547011692837994,0.0,0.36391254247864,11.288376644177136,1.684839484311618,-0.4715339008494657,0.0,0.0,0.0,1.19,0,0,True,1,2,24,False,False,False,0
64,502,BACKDOOR_PERIODIC,AMBER,True,3.0,0.47614959862859485,0.0,0.0,3.807354584539148,False,0.035674977618190794,0.005268080148658988,20.16575399962855,0.1359975676404336,4.904598394514379,0.26156557597256064,2.1142446487794566,0.0,0.47614959862859485,6.925613779672682,2.9615246143276033,0.041861363461813676,0.0,0.0,0.0,1.1099999999999999,0,0,True,1,3,24,False,False,False,0
64,503,BACKDOOR_PERIODIC,AMBER,True,2.710464857608839,0.5056718441975341,0.0,0.0,4.3141266122595825,False,0.037941599567000814,0.005379944232055014,14.341859430435356,0.11122904257852499,5.022687376790136,0.5022808606054531,2.5047919418347915,0.0,0.5056718441975341,4.839569301645396,4.128503087280717,0.4505314813072544,0.0,0.0,0.0,1.0299999999999998,0,0,True,1,4,24,False,False,False,0
64,504,BACKDOOR_PERIODIC,AMBER,True,1.624171023342524,0.5514318573771944,0.0,0.0,4.580225717642745,False,0.03955504765483489,0.005576082064600504,9.996684093370096,0.09172320249480337,5.205727429508777,0.7004419999974493,2.8801348833097946,0.0,0.5514318573771944,3.3086890234952877,5.134044265504751,0.6315798860445412,0.0,0.0,0.0,1.0,0,0,True,1,5,24,False,False,False,0
64,505,BACKDOOR_PERIODIC,AMBER,True,0.6192466381306174,0.6341342427553092,0.0,0.0,4.670877753336777,False,0.04055489268031126,0.005661638539182648,5.97698655252247,0.07288321517071383,5.536536971021237,-0.14328203354131394,3.220496289233793,0.0,0.6341342427553092,2.023222272804934,6.128885362023374,0.7881662886003031,0.0,0.0,0.0,1.0,0,0,True,1,6,24,False,False,False,0
64,506,BACKDOOR_PERIODIC,AMBER,True,0.010318347483252333,0.6221036199196095,0.0,0.0,4.620827717028579,False,0.04115637497737806,0.005695332907715101,3.5412733899330093,0.06060430258253797,5.488414479678438,-0.17492326304141653,3.506769489915529,0.0,0.6221036199196095,0.6230938166021693,6.717101085170588,0.8335714144384365,0.0,0.0,0.0,1.0,0,0,True,1,7,24,False,False,False,0
64,507,BACKDOOR_PERIODIC,AMBER,False,0.0,0.4927632249030378,0.0,0.0,4.487418016336047,False,0.041358482866171976,0.005695332907715101,1.1828860113405848,0.04789330460384195,4.971052899612151,0.5352605899010798,3.660933357812863,0.0,0.4927632249030378,0.07579655310090162,6.853503394371295,0.940029964242451,0.0,0.0,0.0,1.0,0,0,True,1,8,24,False,False,False,0
64,508,BACKDOOR_PERIODIC,AMBER,False,0.0,0.39857499330678303,0.0,0.0,4.304525735238067,False,0.041378137344861114,0.005695332907715101,0.11503265924111462,0.042013632155809874,4.594299973227132,0.12861219137156485,3.7188973367718865,0.0,0.39857499330678303,-0.3959016140877436,6.650872071686281,0.9671796202846094,0.0,0.0,0.0,1.0,0,0,True,1,9,24,False,False,False,0
64,509,BACKDOOR_PERIODIC,AMBER,False,0.0,0.3183837644644385,0.0,0.0,4.086435132612041,False,0.04149170172277254,0.005729991811242561,0.6646633875583491,0.045163616608575576,4.273535057857754,-0.5464500780939459,3.742622088652071,0.0,0.3183837644644385,0.2126719615744902,6.367021952135316,0.8758105747935623,0.0,0.0,0.0,1.0,0,0,True,1,10,24,False,False,False,0
64,510,BACKDOOR_PERIODIC,AMBER,False,0.0,0.19017745993388402,0.0,0.0,3.804639985126738,False,0.04160704861610092,0.005892052464304107,0.6710125548059755,0.04533659816705173,3.760709839735536,0.7010814676556458,3.701747044534718,0.0,0.19017745993388402,0.5620271293634693,5.823231637475398,1.1207210549100337,0.0,0.0,0.0,1.0,0,0,True,1,11,24,False,False,False,0
64,511,BACKDOOR_PERIODIC,AMBER,False,0.0,0.1463663400424532,0.0,0.0,3.5218023354223806,False,0.041890555685159904,0.005856816009812037,1.6038953645698024,0.05105728425140036,3.1378382730886174,1.1179386843964925,3.5854653601698128,0.0,0.1463663400424532,1.7651546022270745,5.056754168956516,1.3568954893037093,0.0,0.0,0.0,1.0,0,0,True,1,12,24,False,False,False,0
64,512,BACKDOOR_PERIODIC,AMBER,False,0.0,0.1031773767319819,0.0,0.0,3.238441412160374,False,0.04227923923486468,0.005767109239541691,2.212143646272478,0.05484667400865253,2.483968654152405,1.7342862042030045,3.4127095069279276,0.0,0.1031773767319819,2.0839267330694256,4.263406902916028,1.4639171100654715,0.0,0.0,0.0,1.015,0,0,True,1,13,24,False,False,False,0
64,513,BACKDOOR_PERIODIC,AMBER,False,0.0,0.05866937665438021,0.0,0.0,2.9537297451728084,False,0.04286941769857966,0.005754442187712872,3.4111744099249015,0.06195185469203075,1.777135389460722,2.107608441673661,3.234677506617521,0.0,0.05866937665438021,3.315019452254531,3.2922309014849542,1.4696547015921455,0.0,0.0,0.0,1.0299999999999998,0,0,True,1,14,24,False,False,False,0
64,514,BACKDOOR_PERIODIC,AMBER,True,0.13126857397351865,0.021054569124656974,0.0,0.0,2.699047688778298,False,0.0435642794186888,0.005772209964940098,4.025074295894075,0.06603147503555121,1.309853285505749,3.0677406208775704,3.084218276498628,0.0,0.021054569124656974,4.0831503778236815,2.428238365662552,1.0731699077626535,0.0,0.0,0.0,1.0,0,0,True,1,15,24,False,False,False,0
64,515,BACKDOOR_PERIODIC,AMBER,True,0.4450609923320499,0.3333326324748529,0.0,0.0,2.7418231672046014,False,0.044478639724400935,0.005887433370924834,5.2802439693281995,0.0740429562757599,0.5917438365346193,4.333330529899412,2.9752888373672794,0.0,0.3333326324748529,5.234941077502404,1.5222074520911217,0.5455839187232764,0.0,0.0,0.0,1.0,0,0,True,1,16,24,False,False,False,0
64,516,BACKDOOR_PERIODIC,AMBER,False,0.0,0.0,0.0,0.0,2.467640850484141,False,0.04503492583542478,0.006071006236363672,3.1495677656473617,0.06302151009186238,0.23011093004527033,2.5289434473152306,2.8970578074656403,0.0,0.0,4.722838339202122,0.8365316804802104,1.21403358641673,0.0,0.0,0.0,1.015,0,0,True,1,17,24,False,False,False,0
64,517,BACKDOOR_PERIODIC,AMBER,True,0.6522918397718469,0.3237273023490377,0.0,0.0,2.5692181195762203,False,0.04614758962950505,0.006375748504424441,6.109167359087388,0.0821237189714337,0.2288170081036716,4.294909209396151,2.944930170857096,0.0,0.3237273023490377,5.801844865663318,0.3125050017361242,1.3050568192802403,0.0,0.0,0.0,1.0,0,0,True,1,18,24,False,False,False,0
64,518,BACKDOOR_PERIODIC,AMBER,True,0.3320062572185989,0.008857002973508,0.0,0.0,2.385601198817304,False,0.04707105783022014,0.0064154291027367335,4.8280250288743956,0.07692986298667474,0.1025921012927144,1.7016192354387596,3.035428011894032,0.0,0.008857002973508,4.872973090123524,0.06730162274273706,1.10183430735568,0.0,0.0,0.0,1.0,0,0,True,1,19,24,False,False,False,0
64,519,BACKDOOR_PERIODIC,AMBER,True,0.6131532209036696,0.0715844150295819,0.0,0.0,2.3192579876037493,False,0.048216714808146155,0.0064154291027367335,5.9526128836146786,0.08525962376108738,0.6329739595817057,3.2543660211021233,3.2863376601183276,0.0,0.0715844150295819,5.556685143891999,0.02631682488513921,2.526542365544079,0.0,0.0,0.0,1.0,0,0,True,1,20,24,False,False,False,0
64,520,BACKDOOR_PERIODIC,AMBER,True,0.3861982608963095,0.15889046847490118,0.18859190076929988,0.0,2.4193778365804466,False,0.04918765017141917,0.006589504437423097,5.044793043585238,0.08058122691724671,0.9377530515181288,1.7990271222234437,3.6355618738996047,0.0,0.15889046847490118,5.068212916858279,0.11201058856386423,3.7543676030771995,0.0,0.0,0.18859190076929988,1.0,0,0,True,1,21,24,False,False,False,0
64,521,BACKDOOR_PERIODIC,AMBER,True,0.5312553001120266,0.28424952539560655,0.24569923687055162,0.0,2.6672618147536546,False,0.05029963323624772,0.006768357855819886,5.625021200448106,0.08625375233237097,1.7441632054233251,2.552540407563235,4.136998101582426,0.0,0.28424952539560655,4.945815078813381,0.4762200235348054,3.9827969474822065,0.0,0.0,0.24569923687055162,1.0,0,0,True,1,22,24,False,False,False,0
64,522,BACKDOOR_PERIODIC,AMBER,True,0.18445522080193832,0.4370889000622511,0.24247335644105927,0.0,2.919374977535954,False,0.051160125884240217,0.006789628374241686,4.237820883207753,0.07898272150266449,2.2296202555635958,3.0508940715582167,4.748355600249004,0.0,0.4370889000622511,5.46364523076218,1.018777316087482,3.969893425764237,0.0,0.0,0.24247335644105927,1.0,0,0,True,1,23,24,False,False,False,0
64,523,BACKDOOR_PERIODIC,AMBER,True,0.13555616394743764,0.6254610809568999,0.04168154972812654,0.0,3.104774575499064,False,0.051983481980780503,0.006882652244091878,4.0422246557897505,0.07860532910224964,2.997753054998714,1.9667020088010858,5.5018443238276,0.0,0.6254610809568999,4.626379340421225,1.7809957558828582,3.166726198912506,0.0,0.0,0.04168154972812654,1.0,0,0,True,1,24,24,False,False,False,0
64,524,BACKDOOR_PERIODIC,AMBER,False,0.0,0.8268285694919928,0.0,0.0,3.3457917738003164,False,0.052547632031074244,0.006782557147641844,2.7322318503888474,0.07078848365723861,3.47728391595995,1.2176196085050066,6.307314277967971,0.0,0.8268285694919928,3.4954848893623804,2.5829204002026067,2.4513653859405684,0.0,0.0,0.0,1.0,0,0,True,1,25,24,False,False,False,0
64,525,BACKDOOR_PERIODIC,AMBER,False,0.0,1.06022404644174,0.0,0.0,3.7183820353969255,False,0.05307250931382227,0.006809500797304287,2.579544712132249,0.07004354145600855,4.217964480043511,2.145277707413068,7.24089618576696,0.0,1.06022404644174,3.6502941695237503,3.4885619770561878,1.646624756651236,0.0,0.0,0.0,1.0,0,0,True,1,26,24,False,False,False,0
64,526,BACKDOOR_PERIODIC,AMBER,False,0.0,1.2986395506754516,0.0,0.0,4.212736412157759,False,0.05333236142312062,0.006920880537364027,1.2720076308736983,0.06173424629043386,4.5067435188086575,1.9710648051793294,8.194558202701806,0.0,1.2986395506754516,3.3454462298330454,4.191640429397664,0.48005095945143206,0.0,0.0,0.0,1.0,0,0,True,1,27,24,False,False,False,0
64,527,BACKDOOR_PERIODIC,AMBER,False,0.0,1.5532044531802338,0.0,0.0,4.827450141213199,False,0.05345782748205885,0.006996569268577889,0.604287553011399,0.05751456338772854,5.006601263857447,0.6926970716546268,9.212817812720935,0.0,1.5532044531802338,2.296632190629441,4.9317890266692075,-0.08808154613711414,0.0,0.0,0.0,1.0,0,0,True,1,28,24,False,False,False,0
64,528,BACKDOOR_PERIODIC,AMBER,False,0.0,1.7916048425163145,0.0,0.0,5.539705557050261,False,0.05332696592866888,0.007334734983444051,0.6234558127303841,0.04909577570239319,5.1402683101342355,-0.4131340044748894,10.166419370065258,0.0,1.7916048425163145,1.8232163696824053,5.5435890669538,-0.23783491914013075,0.0,0.0,0.0,1.0,0,0,True,1,29,24,False,False,False,0
64,529,BACKDOOR_PERIODIC,AMBER,False,0.0,2.0329098761633184,0.0,0.0,6.341685888746168,False,0.05312507931233329,0.007469934952550115,0.9174910740528641,0.04659741205081568,5.44983414150696,0.9711907944932628,11.131639504653274,0.0,2.0329098761633184,1.646822404475633,6.146121798015916,-0.46126639213032294,0.0,0.0,0.0,1.0,0,0,True,1,30,24,False,False,False,0
64,530,BACKDOOR_PERIODIC,AMBER,False,0.0,2.2511764396337557,0.0,0.0,7.2090519851072665,False,0.052692917635498646,0.00755699888240267,1.9284490854774843,0.038719690084511725,5.264134934993083,1.2427091418469065,12.004705758535023,0.0,2.2511764396337557,1.3839016344333988,6.312921920474708,-0.4770853981333479,0.0,0.0,0.0,1.0,0,0,True,1,31,24,False,False,False,0
64,531,BACKDOOR_PERIODIC,AMBER,False,0.0,2.4425803588105817,0.0,0.0,8.117347885923198,False,0.052205415610563806,0.007740571747841507,2.150333452565169,0.03644285013767059,5.293239979594699,0.1565332869672668,12.770321435242327,0.0,2.4425803588105817,1.422927615112242,6.403749723220724,-0.5288575629139353,0.0,0.0,0.0,1.0,0,0,True,1,32,24,False,False,False,0
64,532,BACKDOOR_PERIODIC,AMBER,False,0.0,2.4953804822905594,0.0,0.0,8.97003187901868,False,0.0516049641572292,0.00819274291789767,2.5857325655650896,0.032190367166076934,4.6910161919321665,1.8508392653300814,12.981521929162238,0.0,2.4953804822905594,1.4666017189645089,6.0563026805641185,-0.40674944176376665,0.0,0.0,0.0,1.0,0,0,True,1,33,24,False,False,False,0
64,533,BACKDOOR_PERIODIC,AMBER,False,0.0,2.5126733537976125,0.0,0.0,9.74898181809982,False,0.05130967560677312,0.008578445741006973,1.2014232327938115,0.041762012475359975,4.819948048353472,0.9743450357220658,13.05069341519045,0.0,2.5126733537976125,2.0753651848409387,5.881083371202422,-0.4863293565312307,0.0,0.0,0.0,1.0,0,0,True,1,34,24,False,False,False,0
64,534,BACKDOOR_PERIODIC,AMBER,False,0.0,2.4667896207262494,0.0,0.0,10.419432313314246,False,0.050809965150915244,0.008578445741006973,1.9417288047458334,0.03465266041151066,4.465127404105407,-0.2152461174060842,12.867158482904998,0.0,2.4667896207262494,1.5656546961031281,5.527053588174893,-0.44744120681485255,0.0,0.0,0.0,1.0,0,0,True,1,35,24,False,False,False,0
64,535,BACKDOOR_PERIODIC,AMBER,False,0.0,2.3620770464068435,0.0,0.0,10.952994471936186,False,0.05030778388991859,0.00896353622405701,1.9513296314898771,0.0340705897843602,3.7497461746653813,3.3355927819495745,12.448308185627374,0.0,2.3620770464068435,3.2937375188755955,4.866178161054741,-0.30250358039367475,0.0,0.0,0.0,1.0,0,0,True,1,36,24,False,False,False,0
64,536,BACKDOOR_PERIODIC,AMBER,False,0.0,2.2048880992876745,0.0,0.0,11.328355386967447,False,0.04983926065076271,0.009432843582934721,1.742330361010942,0.034690342584722686,3.165999226424295,1.9504185029106564,11.819552397150698,0.0,2.2048880992876745,2.9234245119063034,4.142672086987439,0.08491152861719282,0.0,0.0,0.0,1.0,0,0,True,1,37,24,False,False,False,0
64,537,BACKDOOR_PERIODIC,AMBER,False,0.0,2.0025522853166855,0.0,0.0,11.531222222576933,False,0.04962820058826901,0.0094900556575742,0.7458339952953923,0.042803925234306005,3.073651643961623,2.664781634205227,11.010209141266742,0.0,2.0025522853166855,4.059851354291669,3.5858912362360362,0.23994423961531272,0.0,0.0,0.0,1.0,0,0,True,1,38,24,False,False,False,0
64,538,BACKDOOR_PERIODIC,AMBER,False,0.0,1.7607988007851625,0.0,0.0,11.552552800442943,False,0.04908632203555387,0.009586891773827105,1.9033205995395583,0.0315655821644311,2.2568521248098063,2.1427426802081557,10.04319520314065,0.0,1.7607988007851625,3.7882760803539055,2.9564277604699662,-0.007225537476022824,0.0,0.0,0.0,1.0,0,0,True,1,39,24,False,False,False,0
64,539,BACKDOOR_PERIODIC,AMBER,False,0.0,1.5273018856756955,0.0,0.0,11.416007878144338,False,0.04900973983599334,0.009823712249393234,0.26627399636659443,0.046533582050202894,2.0557035589125188,3.5920307007509993,9.109207542702782,0.0,1.5273018856756955,5.321397890189951,2.427233789414975,-0.15312337621633132,0.0,0.0,0.0,1.0,0,0,True,1,40,24,False,False,False,0
64,540,BACKDOOR_PERIODIC,AMBER,False,0.0,1.2938555953691289,0.0,0.0,11.137408772441114,False,0.04882923906617346,0.00984025576356815,0.6124662627105004,0.0429930475086641,1.4356348646513688,2.125366313707038,8.175422381476515,0.0,1.2938555953691289,4.944205509371437,1.8756442811425826,-0.4020471520700198,0.0,0.0,0.0,1.0,0,0,True,1,41,24,False,False,False,0
64,541,BACKDOOR_PERIODIC,AMBER,False,0.0,1.0744364976680372,0.0,0.0,10.740317039141583,False,0.048746539189379996,0.010056067835630726,0.2801413526250136,0.04607257650639139,1.4703084671803082,3.457926707543258,7.297745990672149,0.0,1.0744364976680372,5.252030691897928,1.676711651778965,-1.0520896029354982,0.0,0.0,0.0,1.0,0,0,True,1,42,24,False,False,False,0
64,542,BACKDOOR_PERIODIC,AMBER,False,0.0,0.8825359298681683,0.0,0.0,10.254936800449492,False,0.04853436618608146,0.010117624042146478,0.7033000929275389,0.04167410574609527,0.9909484883860202,3.881279240174002,6.530143719472673,0.0,0.8825359298681683,5.535986664769454,1.4916017800970278,-0.2995471786976493,0.0,0.0,0.0,1.0,0,0,True,1,43,24,False,False,False,0
64,543,BACKDOOR_PERIODIC,AMBER,False,0.0,0.7406670628900054,0.0,0.0,9.723468051352176,False,0.04847227702809359,0.010383843983420736,0.20455776879771148,0.04646472758648589,1.3285504227090825,2.552994373600601,5.962668251560022,0.0,0.7406670628900054,5.409593076995755,1.7403840466546088,1.9189632484782233,0.0,0.0,0.0,1.0,0,0,True,1,44,24,False,False,False,0
64,544,BACKDOOR_PERIODIC,AMBER,False,0.0,0.6400900244998862,0.00468888132693035,0.0,9.18173268663737,False,0.04843330296045958,0.010441624347486928,0.12511123913983502,0.0471731414402931,1.6440542227271364,0.8106416910232848,5.560360097999545,0.0,0.6400900244998862,4.4850106264970275,2.1143815689037204,3.0187555253077214,0.0,0.0,0.00468888132693035,1.0,0,0,True,1,45,24,False,False,False,0
64,545,BACKDOOR_PERIODIC,AMBER,False,0.0,0.602332821536377,0.14831807550276666,0.0,8.781448463057064,False,0.048512559199331534,0.01079189388667443,0.25301375927214237,0.051075177589524776,2.0228811330709093,3.1594528619906233,5.409331286145508,0.0,0.602332821536377,4.883747317918602,2.554886348339415,3.5932723020110666,0.0,0.0,0.14831807550276666,1.0,0,0,True,1,46,24,False,False,False,0
64,546,BACKDOOR_PERIODIC,AMBER,False,0.0,0.6190794840848137,0.1913103817819486,0.0,8.466025661571194,False,0.04848205325675512,0.01132439412280639,0.0942248657395187,0.0474956944467845,2.452942133828208,3.7733734694875523,5.476317936339255,0.0,0.6190794840848137,5.102686469511189,3.1846203705358236,3.7652415271277944,0.0,0.0,0.1913103817819486,1.0,0,0,True,1,47,24,False,False,False,0
64,547,BACKDOOR_PERIODIC,AMBER,False,0.0,0.6901004917968097,0.19697208252804932,0.0,8.23394926406201,False,0.04828338427346684,0.011789671966440589,0.584781787981579,0.041859753813812316,2.794834227280504,0.8284445025763337,5.760401967187239,0.0,0.6901004917968097,4.0549904072559615,3.836808352353764,3.7878883301121973,0.0,0.0,0.19697208252804932,1.0,0,0,True,1,48,24,False,False,False,0
64,548,BACKDOOR_PERIODIC,AMBER,False,0.0,0.8040715817902626,0.1373121109512656,0.0,8.054385465584755,False,0.04802818716997845,0.012270491738805534,0.7215272944398892,0.03977681415718715,3.183407105955598,0.727150053037632,6.2162863271610505,0.0,0.8040715817902626,3.080088695027806,4.531957795891615,3.5492484438050624,0.0,0.0,0.1373121109512656,1.0,0,0,True,1,49,24,False,False,False,0
64,549,BACKDOOR_PERIODIC,AMBER,False,0.0,0.9564946300886832,0.004103934876785509,0.0,7.890142218303954,False,0.047796104968083966,0.012825104002309266,0.6304615626786443,0.040292113773495716,3.527770365164415,3.1929856275563733,6.825978520354733,0.0,0.9564946300886832,3.3787820876732066,5.129315097800531,3.016415739507142,0.0,0.0,0.004103934876785509,1.0,0,0,True,1,50,24,False,False,False,0
64,550,BACKDOOR_PERIODIC,AMBER,False,0.0,1.1404979279721796,0.0,0.0,7.861840114431002,False,0.047486513922723045,0.01291543333461412,0.8046485634871032,0.03747640345605312,3.9836278367659426,2.8411069550938675,7.5619917118887185,0.0,1.1404979279721796,2.85740602196252,5.716444770528399,2.4133225191694665,0.0,0.0,0.0,1.0,0,0,True,1,51,24,False,False,False,0
64,551,BACKDOOR_PERIODIC,AMBER,False,0.0,1.331967099249007,0.0,0.0,7.9640781581869895,False,0.04679360676202565,0.01291543333461412,1.7883182668504396,0.024389608566143528,3.989670886527225,1.2410373132751344,8.327868396996028,0.0,1.331967099249007,2.36003627924551,6.09872336726724,1.8345825876784159,0.0,0.0,0.0,1.0,0,0,True,1,52,24,False,False,False,0
64,552,BACKDOOR_PERIODIC,AMBER,False,0.0,1.5142703347307402,0.0,0.0,8.177688655633695,False,0.04602566970221137,0.012825104002309266,1.981962302821503,0.021195704768216247,3.9191600805776883,-0.5678891481828506,9.057081338922961,0.0,1.5142703347307402,1.1552950426384003,6.303315699031915,1.4619098794444172,0.0,0.0,0.0,1.0,0,0,True,1,53,24,False,False,False,0
64,553,BACKDOOR_PERIODIC,AMBER,False,0.0,1.6912980745610118,0.0,0.0,8.48801560580252,False,0.0454530925719574,0.01262499156744696,1.4881676077139288,0.026939765360412458,4.0743201983831305,1.266228870242315,9.765192298244047,0.0,1.6912980745610118,1.48889402402898,6.401131718653909,0.8425486689366369,0.0,0.0,0.0,1.0,0,0,True,1,54,24,False,False,False,0
64,554,BACKDOOR_PERIODIC,AMBER,False,0.0,1.8521731496005147,0.0,0.0,8.874613536005812,False,0.04482551869280951,0.01262499156744696,1.6569618437503524,0.024533963267027833,4.192060807055422,1.0809395910930553,10.408692598402059,0.0,1.8521731496005147,1.7892710636551044,6.413190551610821,0.26963364392695555,0.0,0.0,0.0,1.0,0,0,True,1,55,24,False,False,False,0
64,555,BACKDOOR_PERIODIC,AMBER,False,0.0,1.9797125331281888,0.0,0.0,9.307620442001733,False,0.04436324865765318,0.013021484611539581,1.2205157595201181,0.0294165175209319,4.024725806996583,2.9175395239925623,10.918850132512755,0.0,1.9797125331281888,2.335654215561979,6.066228290362166,-0.5097765449877852,0.0,0.0,0.0,1.0,0,0,True,1,56,24,False,False,False,0
64,556,BACKDOOR_PERIODIC,AMBER,False,0.0,2.081492539034173,0.0,0.0,9.765213921337352,False,0.04392935372891002,0.013129345481836283,1.110715461631877,0.029900084366214615,4.122067388072698,2.5307402507049983,11.325970156136693,0.0,2.081492539034173,2.6438191479841837,5.817579896146059,-1.1898162324081092,0.0,0.0,0.0,1.0,0,0,True,1,57,24,False,False,False,0
64,557,BACKDOOR_PERIODIC,AMBER,False,0.0,2.114585248287532,0.0,0.0,10.1991208898114,False,0.04312062855862866,0.012825104002309266,2.053225403607477,0.01697184805286471,3.595451541383627,1.271688443296998,11.458340993150127,0.0,2.114585248287532,1.8910155103052104,5.327736066463384,-1.811013283504996,0.0,0.0,0.0,1.0,0,0,True,1,58,24,False,False,False,0
64,558,BACKDOOR_PERIODIC,AMBER,False,0.0,2.1156449291389143,0.0,0.0,10.590343968565916,False,0.04270998655903464,0.013451474575621675,1.0672869904734597,0.02943256190549488,3.2659289624290953,3.7109782967714646,11.462579716555657,0.0,2.1156449291389143,3.752831200836629,4.470756520564583,-1.6110816120922467,0.0,0.0,0.0,1.0,0,0,True,1,59,24,False,False,False,0
64,559,BACKDOOR_PERIODIC,AMBER,False,0.0,2.0615882241609325,0.0,0.0,10.906388917224668,False,0.04214042196349267,0.013451474575621675,1.4114055980504405,0.023724500040969036,2.8897147358395063,0.796485883164544,11.24635289664373,0.0,2.0615882241609325,3.2532881675004703,3.6700553436585843,-0.7369165851368056,0.0,0.0,0.0,1.0,0,0,True,1,60,24,False,False,False,0
64,560,BACKDOOR_PERIODIC,AMBER,False,0.0,1.976120618373339,0.0,0.0,11.133822477957217,False,0.04171496191557338,0.013510848338923496,1.05430832267355,0.02795842036618308,2.561210941496797,3.8163554609601906,10.904482473493356,0.0,1.976120618373339,5.187078781341811,2.83844391918026,0.14760209462978718,0.0,0.0,0.0,1.0,0,0,True,1,61,24,False,False,False,0
64,561,BACKDOOR_PERIODIC,AMBER,False,0.0,1.85662466861801,0.0,0.0,11.258808884129708,False,0.04137395046391821,0.013436665371542103,0.841327509817303,0.030347913527067633,2.4096585053043293,2.7832944068056023,10.42649867447204,0.0,1.85662466861801,5.6718920640598345,2.1895928533350824,1.1690362580961946,0.0,0.0,0.0,1.0,0,0,True,1,62,24,False,False,False,0
64,562,BACKDOOR_PERIODIC,AMBER,False,0.0,1.726551164723316,0.0,0.0,11.28453762258719,False,0.04104409479773698,0.013477370961605721,0.8182974397795669,0.030378761591210543,2.3210949730464105,0.6943282490676891,9.906204658893264,0.0,1.726551164723316,4.790681490569907,1.8727206643556853,1.5236067113639942,0.0,0.0,0.0,1.0,0,0,True,1,63,24,False,False,False,0
64,563,BACKDOOR_PERIODIC,AMBER,False,0.0,1.5734258116902167,0.0,0.0,11.205558876725846,False,0.04057446837882033,0.013436665371542103,1.1615183709407275,0.025389880833848834,1.7753526150279328,3.775938609438871,9.293703246760867,0.0,1.5734258116902167,5.420351982649377,1.3589426342890643,1.6756370017644915,0.0,0.0,0.0,1.0,0,0,True,1,64,24,False,False,False,0
64,564,BACKDOOR_PERIODIC,AMBER,False,0.0,1.4524220897245375,0.0,0.0,11.053768522899528,False,0.040264353785631216,0.013589331210159244,0.7693242944188429,0.030237315272516604,2.1126977257231574,3.437324947024789,8.80968835889815,0.0,1.4524220897245375,6.22839034559484,1.2726078128786167,1.096179571124557,0.0,0.0,0.0,1.0,0,0,True,1,65,24,False,False,False,0
64,565,BACKDOOR_PERIODIC,AMBER,False,0.0,1.318420244633824,0.0,0.0,10.827777973780336,False,0.039972113983002586,0.014079839027870963,0.7168363625580891,0.030523027031343547,2.069843239887501,1.216073844198447,8.273680978535296,0.0009731771163702385,1.318420244633824,5.776328651982765,1.3178947022085825,-0.15375914704967683,0.0,0.0,0.0,1.0,0,0,True,1,66,24,False,False,False,0
64,566,BACKDOOR_PERIODIC,AMBER,False,0.0,1.2012182936859122,0.0,0.0,10.546212778290805,False,0.03978064388230401,0.014248255026284995,0.4532961404827685,0.03358977729305002,2.2731605944235813,1.6764254879535938,7.804873174743649,0.003148538030837922,1.2012182936859122,5.002215297490096,1.5566073952279702,-0.9048612978890606,0.0,0.0,0.0,1.0,0,0,True,1,67,24,False,False,False,0
64,567,BACKDOOR_PERIODIC,AMBER,False,0.0,1.1398081492770118,0.0,0.0,10.251843536029492,False,0.039454451694888204,0.014248255026284995,0.7631161074673155,0.028907570968443794,2.6624002221594534,5.377163336763898,7.559232597108047,0.002860074446547234,1.1398081492770118,6.672138909349406,2.0541271190225956,-1.0358051048073804,0.0,0.0,0.0,1.0,0,0,True,1,68,24,False,False,False,0
64,568,BACKDOOR_PERIODIC,AMBER,False,0.0,1.1174462663292561,0.0,0.0,9.971995842068157,False,0.03941314004351779,0.014343381980850922,0.09664727667633576,0.03807739664920785,3.261834658146152,1.8537231325831816,7.469785065317025,0.002650288127145073,1.1174462663292561,5.712126617785105,2.915365592447546,0.1326262016661757,0.0,0.0,0.0,1.0,0,0,True,1,69,24,False,False,False,0
64,569,BACKDOOR_PERIODIC,AMBER,False,0.0,1.1124842586049162,0.0,0.0,9.716823258350821,False,0.039315867776726375,0.014026273862199496,0.2260560931428826,0.03617073115047061,3.5347925585236646,2.7301589748467188,7.449937034419665,0.0033153782692665335,1.1124842586049162,4.3046013165591095,3.7247739091915304,0.3213636846110746,0.0,0.0,0.0,1.0,0,0,True,1,70,24,False,False,False,0
64,570,BACKDOOR_PERIODIC,AMBER,False,0.0,1.1554937554869538,0.0,0.0,9.515855267425538,False,0.0389620020445614,0.014026273862199496,0.8409592256207019,0.027520343371227194,3.8127846490376496,3.1599304534568176,7.621975021947815,0.005812677285480072,1.1554937554869538,4.445516162210735,4.522049577244714,0.7377356483416525,0.0,0.0,0.0,1.0,0,0,True,1,71,24,False,False,False,0
64,571,BACKDOOR_PERIODIC,AMBER,False,0.0,1.2272118764116748,0.0,0.0,9.382820062249571,False,0.038643275357071565,0.013553682235456686,0.7574515527576927,0.02833777912823375,4.253770214266015,1.9177202319515918,7.908847505646699,0.009161502692401902,1.2272118764116748,4.098141637089663,5.435772775442014,0.6364575034374721,0.0,0.0,0.0,1.0,0,0,True,1,72,24,False,False,False,0
64,572,BACKDOOR_PERIODIC,AMBER,False,0.0,1.3301805829345472,0.0,0.0,9.331768504841957,False,0.03851208554172534,0.013867814061988008,0.32264249440896264,0.034270281512197374,4.516004515754803,1.465948759684605,8.320722331738189,0.01624133517226023,1.3301805829345472,3.5537349500855164,6.288252475219469,0.6518900125412399,0.0,0.0,0.0,1.0,0,0,True,1,73,24,False,False,False,0
64,573,BACKDOOR_PERIODIC,AMBER,False,0.0,1.4532258922824606,0.0,0.0,9.367893324510163,False,0.038321684801044954,0.013904604175408883,0.45765621947651963,0.03216539418571259,4.890601898336556,3.0393772040695004,8.812903569129842,0.025259113423885426,1.4532258922824606,2.7352617381892532,7.130894449347178,0.35530906119043804,0.0,0.0,0.0,1.0,0,0,True,1,74,24,False,False,False,0
64,574,BACKDOOR_PERIODIC,AMBER,False,0.0,1.5900083797492974,0.0,0.0,9.49163958135193,False,0.03783835403302338,0.013671780747592647,1.1586827929422419,0.022210659200325833,4.8026179610732695,1.6482689053855173,9.36003351899719,0.03823578319319154,1.5900083797492974,2.169773573308747,7.570292425820976,0.1952455482570843,0.0,0.0,0.0,1.0,0,0,True,1,75,24,False,False,False,0
64,575,BACKDOOR_PERIODIC,AMBER,False,0.0,1.7193136236305278,0.0,0.0,9.6892578101783,False,0.0373216258643283,0.013671780747592647,1.259841172692056,0.020614081743187587,4.898623500700716,-0.3179355525254044,9.877254494522111,0.05450305518499354,1.7193136236305278,1.3957699236368655,7.91456264505732,0.02319278494214931,0.0,0.0,0.0,1.0,0,0,True,1,76,24,False,False,False,0
64,576,BACKDOOR_PERIODIC,AMBER,False,0.0,1.8140286840373152,0.0,0.0,9.930289161413357,False,0.036949276328971964,0.013671780747592647,0.9078298875389674,0.024909974685783848,4.626692848560905,0.49403632468367475,10.25611473614926,0.07270153385708933,1.8140286840373152,0.458487983132265,7.930817663823462,0.33574629179063664,0.0,0.0,0.0,1.0,0,0,True,1,77,24,False,False,False,0
64,577,BACKDOOR_PERIODIC,AMBER,False,0.0,1.896948362785983,0.0,0.0,10.202524803250272,False,0.03634937065342884,0.013671780747592647,1.462637254108877,0.016952420477534445,4.656386903646282,0.6280430187911276,10.587793451143932,0.09245856696904553,1.896948362785983,0.9078992055327484,7.855677273717903,0.6336907582491623,0.0,0.0,0.0,1.0,0,0,True,1,78,24,False,False,False,0
64,578,BACKDOOR_PERIODIC,AMBER,False,0.0,1.9552026099045712,0.0,0.0,10.486392463731594,False,0.035685466708535854,0.013671780747592647,1.618672205544946,0.014219239156996116,4.481216608722907,0.6052921366196078,10.820810439618285,0.11216415515407763,1.9552026099045712,1.9294090237714667,7.575381100158856,0.8358465243212693,0.0,0.0,0.0,1.0,0,0,True,1,79,24,False,False,False,0
64,579,BACKDOOR_PERIODIC,AMBER,False,0.0,1.9778247664907669,0.0,0.0,10.756962336607776,False,0.035363389099734036,0.013560667031069043,0.785261297822116,0.024949546415141834,4.306641065273619,-0.1796115614462719,10.911299065963068,0.1345483294765668,1.9778247664907669,1.9997421294991422,7.1860365870066385,0.991830270094903,0.0,0.0,0.0,1.0,0,0,True,1,80,24,False,False,False,0
64,580,BACKDOOR_PERIODIC,AMBER,False,0.0,1.9630015745847706,0.0,0.0,10.990588153195041,False,0.03480919448387147,0.013671780747592647,1.3622599699381677,0.01689023523764842,3.8362550979718115,2.7505690546565127,10.852006298339083,0.1534043242834915,1.9630015745847706,2.7291055004496254,6.473715118523483,1.092361070666409,0.0,0.0,0.0,1.0,0,0,True,1,81,24,False,False,False,0
64,581,BACKDOOR_PERIODIC,AMBER,False,0.0,1.9120343717624237,0.0,0.0,11.166856263841074,False,0.03448817238862485,0.013671780747592647,0.7826878375082705,0.024108457975650976,3.4025914729663786,1.7994511437979848,10.648137487049695,0.16958431040824629,1.9120343717624237,3.0252016602422107,5.693161155644738,1.3526103133055178,0.0,0.0,0.0,1.0,0,0,True,1,82,24,False,False,False,0
64,582,BACKDOOR_PERIODIC,AMBER,False,0.0,1.819298856032181,0.0,0.0,11.263642974430432,False,0.034118654379882214,0.013560667031069043,0.9009263083930638,0.022170905430536847,2.9979487512310716,1.8831941808072017,10.277195424128724,0.1852730732903326,1.819298856032181,2.4424543090365343,4.882869224726901,1.2436212537218838,0.0,0.0,0.0,1.0,0,0,True,1,83,24,False,False,False,0
64,583,BACKDOOR_PERIODIC,AMBER,False,0.0,1.7044632766772496,0.0,0.0,11.274155682531115,False,0.03375456516254482,0.013506392288615533,0.8949638846506701,0.021982347135302394,2.4629896577863644,2.7775921609934784,9.817853106708998,0.19956378448113832,1.7044632766772496,3.8392819723740637,3.969181853043748,1.1508176801002648,0.0,0.0,0.0,1.0,0,0,True,1,84,24,False,False,False,0
64,584,BACKDOOR_PERIODIC,AMBER,False,0.0,1.5721433765606796,0.0,0.0,11.195359746443977,False,0.033544746099079134,0.013506392288615533,0.5178265692819178,0.026760596380355287,1.7016166042486576,4.321661073945109,9.288573506242718,0.20673079595237198,1.5721433765606796,5.43508079519758,2.8799769438739093,1.0620229336185947,0.0,0.0,0.0,1.0,0,0,True,1,85,24,False,False,False,0
64,585,BACKDOOR_PERIODIC,AMBER,False,0.0,1.437493696250196,0.0,0.0,11.034632067198459,False,0.033223452060371916,0.013506392288615533,0.7929431532406813,0.02283494480883871,1.9441996534653407,2.312513104337059,8.749974785000784,0.21273801088651279,1.437493696250196,5.825381552476181,2.2771593025135037,0.15965767459707422,0.0,0.0,0.0,1.0,0,0,True,1,86,24,False,False,False,0
64,586,BACKDOOR_PERIODIC,AMBER,False,0.0,1.2916894840898108,0.0,0.0,10.792725746366516,False,0.032941968943870734,0.013506392288615533,0.6946911025195023,0.02384068151033269,1.5791997009502463,3.0489437189443307,8.166757936359243,0.21980226137734582,1.2916894840898108,5.73345654798982,1.693063792667933,0.7591711965358563,0.0,0.0,0.0,1.0,0,0,True,1,87,24,False,False,False,0
64,587,BACKDOOR_PERIODIC,AMBER,False,0.0,1.1645352796524513,0.0,0.0,10.49019820325805,False,0.03282833570142687,0.013506392288615533,0.28044311665089094,0.029154194195741834,1.7782954178267933,2.205267949171044,7.658141118609805,0.22262188437987518,1.1645352796524513,5.354417479151939,1.52153565177546,1.322845039218478,0.0,0.0,0.0,1.0,0,0,True,1,88,24,False,False,False,0
64,588,BACKDOOR_PERIODIC,AMBER,False,0.0,1.0549067579598566,0.0,0.0,10.144801190491469,False,0.032815230333948876,0.01352686868852939,0.03234361724914307,0.03239149011882711,1.7686945005799704,5.756824694815812,7.219627031839426,0.22154532346924494,1.0549067579598566,6.817715267696115,1.4129004079785075,1.2797832098609476,0.0,0.0,0.0,1.0,0,0,True,1,89,24,False,False,False,0
64,589,BACKDOOR_PERIODIC,AMBER,False,0.0,0.9802411304355934,0.0,0.0,9.784141905442864,False,0.03287399044104874,0.013656680329249129,0.1447984956283964,0.03477390057061079,2.0570527501990767,1.340287037368585,6.920964521742373,0.2209262668235913,0.9802411304355934,6.390077717412898,1.6242342000968726,0.4208710205598839,0.0,0.0,0.0,1.0,0,0,True,1,90,24,False,False,False,0
64,590,BACKDOOR_PERIODIC,AMBER,False,0.0,0.9384339820962906,0.0,0.0,9.431663180956802,False,0.03316634161920853,0.013774176390044131,0.713573067323078,0.04261902971304178,2.1227551827882114,1.1970104203118472,6.753735928385162,0.2202091454375963,0.9384339820962906,5.640851607479263,1.9967094594342643,-0.9034621289196342,0.0,0.0,0.0,1.0,0,0,True,1,91,24,False,False,False,0
64,591,BACKDOOR_PERIODIC,AMBER,False,0.0,0.9288996705901591,0.0,0.0,9.108072943144759,False,0.03329357180368016,0.013774176390044131,0.3078954435431714,0.037407347768263044,2.3852696547164043,2.7538992304138934,6.715598682360636,0.21979496002993493,0.9288996705901591,5.171094932706585,2.4221185264272465,-0.4315607856810419,0.0,0.0,0.0,1.0,0,0,True,1,92,24,False,False,False,0
64,592,BACKDOOR_PERIODIC,AMBER,False,0.0,0.968921567554154,0.0,0.0,8.843536334388904,False,0.0335387163612031,0.013774176390044131,0.5932467408120949,0.04146505705444475,2.934049135804339,2.8619486562196346,6.875686270216616,0.2209941217341197,0.968921567554154,5.29230096914852,3.27584740895982,0.4792852264830456,0.0,0.0,0.0,1.0,0,0,True,1,93,24,False,False,False,0
64,593,BACKDOOR_PERIODIC,AMBER,False,0.0,1.0566404951472632,0.0,0.0,8.663961911213239,False,0.03364749324436726,0.013774176390044131,0.26323868685846374,0.03716461246667517,3.597767384501251,2.9728810007162143,7.226561980589053,0.22523838809220498,1.0566404951472632,5.4896518186101355,4.29939543778732,0.8770179239433618,0.0,0.0,0.0,1.0,0,0,True,1,94,24,False,False,False,0
64,594,BACKDOOR_PERIODIC,AMBER,False,0.0,1.17591527867268,0.0,0.0,8.581901210966592,False,0.0339095796512573,0.013828451132497642,0.6342458028427491,0.04238370680736844,4.127886913943946,1.316989743163629,7.70366111469072,0.23210163873611755,1.17591527867268,4.72823646817734,5.4133122197155235,1.1460459099556186,0.0,0.0,0.0,1.0,0,0,True,1,95,24,False,False,False,0
64,595,BACKDOOR_PERIODIC,AMBER,False,0.0,1.322887706092466,0.0,0.0,8.606077189833607,False,0.034036255570819435,0.01453647042017753,0.30535094723283324,0.0381321103033284,4.340460484728993,-0.3024699840116924,8.291550824369864,0.2427425761493085,1.322887706092466,3.3136300852510145,6.3772887157472855,1.2527045232176572,0.0,0.0,0.0,1.0,0,0,True,1,96,24,False,False,False,0
64,596,BACKDOOR_PERIODIC,AMBER,False,0.0,1.4828948777081843,0.0,0.0,8.734560354281605,False,0.03396871586789576,0.01488945818366755,0.15487414521644652,0.03178493214003028,4.659760991396212,0.8444374792691932,8.931579510832737,0.2590305301119875,1.4828948777081843,2.7642763796646834,7.33611376446471,1.01030696982611,0.0,0.0,0.0,1.0,0,0,True,1,97,24,False,False,False,0
64,597,BACKDOOR_PERIODIC,AMBER,False,0.0,1.6461661783631873,0.0,0.0,8.959097159821692,False,0.034053147463154715,0.014595343306522105,0.1890187321738113,0.03678310237652758,4.685283121875359,1.3134656868499488,9.58466471345275,0.2766898104833585,1.6461661783631873,2.800334726909803,7.953850629855237,0.816841207006694,0.0,0.0,0.0,1.0,0,0,True,1,98,24,False,False,False,0
64,598,BACKDOOR_PERIODIC,AMBER,False,0.0,1.805707638784205,0.0,0.0,9.267594438908587,False,0.03387208387592113,0.014522887652327383,0.41351907803970966,0.028017694555368646,4.941556809519274,0.7352996305434661,10.22283055513682,0.2999364250218004,1.805707638784205,1.8076345344381093,8.52441319564182,0.5170434512885628,0.0,0.0,0.0,1.0,0,0,True,1,99,24,False,False,False,0
64,599,BACKDOOR_PERIODIC,AMBER,False,0.0,1.9412127989566255,0.0,0.0,9.635623931921797,False,0.033878951942655264,0.014468415129199353,0.015763776687191172,0.034101019433725586,4.67199827885088,0.8445436424645342,10.764851195826502,0.32618234627669784,1.9412127989566255,1.514907524304283,8.634857857803341,0.39932518657225996,0.0,0.0,0.0,1.0,0,0,True,1,100,24,False,False,False,0
64,600,BACKDOOR_PERIODIC,AMBER,False,0.0,2.0395917654030495,0.0,0.0,10.032469246253452,False,0.033459509700132645,0.014679943851900319,0.9663399867391639,0.019897543858568043,4.738051669406203,-1.8554780937215327,11.158367061612198,0.35620080363427353,2.0395917654030495,-0.2656402536340651,8.79425995392948,0.08312884921717026,0.0,0.0,0.0,1.0,0,0,True,1,101,24,False,False,False,0
64,601,BACKDOOR_PERIODIC,AMBER,False,0.0,2.100936047820967,0.0,0.0,10.430546665524693,False,0.033314855678729376,0.014468415129199353,0.32846179536429976,0.028637708986690352,4.362411741183856,0.013699308180075712,11.403744191283868,0.38602165786363474,2.100936047820967,-0.05495103596928109,8.588300448808809,-0.05235188142554868,0.0,0.0,0.0,1.0,0,0,True,1,102,24,False,False,False,0
64,602,BACKDOOR_PERIODIC,AMBER,False,0.0,2.1358200259981976,0.0,0.0,10.812083956313021,False,0.033286986325419536,0.014118445375594642,0.06420733959910516,0.03238587723506804,4.316610030397125,1.147248332233189,11.54328010399279,0.4147771999848794,2.1358200259981976,1.088303085851875,8.252914032433015,-0.3976354577110719,0.0,0.0,0.0,1.0,0,0,True,1,103,24,False,False,False,0
64,603,BACKDOOR_PERIODIC,AMBER,False,0.0,2.116818744122444,0.0,0.0,11.142793663011389,False,0.03335570482051298,0.013969352930720942,0.1622428278877001,0.03557760282853403,3.777639290202691,2.3755584106702985,11.467274976489776,0.44447010078555693,2.116818744122444,1.5796605989101442,7.547173617243828,-0.6991158323598123,0.0,0.0,0.0,1.0,0,0,True,1,104,24,False,False,False,0
64,604,BACKDOOR_PERIODIC,AMBER,False,0.0,2.055990225776292,0.0,0.0,11.399859777303037,False,0.03346535009143502,0.013826326902161944,0.26163290327002126,0.03701054718458108,3.2286062703880924,4.014559123761551,11.223960903105167,0.4737651378261887,2.055990225776292,3.639355375081197,6.4910954183421765,-1.3028007308202407,0.0,0.0,0.0,1.0,0,0,True,1,105,24,False,False,False,0
64,605,BACKDOOR_PERIODIC,AMBER,False,0.0,1.945310159809646,0.0,0.0,11.557395676165768,False,0.033172612393706086,0.01375062614015522,0.7057494970775766,0.023707426833804057,2.78509713355554,1.1895753190016785,10.781240639238584,0.5002754174710404,1.945310159809646,1.9970659033964373,5.52824121241372,-1.5299026739454178,0.0,0.0,0.0,1.0,0,0,True,1,106,24,False,False,False,0
64,606,BACKDOOR_PERIODIC,AMBER,False,0.0,1.8092315414077365,0.0,0.0,11.608413546668151,False,0.03289663917706979,0.013696845284080687,0.6689955153639224,0.023973505172496322,2.1524900062155394,1.541719951688109,10.236926165630946,0.5245740600370732,1.8092315414077365,2.729896006026482,4.468247763323952,-1.2595333241015032,0.0,0.0,0.0,1.0,0,0,True,1,107,24,False,False,False,0
64,607,BACKDOOR_PERIODIC,AMBER,False,0.0,1.6339892668208975,0.0,0.0,11.537443032970875,False,0.032573975684584706,0.013696845284080687,0.7852501453019463,0.02214118942756715,1.1643890332618227,2.9818323247659673,9.53595706728359,0.5422756743486807,1.6339892668208975,4.263376872903851,3.077863078367072,-1.0873603218534895,0.0,0.0,0.0,1.0,0,0,True,1,108,24,False,False,False,0
64,608,BACKDOOR_PERIODIC,AMBER,False,0.0,1.4559945883457033,0.0,0.0,11.354847120100374,False,0.03251511101122262,0.013610719960841412,0.14325603728740316,0.03061181990584865,0.698387603739988,2.834292327964308,8.823978353382813,0.5564724181800575,1.4559945883457033,5.201694885899631,1.8260344393907295,-0.8675568080711964,0.0,0.0,0.0,1.0,0,0,True,1,109,24,False,False,False,0
64,609,BACKDOOR_PERIODIC,AMBER,False,0.0,1.274803232067137,0.0,0.0,11.069656163879117,False,0.032405676481492354,0.013471608313492237,0.26801063192617297,0.028867293353547336,0.2512615938673128,3.0100123980209044,8.099212928268548,0.5669748087738005,1.274803232067137,6.130374140256282,0.7566190792801946,-0.7898852404031289,0.0,0.0,0.0,1.0,0,0,True,1,110,24,False,False,False,0
64,610,BACKDOOR_PERIODIC,AMBER,False,0.0,1.099416347316704,0.0,0.0,10.696001251151447,False,0.03243353974289137,0.01380655909806321,0.06894316983941692,0.03333445186145955,-0.0569096120699707,2.2740966772287075,7.397665389266816,0.5734684009379487,1.099416347316704,5.676922471074677,-0.0339756380586159,0.10543788888204943,0.0,0.0,0.0,1.0,0,0,True,1,111,24,False,False,False,0
64,611,BACKDOOR_PERIODIC,AMBER,False,0.0,0.9386493907715663,0.0,0.0,10.252480269680937,False,0.03268523877951859,0.013992960348443904,0.6076798591149918,0.04082350763046523,-0.13243845712907365,3.1418091348418127,6.754597563086265,0.5778765449078973,0.9386493907715663,6.604445246117769,-0.6653732962288889,0.31462300321894754,0.0,0.0,0.0,1.0,0,0,True,1,112,24,False,False,False,0
64,612,BACKDOOR_PERIODIC,AMBER,False,0.0,0.8298351975097835,0.0,0.0,9.78073231945187,False,0.03287993154340306,0.014371944147326711,0.46378740699216586,0.03917499757566758,0.23313877622448004,3.621576061809833,6.319340790039134,0.579559848013341,0.8298351975097835,7.0655386812444165,-0.8823784043457026,-0.04804149816508866,0.0,0.0,0.0,1.0,0,0,True,1,113,24,False,False,False,0
64,613,BACKDOOR_PERIODIC,AMBER,False,0.0,0.7679308321279572,0.0,0.0,9.314868952536031,False,0.03297062480377034,0.014412965485406867,0.21034792843051306,0.03590304022231227,0.7209956062371902,3.3865071249193988,6.071723328511829,0.579272570558494,0.7679308321279572,7.58932456653917,-0.7036221622679872,-0.5708059064533839,0.0,0.0,0.0,1.0,0,0,True,1,114,24,False,False,False,0
64,614,BACKDOOR_PERIODIC,AMBER,False,0.0,0.7463635866032619,0.0,0.0,8.881206569546805,False,0.03322878498601592,0.014439785643625472,0.5970554371269927,0.041575964211956196,1.439147591873094,2.212393888797521,5.985454346413047,0.5790538954623832,0.7463635866032619,6.685137670241523,-0.17237820895102404,0.9512833143974173,0.0,0.0,0.0,1.0,0,0,True,1,115,24,False,False,False,0
64,615,BACKDOOR_PERIODIC,AMBER,False,0.0,0.7807132018917755,0.0,0.0,8.513821618253939,False,0.033560083841725055,0.014443105128991572,0.7647824879713231,0.0442720801763204,2.0356816528595187,1.7768463679071207,6.122852807567102,0.5796353507253256,0.7807132018917755,5.879009129552194,0.6261030982349358,1.4777998861859785,0.0,0.0,0.0,1.0,0,0,True,1,116,24,False,False,False,0
64,616,BACKDOOR_PERIODIC,AMBER,False,0.0,0.8888862321082938,0.0,0.0,8.255326573244776,False,0.033802184096008527,0.014323794277161671,0.5587447023366764,0.041630092317840775,2.8510836471942236,3.3912122500181616,6.555544928433175,0.581601564010624,0.8888862321082938,6.135859033878452,1.802378827137558,1.6907217440538715,0.0,0.0,0.0,1.0,0,0,True,1,117,24,False,False,False,0
64,617,BACKDOOR_PERIODIC,AMBER,False,0.0,1.0257613709307805,0.0,0.0,8.11397675033113,False,0.03392211826677041,0.014534585137194952,0.2791024231922328,0.037799989788071385,3.440424222084249,3.493970980590889,7.103045483723122,0.5882755593534612,1.0257613709307805,5.473760071604815,3.0420571787752952,1.3814782030719974,0.0,0.0,0.0,1.0,0,0,True,1,118,24,False,False,False,0
64,618,BACKDOOR_PERIODIC,AMBER,False,0.0,1.2130855832594205,0.0,0.0,8.11170715933205,False,0.03378536994602151,0.014378929677978063,0.3136159247250952,0.029363840908473392,4.289364473712252,2.2892136136491645,7.852342333037682,0.598287406034371,1.2130855832594205,4.930421186356339,4.5083475525159855,0.8625332851387802,0.0,0.0,0.0,1.0,0,0,True,1,119,24,False,False,False,0
64,619,BACKDOOR_PERIODIC,AMBER,False,0.0,1.4084133483420835,0.0,0.0,8.239948146743016,False,0.03338553403077681,0.014378929677978063,0.9269023592139729,0.020457506104531828,4.569826218967009,-0.050543906185273824,8.633653393368334,0.6111072528340384,1.4084133483420835,3.473319966472375,5.821320962565175,0.35528051338100464,0.0,0.0,0.0,1.0,0,0,True,1,120,24,False,False,False,0
64,620,BACKDOOR_PERIODIC,AMBER,False,0.0,1.6223683878591633,0.0,0.0,8.498073046770777,False,0.03287248845352547,0.014378929677978063,1.1893457736220157,0.016284014789065434,4.847297044383528,0.5792825539406262,9.489473551436653,0.6301402155199443,1.6223683878591633,3.1390606732066715,6.989277210388054,-0.007553968420616434,0.0,0.0,0.0,1.0,0,0,True,1,121,24,False,False,False,0
64,621,BACKDOOR_PERIODIC,AMBER,False,0.0,1.847421392760566,0.0,0.0,8.880495811064996,False,0.0326689900509928,0.01386777190503046,0.471751391538631,0.026089208369103202,5.466636870799655,0.9648845824931729,10.389685571042264,0.653552314492394,1.847421392760566,2.8233972961726073,8.188759891819917,-0.33726568052344336,0.0,0.0,0.0,1.0,0,0,True,1,122,24,False,False,False,0
64,622,BACKDOOR_PERIODIC,AMBER,False,0.0,2.0534323694524192,0.0,0.0,9.36208562038326,False,0.032201115729591806,0.01386777190503046,1.124608251431457,0.017073179337626213,5.385842410198437,2.130506705737006,11.213729477809677,0.6833191264768566,2.0534323694524192,1.348596815215551,8.948866313242847,-0.8340900063066538,0.0,0.0,0.0,1.0,0,0,True,1,123,24,False,False,False,0
64,623,BACKDOOR_PERIODIC,AMBER,False,0.0,2.220592872719474,0.0,0.0,9.907012504448822,False,0.0318420065924239,0.01386777190503046,0.8631743191508147,0.020230811157328343,5.197613553895882,-0.029119229449056476,11.882371490877896,0.7145294626985745,2.220592872719474,0.8412719136313112,9.377323952094024,-1.3012759401909477,0.0,0.0,0.0,1.0,0,0,True,1,124,24,False,False,False,0
64,624,BACKDOOR_PERIODIC,AMBER,False,0.0,2.37315952811688,0.0,0.0,10.4992086592579,False,0.03155454531952455,0.014378929677978063,0.6909576026775034,0.02225996416244562,5.674705731532734,0.924288044181647,12.49263811246752,0.7503773940043341,2.37315952811688,0.9746605718449516,9.926483854016423,-1.8641028768125918,0.0,0.0,0.0,1.0,0,0,True,1,125,24,False,False,False,0
64,625,BACKDOOR_PERIODIC,AMBER,False,0.0,2.4729307788580535,0.0,0.0,11.09873262283043,False,0.03125432120428891,0.014378929677978063,0.6959816016891427,0.021547074811669828,5.639219183761149,-0.34814244983062986,12.891723115432214,0.7892666507215755,2.4729307788580535,0.4059725819744335,10.377825716164816,-1.8047913507677595,0.0,0.0,0.0,1.0,0,0,True,1,126,24,False,False,False,0
64,626,BACKDOOR_PERIODIC,AMBER,False,0.0,2.508332447823195,0.0,0.0,11.661917103245457,False,0.03134155729988279,0.01386777190503046,0.20223131472595382,0.034162191057418446,5.262982031474818,2.5419180965279002,13.03332979129278,0.8258948199326566,2.508332447823195,0.5017580784702903,10.227526709296171,-1.6756956079723302,0.0,0.0,0.0,1.0,0,0,True,1,127,24,False,False,False,0
64,627,BACKDOOR_PERIODIC,AMBER,False,0.0,2.4752459050142326,0.0,0.0,12.146714411565405,False,0.031000270918557154,0.013997374372574173,0.8203345705973012,0.01996534458902831,4.644117291515121,0.7753688487745329,12.90098362005693,0.8596759977968369,2.4752459050142326,-0.038736672593996144,9.6762954458609,-1.4381413078821135,0.0,0.0,0.0,1.0,0,0,True,1,128,24,False,False,False,0
64,628,BACKDOOR_PERIODIC,AMBER,False,0.0,2.3847952260362093,0.0,0.0,12.522701386175017,False,0.030846941622868253,0.013480590853462858,0.3651382314227117,0.025889294395593832,4.227390162033472,1.6328526654650166,12.539180904144837,0.8890981581269728,2.3847952260362093,1.6901352224893338,8.934541953440876,-1.0824732482344328,0.0,0.0,0.0,1.0,0,0,True,1,129,24,False,False,False,0
64,629,BACKDOOR_PERIODIC,AMBER,False,0.0,2.2489343687725696,0.0,0.0,12.770470471528819,False,0.030793705410756125,0.012872304021637868,0.131636693304259,0.029072401219130763,3.763534323297047,1.9732599241513422,11.995737475090278,0.9158654053105373,2.2489343687725696,2.035809664235016,8.059201037305847,-1.0077465645342076,0.0,0.0,0.0,1.0,0,0,True,1,130,24,False,False,False,0
64,630,BACKDOOR_PERIODIC,AMBER,False,0.0,2.065663536788454,0.0,0.0,12.871221003413835,False,0.03102348411177935,0.012530815954156496,0.5950209085516129,0.03845299544486367,3.3903722680791923,2.494090268915658,11.262654147153816,0.9402218120137993,2.065663536788454,3.239041386290532,7.0835729594725825,-0.8191508988411254,0.0,0.0,0.0,1.0,0,0,True,1,131,24,False,False,False,0
64,631,BACKDOOR_PERIODIC,AMBER,False,0.0,1.8542953730534824,0.0,0.0,12.820913916899125,False,0.031197408017239883,0.01219732777325596,0.4626565050959953,0.036820947627130535,2.5084182557518333,2.1806084750839987,10.41718149221393,0.9584198969986615,1.8542953730534824,4.035270445641397,5.828921472851301,-0.718670408642405,0.0,0.0,0.0,1.0,0,0,True,1,132,24,False,False,False,0
64,632,BACKDOOR_PERIODIC,AMBER,False,0.0,1.612319604885625,0.0,0.0,12.614239701667925,False,0.03127114366605562,0.012231459654424142,0.20150765858025818,0.033655262977764645,2.0668101899593716,3.275322437794535,9.4492784195425,0.9735050170500803,1.612319604885625,4.737044823481889,4.656133753934889,-0.5376427443506054,0.0,0.0,0.0,1.0,0,0,True,1,133,24,False,False,False,0
64,633,BACKDOOR_PERIODIC,AMBER,False,0.0,1.3754514247776606,0.0,0.0,12.270241831827832,False,0.031392297064728555,0.011919951734535326,0.3301688217538702,0.03530959028848684,1.8426184331455429,0.4533455140328648,8.501805699110642,0.9860337502743655,1.3754514247776606,4.449957342604161,3.815134452169037,-0.4488853527562296,0.0,0.0,0.0,1.0,0,0,True,1,134,24,False,False,False,0
64,634,BACKDOOR_PERIODIC,AMBER,False,0.0,1.1259493360365174,0.0,0.0,11.794225855781406,False,0.03141766490248464,0.011804775353085656,0.07093943085521703,0.03223789165659815,1.15271192858105,3.5340477619064123,7.5037973441460695,0.9931135151985697,1.1259493360365174,5.715435432590265,2.831086819627795,-0.8443603738098856,0.0,0.0,0.0,1.0,0,0,True,1,135,24,False,False,False,0
64,635,BACKDOOR_PERIODIC,AMBER,False,0.0,0.9993546172332839,0.0,0.0,11.281372799897866,False,0.031655063092247984,0.01144634910342472,0.670345072686456,0.03933093789459613,1.0218046228319124,2.357496179369205,6.636929856320117,0.9993546172332839,0.9993546172332839,5.26745586112156,2.088281464884952,-0.10948680482543556,0.0,0.0,0.0,1.0,0,0,True,1,136,24,False,False,False,0
64,636,BACKDOOR_PERIODIC,AMBER,False,0.0,1.0015125153044344,0.0,0.0,10.821244367616137,False,0.03178301301053167,0.01125982343430721,0.37260765311156907,0.03592006036837078,0.6398229754413631,5.358842901744469,5.935769245213902,1.0015125153044344,1.0015125153044344,7.084271337532295,1.384531258094832,0.08215862030979668,0.0,0.0,0.0,1.0,0,0,True,1,137,24,False,False,False,0
64,637,BACKDOOR_PERIODIC,AMBER,False,0.0,1.0020915681052502,0.0,0.0,10.407515006780725,False,0.03219179382121746,0.01125982343430721,1.2101457098645942,0.045409040033391364,1.226301522858859,2.2358883547186443,5.415696363760393,1.0020915681052502,1.0020915681052502,6.749161061636273,1.1821103535611277,-0.565701537762105,0.0,0.0,0.0,1.0,0,0,True,1,138,24,False,False,False,0
64,638,BACKDOOR_PERIODIC,AMBER,False,0.0,1.002039530457469,0.0,0.0,10.035123872917785,False,0.03272837061538902,0.01125982343430721,1.588470125078155,0.050077686960269374,1.36726443976236,1.0553207684201362,5.0818632366892444,1.002039530457469,1.002039530457469,5.688199133145356,1.252736940515811,0.3634842288435183,0.0,0.0,0.0,1.0,0,0,True,1,139,24,False,False,False,0
64,639,BACKDOOR_PERIODIC,AMBER,False,0.0,1.0020971160492385,0.0,0.0,9.70001026203085,False,0.03313124477034114,0.01125982343430721,1.1926597763058397,0.046157509113793106,1.9178738405906048,2.6048370965199865,5.037150444911535,1.0020971160492385,1.0020971160492385,5.7804498144138075,1.6296076028943833,0.4898605666689725,0.0,0.0,0.0,1.0,0,0,True,1,140,24,False,False,False,0
64,640,BACKDOOR_PERIODIC,AMBER,False,0.0,1.0044372232516423,0.0,0.0,9.39996886373661,False,0.03376988384243081,0.01125982343430721,1.8906130450317764,0.05441921383999685,2.6041675506056885,3.2527350784810336,5.2538092920400095,1.0044372232516423,1.0044372232516423,6.389837327200934,2.208443636488361,-0.04229096511711138,0.0,0.0,0.0,1.0,0,0,True,1,141,24,False,False,False,0
64,641,BACKDOOR_PERIODIC,AMBER,False,0.0,1.0073209657633977,0.0,0.0,9.131855061527135,False,0.034414544902205045,0.01125982343430721,1.9084404047581456,0.05525858583490532,2.8633072624916713,0.6550483034368659,5.663761884619005,1.0073209657633977,1.0073209657633977,4.745733621107985,2.9039172181378694,0.3669789340802867,0.0,0.0,0.0,1.0,0,0,True,1,142,24,False,False,False,0
64,642,BACKDOOR_PERIODIC,AMBER,False,0.0,1.0138838232562903,0.0,0.0,8.894930065486367,False,0.03495414222172354,0.01125982343430721,1.5974120217978318,0.05240112221948833,3.2629526547526386,1.6014824776729961,6.216976824352864,1.0138838232562903,1.0138838232562903,3.6578137378924716,3.6278627401315404,0.5284380684600182,0.0,0.0,0.0,1.0,0,0,True,1,143,24,False,False,False,0
64,643,BACKDOOR_PERIODIC,AMBER,False,0.0,1.0251282350535855,0.0,0.0,8.689197591718472,False,0.03535838959608309,0.01125982343430721,1.1967250247988181,0.04842905470037515,3.8783555620332026,3.154616210008199,7.001779981607768,1.0251282350535855,1.0251282350535855,4.772014241486911,4.4798470500791385,0.9803235792012767,0.0,0.0,0.0,1.0,0,0,True,1,144,24,False,False,False,0
64,644,BACKDOOR_PERIODIC,AMBER,False,0.0,1.2229654540899926,0.0,0.0,8.63599579042465,False,0.035560772871529964,0.01125982343430721,0.5991309917887409,0.042104498777645674,4.2130919650510466,-0.009293007241403398,7.89186181635997,1.0370570274932838,1.2229654540899926,4.022141978036874,5.334038481694681,0.868621943563283,0.0,0.0,0.0,1.0,0,0,True,1,145,24,False,False,False,0
64,645,BACKDOOR_PERIODIC,AMBER,False,0.0,1.4603523110021106,0.0,0.0,8.746451202820593,False,0.03572457947737249,0.011122202521708566,0.48492946861975156,0.041020993066280785,4.451830594075962,2.204470607411195,8.841409244008442,1.0559518707637334,1.4603523110021106,3.9283696506367476,6.092343801974581,0.9173081465555252,0.0,0.0,0.0,1.0,0,0,True,1,146,24,False,False,False,0
64,646,BACKDOOR_PERIODIC,AMBER,False,0.0,1.6745229601683418,0.0,0.0,8.988712896970817,False,0.03590375707087998,0.011074131775870452,0.5369967359065928,0.041697165927622064,4.316242511655532,1.0051231461656362,9.698091840673367,1.076220102545443,1.6745229601683418,3.0719691173560535,6.42985371587759,0.9583136301204896,0.0,0.0,0.0,1.0,0,0,True,1,147,24,False,False,False,0
64,647,BACKDOOR_PERIODIC,AMBER,False,0.0,1.87532550659119,0.0,0.0,9.340683720170059,False,0.035753935243745746,0.01114988408771072,0.45096636066369,0.030909696166405553,4.518776707799697,0.5832409397624677,10.50130202636476,1.100038925710329,1.87532550659119,2.496824451361842,6.862472158333516,1.0882600606868,0.0,0.0,0.0,1.0,0,0,True,1,148,24,False,False,False,0
64,648,BACKDOOR_PERIODIC,AMBER,False,0.0,2.0403255912382954,0.0,0.0,9.767512517508996,False,0.0356016908696277,0.011145035792171494,0.45514486345153315,0.03067912277314423,4.385593985157266,-0.12125813030596422,11.161302364953182,1.12271806787966,2.0403255912382954,2.3003868810297736,7.0149023429223964,1.0954385514894849,0.0,0.0,0.0,1.0,0,0,True,1,149,24,False,False,False,0
64,649,BACKDOOR_PERIODIC,AMBER,False,0.0,2.1747992388456865,0.0,0.0,10.24135235806817,False,0.03535572690686239,0.011353134412219875,0.735645798876925,0.02740289211078378,4.42883980616672,-0.1966759208503187,11.699196955382746,1.1469380946772787,2.1747992388456865,1.836143989914325,7.171226942271449,0.9375185687761677,0.0,0.0,0.0,1.0,0,0,True,1,150,24,False,False,False,0
64,650,BACKDOOR_PERIODIC,AMBER,False,0.0,2.2578407767683646,0.0,0.0,10.72319692036585,False,0.03497248366394568,0.011317084253285002,1.1252200758004025,0.02258095214297218,4.325984048873265,1.1062760685045043,12.031363107073458,1.1696042845643582,2.2578407767683646,2.648812320847344,7.2846985702496205,0.6489168774951813,0.0,0.0,0.0,1.0,0,0,True,1,151,24,False,False,False,0
64,651,BACKDOOR_PERIODIC,AMBER,False,0.0,2.3044741750256805,0.0,0.0,11.187961503071394,False,0.03467633864690547,0.011217128224580238,0.8722653597936775,0.025100983095938677,4.220526168065781,1.2357651066427044,12.217896700102722,1.1938714721847887,2.3044741750256805,2.683171867049447,7.185614251189648,0.40323775984296883,0.0,0.0,0.0,1.0,0,0,True,1,152,24,False,False,False,0
64,652,BACKDOOR_PERIODIC,AMBER,False,0.0,2.2956669974184982,0.0,0.0,11.600375240042393,False,0.03435070618199913,0.011293763358835024,0.9676643860673937,0.023821923150027798,3.7645300806384845,1.2268418802519916,12.182667989673993,1.2185157183835773,2.2956669974184982,2.3472965797583525,6.896602690853452,0.1392801701963791,0.0,0.0,0.0,1.0,0,0,True,1,153,24,False,False,False,0
64,653,BACKDOOR_PERIODIC,AMBER,False,0.0,2.2175000487675276,0.0,0.0,11.919410248566095,False,0.0338922625488779,0.010991453577178194,1.353087890354979,0.019069251744624687,3.249273701794459,1.42452164941678,11.87000019507011,1.2362554287842873,2.2175000487675276,3.0036296272319176,6.332641700217199,-0.18454953645101968,0.0,0.0,0.0,1.0,0,0,True,1,154,24,False,False,False,0
64,654,BACKDOOR_PERIODIC,AMBER,False,0.0,2.1139639183135746,0.0,0.0,12.13748315722464,False,0.03367468387123797,0.010803142352828159,0.6598419887845015,0.026639639960880118,2.9681013351489143,2.1410869836297746,11.455855673254298,1.2505861052662144,2.1139639183135746,3.877625627525517,5.78833911900597,-0.5343395878427142,0.0,0.0,0.0,1.0,0,0,True,1,155,24,False,False,False,0
64,655,BACKDOOR_PERIODIC,AMBER,False,0.0,1.999326968408016,0.0,0.0,12.257285929430322,False,0.03338354987462896,0.010660925503719469,0.8983003497212174,0.023970217317604337,2.8558742122376306,1.9691604518459278,10.997307873632064,1.2607973126662664,1.999326968408016,4.702594397175905,5.3749320073522355,-1.451552730095696,0.0,0.0,0.0,1.0,0,0,True,1,156,24,False,False,False,0
64,656,BACKDOOR_PERIODIC,AMBER,False,0.0,1.8278540392692086,0.0,0.0,12.250735980679853,False,0.032869915309753105,0.010660925503719469,1.6059724042303016,0.016262397712100463,2.424869095886238,1.4592271162935146,10.311416157076835,1.2693741848960256,1.8278540392692086,4.624174195414659,4.7785147304183795,-1.9714420347610417,0.0,0.0,0.0,1.0,0,0,True,1,157,24,False,False,False,0
64,657,BACKDOOR_PERIODIC,AMBER,False,0.0,1.6405004416376499,0.0,0.0,12.11987617718418,False,0.032366031931846104,0.01057466146827081,1.5754835348056695,0.016073802712853243,2.287225520825721,1.79818614422597,9.5620017665506,1.2751867225735107,1.6405004416376499,4.824575050945655,4.333275245735195,-2.383505706992468,0.0,0.0,0.0,1.0,0,0,True,1,158,24,False,False,False,0
64,658,BACKDOOR_PERIODIC,AMBER,False,0.0,1.4655273620050449,0.0,0.0,11.885395309923126,False,0.03230379704776375,0.010318178553429706,0.1961761274630609,0.03029153579576789,2.170418588871178,5.308200205330249,8.86210944802018,1.2759552317352993,1.4655273620050449,6.301691778956545,3.917236207993161,-2.5043969153281287,0.0,0.0,0.0,1.0,0,0,True,1,159,24,False,False,False,0
64,659,BACKDOOR_PERIODIC,AMBER,False,0.0,1.3136497787394816,0.0,0.0,11.573060181350048,False,0.03204365180418586,0.010395733470507275,0.8404107444313005,0.023632288928500816,2.2943984854036694,2.2308730643898342,8.254599114957927,1.2764968681679245,1.3136497787394816,5.7076486340514245,3.818212175915462,-0.5781170468871405,0.0,0.0,0.0,1.0,0,0,True,1,160,24,False,False,False,0
64,660,BACKDOOR_PERIODIC,AMBER,False,0.0,1.2759014616496356,0.0,0.0,11.26678043813535,False,0.03170559253962663,0.010323502645163024,1.0839679743563486,0.020775009652211598,2.3741905465675894,2.225400164861501,7.721360896494877,1.2759014616496356,1.2759014616496356,5.427786783575721,3.880552366704156,1.0084925633892574,0.0,0.0,0.0,1.0,0,0,True,1,161,24,False,False,False,0
64,661,BACKDOOR_PERIODIC,AMBER,False,0.0,1.2756693996844393,0.0,0.0,10.990973883911336,False,0.03152829878303587,0.010102686973212191,0.5724599575830628,0.02579580065326797,2.7181927691030694,3.2315228228687602,7.340920189271401,1.2756693996844393,1.2756693996844393,5.468053037887295,4.111286564851212,2.0470119323911287,0.0,0.0,0.0,1.0,0,0,True,1,162,24,False,False,False,0
64,662,BACKDOOR_PERIODIC,AMBER,False,0.0,1.2768822085767415,0.0,0.0,10.743556928640889,False,0.03137222490353443,0.010070875269497787,0.5149583139458266,0.026325836132988053,2.853994248771644,1.6464413100030288,7.076381557485203,1.2768822085767415,1.2768822085767415,5.112969097740295,4.3791946091610106,2.6991322525130106,0.0,0.0,0.0,1.0,0,0,True,1,163,24,False,False,False,0
64,663,BACKDOOR_PERIODIC,AMBER,False,0.0,1.2803335012531691,0.0,0.0,10.523183681112664,False,0.03103209271912522,0.009985208513630052,1.1257948467146928,0.02003448542322738,3.2195048823671564,1.6666989729961084,7.017160639715272,1.2803335012531691,1.2803335012531691,5.08878162644667,4.784881850589194,2.892012494143149,0.0,0.0,0.0,1.0,0,0,True,1,164,24,False,False,False,0
64,664,BACKDOOR_PERIODIC,AMBER,False,0.0,1.2881397072463279,0.0,0.0,10.3300544977347,False,0.030847605598139632,0.009923752970583007,0.6158680303095508,0.02488252201960572,3.4258120813908826,3.1175675167210115,7.1175861304244155,1.2881397072463279,1.2881397072463279,5.398959170903919,5.209207463527265,2.942560703997632,0.0,0.0,0.0,1.0,0,0,True,1,165,24,False,False,False,0
64,665,BACKDOOR_PERIODIC,AMBER,False,0.0,1.2983496526342613,0.0,0.0,10.163048266268284,False,0.030643748850323324,0.009859092488421367,0.6847434581809227,0.024052380670929418,3.8227181492964855,1.8287000860221785,7.324908741537112,1.2983496526342613,1.2983496526342613,4.506373361420837,5.778842472939639,2.710799018858247,0.0,0.0,0.0,1.0,0,0,True,1,166,24,False,False,False,0
64,666,BACKDOOR_PERIODIC,AMBER,False,0.0,1.3126737070921786,0.0,0.0,10.022296802271939,False,0.03029140248919756,0.009917302845232297,1.1912738132830594,0.018898870146131234,3.9713102796739403,0.899032076394934,7.6781012615072415,1.3126737070921786,1.3126737070921786,3.5087786729111836,6.27542156734403,2.37942919237969,0.0,0.0,0.0,1.0,0,0,True,1,167,24,False,False,False,0
64,667,BACKDOOR_PERIODIC,AMBER,False,0.0,1.3337812113840946,0.0,0.0,9.909699190037935,False,0.029884746894222217,0.010151432751730367,1.3668218779559198,0.016736215990019565,4.160538680736772,0.8514547406599272,8.118943787591101,1.3337812113840946,1.3337812113840946,3.2799140184916613,6.711601258059602,2.065948506318847,0.0,0.0,0.0,1.0,0,0,True,1,168,24,False,False,False,0
64,668,BACKDOOR_PERIODIC,AMBER,False,0.0,1.424407584584796,0.0,0.0,9.8688091299522,False,0.029799271742545506,0.010316486270840832,0.28066695531932534,0.027035575171665174,4.503730774586385,2.762243641914483,8.697630338339184,1.3590965734701768,1.424407584584796,3.5437454113188522,7.139679480202701,1.5786760157368909,0.0,0.0,0.0,1.0,0,0,True,1,169,24,False,False,False,0
64,669,BACKDOOR_PERIODIC,AMBER,False,0.0,1.5573910041491525,0.0,0.0,9.920708016724465,False,0.029316661487886683,0.010074103178258588,1.559349575649297,0.013712263253918054,4.424110896744456,0.9627066952374964,9.22956401659661,1.3853919574793856,1.5573910041491525,2.651671688825827,7.441976982332878,1.474097945630643,0.0,0.0,0.0,1.0,0,0,True,1,170,24,False,False,False,0
64,670,BACKDOOR_PERIODIC,AMBER,False,0.0,1.672902062304554,0.0,0.0,10.044462890609157,False,0.029030701479321065,0.010074103178258588,0.9461884712568754,0.01978466120236616,4.202251995162761,1.1872756698442497,9.691608249218216,1.4160967851620094,1.672902062304554,1.4323616742151914,7.434827673362374,1.2896319991159988,0.0,0.0,0.0,1.0,0,0,True,1,171,24,False,False,False,0
64,671,BACKDOOR_PERIODIC,AMBER,False,0.0,1.777631901704937,0.0,0.0,10.225697079985434,False,0.028792333013011935,0.010074103178258588,0.7887169113758388,0.02108508593568343,4.461088541595504,-0.13641892166006145,10.110527606819748,1.4489140311789863,1.777631901704937,1.4083933766640857,7.495119553524557,1.0900490038673063,0.0,0.0,0.0,1.0,0,0,True,1,172,24,False,False,False,0
64,672,BACKDOOR_PERIODIC,AMBER,False,0.0,1.8617201966610426,0.0,0.007365438044791728,10.445962731676302,False,0.028639744430436074,0.010079089286828286,0.5048872337181266,0.02370604692714997,4.342478052570098,1.724369264156462,10.44688078664417,1.487994517617776,1.8617201966610426,1.432614297677158,7.408117569898208,0.6851708261660924,0.0,0.0,0.0,1.0,0,0,True,1,173,24,False,False,False,0
64,673,BACKDOOR_PERIODIC,AMBER,False,0.0,1.9108212295602276,0.0,0.010137393317682375,10.677354140656409,False,0.028484100554319956,0.00987236554317134,0.514741863697002,0.023451615226565595,3.9843775147697347,2.0654910761773975,10.64328491824091,1.523950668997509,1.9108212295602276,1.5634755516549066,7.244030191769226,0.3691384417551894,0.0,0.0,0.0,1.0,0,0,True,1,174,24,False,False,False,0
64,674,BACKDOOR_PERIODIC,AMBER,False,0.0,1.9231957256367167,0.0,0.06151916277392677,10.901310554192676,False,0.028184962375504087,0.009862433823069547,1.010018580004127,0.018512827927124366,3.6884897094618134,1.2679645431052033,10.692782902546867,1.5582485147768983,1.9231957256367167,1.668630354428866,6.706684262489601,0.04243135858256513,0.0,0.0,0.0,1.0,0,0,True,1,175,24,False,False,False,0
64,675,BACKDOOR_PERIODIC,AMBER,False,0.0,1.8919019249135802,0.0,0.02252878385135504,11.076344756349213,False,0.027886956715894532,0.009710237615653754,1.0072079737305044,0.018251440388519016,3.1608918945366025,2.9231200219127906,10.567607699654321,1.586995566360466,1.8919019249135802,2.9284000199846894,5.858653008101295,-0.28145712700437664,0.0,0.0,0.0,1.0,0,0,True,1,176,24,False,False,False,0
64,676,BACKDOOR_PERIODIC,AMBER,False,0.0,1.8210371481677847,0.0,0.008907061345771017,11.184633582437343,False,0.027661811078953213,0.009342600297336814,0.7728806298840784,0.020382102151183988,2.6221298122399923,1.9716391454817899,10.284148592671139,1.612414507620763,1.8210371481677847,3.1734748583630217,4.948090813112253,-0.22050960929029667,0.0,0.0,0.0,1.0,0,0,True,1,177,24,False,False,False,0
64,677,BACKDOOR_PERIODIC,AMBER,False,0.0,1.735273951207839,0.0,0.08459021371222586,11.23586353063751,False,0.027473368210482435,0.008991295962336384,0.6723426828841729,0.02138038212992731,2.6392724156695624,2.3894425378848783,9.941095804831356,1.6404493396644213,1.735273951207839,3.7255983964091506,4.18945843271465,0.1946877046281392,0.0,0.0,0.0,1.0,0,0,True,1,178,24,False,False,False,0
64,678,BACKDOOR_PERIODIC,AMBER,False,0.0,1.6593786271097133,0.0,0.02694104359012084,11.222989173176504,False,0.027306514353091546,0.009036036667919052,0.6185754834075986,0.021911572964119417,2.2390109998998127,2.4601486474912595,9.567181850588947,1.6593786271097133,1.6593786271097133,4.55786587881558,3.273176711812147,0.21287534066256433,0.0,0.0,0.0,1.0,0,0,True,1,179,24,False,False,False,0
64,679,BACKDOOR_PERIODIC,AMBER,False,0.0,1.6731459817868632,0.0,0.0,11.216678625710692,False,0.027288613760329657,0.009036036667919052,0.06603408632843713,0.026709827927695256,1.4235623426924164,4.287108993846704,9.062059270869957,1.6731459817868632,1.6731459817868632,6.223230629517376,2.1736786803403536,0.6144006260235614,0.0,0.0,0.0,1.0,0,0,True,1,180,24,False,False,False,0
64,680,BACKDOOR_PERIODIC,AMBER,False,0.0,1.6801502029308302,0.0,0.0,11.215670948494486,False,0.02710994556056885,0.009036036667919052,0.6590950078631159,0.021333007101636145,1.3085643618790417,1.595111561126379,8.557960872298102,1.6801502029308302,1.6801502029308302,4.910957126308025,1.4911846307632808,0.39987841874304214,0.0,0.0,0.0,1.0,0,0,True,1,181,24,False,False,False,0
64,681,BACKDOOR_PERIODIC,AMBER,False,0.0,1.6868501509545633,0.0,0.0,11.219232904331731,False,0.02682886464869023,0.009108423945738773,1.0368886353185836,0.017740581831281584,1.2735694181116144,4.822596569157377,8.073736109828713,1.6868501509545633,1.6868501509545633,6.258557940974707,0.8108337690765669,0.1421574770719846,0.0,0.0,0.0,1.0,0,0,True,1,182,24,False,False,False,0
64,682,BACKDOOR_PERIODIC,AMBER,False,0.0,1.690149933349081,0.0,0.0,11.224639619442394,False,0.02676122072151092,0.009108423945738773,0.24755079320813975,0.024574067076046584,1.7604303784459978,2.2147613036983964,7.680149391665337,1.690149933349081,1.690149933349081,6.328086834801972,0.6100791882457866,-1.7419291804592847,0.0,0.0,0.0,1.0,0,0,True,1,183,24,False,False,False,0
64,683,BACKDOOR_PERIODIC,AMBER,False,0.0,1.6907751295050262,0.0,0.0,11.229922668878007,False,0.02664794096160584,0.009304283727736277,0.41456041345139405,0.022985228724674876,1.5105830089350114,2.171900686514568,7.307565068011671,1.6907751295050262,1.6907751295050262,5.125467685155498,0.4810392293136623,-1.7339672571394877,0.0,0.0,0.0,1.0,0,0,True,1,184,24,False,False,False,0
64,684,BACKDOOR_PERIODIC,AMBER,False,0.0,1.6906312676874822,0.0,0.0,11.234581457537757,False,0.0265390416132691,0.009085943742895107,0.3901405400041893,0.023017962683714616,2.1858710584890333,3.7063524730407766,7.120665848952253,1.6906312676874822,1.6906312676874822,5.941482327204473,0.7387260148829154,-1.3780593572271584,0.0,0.0,0.0,1.0,0,0,True,1,185,24,False,False,False,0
64,685,BACKDOOR_PERIODIC,AMBER,False,0.0,1.6909786371214128,0.0,0.0,11.239006062743965,False,0.026526845765560605,0.009050824634422867,0.044742546118854844,0.026132513356319297,2.6905252844039347,2.925901124275815,7.1283297227195375,1.6909786371214128,1.6909786371214128,6.272785205340774,1.2665271474012114,0.514367920317519,0.0,0.0,0.0,1.0,0,0,True,1,186,24,False,False,False,0
64,686,BACKDOOR_PERIODIC,AMBER,False,0.0,1.6933700914770502,0.0,0.0,11.24458330748476,False,0.026283730952281734,0.009080454960777837,0.8953689234541754,0.01842301865626487,2.8396431541507385,3.5973274910689392,7.2690179845298175,1.6933700914770502,1.6933700914770502,5.60203453126783,1.7168671236582045,1.4346705194982459,0.0,0.0,0.0,1.0,0,0,True,1,187,24,False,False,False,0
64,687,BACKDOOR_PERIODIC,AMBER,False,0.0,1.699824921633636,0.0,0.0,11.253908199465918,False,0.02615082487935194,0.009080454960777837,0.4878833109275722,0.021853528521288745,3.4391088090698596,1.4353275108056538,7.530032944617552,1.699824921633636,1.699824921633636,4.532771299575666,2.4818105114429154,1.6609261317124033,0.0,0.0,0.0,1.0,0,0,True,1,188,24,False,False,False,0
64,688,BACKDOOR_PERIODIC,AMBER,False,0.0,1.7042133810002245,0.0,0.0,11.265227704646476,False,0.025989484736174746,0.009079695771173202,0.5922615987638223,0.020772820106778778,3.7014140456517453,1.4030181529283954,7.907395543976708,1.7042133810002245,1.7042133810002245,4.14829872756728,3.242019086148202,1.5558475332904806,0.0,0.0,0.0,1.0,0,0,True,1,189,24,False,False,False,0
64,689,BACKDOOR_PERIODIC,AMBER,False,0.0,1.708780407714054,0.0,0.0,11.278461466127101,False,0.025840448189254808,0.008838219339218304,0.5471422195778334,0.021021599838843573,4.058117298325481,0.39184146930927055,8.36955773047728,1.708780407714054,1.708780407714054,3.487354604852463,4.033019241480393,1.5097971927531784,0.0,0.0,0.0,1.0,0,0,True,1,190,24,False,False,False,0
64,690,BACKDOOR_PERIODIC,AMBER,False,0.0,1.714544961891741,0.0,0.0,11.294216809096183,False,0.025746643754299275,0.008748554345461361,0.3537833106995897,0.022713633690737017,4.478429304273464,-0.40202008729681055,8.945597747597274,1.714544961891741,1.714544961891741,2.7547188675488434,4.891297913271449,1.2169747578293575,0.0,0.0,0.0,1.0,0,0,True,1,191,24,False,False,False,0
64,691,BACKDOOR_PERIODIC,AMBER,False,0.0,1.7215025762610514,0.0,0.0,11.313037346552687,False,0.025738927451110335,0.008748554345461361,0.029400298168281422,0.025489433648001297,4.303047263176219,0.4767740631562968,9.447232611244992,1.7215025762610514,1.7215025762610514,1.529605145360501,5.482179197286166,1.1258527128101625,0.0,0.0,0.0,1.0,0,0,True,1,192,24,False,False,False,0
64,692,BACKDOOR_PERIODIC,AMBER,False,0.0,1.750412581686513,0.0,0.0,11.349258803882321,False,0.025517800850360192,0.008756154991057998,0.8425262506936734,0.01836804075943893,4.670790075271618,3.1235432422097995,10.001650326746052,1.7324932233994805,1.750412581686513,2.0916834610769293,6.052099603377799,0.7148221867378457,0.0,0.0,0.0,1.0,0,0,True,1,193,24,False,False,False,0
64,693,BACKDOOR_PERIODIC,AMBER,False,0.0,1.865278241808439,0.0,0.0,11.458473510780317,False,0.025188521754987887,0.008900848774108707,1.2535147969573899,0.014541831004616689,4.5650348046331874,-0.9390186841549317,10.461112967233756,1.7452464068317295,1.865278241808439,1.461998340041557,6.366389361840758,0.3324591061950411,0.0,0.0,0.0,1.0,0,0,True,1,194,24,False,False,False,0
64,694,BACKDOOR_PERIODIC,AMBER,False,0.0,1.975089037076784,0.0,0.0,11.6300105474325,False,0.02496180312153685,0.008992642665630286,0.8490524862847029,0.01763123397328674,4.802153040614666,-0.29196516518194604,10.900356148307136,1.7611023419012137,1.975089037076784,1.3046470322442236,6.75244878270353,-0.023435010201055765,0.0,0.0,0.0,1.0,0,0,True,1,195,24,False,False,False,0
64,695,BACKDOOR_PERIODIC,AMBER,False,0.0,2.034427352389657,0.0,0.0,11.823972536733152,False,0.024818093581956465,0.008879790111384768,0.5326930207425399,0.020171485135524008,4.222857268845722,1.1475873314793157,11.137709409558628,1.7784244802379527,2.034427352389657,0.7120438435784082,6.5919365429913865,-0.35728296199745413,0.0,0.0,0.0,1.0,0,0,True,1,196,24,False,False,False,0
64,696,BACKDOOR_PERIODIC,AMBER,False,0.0,2.0706603484061072,0.0,0.0,12.02270573544671,False,0.024656020078554636,0.008761860251557759,0.6083984019473445,0.01941564346856214,4.262567683846799,1.1274541249042294,11.282641393624429,1.7966724629676172,2.0706603484061072,0.7552406259158984,6.571985516352258,-0.618663723329114,0.0,0.0,0.0,1.0,0,0,True,1,197,24,False,False,False,0
64,697,BACKDOOR_PERIODIC,AMBER,False,0.0,2.0555836359215482,0.0,0.0,12.191509447061712,False,0.024580839479979796,0.008365870199445766,0.28601459970205634,0.022150000126059985,3.6388362340759866,2.109945267972184,11.222334543686193,1.8144973046617285,2.0555836359215482,1.2021755681907182,6.1832381089989985,-0.7255476139173475,0.0,0.0,0.0,1.0,0,0,True,1,198,24,False,False,False,0
64,698,BACKDOOR_PERIODIC,AMBER,False,0.0,2.0016888347401087,0.0,0.0,12.307484955127194,False,0.02448019178930646,0.007992384449375325,0.4010249911200832,0.02122591645753529,3.2144436222138197,0.556643441450327,11.006755338960435,1.8317425793341902,2.0016888347401087,1.0305482325714534,5.600936378879576,-0.6696325886495009,0.0,0.0,0.0,1.0,0,0,True,1,199,24,False,False,False,0
64,699,BACKDOOR_PERIODIC,AMBER,False,0.0,1.915856165831339,0.0,0.0,12.354612522223977,False,0.024358445020323735,0.008045200055044362,0.5077615645822228,0.020421966156549017,2.906446382269405,2.046686968709531,10.663424663325356,1.8499578509429644,1.915856165831339,1.1798355630083848,4.921411946120845,-1.066846299644455,0.0,0.0,0.0,1.0,0,0,True,1,200,24,False,False,False,0
64,700,BACKDOOR_PERIODIC,AMBER,False,0.0,1.8653491281224457,0.0,0.0,12.363339138459251,False,0.024388749820120233,0.007788746136088702,0.1255605810054666,0.025368605013540317,2.1548352089682865,4.567058767817541,10.161744851223153,1.8653491281224457,1.8653491281224457,3.5174635912803347,3.979134071066819,-1.6075641302169907,0.0,0.0,0.0,1.0,0,0,True,1,201,24,False,False,False,0
64,701,BACKDOOR_PERIODIC,AMBER,False,0.0,1.8766099143721169,0.0,0.0,12.378704037499528,False,0.024230628721896894,0.007788746136088702,0.6767075447086128,0.019118046546008953,1.7291471891299517,1.89591610837386,9.561070447545704,1.8766099143721169,1.8766099143721169,2.9261502158006265,3.075498768055853,-1.8013646567238826,0.0,0.0,0.0,1.0,0,0,True,1,202,24,False,False,False,0
64,702,BACKDOOR_PERIODIC,AMBER,False,0.0,1.8879120207835962,0.0,0.0,12.400070951612236,False,0.02416976753852494,0.007788746136088702,0.26046632884829274,0.022201922609498544,1.2383007017322472,5.395701818332691,8.971838228875152,1.8879120207835962,1.8879120207835962,4.9343730730005255,2.0342932446234285,-1.1006129972362946,0.0,0.0,0.0,1.0,0,0,True,1,203,24,False,False,False,0
64,703,BACKDOOR_PERIODIC,AMBER,False,0.0,1.8982898570714877,0.0,0.0,12.426223191117694,False,0.024008745101538397,0.008062298982157622,0.6891243433071457,0.018802352972306747,1.060879543381338,1.603594522262597,8.307701679969956,1.8982898570714877,1.8982898570714877,4.676390414555566,1.2469476942231488,-0.53382686452276,0.0,0.0,0.0,1.0,0,0,True,1,204,24,False,False,False,0
64,704,BACKDOOR_PERIODIC,AMBER,False,0.0,1.9070751171713711,0.0,0.0,12.45561997515923,False,0.023773848105496417,0.00829972559296049,0.9711745849904626,0.01617884523347244,0.7878222609723508,2.193991008158027,7.654676804545167,1.9070751171713711,1.9070751171713711,5.008781545946349,0.5398281315393473,-0.2492313798717648,0.0,0.0,0.0,1.0,0,0,True,1,205,24,False,False,False,0
64,705,BACKDOOR_PERIODIC,AMBER,False,0.0,1.9142680603478528,0.0,0.0,12.486874773895325,False,0.023530659306877588,0.00829972559296049,0.976694132414414,0.015667554818202162,0.8429657319312246,2.2265648080772973,7.087990859254683,1.9142680603478528,1.9142680603478528,4.4665360139067145,0.11656829709162801,-0.10467293299034718,0.0,0.0,0.0,1.0,0,0,True,1,206,24,False,False,False,0
64,706,BACKDOOR_PERIODIC,AMBER,False,0.0,1.9192743435624884,0.0,0.0,12.518343283661972,False,0.023326794716639326,0.00829972559296049,0.8187603632388845,0.01673517296560219,1.252298556826738,3.407694796608012,6.662295649931389,1.9192743435624884,1.9192743435624884,5.567436694855322,-0.10023484221679958,-0.25803235236091204,0.0,0.0,0.0,1.0,0,0,True,1,207,24,False,False,False,0
64,707,BACKDOOR_PERIODIC,AMBER,False,0.0,1.922023902944598,0.0,0.0,12.54849889855982,False,0.023284679982136916,0.0082829075808463,0.16914107191739128,0.021922970233225782,1.8573390101585825,3.062656868077145,6.44462311939286,1.922023902944598,1.922023902944598,5.8720283091515855,-0.026258362565553604,-0.6413591788948164,0.0,0.0,0.0,1.0,0,0,True,1,208,24,False,False,False,0
64,708,BACKDOOR_PERIODIC,AMBER,False,0.0,1.9223733185672356,0.0,0.0,12.575872012188185,False,0.02313482674667945,0.0082829075808463,0.6030621252050424,0.01828957213355479,2.438467666938249,3.0688989072936526,6.447287355186417,1.9223733185672356,1.9223733185672356,5.9356378300018635,0.3205820973655209,-2.0257312305913833,0.0,0.0,0.0,1.0,0,0,True,1,209,24,False,False,False,0
64,709,BACKDOOR_PERIODIC,AMBER,False,0.0,1.920789965365437,0.0,0.0,12.599451717868114,False,0.023042814848530133,0.0082829075808463,0.3702882401750206,0.020067763475035538,2.7911311969512624,2.3315046378442372,6.548804477131066,1.920789965365437,1.920789965365437,5.16993233399716,0.7726734454624768,-1.3216409535529847,0.0,0.0,0.0,1.0,0,0,True,1,210,24,False,False,False,0
64,710,BACKDOOR_PERIODIC,AMBER,False,0.0,1.917220354878487,0.0,0.0,12.618292522785254,False,0.023102085379008305,0.00829972559296049,0.23852546101577463,0.02501849919780255,3.53410555384231,3.836440161522369,6.880827195277914,1.917220354878487,1.917220354878487,5.490740248650891,1.477312339985557,-0.8690368244708391,0.0,0.0,0.0,1.0,0,0,True,1,211,24,False,False,False,0
64,711,BACKDOOR_PERIODIC,AMBER,False,0.0,1.9122543557798801,0.0,0.0,12.631936925811907,False,0.02305051341889338,0.00829972559296049,0.20712315339945678,0.021383020041844152,3.7744690438492166,0.5183090778332532,7.370682149369123,1.9122543557798801,1.9122543557798801,3.8984480922472944,2.217035547837784,-0.48773421558739716,0.0,0.0,0.0,1.0,0,0,True,1,212,24,False,False,False,0
64,712,BACKDOOR_PERIODIC,AMBER,False,0.0,1.9063267421675838,0.0,0.0,12.640263170256494,False,0.022984734534366606,0.0082829075808463,0.26418096112544814,0.020857883934667597,4.367183613400895,0.5608366963411446,7.982593880705613,1.9063267421675838,1.9063267421675838,3.432307252299291,3.0638439305456355,-0.06367396488836455,0.0,0.0,0.0,1.0,0,0,True,1,213,24,False,False,False,0
64,713,BACKDOOR_PERIODIC,AMBER,False,0.0,1.9004834340152676,0.0,0.0,12.643859303719028,False,0.022824651884859402,0.008353925273760332,0.6442288851859389,0.017648646217459832,5.02167280374826,1.2929831935939835,8.751124610554987,1.9004834340152676,1.9004834340152676,3.3863428661061734,4.070187549068179,0.3179154359789548,0.0,0.0,0.0,1.0,0,0,True,1,214,24,False,False,False,0
64,714,BACKDOOR_PERIODIC,AMBER,False,0.0,1.893466604672271,0.0,0.0,12.64241559866353,False,0.022673099763585832,0.008516400738989686,0.6047142163999436,0.01777291450907374,5.237074569979987,-0.8116974442625585,9.495169128341256,1.893466604672271,1.893466604672271,1.828014365735155,4.870210813470357,0.4083746399555118,0.0,0.0,0.0,1.0,0,0,True,1,215,24,False,False,False,0
64,715,BACKDOOR_PERIODIC,AMBER,False,0.0,1.88660980914664,0.0,0.0,12.636542781497985,False,0.022592233193948805,0.008098869017135232,0.3165130908992435,0.019977547442351605,5.56616589714201,-0.09533873036519147,10.284487021955877,1.88660980914664,1.88660980914664,1.5986806309344936,5.685213589986214,0.509590830609222,0.0,0.0,0.0,1.0,0,0,True,1,216,24,False,False,False,0
64,716,BACKDOOR_PERIODIC,AMBER,False,0.0,1.9989959400452202,0.0,0.0,12.706218795358348,False,0.022526030907723503,0.007653672478033423,0.27247543694159343,0.02038549031977215,5.690249020405553,-0.2316904444404728,10.99598376018088,1.879527940938825,1.9989959400452202,0.9526938558921242,6.33407421653174,0.6359627574257372,0.0,0.0,0.0,1.0,0,0,True,1,217,24,False,False,False,0
64,717,BACKDOOR_PERIODIC,AMBER,False,0.0,2.1469479914549066,0.0,0.0,12.867611226122936,False,0.022289665036220152,0.007613186765370643,1.0294224643212655,0.01464716852427849,5.662563297865772,0.999464636365145,11.587791965819626,1.8737076895141596,2.1469479914549066,0.8388862402976767,6.808625363531312,0.6101021308924174,0.0,0.0,0.0,1.0,0,0,True,1,218,24,False,False,False,0
64,718,BACKDOOR_PERIODIC,AMBER,False,0.0,2.2680837727374077,0.0,0.0,13.093661979926493,False,0.022212253025462578,0.0074803970309576286,0.3389382709383925,0.019709264677634373,5.683213351127567,0.03342936245983781,12.07233509094963,1.8668855228945773,2.2680837727374077,0.7432229584680448,7.119289300201539,0.439408203346338,0.0,0.0,0.0,1.0,0,0,True,1,219,24,False,False,False,0
64,719,BACKDOOR_PERIODIC,AMBER,False,0.0,2.326056712457196,0.0,0.0,13.335775609142793,False,0.022417741559403254,0.0074803970309576286,0.9156757013932998,0.02906187082348506,5.325699278567907,1.7763782727783428,12.304226849828783,1.863346742098123,2.326056712457196,0.31189510577031915,7.129369717256822,0.5621831730939106,0.0,0.0,0.0,1.0,0,0,True,1,220,24,False,False,False,0
64,720,BACKDOOR_PERIODIC,AMBER,False,0.0,2.335461557080389,0.0,0.0,13.559950906801134,False,0.022471845970971193,0.007389592123657556,0.24109420638158954,0.024221221945001183,4.950162904974652,0.7102045190580693,12.341846228321556,1.859436502062549,2.335461557080389,0.2417510704136129,6.976223436723254,0.5664015308545036,0.0,0.0,0.0,1.0,0,0,True,1,221,24,False,False,False,0
64,721,BACKDOOR_PERIODIC,AMBER,False,0.0,2.291410547692548,0.0,0.0,13.73232665143195,False,0.02265288708900292,0.007263288244694359,0.8166491239849373,0.028506549905362128,4.600207862492007,1.7906570166600069,12.165642190770193,1.8602045188912895,2.291410547692548,1.4221127435685936,6.5866927044733385,0.7434530274281796,0.0,0.0,0.0,1.0,0,0,True,1,222,24,False,False,False,0
64,722,BACKDOOR_PERIODIC,AMBER,False,0.0,2.1882442081918607,0.0,0.0,13.818652873152725,False,0.022663861272485125,0.007122173005517861,0.05036370632003509,0.02301869320507647,4.070600183502208,1.2798665214976965,11.752976832767443,1.8610851280557843,2.1882442081918607,1.263380011655463,6.005641487093085,0.6933050045804355,0.0,0.0,0.0,1.0,0,0,True,1,223,24,False,False,False,0
64,723,BACKDOOR_PERIODIC,AMBER,False,0.0,2.048612181025682,0.0,0.0,13.803211910581584,False,0.02262096991189643,0.006995869126554664,0.20074098431973897,0.021234149252861996,3.4464408567624667,1.3403107637085676,11.194448724102728,1.8619071558169904,2.048612181025682,2.217636670115296,5.282192922274606,0.655560870028076,0.0,0.0,0.0,1.0,0,0,True,1,224,24,False,False,False,0
64,724,BACKDOOR_PERIODIC,AMBER,False,0.0,1.8651204427011945,0.0,0.0,13.666926054805122,False,0.023032533059129577,0.006995869126554664,1.9609817345445981,0.0363397414863346,2.404720026159617,2.674173451840842,10.427987318695115,1.8651204427011945,1.8651204427011945,2.8507182358141003,4.311730473954002,0.45929629726309107,0.0,0.0,0.0,1.0,0,0,True,1,225,24,False,False,False,0
64,725,BACKDOOR_PERIODIC,AMBER,False,0.0,1.8686513377204967,0.0,0.0,13.546623891584181,False,0.023285495062710174,0.006995869126554664,1.2052922422481782,0.03146459984514945,1.9123429955143607,1.960767631176993,9.57919211458695,1.8686513377204967,1.8686513377204967,3.250918752571498,3.488956602840297,0.12939457204250301,0.0,0.0,0.0,1.0,0,0,True,1,226,24,False,False,False,0
64,726,BACKDOOR_PERIODIC,AMBER,False,0.0,1.8716800647425447,0.0,0.0,13.44037210560904,False,0.023550397944755642,0.007122173005517861,1.262187143362269,0.0321155911308925,1.4868746436307585,-0.29024132363675986,8.611194222246127,1.8716800647425447,1.8716800647425447,3.072091447802667,2.7680924495756116,0.30000976675307056,0.0,0.0,0.0,1.0,0,0,True,1,227,24,False,False,False,0
64,727,BACKDOOR_PERIODIC,AMBER,False,0.0,1.8753866199385558,0.0,0.0,13.347217770547152,False,0.023931897013673945,0.007122173005517861,1.7854994003596847,0.03626703357536572,0.8831276140497604,5.925632598863241,7.721011379918504,1.8753866199385558,1.8753866199385558,5.747602295961873,2.051647090618882,1.2704822248108214,0.0,0.0,0.0,1.0,0,0,True,1,228,24,False,False,False,0
64,728,BACKDOOR_PERIODIC,AMBER,False,0.0,1.8789416778348458,0.0,0.0,13.265750092608279,False,0.024260316468786902,0.007219401232506474,1.5370751541630012,0.034879212184105876,0.3653626562860059,2.4393863616266205,6.827679998184081,1.8789416778348458,1.8789416778348458,5.41922928064646,1.4164294301863993,1.252891338796895,0.0,0.0,0.0,1.0,0,0,True,1,229,24,False,False,False,0
64,729,BACKDOOR_PERIODIC,AMBER,False,0.0,1.8830878777984728,0.0,0.0,13.195194697839034,False,0.02469223669740435,0.007285590445316479,1.9942569321523094,0.038657657422701865,-0.030433279138514846,2.050383726673014,6.089622929261087,1.8830878777984728,1.8830878777984728,4.6224245890099205,0.9419903194332617,1.1993129422493245,0.0,0.0,0.0,1.0,0,0,True,1,230,24,False,False,False,0
64,730,BACKDOOR_PERIODIC,AMBER,False,0.0,1.8857152892311198,0.0,0.0,13.133447325972286,False,0.02502262108849179,0.007285590445316479,1.5115882671290648,0.03570504973365236,0.1292606525894765,2.522303749239029,5.494139696965407,1.8857152892311198,1.8857152892311198,5.40484005054917,0.7158085183011413,2.136927054088055,0.0,0.0,0.0,1.0,0,0,True,1,231,24,False,False,False,0
64,731,BACKDOOR_PERIODIC,AMBER,False,0.0,1.886778453070049,0.3103559675547558,0.0,13.321592544168155,False,0.02532309736594072,0.007285590445316479,1.3747514343745622,0.03503849700345622,0.5038164365819439,3.421697888797461,5.101174340154129,1.886778453070049,1.886778453070049,5.883386456906442,0.7247609302693875,4.241423870219023,0.0,0.0,0.3103559675547558,1.0,0,0,True,1,232,24,False,False,False,0
64,732,BACKDOOR_PERIODIC,AMBER,False,0.0,1.8868356015895693,0.5946995174598533,0.0,13.713602358182648,False,0.025595958186391654,0.007285590445316479,1.248404058664153,0.034418458047638587,0.8145111144641549,0.6094603856509797,4.943887420070717,1.8868356015895693,1.8868356015895693,4.608822645703417,0.8955412025261926,5.378798069839413,0.0,0.0,0.5946995174598533,1.0,1,0,True,1,233,24,False,False,False,0
64,733,BACKDOOR_PERIODIC,AMBER,False,0.0,1.8852180880224725,0.6259361976018085,0.0,14.089790629797589,False,0.025987047524251773,0.0074803970309576286,1.7893280386608064,0.0386322694483957,1.3909778371036612,3.7318251534927622,5.008348520825146,1.8852180880224725,1.8852180880224725,5.183914142505171,1.1840287032619328,5.503744790407234,0.0,0.0,0.6259361976018085,1.0,2,0,True,1,234,24,False,False,False,0
64,734,BACKDOOR_PERIODIC,AMBER,False,0.0,1.88191504278194,0.47859912500403357,0.0,14.310792015231542,False,0.026382101928464116,0.007605380583078484,1.7603985571773395,0.03915552766466324,2.014023841028281,3.2074004374276615,5.367922777272485,1.88191504278194,1.88191504278194,5.542210072340852,1.6704159000311654,4.914396500016134,0.0,0.0,0.47859912500403357,1.0,3,0,True,1,235,24,False,False,False,0
64,735,BACKDOOR_PERIODIC,AMBER,False,0.0,1.8776034370073167,0.2699993464661572,0.0,14.343483794475269,False,0.026730145636328247,0.007651235191201997,1.525427531479096,0.037983558857268576,2.728706311027023,1.054505432294168,5.932665451326142,1.8776034370073167,1.8776034370073167,4.2126700544180915,2.416391852741596,4.079997385864629,0.0,0.0,0.2699993464661572,1.0,0,0,True,1,236,24,False,False,False,0
64,736,BACKDOOR_PERIODIC,AMBER,False,0.0,1.8708199808695234,0.0316369954036656,0.0,14.181744109668784,False,0.02734659071266588,0.007651235191201997,2.685601565990603,0.04727831484758274,3.3299951028196055,2.825365675043611,6.701599516197853,1.8708199808695234,1.8708199808695234,4.507304038077779,3.1272896666854373,3.1265479816146624,0.0,0.0,0.0316369954036656,1.0,0,0,True,1,237,24,False,False,False,0
64,737,BACKDOOR_PERIODIC,AMBER,False,0.0,1.864787092408429,0.0,0.0,14.007382689338328,False,0.027431876818132354,0.007829231007080334,0.3715570246075751,0.030189460894881667,3.6788717184126956,0.4026978060848622,7.56279371848671,1.864787092408429,1.864787092408429,3.229363942454787,3.9228502113339747,2.1741132972188244,0.0,0.0,0.0,1.0,0,0,True,1,238,24,False,False,False,0
64,738,BACKDOOR_PERIODIC,AMBER,False,0.0,1.853266665231152,0.0,0.0,13.842773286113674,False,0.02770127456853378,0.007829231007080334,1.146974077691663,0.03641180183151329,4.020938177637833,1.1771444214623155,8.514289690030555,1.853266665231152,1.853266665231152,2.8561665769663924,4.526510999095809,1.2708176690192192,0.0,0.0,0.0,1.0,0,0,True,1,239,24,False,False,False,0
64,739,BACKDOOR_PERIODIC,AMBER,False,0.0,1.8432695711817146,0.0,0.0,13.68795676148051,False,0.027876760739797075,0.007829231007080334,0.7471409435766801,0.03355081361064358,4.522032092564895,0.010787389551978945,9.504105582023003,1.8432695711817146,1.8432695711817146,2.291050978637049,5.168607683332932,0.20085168648617,0.0,0.0,0.0,1.0,0,0,True,1,240,24,False,False,False,0
64,740,BACKDOOR_PERIODIC,AMBER,False,0.0,1.8613333465193027,0.0,0.0,13.560670427460835,False,0.027874467846912488,0.007651235191201997,0.009762103423742643,0.027800330976977584,4.675859112839162,-0.2377104202240232,10.44533338607721,1.8319761738465346,1.8613333465193027,1.82857085715437,5.72067552129321,-0.6464464752135642,0.0,0.0,0.0,1.0,0,0,True,1,241,24,False,False,False,0
64,741,BACKDOOR_PERIODIC,AMBER,False,0.0,2.075457079760424,0.0,0.0,13.588933256914954,False,0.027739064068182738,0.007605380583078484,0.5898994316867348,0.023361008555920885,4.745928547807142,-0.5508142025637104,11.301828319041697,1.820157802355319,2.075457079760424,1.1589561845420286,6.047831795620642,-0.7633263059758065,0.0,0.0,0.0,1.0,0,0,True,1,242,24,False,False,False,0
64,742,BACKDOOR_PERIODIC,AMBER,False,0.0,2.250177426775456,0.0,0.0,13.730908274882689,False,0.027670517415741402,0.0074803970309576286,0.3004305162314886,0.02545417565347153,4.7544349572181925,1.4304963354433544,12.000709707101825,1.8059654325466266,2.250177426775456,1.7765698944525947,6.13320592826144,-0.7608520684453695,0.0,0.0,0.0,1.0,0,0,True,1,243,24,False,False,False,0
64,743,BACKDOOR_PERIODIC,AMBER,False,0.0,2.397096243516472,0.0,0.0,13.956680641819906,False,0.02769097388902408,0.007282544971038339,0.09115591591381995,0.028352399858497364,4.7670229221619564,0.842779008756525,12.588384974065889,1.78942415237357,2.397096243516472,2.1165004025179353,6.019724066764614,-0.8616752240923697,0.0,0.0,0.0,1.0,0,0,True,1,244,24,False,False,False,0
64,744,BACKDOOR_PERIODIC,AMBER,False,0.0,2.4729415245583626,0.0,0.0,14.210464574518344,False,0.027571810146642884,0.006995869126554664,0.5454308571847467,0.023718849142984173,4.334393440521104,0.7809389316597791,12.89176609823345,1.781453325170792,2.4729415245583626,1.9913182416226416,5.685311864647167,-0.7166148255306825,0.0,0.0,0.0,1.0,0,0,True,1,245,24,False,False,False,0
64,745,BACKDOOR_PERIODIC,AMBER,False,0.0,2.4800596067572585,0.0,0.0,14.4436178747736,False,0.02733240698154056,0.006881597696813815,1.1406882202984794,0.019591704643232167,3.9590188229274164,1.0819066017480476,12.920238427029034,1.7704558056162027,2.4800596067572585,2.276086271040778,5.152555323395098,-0.5898988722115232,0.0,0.0,0.0,1.0,0,0,True,1,246,24,False,False,False,0
64,746,BACKDOOR_PERIODIC,AMBER,False,0.0,2.4459014635432537,0.0,0.0,14.63067236347959,False,0.027173538790602723,0.006783664146947207,0.7695315242049868,0.0220368006169459,3.831705497555549,2.291569840623253,12.783605854173015,1.7626214260759117,2.4459014635432537,3.663551234040603,4.672749886362363,-0.08178704360230951,0.0,0.0,0.0,1.0,0,0,True,1,247,24,False,False,False,0
64,747,BACKDOOR_PERIODIC,AMBER,False,0.0,2.3534665030863975,0.0,0.0,14.737367284690258,False,0.026887330083715747,0.006881597696813815,1.4063624057596045,0.017633248561036874,3.491947898258594,-0.10590295168845192,12.41386601234559,1.7583510963853324,2.3534665030863975,3.282526568664126,4.185674883601199,0.21631383039983168,0.0,0.0,0.0,1.0,0,0,True,1,248,24,False,False,False,0
64,748,BACKDOOR_PERIODIC,AMBER,False,0.0,2.2156424291279246,0.0,0.0,14.741464056449557,False,0.026836862338796813,0.006845426110547659,0.24445749927277396,0.02520507191975136,3.1083932900220317,3.7023516684351465,11.862569716511699,1.7508099620376631,2.2156424291279246,4.4484242821448765,3.7278658809136487,0.5925452055749744,0.0,0.0,0.0,1.0,0,0,True,1,249,24,False,False,False,0
64,749,BACKDOOR_PERIODIC,AMBER,False,0.0,2.037297715864112,0.0,0.0,14.626195227285963,False,0.02649526806112822,0.006881597696813815,1.6633699259044998,0.015450386416510425,2.6350553098339273,1.618069486374042,11.149190863456448,1.7452137663437037,2.037297715864112,4.160457225208415,3.205888750704903,0.9111312309407685,0.0,0.0,0.0,1.0,0,0,True,1,250,24,False,False,False,0
64,750,BACKDOOR_PERIODIC,AMBER,False,0.0,1.8331300633621845,0.0,0.0,14.386273456819945,False,0.02619340156682294,0.006881597696813815,1.4621919095185314,0.0164330515842857,2.5155553258813197,1.9197133992382194,10.332520253448738,1.7389468409293234,1.8331300633621845,4.578165303361155,2.784418954641105,0.8831644953876906,0.0,0.0,0.0,1.0,0,0,True,1,251,24,False,False,False,0
64,751,BACKDOOR_PERIODIC,AMBER,False,0.0,1.7345612083330813,0.0,0.0,14.104598437096117,False,0.025754469378922114,0.0070079015757770115,2.126115703741547,0.011562328636795429,2.0731322611200196,3.3790076593645186,9.483148742449812,1.7345612083330813,1.7345612083330813,5.474370053870633,2.403998821109069,0.5895711748255764,0.0,0.0,0.0,1.0,0,0,True,1,252,24,False,False,False,0
64,752,BACKDOOR_PERIODIC,AMBER,False,0.0,1.7323541128472817,0.0,0.0,13.849618786655642,False,0.025421471452667887,0.007122173005517861,1.5839164912800854,0.01465453850378121,1.8832261845607834,1.7985089625209207,8.647808559392375,1.7323541128472817,1.7323541128472817,5.221782823039562,2.3123883996863563,-0.7469931346423756,0.0,0.0,0.0,1.0,0,0,True,1,253,24,False,False,False,0
64,753,BACKDOOR_PERIODIC,AMBER,False,0.0,1.7297030828004374,0.0,0.0,13.618368864217969,False,0.025196243165140696,0.007193721186473954,1.0541178343215225,0.01791386186842819,1.9123690955181258,3.273992730286954,7.884082588924548,1.7297030828004374,1.7297030828004374,5.903636349946822,2.338750106245614,-0.9036351078641287,0.0,0.0,0.0,1.0,0,0,True,1,254,24,False,False,False,0
64,754,BACKDOOR_PERIODIC,AMBER,False,0.0,1.7286983828816225,0.0,0.0,13.409573799178213,False,0.0248909711002637,0.007246241309798308,1.414530148184345,0.015020507669240832,1.9861592998054327,1.517706532686381,7.212546469192201,1.7286983828816225,1.7286983828816225,4.943757080368926,2.549349428725818,1.0345080238118418,0.0,0.0,0.0,1.0,0,0,True,1,255,24,False,False,False,0
64,755,BACKDOOR_PERIODIC,AMBER,False,0.0,1.7284724897745924,0.0,0.0,13.221507569940044,False,0.024523628542003125,0.007408346102467653,1.6898073661253772,0.012646219158244518,2.1741771125523983,2.4302320769356758,6.698206578735111,1.7284724897745924,1.7284724897745924,5.286016235600775,2.8716792175785,2.353349075430431,0.0,0.0,0.0,1.0,0,0,True,1,256,24,False,False,False,0
64,756,BACKDOOR_PERIODIC,AMBER,False,0.0,1.7285864821125547,0.04976993435929422,0.0,13.091293855118442,False,0.024352281573613726,0.007360650285214946,0.7709636582823112,0.01881206292902316,2.5317565798695103,1.8846219325416154,6.4339979880078895,1.7285864821125547,1.7285864821125547,4.719856259254523,3.4933095092317323,3.199079737437177,0.0,0.0,0.04976993435929422,1.0,0,0,True,1,257,24,False,False,False,0
64,757,BACKDOOR_PERIODIC,AMBER,False,0.0,1.7286752564693724,0.12834336611910557,0.0,13.035683721342929,False,0.024154509486169325,0.007108060570566112,0.8956277855035774,0.01775987865880039,2.9089196998695432,2.672163634791997,6.333165453522566,1.7286752564693724,1.7286752564693724,4.670381016721275,4.148850500380514,3.5133734644764223,0.0,0.0,0.12834336611910557,1.0,0,0,True,1,258,24,False,False,False,0
64,758,BACKDOOR_PERIODIC,AMBER,False,0.0,1.7282567742186434,0.127610879871217,0.0,12.984781936551634,False,0.023813065270866084,0.006952684572784587,1.6012066484873753,0.0127730356427279,3.0677594406072246,0.7498159137849122,6.342373460667576,1.7282567742186434,1.7282567742186434,4.069845248992854,4.732689383174294,3.510443519484868,0.0,0.0,0.127610879871217,1.0,0,0,True,1,259,24,False,False,False,0
64,759,BACKDOOR_PERIODIC,AMBER,False,0.0,1.7284380428038975,0.11636600018827681,0.0,12.930286495594093,False,0.023717126181879617,0.006828953446177898,0.45996184630614884,0.020615095637983808,3.461013137034049,1.7618205876343396,6.56871090496282,1.7284380428038975,1.7284380428038975,3.707295888554386,5.365969918127563,3.4654640007531072,0.0,0.0,0.11636600018827681,1.0,0,0,True,1,260,24,False,False,False,0
64,760,BACKDOOR_PERIODIC,AMBER,False,0.0,1.7283230933726998,0.0346821527075456,0.0,12.817205474884283,False,0.02347044107104666,0.0066975353067519365,1.20411379175055,0.015494289154114363,3.804200571656602,1.045370882902454,6.966292051712818,1.7283230933726998,1.7283230933726998,3.3318607484283436,6.006531967522988,3.1387286108301824,0.0,0.0,0.0346821527075456,1.0,0,0,True,1,261,24,False,False,False,0
64,761,BACKDOOR_PERIODIC,AMBER,False,0.0,1.7295394683022232,0.0,0.0,12.689087752753437,False,0.023620735101892613,0.0066975353067519365,0.7480066619653254,0.028480242099245087,4.2921839737159155,2.1160318244021887,7.518007990149184,1.7295394683022232,1.7295394683022232,3.40574013456023,6.625842510016196,2.9201714452931253,0.0,0.0,0.0,1.0,0,0,True,1,262,24,False,False,False,0
64,762,BACKDOOR_PERIODIC,AMBER,False,0.0,1.7281356255687461,0.0,0.0,12.572845439732447,False,0.023546787727327347,0.006402588040952383,0.3680327721488639,0.021155822616383806,4.488686266267605,1.9707793766893174,8.14088080741304,1.7281356255687461,1.7281356255687461,2.004610846207734,7.243276096084927,2.5129871260708954,0.0,0.0,0.0,1.0,0,0,True,1,263,24,False,False,False,0
64,763,BACKDOOR_PERIODIC,AMBER,False,0.0,1.726960685471052,0.0,0.0,12.467443672968395,False,0.02341816889042947,0.006109692471393236,0.669618994044293,0.019259493164064792,4.533334388214796,1.4984134069305413,8.782725808152449,1.726960685471052,1.726960685471052,2.3791486683170193,7.585091489611248,2.0866391262957835,0.0,0.0,0.0,1.0,0,0,True,1,264,24,False,False,False,0
64,764,BACKDOOR_PERIODIC,AMBER,False,0.0,1.7237775916140778,0.0,0.0,12.370458959278146,False,0.023115072449810935,0.006009294152553997,1.6536371895295392,0.013314954203144973,4.365131632328253,-0.987206467632866,9.351186219713531,1.7237775916140778,1.7237775916140778,1.6590497234725683,7.632175627626414,1.7736993093586062,0.0,0.0,0.0,1.0,0,0,True,1,265,24,False,False,False,0
64,765,BACKDOOR_PERIODIC,AMBER,False,0.0,1.7345382354962502,0.0,0.0,12.290350066426331,False,0.023078989456318273,0.005842239391030348,0.20015103591562958,0.021912306000055518,4.713613577661063,0.5757738685725018,9.938152941985,1.720236569445491,1.7345382354962502,0.8913373241951339,7.77682931793124,1.345106620399427,0.0,0.0,0.0,1.0,0,0,True,1,266,24,False,False,False,0
64,766,BACKDOOR_PERIODIC,AMBER,False,0.0,1.8524657255368266,0.0,0.0,12.296909698716762,False,0.02299127914336431,0.005592634264258401,0.5004377436080814,0.020155312357852794,4.379531514793577,1.6759795002122806,10.409862902147307,1.71785538917274,1.8524657255368266,1.8044799595926408,7.525639466121345,0.842261897055489,0.0,0.0,0.0,1.0,0,0,True,1,267,24,False,False,False,0
64,767,BACKDOOR_PERIODIC,AMBER,False,0.0,1.9255723114372505,0.0,0.0,12.351575460573732,False,0.022873060764865137,0.005407237689118118,0.7046076017920441,0.019050666526725185,4.016679954399398,0.6937868509014821,10.702289245749002,1.709620743571405,1.9255723114372505,2.0652770347288234,7.034904012286959,0.44771739375749986,0.0,0.0,0.0,1.0,0,0,True,1,268,24,False,False,False,0
64,768,BACKDOOR_PERIODIC,AMBER,False,0.0,1.968440248126425,0.0,0.0,12.429367560016685,False,0.02280835276114309,0.005337257340659196,0.39889747435042466,0.020716127307463493,3.8304957504338573,0.5995598566705289,10.8737609925057,1.7052145265274428,1.968440248126425,2.207817527243538,6.511082413085658,-0.09300235409106308,0.0,0.0,0.0,1.0,0,0,True,1,269,24,False,False,False,0
64,769,BACKDOOR_PERIODIC,AMBER,False,0.0,1.9622797317512402,0.0,0.0,12.495271385093092,False,0.022710277495499042,0.00531112058931428,0.6125197480293386,0.01953917723967478,3.5218083854962665,1.454521695405483,10.84911892700496,1.7024013833740264,1.9622797317512402,2.1630275778818238,5.83900904595999,-0.5173938959244038,0.0,0.0,0.0,1.0,0,0,True,1,270,24,False,False,False,0
64,770,BACKDOOR_PERIODIC,AMBER,False,0.0,1.9283648199134102,0.0,0.0,12.531963581466027,False,0.022587820487638972,0.005240625133280606,0.7685572551703976,0.018628377233496675,3.238692938884149,1.5749648992377059,10.713459279653641,1.6992222761245839,1.9283648199134102,3.159465800055251,5.0467399133809066,-0.869485309447909,0.0,0.0,0.0,1.0,0,0,True,1,271,24,False,False,False,0
64,771,BACKDOOR_PERIODIC,AMBER,False,0.0,1.8496261409061536,0.0,0.0,12.512467859303827,False,0.022615604215740742,0.0051023187744999535,0.17672019015015653,0.02351394475769801,2.7997760326493104,2.5214516522924932,10.398504563624615,1.695354452724008,1.8496261409061536,3.908710548717903,4.190493952501408,-1.2690629996934266,0.0,0.0,0.0,1.0,0,0,True,1,272,24,False,False,False,0
64,772,BACKDOOR_PERIODIC,AMBER,False,0.0,1.7510931834728356,0.0,0.0,12.429200226749826,False,0.02281417467140583,0.0051023187744999535,1.2972563027454165,0.029234619404577077,2.6634882985343142,2.4460225054982416,10.004372733891342,1.6937895817842028,1.7510931834728356,4.400111529282683,3.356772811004419,-0.5196735599214675,0.0,0.0,0.0,1.0,0,0,True,1,273,24,False,False,False,0
64,773,BACKDOOR_PERIODIC,AMBER,False,0.0,1.6906280222714951,0.0,0.0,12.31392909492993,False,0.022735103222363856,0.005165867770067903,0.5165719910010957,0.020178459703340118,2.1562533228209166,2.8114600023200826,9.505245010309359,1.6906280222714951,1.6906280222714951,5.191488172958369,2.6014357434422477,0.011156641777592157,0.0,0.0,0.0,1.0,0,0,True,1,274,24,False,False,False,0
64,774,BACKDOOR_PERIODIC,AMBER,False,0.0,1.6872505815766772,0.0,0.0,12.207932323348581,False,0.022570236852993183,0.005165867770067903,1.0638184890312847,0.017239557576674808,1.831006395912203,2.538479251554389,8.953201226878809,1.6872505815766772,1.6872505815766772,5.641833530818123,1.8357739070854322,0.519663184991816,0.0,0.0,0.0,1.0,0,0,True,1,275,24,False,False,False,0
64,775,BACKDOOR_PERIODIC,AMBER,False,0.0,1.6838835598885553,0.0,0.0,12.11028942545939,False,0.022675641385058128,0.005165867770067903,0.6801344050118142,0.026083721255158024,1.9176764612440615,3.6997950329665446,8.446015510289163,1.6838835598885553,1.6838835598885553,6.660823839388679,1.3685311679459342,0.6997069276493326,0.0,0.0,0.0,1.0,0,0,True,1,276,24,False,False,False,0
64,776,BACKDOOR_PERIODIC,AMBER,False,0.0,1.6831662934569285,0.0,0.0,12.021932400649222,False,0.022663289044696562,0.004937210120407515,0.07970484283484983,0.02226389670633925,1.869699672469916,0.5950287191928441,7.990695401532897,1.6831662934569285,1.6831662934569285,5.873990869062678,1.2257000206757558,0.41442258414419597,0.0,0.0,0.0,1.0,0,0,True,1,277,24,False,False,False,0
64,777,BACKDOOR_PERIODIC,AMBER,False,0.0,1.6825907075292945,0.0,0.0,11.942027162506339,False,0.02260265298132587,0.0046869631634641855,0.4093814245421643,0.020642086932340143,2.045492285842742,4.615916319142181,7.646347732103299,1.6825907075292945,1.6825907075292945,6.5914557239617535,1.3485132391605432,-0.6812588260223313,0.0,0.0,0.0,1.0,0,0,True,1,278,24,False,False,False,0
64,778,BACKDOOR_PERIODIC,AMBER,False,0.0,1.6819561853296339,0.0,0.0,11.869689221870571,False,0.02244549858450253,0.004937210120407515,1.1176703787531972,0.01736417308721457,2.105691732545305,0.3980732818001336,7.357718009524408,1.6819561853296339,1.6819561853296339,4.8132365143290015,1.6038355220480096,-2.394607580020878,0.0,0.0,0.0,1.0,0,0,True,1,279,24,False,False,False,0
64,779,BACKDOOR_PERIODIC,AMBER,False,0.0,1.6819266955607173,0.0,0.0,11.804565405622512,False,0.02225226478430705,0.004937210120407515,1.3046085777388172,0.016004371911319988,2.5892081092590833,2.667756164396085,7.1962465601902785,1.6819266955607173,1.6819266955607173,5.567462974511015,2.163397222020922,-2.684221817935887,0.0,0.0,0.0,1.0,0,0,True,1,280,24,False,False,False,0
64,780,BACKDOOR_PERIODIC,AMBER,False,0.0,1.6819647864259646,0.0,0.0,11.74597937760638,False,0.02233504846666814,0.00504169439789697,0.5589099939856674,0.02501172086300999,2.977849755942454,1.8375376505263818,7.212788604539109,1.6819647864259646,1.6819647864259646,4.985801791718005,2.8614872437950694,-1.4809600052393952,0.0,0.0,0.0,1.0,0,0,True,1,281,24,False,False,False,0
64,781,BACKDOOR_PERIODIC,AMBER,False,0.0,1.6820475444834502,0.0,0.0,11.693307152016203,False,0.022342937097880666,0.00504169439789697,0.052155952542554965,0.02259800284041892,3.571813836552717,4.342697305567871,7.418893033820907,1.6820475444834502,1.6820475444834502,5.0742517776368254,3.7500252901315507,-0.8347047036765072,0.0,0.0,0.0,1.0,0,0,True,1,282,24,False,False,False,0
64,782,BACKDOOR_PERIODIC,AMBER,False,0.0,1.6823313681837586,0.0,0.0,11.646091459393151,False,0.022297990994544204,0.004937210120407515,0.2971626850634978,0.020844733653332007,3.929748286329821,1.3591863227067686,7.714296774602867,1.6823313681837586,1.6823313681837586,4.669148771772864,4.6389704487847645,-0.45892256807031195,0.0,0.0,0.0,1.0,0,0,True,1,283,24,False,False,False,0
64,783,BACKDOOR_PERIODIC,AMBER,False,0.0,1.681196367454885,0.0,0.0,11.602840290546245,False,0.02230355212151493,0.004937210120407515,0.037545677518971664,0.022483361893568428,4.085655809778431,1.1647767842239034,8.105180844376827,1.681196367454885,1.681196367454885,3.2097064586176765,5.458225962711194,-0.24331992678563127,0.0,0.0,0.0,1.0,0,0,True,1,284,24,False,False,False,0
64,784,BACKDOOR_PERIODIC,AMBER,False,0.0,1.6800650764306169,0.0,0.0,11.563159667470842,False,0.022121586005152804,0.004937210120407515,1.2285353598785609,0.01623801490944401,4.364688262000145,1.7751353689073033,8.60634336331612,1.6800650764306169,1.6800650764306169,3.066004771937365,6.162920492131373,-0.17213196786508225,0.0,0.0,0.0,1.0,0,0,True,1,285,24,False,False,False,0
64,785,BACKDOOR_PERIODIC,AMBER,False,0.0,1.681810514036123,0.0,0.0,11.528611313585852,False,0.022131094578602437,0.004675646024763559,0.06419666989886626,0.022438538453473947,4.623476244494177,-0.7364017723723533,9.147645550588534,1.681810514036123,1.681810514036123,1.9570542536731244,6.858445604726837,-0.1006031313366921,0.0,0.0,0.0,1.0,0,0,True,1,286,24,False,False,False,0
64,786,BACKDOOR_PERIODIC,AMBER,False,0.0,1.6817567759477603,0.0,0.0,11.497481951784424,False,0.022046977901069263,0.0044253990678202295,0.5996795386681578,0.01932720532749662,4.809675647664604,2.676892738761917,9.721968962057097,1.6817567759477603,1.6817567759477603,2.3744697615057926,7.357670796760029,0.17607254894189484,0.0,0.0,0.0,1.0,0,0,True,1,287,24,False,False,False,0
64,787,BACKDOOR_PERIODIC,AMBER,False,0.0,1.7990696592071425,0.0,0.0,11.547713219297146,False,0.021858323333644934,0.004675646024763559,1.4209985324348167,0.015758492320258312,4.584112226168903,-0.024301596585905316,10.19627863682857,1.680574521922075,1.7990696592071425,1.5444101922412434,7.522975184526375,0.31557135995550567,0.0,0.0,0.0,1.0,0,0,True,1,288,24,False,False,False,0
64,788,BACKDOOR_PERIODIC,AMBER,False,0.0,1.900143734554272,0.0,0.0,11.66033776831513,False,0.02185396341015403,0.004675646024763559,0.03108250330764367,0.02171299255061485,4.5537442044859295,1.7907795906438626,10.600574938217088,1.679471418893752,1.900143734554272,1.5120212301787936,7.577203798071356,0.404895134764178,0.0,0.0,0.0,1.0,0,0,True,1,289,24,False,False,False,0
64,789,BACKDOOR_PERIODIC,AMBER,False,0.0,1.9728719127739391,0.0,0.0,11.810209557303835,False,0.021909232680171108,0.0044253990678202295,0.39402234275475806,0.023696272410723338,4.443877817340353,0.6843893536932069,10.891487651095757,1.676150472067143,1.9728719127739391,1.1754793348860433,7.52977171337778,0.4687947655647654,0.0,0.0,0.0,1.0,0,0,True,1,290,24,False,False,False,0
64,790,BACKDOOR_PERIODIC,AMBER,False,0.0,2.004343629434227,0.0,0.0,11.96608580240608,False,0.02177503803865462,0.004472036109541914,1.0107912639434617,0.01743607796295488,3.9098566325861626,1.7930036747916565,11.017374517736908,1.6708576367424022,2.004343629434227,1.5280184799174534,6.988246721259803,0.9085523880569878,0.0,0.0,0.0,1.0,0,0,True,1,291,24,False,False,False,0
64,791,BACKDOOR_PERIODIC,AMBER,False,0.0,2.0140921128980245,0.0,0.0,12.112876661468455,False,0.021607126606982347,0.004675646024763559,1.251565860675132,0.016177990316245526,3.8136236479472267,1.2315690564780113,11.056368451592098,1.667119899034168,2.0140921128980245,1.9843574522105776,6.507867500177382,1.044153530385379,0.0,0.0,0.0,1.0,0,0,True,1,292,24,False,False,False,0
64,792,BACKDOOR_PERIODIC,AMBER,False,0.0,1.9924742101424133,0.0,0.0,12.2305692934866,False,0.021512001728082757,0.00455048398829416,0.6781585431958232,0.01843629731032935,3.60076179289895,2.337777330989396,10.969896840569653,1.6641907909472522,1.9924742101424133,2.605337267784291,5.9070600673007165,1.120489236290289,0.0,0.0,0.0,1.0,0,0,True,1,293,24,False,False,False,0
64,793,BACKDOOR_PERIODIC,AMBER,False,0.0,1.9074397865272026,0.0,0.0,12.279774701751583,False,0.02148625510716753,0.00430323706662835,0.1885998718777886,0.02065378103090855,2.7158281881919115,2.3027773963139473,10.62975914610881,1.657068307962839,1.9074397865272026,2.732511959861881,5.022080420302308,1.3415364341972869,0.0,0.0,0.0,1.0,0,0,True,1,294,24,False,False,False,0
64,794,BACKDOOR_PERIODIC,AMBER,False,0.0,1.7974092618389692,0.0,0.0,12.250669209223016,False,0.02144878072244126,0.00430323706662835,0.2902805813859218,0.020237108949625205,2.349406488143952,3.4715410938059157,10.189637047355877,1.6506892861392304,1.7974092618389692,4.1957661074892005,3.938512482027851,1.5800201676389802,0.0,0.0,0.0,1.0,0,0,True,1,295,24,False,False,False,0
64,795,BACKDOOR_PERIODIC,AMBER,False,0.0,1.6639324198147833,0.0,0.0,12.135445212317174,False,0.02142130640742863,0.0041108141354866115,0.21281897470235292,0.020532970222020254,1.8102315594124234,2.1792574695686744,9.655729679259133,1.6454071229240999,1.6639324198147833,4.466685951637623,2.9771070276332434,1.4144427093083822,0.0,0.0,0.0,1.0,0,0,True,1,296,24,False,False,False,0
64,796,BACKDOOR_PERIODIC,AMBER,False,0.0,1.6423831003864375,0.0,0.0,12.01737021904321,False,0.021235892333881776,0.004241925038806333,1.5034659594253053,0.015240837289200145,1.6078523900450488,1.879477556558167,9.098620791481425,1.6423831003864375,1.6423831003864375,4.705153480306492,2.178780103806489,1.2356778723492938,0.0,0.0,0.0,1.0,0,0,True,1,297,24,False,False,False,0
64,797,BACKDOOR_PERIODIC,AMBER,False,0.0,1.6377231892348294,0.0,0.0,11.90799456435852,False,0.021219038882309103,0.0042251889071813755,0.13243556025853762,0.02067411061479274,1.1209069751264389,2.565050542467826,8.433167037560523,1.6377231892348294,1.6377231892348294,5.287310604093621,1.3874625594723498,0.5369025120966119,0.0,0.0,0.0,1.0,0,0,True,1,298,24,False,False,False,0
64,798,BACKDOOR_PERIODIC,AMBER,False,0.0,1.6340311929356397,0.0,0.0,11.80709391361074,False,0.02145238710451308,0.0041108141354866115,1.8409293038343268,0.028997312955775033,1.3289255790697745,4.569397445273627,7.898036259568152,1.6340311929356397,1.6340311929356397,6.836611023894216,0.8115175280466238,1.2049944062148692,0.0,0.0,0.0,1.0,0,0,True,1,299,24,False,False,False,0
64,799,BACKDOOR_PERIODIC,AMBER,False,0.0,1.631406213764809,0.0,0.0,11.714532466830793,False,0.021348036594216115,0.004258629418556576,0.846146341963075,0.01797403676128098,1.2398435172786428,2.9102421329848864,7.437505408585823,1.631406213764809,1.631406213764809,6.377418360869117,0.5890899826475755,1.6369405859038804,0.0,0.0,0.0,1.0,0,0,True,1,300,24,False,False,False,0
64,800,NOISE_CRASH,AMBER,True,3.0,3.0,0.0,0.2420919914250368,13.188182558904344,False,0.04158591926590692,0.004310451163780698,158.4068541199832,0.6959441256505764,19.44301301048744,99.0,11.846203029352173,1.6112856108973164,3.0,50.01382032192943,5.3030970532143344,-0.8272960860635289,0.0,0.0,0.0,1.0,0,0,True,1,301,24,False,False,False,0
64,801,NOISE_CRASH,AMBER,True,3.0,3.0,0.0,1.6663028621704639,14.720978218028627,False,0.06263483168244831,0.004459543089341927,162.77424038121165,0.7432163331506199,22.02673939894323,99.0,17.224667687993126,1.6342586256446903,3.0,57.340408579669386,10.224461609504079,-3.022598623700128,0.0,0.0,0.0,1.0,0,0,True,1,302,24,False,False,False,0
64,802,NOISE_CRASH,AMBER,True,3.0,3.0,0.0,0.0,15.858880396225764,False,0.08754710915164485,0.004704801745958736,186.20949104805206,0.8930440806556663,27.643642806879793,99.0,24.363715323082754,1.634367288534126,3.0,65.68170368289195,11.973791265830084,-1.892284910868242,0.0,0.0,0.0,1.0,0,0,True,1,303,24,False,False,False,0
64,803,NOISE_CRASH,AMBER,True,3.0,3.0,0.0,0.0,16.88299235660319,False,0.10695630849327287,0.004925663690714962,137.51340573347827,0.7345204205392455,17.727673803413666,99.0,28.205984118393047,1.6350186808077964,3.0,59.73914843008555,8.165450305548475,0.7530025560699855,0.0,0.0,0.0,1.0,0,0,True,1,304,24,False,False,False,0
64,804,NOISE_CRASH,AMBER,True,3.0,3.0,0.0,0.5806272620242918,17.888884073936392,False,0.1373607130033223,0.005077123600151134,205.75504418732953,1.1204364588282545,31.851336744158175,99.0,40.56251931280596,1.6466217230411497,3.0,64.49363026537519,12.526290075711232,-1.8457441133950443,0.0,0.0,0.0,1.0,0,0,True,1,305,24,False,False,False,0
64,805,NOISE_CRASH,AMBER,True,3.0,3.0,0.0,0.677281860152694,18.808201536264892,False,0.15064052563110872,0.005101091814198458,87.18724533573233,0.5800211339295358,17.862413261998352,99.0,44.74531582050109,1.6656417230164475,3.0,57.377382112137546,12.4994571860772,-1.393755027661318,0.0,0.0,0.0,1.0,0,0,True,1,306,24,False,False,False,0
64,806,NOISE_CRASH,AMBER,True,3.0,3.0,0.0,0.0,19.537381382638404,False,0.1730760408052475,0.005183548422964214,146.60596849542048,0.8984910314357353,25.497265940653676,99.0,51.78188512012346,1.6630344061445914,3.0,78.38243233880034,7.543453471609166,0.264698296933901,0.0,0.0,0.0,1.0,0,0,True,1,307,24,False,False,False,0
64,807,NOISE_CRASH,AMBER,True,3.0,3.0,0.0,2.1431232557126276,20.504396116452895,False,0.19119637638814593,0.005183548422964214,116.52465392639493,0.7770872269018627,21.63920915238388,99.0,57.231299224365806,1.5714557482793587,3.0,56.8858284207548,8.345566650301874,1.4712132136791831,0.0,0.0,0.0,1.0,0,0,True,1,308,24,False,False,False,0
64,808,NOISE_CRASH,AMBER,True,3.0,3.0,0.0,0.0,21.063956504807607,False,0.2012269767880912,0.005263114576196617,64.50279217680054,0.5255497230529887,14.242487514778771,99.0,59.99288472614703,1.5475976852793156,3.0,53.16123085968155,6.488357807064016,-1.9858959263173395,0.0,0.0,0.0,1.0,0,0,True,1,309,24,False,False,False,0
64,809,NOISE_CRASH,AMBER,True,3.0,3.0,0.0,0.0,21.567560854326846,False,0.21831924336943212,0.005334085808423415,108.25191265164418,0.7709691961661226,21.72653340847121,99.0,66.43284067770261,1.529523315357601,3.0,65.29300494321323,9.712073404321975,-1.8731077454442848,0.0,0.0,0.0,1.0,0,0,True,1,310,24,False,False,False,0
64,810,NOISE_CRASH,AMBER,True,3.0,3.0,0.0,1.5161646455949334,22.240648642505427,False,0.23521546597647974,0.005471154931351846,105.58649419278589,0.7815266636043526,24.84440657913614,99.0,74.82195919089612,1.592370567409247,3.0,61.96674667622496,11.50742776227843,-1.6038764299180244,0.0,0.0,0.0,1.0,0,0,True,1,311,24,False,False,False,0
64,811,NOISE_CRASH,AMBER,True,3.0,3.0,0.0,1.2207373201681602,22.803590689679268,False,0.24825422082122364,0.005611755419962828,79.4393810712419,0.6698406274679434,20.222087583252474,99.0,79.78339531968162,1.649127433550523,3.0,58.58812980570887,10.33360468004993,-1.7728260020077231,0.0,0.0,0.0,1.0,0,0,True,1,312,24,False,False,False,0
64,812,NOISE_CRASH,AMBER,True,3.0,3.0,0.0,0.1799346758562843,23.159322148710505,False,0.26850459491309936,0.005620848861392578,120.28543997622434,0.923266690550414,27.080883688513683,99.0,88.79913901017834,1.5661722533148539,3.0,67.58437660895316,11.30070209532064,-2.126551225111394,0.0,0.0,0.0,1.0,0,0,True,1,313,24,False,False,False,0
64,813,NOISE_CRASH,AMBER,True,3.0,3.0,0.0,0.9167654350797869,23.586320921926024,False,0.28780207980290134,0.005620848861392578,114.43992040863499,0.9117540912398325,26.67958073343149,99.0,97.28633318776131,1.4462187367215644,3.0,64.31944806597002,12.941882262908399,-0.471730112830873,0.0,0.0,0.0,1.0,0,0,True,1,314,24,False,False,False,0
64,814,NOISE_CRASH,AMBER,True,3.0,3.0,0.0,0.6433272944944382,23.930971287435117,False,0.3063424548842663,0.0057591552201732305,109.95003031607062,0.9058145825150663,27.377135621198804,99.0,99.0,1.477496343487013,3.0,66.86738827450279,12.367832621135772,-0.08718863117760152,0.0,0.0,0.0,1.0,0,0,True,1,315,24,False,False,False,0
64,815,NOISE_CRASH,AMBER,True,3.0,3.0,0.0,0.0,24.147874158691604,False,0.32537411159383484,0.005812458304559524,110.15305765044782,0.9407310118698857,28.908568694149977,99.0,99.0,1.416836083644957,3.0,70.61347945956126,11.596008012270682,1.1970188251330949,0.0,0.0,0.0,1.0,0,0,True,1,316,24,False,False,False,0
64,816,NOISE_CRASH,AMBER,True,3.0,3.0,0.0,0.0,24.343086742822443,False,0.34271380564956794,0.005825283418865902,99.4398190184645,0.9033639134516048,27.977154934914147,99.0,99.0,1.3903888569330003,3.0,66.25083712890986,14.993134520825006,0.6176956667864405,0.0,0.0,0.0,1.0,0,0,True,1,317,24,False,False,False,0
64,817,NOISE_CRASH,AMBER,True,3.0,3.0,0.0,0.9086391777049145,24.650530749307414,False,0.35952684809367347,0.006265828822051183,96.20729290557998,0.903148553786418,27.499503909029528,99.0,99.0,1.279422854994308,3.0,77.59629076352734,6.775115512355194,0.3474595431148216,0.0,0.0,0.0,1.0,0,0,True,1,318,24,False,False,False,0
64,818,NOISE_CRASH,AMBER,True,3.0,3.0,0.0,0.0,24.795477674376674,False,0.36923641176852184,0.00641049797251019,51.65352129568634,0.6831789705886195,20.917628531297552,99.0,99.0,1.2588816504592362,3.0,53.96516073175372,11.443817989218601,-1.7055215668092523,0.0,0.0,0.0,1.0,0,0,True,1,319,24,False,False,False,0
64,819,NOISE_CRASH,AMBER,True,3.0,3.0,0.0,0.5169664244967258,25.000890038491033,False,0.38644248876684517,0.006542007712121327,89.46822889634709,0.9427723117126324,30.189938517986977,99.0,99.0,1.183261407609767,3.0,66.666062422179,14.169821523291304,-0.8269032276729193,0.0,0.0,0.0,1.0,0,0,True,1,320,24,False,False,False,0
64,820,NOISE_CRASH,AMBER,True,3.0,3.0,0.0,0.0,25.11080103464193,False,0.39298139931963594,0.0068433447305902345,33.317552452463914,0.6044061738598709,21.428338067170948,99.0,99.0,1.1377795486307831,3.0,54.967922322288146,14.662961662404586,-1.6002296611191562,0.0,0.0,0.0,1.0,0,0,True,1,321,24,False,False,False,0
64,821,NOISE_CRASH,AMBER,True,3.0,3.0,0.0,1.185499486847799,25.38161835677067,False,0.40526964845289176,0.0069356325900910695,59.854986204462705,0.802589703761497,25.285137807467784,99.0,99.0,1.1800263731216807,3.0,54.61830433312576,15.874145776699958,-0.8619047118413307,0.0,0.0,0.0,1.0,0,0,True,1,322,24,False,False,False,0
64,822,NOISE_CRASH,AMBER,True,3.0,3.0,0.0,1.4893451959092996,25.66941157450045,False,0.41677032218787974,0.007570207639800322,55.27337069641867,0.7886254396191578,27.974922091610793,99.0,99.0,1.2273270000391183,3.0,60.01093533090091,17.299793284299746,-0.2143148531072084,0.0,0.0,0.0,1.0,0,0,True,1,323,24,False,False,False,0
64,823,NOISE_CRASH,AMBER,True,3.0,3.0,0.0,0.15594765035902647,25.735082826352464,False,0.4251906387500675,0.008202601633832577,37.076554844273176,0.6974475409274722,20.78343953872135,99.0,99.0,1.2001707937814232,3.0,61.940638317480925,14.75258489341939,-1.7275152514693703,0.0,0.0,0.0,1.0,0,0,True,1,324,24,False,False,False,0
64,824,NOISE_CRASH,AMBER,True,3.0,3.0,0.0,0.16796585392866503,25.795929592536876,False,0.44227012527580245,0.008426564213802492,69.406786156271,0.9945068562745643,28.52553391221741,99.0,99.0,1.185593851028985,3.0,79.09833394882105,6.57935865439028,2.626624125609322,0.0,0.0,0.0,1.0,0,0,True,1,325,24,False,False,False,0
64,825,NOISE_CRASH,AMBER,True,3.0,3.0,0.0,1.183855147484754,25.997995629668477,False,0.4567265641644787,0.008835812875673105,57.18597569100593,0.9241514215650123,26.4137646192697,99.0,99.0,1.1969686067740684,3.0,63.97990422549893,8.642386677800191,1.9386852800054497,0.0,0.0,0.0,1.0,0,0,True,1,326,24,False,False,False,0
64,826,NOISE_CRASH,AMBER,True,3.0,3.0,0.0,1.3326080657567902,26.201424236236363,False,0.4660665601957472,0.008930582328739393,35.23537736968729,0.7680597652067624,26.099687151366805,99.0,99.0,1.2008014554358009,3.0,65.61963386136829,9.971804578517439,-3.7477265227212477,0.0,0.0,0.0,1.0,0,0,True,1,327,24,False,False,False,0
64,827,NOISE_CRASH,AMBER,True,3.0,3.0,0.0,0.0,26.191281812612726,False,0.4807483318081253,0.008950084305413955,54.79960534089285,0.9554589472750178,28.85807770381525,99.0,99.0,1.2036774130678596,3.0,67.98913597564317,10.116980657577827,-1.2114433946040783,0.0,0.0,0.0,1.0,0,0,True,1,328,24,False,False,False,0
64,828,NOISE_CRASH,AMBER,True,3.0,3.0,0.0,0.4431388246879806,26.24640876093121,False,0.49993213735958203,0.009199754085502986,71.44739236274525,1.1202085168566844,36.64790631046354,99.0,99.0,1.1894904014651624,3.0,71.19501706938473,16.50224543627687,-1.1411538305415443,0.0,0.0,0.0,1.0,0,0,True,1,329,24,False,False,False,0
64,829,NOISE_CRASH,AMBER,True,3.0,3.0,0.0,0.8728393239763019,26.35832958681465,False,0.5171882106370588,0.009361743702018486,62.523675876180654,1.0751345799421395,31.98284143716999,99.0,99.0,1.2138976438993772,3.0,85.52666299446707,11.010664001921922,0.6287539427466804,0.0,0.0,0.0,1.0,0,0,True,1,330,24,False,False,False,0
64,830,NOISE_CRASH,AMBER,True,0.9453470948606764,3.0,0.0,0.0,25.915402088389904,False,0.5192332053911548,0.009793668056595447,7.2813883794427054,0.5853547024402571,19.748133404537082,99.0,99.0,1.224503669318949,3.0,55.994402164839535,10.251168231255736,2.753166215957126,0.0,0.0,0.0,1.0,0,0,True,1,331,24,False,False,False,0
64,831,NOISE_CRASH,AMBER,True,3.0,3.0,0.0,0.0,25.933861879550914,False,0.5271999022948703,0.010197626221944789,27.11512805239005,0.7847897688483424,23.29576548348889,99.0,99.0,1.2224241365776491,3.0,60.10063969294401,9.153389622732734,-1.1442902073919214,0.0,0.0,0.0,1.0,0,0,True,1,332,24,False,False,False,0
64,832,NOISE_CRASH,AMBER,True,0.9967073684338676,3.0,0.0,0.0,25.5438072873879,False,0.5294903389516881,0.010409329128118849,7.486829473735471,0.6035477908554643,19.182400468722697,99.0,99.0,1.1820242760576118,3.0,46.83565986655831,12.606565048683295,-0.47952406446526896,0.0,0.0,0.0,1.0,0,0,True,1,333,24,False,False,False,0
64,833,NOISE_CRASH,AMBER,True,1.3414841258706072,3.0,0.0,0.0,25.262747836200845,False,0.5322589924845006,0.010561224748931486,8.865936503482429,0.6217787900454399,18.69667755708578,99.0,99.0,1.1668481254028877,3.0,59.37546067920348,9.591950923453505,2.559434578016457,0.0,0.0,0.0,1.0,0,0,True,1,334,24,False,False,False,0
64,834,NOISE_CRASH,AMBER,True,3.0,3.0,0.0,0.0,25.34647305258076,False,0.538619418935447,0.0111428867257783,20.074775423465606,0.7442732075160471,23.05265116942951,99.0,99.0,1.143516607144863,3.0,58.69063982564174,8.455506938576873,0.5304396822554571,0.0,0.0,0.0,1.0,0,0,True,1,335,24,False,False,False,0
64,835,NOISE_CRASH,AMBER,False,0.0,3.0,0.0,0.0,24.812825747322684,False,0.5386666512834536,0.011625466565899618,0.14129297362226811,0.5401938305356683,21.313260579796108,99.0,99.0,1.130968197838414,3.0,49.87255352336672,13.522361787129583,-0.6558472596993775,0.0,0.0,0.0,1.0,0,0,True,1,336,24,False,False,False,0
64,836,NOISE_CRASH,AMBER,True,3.0,3.0,0.0,0.0,24.941543172590414,False,0.5448222639839835,0.012689396990139098,17.649793997905515,0.7438537413011199,22.053326008467106,99.0,99.0,1.0751913334282817,3.0,67.7649555302842,10.465526884579395,0.06856186243227634,0.0,0.0,0.0,1.0,0,0,True,1,337,24,False,False,False,0
64,837,NOISE_CRASH,AMBER,True,3.0,3.0,0.0,0.0,25.05738885533137,False,0.5540625932402546,0.01301167167764088,24.273097882302256,0.8528332391930215,29.300340816544562,99.0,99.0,1.0808943080238462,3.0,58.0830337245146,14.737897374228817,-0.3353719877941334,0.0,0.0,0.0,1.0,0,0,True,1,338,24,False,False,False,0
64,838,NOISE_CRASH,AMBER,False,0.0,3.0,0.0,0.0,24.552649969798235,False,0.5549697025614033,0.013477162498343638,2.323834947632655,0.5842995706118785,14.756336314537762,99.0,99.0,1.0723802311992394,3.0,54.65141977238617,9.926139154927359,-2.701262384278221,0.0,0.0,0.0,1.0,0,0,True,1,339,24,False,False,False,0
64,839,NOISE_CRASH,AMBER,True,3.0,3.0,0.0,1.246657105690855,24.888150253143586,False,0.5712805333973631,0.013792216689231107,40.34190143997144,1.0986640637600615,37.3664140661881,99.0,99.0,0.9369945482849031,3.0,82.86360878802529,9.736552108768329,0.44140439377609414,0.0,0.0,0.0,1.0,0,0,True,1,340,24,False,False,False,0
64,840,NOISE_CRASH,AMBER,True,0.23210614266725438,3.0,0.0,0.7959577635088424,24.562866650499462,False,0.5731128671354805,0.014066704103762349,4.4284245706690175,0.6323583246679454,20.201444497198878,99.0,99.0,0.8266158589650348,3.0,53.57522365333378,9.739309853478378,-0.8100146426172121,0.0,0.0,0.0,1.0,0,0,True,1,341,24,False,False,False,0
64,841,NOISE_CRASH,AMBER,True,2.931450110382272,3.0,0.0,2.428765818289741,25.05483540150913,False,0.5795381720220982,0.015566574183799097,15.225800441529088,0.7872896966894043,29.887358163456476,99.0,99.0,0.6539606017467523,3.0,67.41100652548016,13.844801575084603,-2.877593121476468,0.0,0.0,0.0,1.0,0,0,True,1,342,24,False,False,False,0
64,842,NOISE_CRASH,AMBER,True,2.576453325593486,3.0,0.0,0.0,25.073371886453696,False,0.5859854485302708,0.01586059460804613,13.805813302373943,0.7944473889611826,26.29021183606691,99.0,99.0,0.6247513455007669,3.0,70.94933778242094,10.708962446006405,-1.454765337700565,0.0,0.0,0.0,1.0,0,0,True,1,343,24,False,False,False,0
64,843,NOISE_CRASH,AMBER,True,3.0,3.0,0.0,0.0,25.176034697808326,False,0.6020024721941214,0.016007383704949963,33.66209161692923,1.1198862373252934,35.20031323700899,99.0,99.0,0.6106243560356763,3.0,76.21376693937198,10.09994305836369,-0.3918490223061133,0.0,0.0,0.0,1.0,0,0,True,1,344,24,False,False,False,0
64,844,NOISE_CRASH,AMBER,True,3.0,3.0,0.0,1.062078393098787,25.42243259502682,False,0.6141114028406737,0.01663072178672589,25.21530244988924,1.0056334937458633,35.323258054340926,99.0,99.0,0.5350563247665137,3.0,71.852780608945,11.572763030957269,-1.3619199999751777,0.0,0.0,0.0,1.0,0,0,True,1,345,24,False,False,False,0
64,845,NOISE_CRASH,AMBER,False,0.0,3.0,0.0,0.0,24.88118933552414,False,0.6131132711239557,0.01704238118333042,2.00057806573884,0.5808403456167448,20.16221691503889,99.0,99.0,0.5289533521129852,3.0,66.43103152579602,7.024509502812799,1.0805105532388208,0.0,0.0,0.0,1.0,0,0,True,1,346,24,False,False,False,0
64,846,NOISE_CRASH,AMBER,True,3.0,3.0,0.0,0.6472962372731881,25.09692835637634,False,0.6299445637636705,0.01741776210257185,32.920463517108814,1.1741563591144466,39.530865542065065,99.0,99.0,0.5519832418970483,3.0,72.91614032500016,9.561011439129166,-0.32310291057660545,0.0,0.0,0.0,1.0,0,0,True,1,347,24,False,False,False,0
64,847,NOISE_CRASH,AMBER,False,0.0,3.0,0.0,0.0,24.588235520738706,False,0.6288708425181163,0.01839932518484757,2.0548396501440394,0.5941538555785296,23.053444925301132,99.0,99.0,0.5575864917002198,3.0,53.01757908742112,12.073272640243918,-0.675225167139028,0.0,0.0,0.0,1.0,0,0,True,1,348,24,False,False,False,0
64,848,NOISE_CRASH,AMBER,True,3.0,3.0,0.0,0.0,24.739411968664836,False,0.6376573479595918,0.02074265005556504,15.91816611606224,0.9217543572339675,29.791910143481385,99.0,99.0,0.5619052711860257,3.0,69.56215065310971,13.597053233593982,-1.325498784312514,0.0,0.0,0.0,1.0,0,0,True,1,349,24,False,False,False,0
64,849,NOISE_CRASH,AMBER,False,0.0,3.0,0.0,0.0,24.266470771798353,False,0.6381448907866855,0.022865593657082097,0.7834788479898502,0.6539087755293825,25.01655896169676,99.0,99.0,0.5615396620921316,3.0,62.55253708396505,13.33290700552021,0.32861741507899594,0.0,0.0,0.0,1.0,0,0,True,1,350,24,False,False,False,0
64,850,NOISE_CRASH,AMBER,True,0.733757104004779,3.0,0.0,0.0,23.98977638673149,False,0.6425591131346595,0.02445944424309886,6.435028416019116,0.7852856357191552,27.188894161632838,99.0,99.0,0.5603552602351116,3.0,67.81290124611392,14.783323492921882,-1.0471518068052723,0.0,0.0,0.0,1.0,0,0,True,1,351,24,False,False,False,0
64,851,NOISE_CRASH,AMBER,True,1.2600052015869037,3.0,0.0,0.11474054982154847,23.864217183704604,False,0.6488256380170925,0.026355636406480924,8.540020806347615,0.8514432758824232,29.752073745622166,99.0,99.0,0.5512618242692622,3.0,65.08986235158761,14.743673971327764,0.08708751128632598,0.0,0.0,0.0,1.0,0,0,True,1,352,24,False,False,False,0
64,852,NOISE_CRASH,AMBER,True,0.4700527015097653,3.0,0.0,1.8242742988861145,23.83873593707911,False,0.6530796044109181,0.02652883596099026,5.380210806039061,0.7906245178112776,26.859949450372433,99.0,99.0,0.516319229481083,3.0,61.38915443457422,18.346468672011152,-1.799403069806462,0.0,0.0,0.0,1.0,0,0,True,1,353,24,False,False,False,0
64,853,NOISE_CRASH,AMBER,False,0.0,3.0,0.0,1.7351299079556366,23.707456180024767,False,0.6536694396069392,0.027824551687923176,0.7411246098252233,0.6727407776116243,21.949519792011007,99.0,99.0,0.4747611487425769,3.0,58.95317632447748,16.455209829161355,0.01652663126089076,0.0,0.0,0.0,1.0,0,0,True,1,354,24,False,False,False,0
64,854,NOISE_CRASH,AMBER,True,0.9450116653375245,3.0,0.0,1.7720732047287533,23.786498544771476,False,0.6597463606455161,0.02866231091378732,7.280046661350098,0.8562334742261676,28.19836078710785,99.0,99.0,0.517970716645691,3.0,68.66107069641832,18.603018912467846,-0.3299786148990649,0.0,0.0,0.0,1.0,0,0,True,1,355,24,False,False,False,0
64,855,NOISE_CRASH,AMBER,True,1.905233221931112,3.0,0.0,0.9942144773161388,23.939772133557184,False,0.6693089097278957,0.028890709820235626,11.120932887724448,0.9784979967248368,30.994568193680898,99.0,99.0,0.4584324183578139,3.0,70.33467201215407,13.039695757845655,1.875563037043008,0.0,0.0,0.0,1.0,0,0,True,1,356,24,False,False,False,0
64,856,NOISE_CRASH,AMBER,False,0.0,3.0,0.0,0.0,23.546794920201467,False,0.6710402083818795,0.029690787063175347,1.9975263844978524,0.7270188648606876,28.002046517251795,99.0,99.0,0.45006204011423445,3.0,62.70639493662253,14.101076456582723,-2.3294880482723186,0.0,0.0,0.0,1.0,0,0,True,1,357,24,False,False,False,0
64,857,NOISE_CRASH,AMBER,True,1.2054688367040503,3.0,0.0,0.08930690603035607,23.450775103406645,False,0.6784526992485378,0.030009456178526298,8.321875346816201,0.9181232372704878,27.983998581494582,99.0,99.0,0.39657585183941624,3.0,62.352529611511855,15.806606423378511,-0.7985974636026479,0.0,0.0,0.0,1.0,0,0,True,1,358,24,False,False,False,0
64,858,NOISE_CRASH,AMBER,False,0.0,3.0,0.0,0.0,23.10669759306598,False,0.6778213903306504,0.030967994798301656,0.7012333202928436,0.6574090686522872,20.45549216554886,99.0,99.0,0.3445422477057978,3.0,61.974960951589004,12.370536141797782,1.2540100624630355,0.0,0.0,0.0,1.0,0,0,True,1,359,24,False,False,False,0
64,859,NOISE_CRASH,AMBER,True,0.8498840307944995,3.0,0.0,1.3388723045456952,23.16369077616979,False,0.6842313342938485,0.03441549593494961,6.899536123177998,0.891486189103921,31.298122400611252,99.0,99.0,0.39983165030431556,3.0,80.8361687590384,11.861985393820893,-1.0467392338932342,0.0,0.0,0.0,1.0,0,0,True,1,360,24,False,False,False,0
64,860,NOISE_CRASH,AMBER,False,0.0,3.0,0.0,0.0,22.848321698552812,False,0.6867610221375613,0.03745628665024336,2.4501442107108744,0.7685542624176089,23.43808263201773,99.0,99.0,0.3834583806578571,3.0,57.45647764664102,13.39691239198093,-0.9435383470231826,0.0,0.0,0.0,1.0,0,0,True,1,361,24,False,False,False,0
64,861,NOISE_CRASH,AMBER,True,0.31409271468812294,3.0,0.0,0.0,22.62825034977922,False,0.6814163424285524,0.0383399112547472,4.756370858752492,0.5086050318372638,9.024144990205587,99.0,99.0,0.3423341183981262,3.0,43.83083304863297,7.148571311316143,1.6627736812989427,0.0,0.0,0.0,1.0,0,0,True,1,362,24,False,False,False,0
64,862,NOISE_CRASH,AMBER,False,0.0,3.0,0.0,1.35348749506591,22.56268100158585,False,0.6833429808353138,0.04525883049694317,1.6750503098106435,0.7456376226539293,28.293005459022986,99.0,99.0,0.40167638652378024,3.0,66.9876776774996,8.70780166028198,-1.0942038434925707,0.0,0.0,0.0,1.0,0,0,True,1,363,24,False,False,False,0
64,863,NOISE_CRASH,AMBER,True,0.07793173827070421,3.0,0.0,0.0,22.323233044296217,False,0.6885184099574199,0.3927372980247311,3.811726953082817,0.8558572849055186,29.144905870582193,99.0,99.0,0.38247777465554134,3.0,61.44969607788758,11.41678726019009,-3.227141511915321,0.0,0.0,0.0,1.0,0,0,True,1,364,24,False,False,False,0
64,864,NOISE_CRASH,AMBER,False,0.0,3.0,0.0,0.42611997499256327,22.153697136240517,False,0.6882812031590623,0.724363705445638,0.020132779133412108,0.6806115166788349,19.9140334538052,99.0,99.0,0.281349204771178,3.0,70.08947062979138,5.273174454961711,2.3567360389068663,0.0,0.0,0.0,1.0,0,0,True,1,365,24,False,False,False,0
64,865,NOISE_CRASH,AMBER,False,0.0,3.0,0.0,0.0,21.93932742261647,False,0.6853884784875108,0.747427584712985,0.13311566412491907,0.5918570474406789,21.88116357490082,99.0,99.0,0.2164683115398378,3.0,58.26550144287448,7.477338326443858,1.0564104114353439,0.0,0.0,0.0,1.0,0,0,True,1,366,24,False,False,False,0
64,866,NOISE_CRASH,AMBER,False,0.0,3.0,0.0,0.0,21.746394680354822,False,0.6898836996064008,0.7872480216993266,0.2004752126194799,0.8352291824505108,29.66923153970675,99.0,99.0,0.16349657778347704,3.0,68.73820649746325,10.259835472644843,-1.2599016918702821,0.0,0.0,0.0,1.0,0,0,True,1,367,24,False,False,False,0
64,867,NOISE_CRASH,AMBER,False,0.0,3.0,0.0,0.8915071161171433,21.702023744156325,False,0.6882513817957273,0.7840647234069157,0.06911493225688588,0.6354731059172845,16.556826613949795,99.0,99.0,0.06480080490419493,3.0,53.12250821257241,6.858710857159925,-1.834200687186875,0.0,0.0,0.0,1.0,0,0,True,1,368,24,False,False,False,0
64,868,NOISE_CRASH,AMBER,False,0.0,3.0,0.0,0.0,21.532821369740695,False,0.6937030980136516,0.747718714676163,0.23177152154120884,0.8699752557265352,26.76937184649334,99.0,99.0,0.027257517159413824,3.0,62.68114749861332,6.768735917894758,2.2187409410272085,0.0,0.0,0.0,1.0,0,0,True,1,369,24,False,False,False,0
64,869,NOISE_CRASH,AMBER,False,0.0,3.0,0.0,0.6370944054877159,21.472917921562342,False,0.6912825798323664,0.6754086604113684,0.10790680745648629,0.6130191586374795,29.297366971981646,99.0,99.0,0.0,3.0,48.49062584551475,15.353406784785454,-0.6493700335777414,0.0,0.0,0.0,1.0,0,0,True,1,370,24,False,False,False,0
64,870,NOISE_CRASH,AMBER,False,0.0,3.0,0.0,0.0,21.326626129406108,False,0.6907720539068379,0.6100369712834051,0.025195902641493483,0.67426504898142,18.281035031089957,99.0,99.0,0.0,3.0,63.423697975972615,6.628205563404813,1.0557970565220245,0.0,0.0,0.0,1.0,0,0,True,1,371,24,False,False,False,0
64,871,NOISE_CRASH,AMBER,False,0.0,3.0,0.0,0.5741567491189155,21.27821624508774,False,0.6937822997574932,0.5833986151203168,0.1644843396033412,0.7911135822620112,30.434538664794427,99.0,99.0,0.0,3.0,67.01572188212509,8.658713674035171,-2.0120878994995817,0.0,0.0,0.0,1.0,0,0,True,1,372,24,False,False,False,0
64,872,NOISE_CRASH,AMBER,False,0.0,3.0,0.0,1.2866760448167596,21.337962647077397,False,0.6967866973573108,0.5457860520855726,0.17166065202252087,0.7939288864180825,32.315341562047905,99.0,99.0,0.0,3.0,62.283257114779374,17.882220648114515,-3.5218447226965965,0.0,0.0,0.0,1.0,0,0,True,1,373,24,False,False,False,0
64,873,NOISE_CRASH,AMBER,False,0.0,3.0,0.0,1.44400990711144,21.414547818900814,False,0.6983044761900634,0.5117025582440671,0.0926968132752645,0.7473793251157309,22.70927973111781,99.0,99.0,0.0,3.0,71.78084697507539,11.725646010718968,-1.808982653953923,0.0,0.0,0.0,1.0,0,0,True,1,374,24,False,False,False,0
64,874,NOISE_CRASH,AMBER,False,0.0,3.0,0.0,0.0,21.274093037010736,False,0.6997626159232011,0.4937636147914347,0.09498615355382688,0.7469091339613204,26.640288299470175,99.0,99.0,0.0,3.0,66.84812694233173,10.608127111292426,-1.075052836181009,0.0,0.0,0.0,1.0,0,0,True,1,375,24,False,False,False,0
64,875,NOISE_CRASH,AMBER,False,0.0,3.0,0.0,1.008519083587185,21.293919000429806,False,0.698028770925677,0.4670816285466418,0.1170495992808607,0.6419677826723944,22.80804780763186,99.0,99.0,0.0,3.0,55.80529648577002,16.285398966367964,-2.3032537352370297,0.0,0.0,0.0,1.0,0,0,True,1,376,24,False,False,False,0
64,876,NOISE_CRASH,AMBER,False,0.0,3.0,0.0,0.0,21.16552710038683,False,0.7095072881396365,0.45274550476825737,0.8191656812875726,1.0806460113909957,35.42407143957393,99.0,99.0,0.0,3.0,90.58863100716854,8.423090541766918,-1.556356326285302,0.0,0.0,0.0,1.0,0,0,True,1,377,24,False,False,False,0
64,877,NOISE_CRASH,AMBER,False,0.0,3.0,0.0,0.0,21.049974390348147,False,0.7076030851425441,0.4296476070183346,0.14019671662759137,0.6460338549032253,18.342166190730723,99.0,99.0,0.0,3.0,58.97798439214831,7.87091872739097,-1.0554322006777115,0.0,0.0,0.0,1.0,0,0,True,1,378,24,False,False,False,0
64,878,NOISE_CRASH,AMBER,False,0.0,3.0,0.1990407727184461,0.0,21.101825876351874,False,0.7103969523346474,0.420747172011033,0.21675648806644368,0.8007319915459898,26.266755968805143,99.0,99.0,0.0,3.0,79.2783549852572,3.3383976473906176,3.7961630908737845,0.0,0.0,0.1990407727184461,1.0,0,0,True,1,379,24,False,False,False,0
64,879,NOISE_CRASH,AMBER,False,0.0,3.0,0.0,0.6440089465442902,21.08602458596561,False,0.707303534663575,0.4169343300946238,0.24507335813150888,0.6072830299655679,21.93729168815938,99.0,99.0,0.0,3.0,52.04165154099807,5.112696637127224,1.0716050392240233,0.0,0.0,0.0,1.0,0,0,True,1,380,24,False,False,False,0
64,880,NOISE_CRASH,AMBER,False,0.0,3.0,0.0,0.06494434164079621,20.987839056906964,False,0.7088245389627316,0.4016924496898935,0.12160222760671441,0.7580036779687944,27.225541737591143,99.0,99.0,0.0,3.0,63.64208602301302,9.247293550168317,-3.1774042919105385,0.0,0.0,0.0,1.0,0,0,True,1,381,24,False,False,False,0
64,881,NOISE_CRASH,AMBER,False,0.0,3.0,0.0,0.7849603457876091,21.00387440135547,False,0.7057218876490226,0.3925680439196995,0.2574649101241767,0.6054028285057628,17.884642937933126,99.0,99.0,0.0,3.0,56.04025134417307,5.768305869557422,-0.5667572930300495,0.0,0.0,0.0,1.0,0,0,True,1,382,24,False,False,False,0
64,882,NOISE_CRASH,AMBER,False,0.0,3.0,0.0,0.4265032841995233,20.966329937428856,False,0.7035258090974782,0.38634840512528634,0.1864711596336268,0.6325192692642116,20.240536927224568,99.0,99.0,0.0,3.0,58.9053697597185,5.492833100715969,-0.1249653131896303,0.0,0.0,0.0,1.0,0,0,True,1,383,24,False,False,False,0
64,883,NOISE_CRASH,AMBER,False,0.0,3.0,0.0,1.407710878571137,21.074815021078784,False,0.7015785349505157,0.38437207802873935,0.16800674564977733,0.6386166708653971,20.029627435009203,99.0,99.0,0.0,3.0,67.4258123112251,3.035614909014997,-2.729985658263661,0.0,0.0,0.0,1.0,0,0,True,1,384,24,False,False,False,0
64,884,NOISE_CRASH,AMBER,False,0.0,3.0,0.0,0.0,20.96833351897091,False,0.696510238976558,0.3807598105903752,0.43953036338735757,0.5326353358185901,18.50688699751436,99.0,99.0,0.0,3.0,48.26390065344931,5.447433973037657,-0.7024434711286152,0.0,0.0,0.0,1.0,0,0,True,1,385,24,False,False,False,0
64,885,NOISE_CRASH,AMBER,False,0.0,3.0,0.0,0.0,20.87250016707382,False,0.6932725317956253,0.37326936465854904,0.2834426578015609,0.5885866662788031,24.72273161659452,99.0,99.0,0.0,3.0,56.828380351226954,11.18471298068913,-0.7882679515864961,0.0,0.0,0.0,1.0,0,0,True,1,386,24,False,False,False,0
64,886,NOISE_CRASH,AMBER,False,0.0,3.0,0.0,1.5734207755439988,21.01439616282032,False,0.692501921469549,0.35922481703308984,0.06881628470288814,0.6675855209264164,22.64068078620229,99.0,99.0,0.0,3.0,56.12765149405279,13.024338563829321,-3.322019595140914,0.0,0.0,0.0,1.0,0,0,True,1,387,24,False,False,False,0
64,887,NOISE_CRASH,AMBER,False,0.0,3.0,0.0,0.35365954527767207,20.96523718060355,False,0.6977516980252148,0.3336914511609454,0.4871393722205067,0.8674944733250748,29.581515216515395,99.0,99.0,0.0,3.0,64.08060079382001,14.9726761434489,-2.621949588888494,0.0,0.0,0.0,1.0,0,0,True,1,388,24,False,False,False,0
64,888,NOISE_CRASH,AMBER,False,0.0,3.0,0.0,0.0,20.869713462543196,False,0.7029782534095226,0.30908568510772566,0.5220946242528466,0.8719702108354757,27.414681115761155,99.0,99.0,0.0,3.0,86.01625631181462,4.461063024820982,-0.4174763357090039,0.0,0.0,0.0,1.0,0,0,True,1,389,24,False,False,False,0
64,889,NOISE_CRASH,AMBER,False,0.0,3.0,0.0,1.1674568659189388,20.953023361847123,False,0.7036778843019063,0.29655230634121965,0.075451665572908,0.7262992831556438,30.144985658691322,99.0,99.0,0.0,3.0,56.50958079362375,12.502518496340514,-3.340740323978975,0.0,0.0,0.0,1.0,0,0,True,1,390,24,False,False,False,0
64,890,NOISE_CRASH,AMBER,False,0.0,3.0,0.0,0.0,20.858721025662412,False,0.703657918747845,0.2825439319342524,0.0022441857792908967,0.7030123658331994,21.89403340373493,99.0,99.0,0.0,3.0,55.689640913190196,13.99693850718873,-1.8110892896926942,0.0,0.0,0.0,1.0,0,0,True,1,391,24,False,False,False,0
64,891,NOISE_CRASH,AMBER,False,0.0,3.0,0.0,1.881784650506305,21.046707697419585,False,0.7072577760249675,0.2706374604908951,0.42469587560873956,0.8236531613185984,27.099964714835753,99.0,99.0,0.0,3.0,71.5221261624944,12.594046373160662,-1.6463268345104005,0.0,0.0,0.0,1.0,0,0,True,1,392,24,False,False,False,0
64,892,NOISE_CRASH,AMBER,False,0.0,3.0,0.0,0.5678271730270801,21.02537186776655,False,0.7119505804673678,0.26480288162037185,0.5779939497767334,0.8636845907716446,35.326417401978134,99.0,99.0,0.0,3.0,62.0364215326883,20.659118422182516,-2.224302250392583,0.0,0.0,0.0,1.0,0,0,True,1,393,24,False,False,False,0
64,893,NOISE_CRASH,AMBER,False,0.0,3.0,0.0,0.904522484408097,21.054990441229073,False,0.7158560560330954,0.25741809519949727,0.49162047656348057,0.842133099324958,29.116158040032246,99.0,99.0,0.0,3.0,70.90286677146322,14.791881796192213,-2.708323352545556,0.0,0.0,0.0,1.0,0,0,True,1,394,24,False,False,False,0
64,894,NOISE_CRASH,AMBER,False,0.0,3.0,0.0,0.0,20.950491397106166,False,0.7140854853908023,0.2551763701128231,0.22927300959176505,0.6568370346233272,23.6851974523669,99.0,99.0,0.0,3.0,60.58041389358058,12.129526619221506,-1.6905349505899363,0.0,0.0,0.0,1.0,0,0,True,1,395,24,False,False,False,0
64,895,NOISE_CRASH,AMBER,False,0.0,3.0,0.0,0.30615160941140585,20.9008342407602,False,0.7146258900418204,0.24261527051460624,0.07059230586009421,0.7320989737580753,31.028191832745083,99.0,99.0,0.0,3.0,66.86784024698223,15.845026510437407,-1.5039585990304976,0.0,0.0,0.0,1.0,0,0,True,1,396,24,False,False,False,0
64,896,NOISE_CRASH,AMBER,False,0.0,3.0,0.0,0.45162508553440595,20.87723645408667,False,0.7095315832344494,0.24103622938331107,0.6999156588626363,0.5448156631294531,13.544101869891081,99.0,99.0,0.0,3.0,52.9499429087557,9.890278037307242,0.38839001290359987,0.0,0.0,0.0,1.0,0,0,True,1,397,24,False,False,False,0
64,897,NOISE_CRASH,AMBER,False,0.0,3.0,0.0,0.0,20.790512808678006,False,0.6985978297847307,0.24103622938331107,1.5120484138688195,0.34507313491049296,18.31505681610948,99.0,99.0,0.0,3.0,43.1633316611694,14.665479075411652,-0.10251729126449324,0.0,0.0,0.0,1.0,0,0,True,1,398,24,False,False,False,0
64,898,NOISE_CRASH,AMBER,False,0.0,3.0,0.0,0.0,20.712461527810206,False,0.6982011937022361,0.23633232596931944,0.054851516652271025,0.6853766270349114,22.33422015657029,99.0,99.0,0.0,3.0,68.27911010242259,10.977211491323926,-0.8863187587447262,0.0,0.0,0.0,1.0,0,0,True,1,399,24,False,False,False,0
64,899,NOISE_CRASH,AMBER,False,0.0,3.0,0.0,0.0,20.64221537502919,False,0.69357624236394,0.22943069208727046,0.6523231385192829,0.5440361490923674,22.563521889112483,99.0,99.0,0.0,3.0,58.58616602433394,12.886334156786372,-0.9962501503989571,0.0,0.0,0.0,1.0,0,0,True,1,400,24,False,False,False,0
64,900,NOISE_CRASH,AMBER,False,0.0,3.0,0.0,0.7851509013682703,20.69284071822467,False,0.6949561466579512,0.22788090308946835,0.20048237392266083,0.739573052164315,24.59736411534879,99.0,99.0,0.0,3.0,65.74545565474564,12.146147966362774,0.2042958700087532,0.0,0.0,0.0,1.0,0,0,True,1,401,24,False,False,False,0
64,901,NOISE_CRASH,AMBER,False,0.0,3.0,0.0,0.0,20.624556646402205,False,0.6926907448465532,0.2257553940342719,0.33137218911064426,0.6194427529446835,20.95009527097013,99.0,99.0,0.0,3.0,70.95374946109372,6.6416632812771965,-1.1659531269634789,0.0,0.0,0.0,1.0,0,0,True,1,402,24,False,False,False,0
64,902,NOISE_CRASH,AMBER,False,0.0,3.0,0.0,0.930930066183292,20.698085841358562,False,0.684312160344315,0.2257553940342719,1.2371183920956976,0.41340459477194413,14.36119554856431,99.0,99.0,0.0,3.0,46.29145664682078,7.89429945189778,-0.5383750076534638,0.0,0.0,0.0,1.0,0,0,True,1,403,24,False,False,False,0
64,903,NOISE_CRASH,AMBER,False,0.0,3.0,0.0,0.0,20.629277257222707,False,0.6847758630818833,0.21969160574314042,0.06846683768096577,0.6997689182632619,30.087798096724626,99.0,99.0,0.0,3.0,56.06211284538565,12.183476653536736,-2.7205863649513558,0.0,0.0,0.0,1.0,0,0,True,1,404,24,False,False,False,0
64,904,NOISE_CRASH,AMBER,False,0.0,3.0,0.0,0.0,20.567349531500437,False,0.6859795434249104,0.20354689357944822,0.18263182138973602,0.7248985411827888,22.80902557102624,99.0,99.0,0.0,3.0,76.17216128223959,8.160167225615297,-1.2854054227416347,0.0,0.0,0.0,1.0,0,0,True,1,405,24,False,False,False,0
64,905,NOISE_CRASH,AMBER,False,0.0,3.0,0.0,0.0,20.511614578350393,False,0.685510459749149,0.18984771553533392,0.07681828128354105,0.6703434208995334,25.898873118459125,99.0,99.0,0.0,3.0,62.4316266676526,11.849149004792512,-2.034261904278427,0.0,0.0,0.0,1.0,0,0,True,1,406,24,False,False,False,0
64,906,NOISE_CRASH,AMBER,False,0.0,3.0,0.0,0.0,20.461453120515355,False,0.6858803047166938,0.18060442190351214,0.06493712895130083,0.6978386253339769,24.00351477285701,99.0,99.0,0.0,3.0,72.02237034914413,7.701609946120638,-0.8120393005206096,0.0,0.0,0.0,1.0,0,0,True,1,407,24,False,False,False,0
64,907,NOISE_CRASH,AMBER,False,0.0,3.0,0.0,0.0,20.41630780846382,False,0.6834275115191434,0.17933515111304893,0.4527008386060519,0.6041205314650127,28.817749632401277,99.0,99.0,0.0,3.0,64.13077775515764,14.172684350489325,-1.5407865994627088,0.0,0.0,0.0,1.0,0,0,True,1,408,24,False,False,False,0
64,908,NOISE_CRASH,AMBER,False,0.0,3.0,0.0,0.9092726078076221,20.50752155574954,False,0.6862444227216831,0.1879539708171146,0.5235841356358971,0.7773245516038021,25.38495340379986,99.0,99.0,0.0,3.0,67.8116598916417,9.839099234157693,-2.428897575300551,0.0,0.0,0.0,1.0,0,0,True,1,409,24,False,False,False,0
64,909,NOISE_CRASH,AMBER,False,0.0,3.0,0.0,0.0,20.457769400174588,False,0.6863541768803663,0.18344743039070013,0.01946472287975381,0.6899028946777875,26.917789745593392,99.0,99.0,0.0,3.0,63.0685289420506,12.7380766830981,-1.4441904297907875,0.0,0.0,0.0,1.0,0,0,True,1,410,24,False,False,False,0
64,910,NOISE_CRASH,AMBER,False,0.0,3.0,0.0,0.0,20.41299246015713,False,0.6836036558784537,0.18041176368278838,0.49978368844861853,0.594670143483281,21.39915374980636,99.0,99.0,0.0,3.0,65.34176798583923,8.940746744557194,-1.0919354238741112,0.0,0.0,0.0,1.0,0,0,True,1,411,24,False,False,False,0
64,911,NOISE_CRASH,AMBER,False,0.0,3.0,0.0,0.0,20.37269321414142,False,0.6825745979613236,0.17870913981019965,0.19013134105443696,0.649301725307449,22.788323698909732,99.0,99.0,0.0,3.0,64.25820466654841,7.083363463258837,-0.48884049146623043,0.0,0.0,0.0,1.0,0,0,True,1,412,24,False,False,False,0
64,912,NOISE_CRASH,AMBER,False,0.0,3.0,0.0,0.0,20.336423892727282,False,0.6782864935121137,0.17870913981019965,0.7998293491058827,0.5396377829876594,25.729478048422838,99.0,99.0,0.0,3.0,63.20490830906352,12.737963856814304,-1.6342084503183885,0.0,0.0,0.0,1.0,0,0,True,1,413,24,False,False,False,0
64,913,NOISE_CRASH,AMBER,False,0.0,3.0,0.0,0.0,20.303781503454555,False,0.6782469285453717,0.17723512486643195,0.007379769306318814,0.6769676612873837,24.26219704495686,99.0,99.0,0.0,3.0,56.745176407972025,14.559749792974783,-3.776660897308566,0.0,0.0,0.0,1.0,0,0,True,1,414,24,False,False,False,0
64,914,NOISE_CRASH,AMBER,False,0.0,3.0,0.0,0.46445873904111057,20.34174987027006,False,0.6793224106088341,0.17174541558940798,0.2022703013436583,0.7140963306607858,24.08553554538029,99.0,99.0,0.0,3.0,71.14140068274403,10.039820053758667,-1.5754376063039368,0.0,0.0,0.0,1.0,0,0,True,1,415,24,False,False,False,0
64,915,NOISE_CRASH,AMBER,False,0.0,3.0,0.0,0.0,20.308574883243057,False,0.6793799747172846,0.17132084297554978,0.011172371666706525,0.681241214223852,20.903911061698754,99.0,99.0,0.0,3.0,62.41350193660606,4.5925390478274375,-1.3732930021218008,0.0,0.0,0.0,1.0,0,0,True,1,416,24,False,False,False,0
64,916,NOISE_CRASH,AMBER,False,0.0,3.0,0.0,1.12513858575939,20.441862489853865,False,0.6869228948916755,0.17894153372843588,1.46760118683037,0.9308106471969809,31.72939437791284,99.0,99.0,0.0,3.0,67.05195864634031,7.576454388553634,-0.9051061440764767,0.0,0.0,0.0,1.0,0,0,True,1,417,24,False,False,False,0
64,917,NOISE_CRASH,AMBER,False,0.0,3.0,0.0,1.4535869772677112,20.609446352572295,False,0.6837736100202693,0.17894153372843588,0.5866506237703238,0.5819467325114701,22.634414427525787,99.0,99.0,0.0,3.0,55.958465289837186,8.01665028806031,-0.47198787404857706,0.0,0.0,0.0,1.0,0,0,True,1,418,24,False,False,False,0
64,918,NOISE_CRASH,AMBER,False,0.0,3.0,0.0,0.4924044085592538,20.620900356556156,False,0.6936773441829464,0.18051332967086228,1.8448733796494508,1.013898082109505,34.54123735225869,99.0,99.0,0.0,3.0,68.97633900814287,11.734230334738637,-1.5177363203036474,0.0,0.0,0.0,1.0,0,0,True,1,419,24,False,False,False,0
64,919,NOISE_CRASH,AMBER,False,0.0,3.0,0.0,0.5538075069549295,20.640112409409006,False,0.6916111710827546,0.1783807162397091,0.38153657017260506,0.6248049075098888,22.13936839924681,99.0,99.0,0.0,3.0,59.41169724247396,13.650671023090034,-1.659239147232658,0.0,0.0,0.0,1.0,0,0,True,1,420,24,False,False,False,0
64,920,NOISE_CRASH,AMBER,False,0.0,3.0,0.0,2.4126680093909547,20.926938029829795,False,0.7027386942503551,0.1809959902981648,2.0793583899594554,1.0625286100027707,37.12912183441366,99.0,99.0,0.0,3.0,87.2222229185311,11.236989566239961,-0.28220029624291965,0.0,0.0,0.0,1.0,0,0,True,1,421,24,False,False,False,0
64,921,NOISE_CRASH,AMBER,False,0.0,3.0,0.0,1.2516184097202063,21.016728896256247,False,0.7020446314139733,0.17674379811367677,0.12782287519894403,0.6796032663709635,25.787787489431043,99.0,99.0,0.0,3.0,61.30930319111502,12.045206448148424,0.8024276338747034,0.0,0.0,0.0,1.0,0,0,True,1,422,24,False,False,False,0
64,922,NOISE_CRASH,AMBER,False,0.0,3.0,0.0,0.03878746920040976,20.92168018966468,False,0.7005133934214356,0.1698421642316278,0.28878674648088104,0.6510033649960509,28.30771090074877,99.0,99.0,0.0,3.0,62.10607412961704,15.98566067391352,-1.870813675174826,0.0,0.0,0.0,1.0,0,0,True,1,423,24,False,False,False,0
64,923,NOISE_CRASH,AMBER,False,0.0,3.0,0.0,0.0,20.830512170698213,False,0.70355407148527,0.1670874271740253,0.59676544937876,0.8018693288825841,31.71558733072694,99.0,99.0,0.0,3.0,68.76621782589449,15.343052353604772,-1.7999519854822112,0.0,0.0,0.0,1.0,0,0,True,1,424,24,False,False,False,0
64,924,NOISE_CRASH,AMBER,False,0.0,3.0,0.0,0.0,20.748460953628395,False,0.700897034895947,0.1670874271740253,0.530069124940918,0.6149861851745051,21.008552495289553,99.0,99.0,0.0,3.0,54.70723507328047,15.121886405651024,-2.403431039525769,0.0,0.0,0.0,1.0,0,0,True,1,425,24,False,False,False,0
64,925,NOISE_CRASH,AMBER,False,0.0,3.0,0.0,0.1546590939311434,20.69704042688557,False,0.6981954236469874,0.1670874271740253,0.5389616072360539,0.6108433265972972,23.654839195492283,99.0,99.0,0.0,3.0,60.356690720919204,14.098474487086062,-2.297586392336517,0.0,0.0,0.0,1.0,0,0,True,1,426,24,False,False,False,0
64,926,NOISE_CRASH,AMBER,False,0.0,3.0,0.0,0.31022578407142243,20.67331912288737,False,0.6990520566176921,0.16334864946890673,0.1708951585392738,0.7267498560038118,23.404423327555644,99.0,99.0,0.0,3.0,55.36795384545394,11.362853853434544,-0.3008491341116611,0.0,0.0,0.0,1.0,0,0,True,1,427,24,False,False,False,0
64,927,NOISE_CRASH,AMBER,False,0.0,3.0,0.0,0.0,20.606987210598636,False,0.7015539962228874,0.16110538859251072,0.5105520438093284,0.782450043457536,25.013517645138673,99.0,99.0,0.0,3.0,63.294808152462,10.485067228318119,0.823234865022564,0.0,0.0,0.0,1.0,0,0,True,1,428,24,False,False,False,0
64,928,NOISE_CRASH,AMBER,False,0.0,3.0,0.0,0.0,20.547288489538772,False,0.6949834046314805,0.16800702247455973,1.3594810305665046,0.48253427650932373,16.927191281973244,99.0,99.0,0.0,3.0,45.604986208187235,12.415024820452494,0.026509521609452868,0.0,0.0,0.0,1.0,0,0,True,1,429,24,False,False,False,0
64,929,NOISE_CRASH,AMBER,False,0.0,3.0,0.0,2.4933822647897634,20.85510006897941,False,0.6996725643915258,0.16948974462052793,0.9303499522379396,0.8512887299663255,30.341457578996817,99.0,99.0,0.0,3.0,76.05452349573281,8.112775394216197,2.29333382324914,0.0,0.0,0.0,1.0,0,0,True,1,430,24,False,False,False,0
64,930,NOISE_CRASH,AMBER,False,0.0,3.0,0.0,0.0,20.77059006208147,False,0.7053788124135363,0.16948974462052793,1.1222405687506813,0.8898808317918748,34.40636474844432,99.0,99.0,0.0,3.0,67.10680590649413,16.706276538008094,-0.3547083345636738,0.0,0.0,0.0,1.0,0,0,True,1,431,24,False,False,False,0
64,931,NOISE_CRASH,AMBER,False,0.0,3.0,0.0,0.0,20.694531055873327,False,0.7042359345942313,0.17013571846335251,0.22476833271215943,0.6672828851033705,18.184268153859815,99.0,99.0,0.0,3.0,51.53965482759095,13.775958611732017,-0.4538613200206269,0.0,0.0,0.0,1.0,0,0,True,1,432,24,False,False,False,0
64,932,NOISE_CRASH,AMBER,False,0.0,3.0,0.0,0.0,20.626077950285996,False,0.6994182984606964,0.1650803537716974,0.943880994351099,0.5436480634764035,16.215228227764925,99.0,99.0,0.0,3.0,45.33951000131619,11.910768965305875,0.20433618517365099,0.0,0.0,0.0,1.0,0,0,True,1,433,24,False,False,False,0
64,933,NOISE_CRASH,AMBER,False,0.0,3.0,0.0,0.0,20.5644701552574,False,0.7028787337658572,0.16685797781850276,0.6987375594365774,0.814766141966059,29.377271408680677,99.0,99.0,0.0,3.0,79.81016723581503,10.540457849093043,-2.068018679730608,0.0,0.0,0.0,1.0,0,0,True,1,434,24,False,False,False,0
64,934,NOISE_CRASH,AMBER,False,0.0,3.0,0.0,0.0,20.50902313973166,False,0.7075773798926688,0.16685797781850276,0.9386517780453335,0.8595002713262436,27.807809168790236,99.0,99.0,0.0,3.0,70.73021894465391,9.136124434090979,-1.0134720327060247,0.0,0.0,0.0,1.0,0,0,True,1,435,24,False,False,False,0
64,935,NOISE_CRASH,AMBER,False,0.0,3.0,0.0,0.6064234966550641,20.54705223277348,False,0.703281130482604,0.1650803537716974,0.8582647083533408,0.5643690662238433,27.443595186609272,99.0,99.0,0.0,3.0,48.167438642428564,17.808108150581205,-3.7541471327903224,0.0,0.0,0.0,1.0,0,0,True,1,436,24,False,False,False,0
64,936,NOISE_CRASH,AMBER,False,0.0,3.0,0.0,0.0,20.493347009496134,False,0.6975611546429562,0.1650803537716974,1.154988204018981,0.5126152691610132,18.756787693940275,99.0,99.0,0.0,3.0,43.808984596568735,17.47221260478691,-2.2783232637985447,0.0,0.0,0.0,1.0,0,0,True,1,437,24,False,False,False,0
64,937,NOISE_CRASH,AMBER,False,0.0,3.0,0.0,0.6774597797366066,20.54324397660833,False,0.7065936291772127,0.1683840074597307,1.8238541267703308,0.9986436391181727,36.24329513630349,99.0,99.0,0.0,3.0,75.15121549548036,12.850751165310147,-0.5103275020853127,0.0,0.0,0.0,1.0,0,0,True,1,438,24,False,False,False,0
64,938,NOISE_CRASH,AMBER,False,0.0,3.0,0.0,0.0,20.4899195789475,False,0.7028065028899387,0.1698421642316278,0.7497003118857448,0.580356086268081,22.41448390117903,99.0,99.0,0.0,3.0,61.84272759004624,10.495064296144895,-3.049518106865718,0.0,0.0,0.0,1.0,0,0,True,1,439,24,False,False,False,0
64,939,NOISE_CRASH,AMBER,False,0.0,3.0,0.0,0.5171341504638667,20.51691207287001,False,0.6978740984324014,0.17145510852301488,0.9680368986212466,0.5383930209720333,21.29853531677927,99.0,99.0,0.0,3.0,66.26164058879033,9.167190534647126,-0.9480267029376024,0.0,0.0,0.0,1.0,0,0,True,1,440,24,False,False,False,0
64,940,NOISE_CRASH,AMBER,False,0.0,3.0,0.0,3.0,20.90122086558301,False,0.7076580739920635,0.17145510852301488,1.9021452406104473,1.024006617087802,35.162108886106196,99.0,99.0,0.0,3.0,78.884566311049,8.824304332150804,-1.8969116551583691,0.0,0.0,0.0,1.0,0,0,True,1,441,24,False,False,False,0
64,941,NOISE_CRASH,AMBER,False,0.0,3.0,0.0,1.1455873536526378,20.978208945304342,False,0.7094638890151161,0.1698421642316278,0.35107635240671475,0.767851908093821,30.979922864642848,99.0,99.0,0.0,3.0,71.35871830547484,9.292009229337454,-1.789819503716882,0.0,0.0,0.0,1.0,0,0,True,1,442,24,False,False,False,0
64,942,NOISE_CRASH,AMBER,False,0.0,3.0,0.0,0.4882203185350613,20.952179996961494,False,0.701164111839365,0.1698421642316278,1.6289196528042515,0.4328046498234103,17.74177593191398,99.0,99.0,0.0,3.0,46.3171553666494,10.548386191930073,-1.6922364778523324,0.0,0.0,0.0,1.0,0,0,True,1,443,24,False,False,False,0
64,943,NOISE_CRASH,AMBER,False,0.0,3.0,0.0,0.0,20.857961997265345,False,0.7026963011277401,0.16682496549108022,0.3007084637093876,0.7522370881185353,27.796143628856026,99.0,99.0,0.0,3.0,68.53248372834548,9.56148584351264,0.7657062713704506,0.0,0.0,0.0,1.0,0,0,True,1,444,24,False,False,False,0
64,944,NOISE_CRASH,AMBER,False,0.0,3.0,0.0,1.0356832736063972,20.923339872211738,False,0.6983642144876113,0.16545258581425598,0.8655951918180531,0.5582934131234484,22.597706121428015,99.0,99.0,0.0,3.0,51.26823902609819,13.393077282915074,-1.5128962275852966,0.0,0.0,0.0,1.0,0,0,True,1,445,24,False,False,False,0
64,945,NOISE_CRASH,AMBER,False,0.0,3.0,0.0,0.0,20.832005884990565,False,0.6994222396020288,0.16326613388070302,0.21315776746764695,0.7336317183015274,22.06262508747761,99.0,99.0,0.0,3.0,64.22150734221235,10.274663355375065,-1.2055328656923783,0.0,0.0,0.0,1.0,0,0,True,1,446,24,False,False,False,0
64,946,NOISE_CRASH,AMBER,False,0.0,3.0,0.0,0.5271358878121717,20.826240000224274,False,0.6998453262080246,0.16326613388070302,0.08637974411052424,0.7135251264685585,23.17448294221174,99.0,99.0,0.0,3.0,64.14546628061325,7.661263881929668,-0.6092868223141472,0.0,0.0,0.0,1.0,0,0,True,1,447,24,False,False,False,0
64,947,NOISE_CRASH,AMBER,False,0.0,3.0,0.0,0.5034927059875638,20.817622442570045,False,0.7002605562691351,0.1546848294156164,0.08477570766225931,0.7136863282450424,26.565092783558068,99.0,99.0,0.0,3.0,74.20461103885441,7.032230465711496,-2.3575213799287065,0.0,0.0,0.0,1.0,0,0,True,1,448,24,False,False,False,0
64,948,NOISE_CRASH,AMBER,False,0.0,3.0,0.0,0.7274772364587947,20.842344397599568,False,0.6975869756540923,0.1546848294156164,0.5761350623163305,0.611141202434378,21.305586531802174,99.0,99.0,0.0,3.0,65.65616750359716,8.052659144219982,-1.5381755864611597,0.0,0.0,0.0,1.0,0,0,True,1,449,24,False,False,False,0
64,949,NOISE_CRASH,AMBER,False,0.0,3.0,0.0,0.0,20.759109957839613,False,0.695933885987876,0.14955503874147602,0.3562274922631424,0.6424839867802153,28.75729089245875,99.0,99.0,0.0,3.0,61.498760493965364,13.658610364838603,-1.8717165726734615,0.0,0.0,0.0,1.0,0,0,True,1,450,24,False,False,False,0
64,950,NOISE_CRASH,AMBER,False,0.0,3.0,0.0,0.0,20.684198962055653,False,0.7002492590485014,0.15094716767483515,0.9618249568720405,0.8397796546753925,28.60546025706912,99.0,99.0,0.0,3.0,71.41481202712704,10.777809438796904,-1.0761604703660477,0.0,0.0,0.0,1.0,0,0,True,1,451,24,False,False,False,0
64,951,NOISE_CRASH,AMBER,False,0.0,3.0,0.0,0.0,20.61677906585009,False,0.6942804922380253,0.15255815367570963,1.3180697375596135,0.5012903653659645,18.726210313852214,99.0,99.0,0.0,3.0,59.51780370669337,8.941746214923763,-0.9536147832914809,0.0,0.0,0.0,1.0,0,0,True,1,452,24,False,False,False,0
64,952,NOISE_CRASH,AMBER,False,0.0,3.0,0.0,0.010560627585609494,20.557632450264997,False,0.6912056646308783,0.15213472000801143,0.6718372705888767,0.5917862386664582,23.725021690593454,99.0,99.0,0.0,3.0,62.95206415556838,7.767408987309257,0.27437150443557945,0.0,0.0,0.0,1.0,0,0,True,1,453,24,False,False,False,0
64,953,NOISE_CRASH,AMBER,False,0.0,3.0,0.0,0.5660930793492762,20.584952701744143,False,0.6913252668049286,0.14422211167211235,0.026205320749909992,0.695192403765886,27.492068783932428,99.0,99.0,0.0,3.0,49.85223643715894,12.666347864764756,-1.4953731546039248,0.0,0.0,0.0,1.0,0,0,True,1,454,24,False,False,False,0
64,954,NOISE_CRASH,AMBER,False,0.0,3.0,0.0,1.0280344985112901,20.676522433853865,False,0.6973220274735261,0.14708217492324122,1.3860012169357159,0.891217289091515,27.4445710865299,99.0,99.0,0.0,3.0,75.33870597496389,8.080524832143157,-1.6793575929955482,0.0,0.0,0.0,1.0,0,0,True,1,455,24,False,False,False,0
64,955,NOISE_CRASH,AMBER,False,0.0,3.0,0.0,0.06713710316989407,20.619605070428115,False,0.6969096256289665,0.14091773901590932,0.09346291050672152,0.6835752993215413,24.926187335431642,99.0,99.0,0.0,3.0,70.54347353432156,6.159508060131518,1.309405667776333,0.0,0.0,0.0,1.0,0,0,True,1,456,24,False,False,False,0
64,956,NOISE_CRASH,AMBER,False,0.0,3.0,0.0,0.5312248522311986,20.635672166958827,False,0.6935783024556893,0.14070493352671062,0.7880065813670736,0.5858655198530623,22.93514296217852,99.0,99.0,0.0,3.0,66.73507497758135,6.743117005759244,-0.5458531800536873,0.0,0.0,0.0,1.0,0,0,True,1,457,24,False,False,False,0
64,957,NOISE_CRASH,AMBER,False,0.0,3.0,0.0,0.0475331383500186,20.579997255323697,False,0.6867168149902829,0.13988855171260067,1.6255026964172565,0.46486205360881033,17.55859380688915,99.0,99.0,0.0,3.0,50.07946325060314,7.293475054376944,-1.656944796173439,0.0,0.0,0.0,1.0,0,0,True,1,458,24,False,False,False,0
64,958,NOISE_CRASH,AMBER,False,0.0,3.0,0.0,1.2983675406875994,20.71126082319103,False,0.6923312204051267,0.14070493352671062,1.3378281844389426,0.8738636621517446,37.25322177351461,99.0,99.0,0.0,3.0,73.050144927756,12.946410515045905,-1.3180671393985766,0.0,0.0,0.0,1.0,0,0,True,1,459,24,False,False,False,0
64,959,NOISE_CRASH,AMBER,False,0.0,3.0,0.15381530962834356,0.0,20.761572128310917,False,0.6958919500761939,0.14112950614056885,0.8435453260993329,0.8110222094407008,21.690571393940935,99.0,99.0,0.0,3.0,61.82541877675355,6.270356939196508,3.615261238513374,0.0,0.0,0.15381530962834356,1.0,0,0,True,1,460,24,False,False,False,0
64,960,NOISE_CRASH,AMBER,False,0.0,3.0,0.0,1.3970985413845733,20.888994203980587,False,0.7010791467049716,0.14326209915437094,1.2251623279994652,0.868798504368788,31.682163835473684,99.0,99.0,0.0,3.0,72.33449853004615,5.212602445061627,-2.2744711000078457,0.0,0.0,0.0,1.0,0,0,True,1,461,24,False,False,False,0
64,961,NOISE_CRASH,AMBER,False,0.0,3.0,0.0,0.9163301652675866,20.93396265754633,False,0.6991115688037823,0.14326209915437094,0.45780377662184235,0.6354932166653278,24.676085594188738,99.0,99.0,0.0,3.0,52.86220319434543,11.136798348198933,-2.737682898107674,0.0,0.0,0.0,1.0,0,0,True,1,462,24,False,False,False,0
64,962,NOISE_CRASH,AMBER,False,0.0,3.0,0.0,0.0,20.8415663917917,False,0.6953552148493102,0.1464600027013338,0.8740050524283022,0.5738997703213777,25.435273779394876,99.0,99.0,0.0,3.0,54.52832940584845,16.58595908760204,-2.1374296620717375,0.0,0.0,0.0,1.0,0,0,True,1,463,24,False,False,False,0
64,963,NOISE_CRASH,AMBER,False,0.0,3.0,0.0,0.4006268258111594,20.816500642355148,False,0.6921351583570586,0.1464600027013338,0.7328636790159556,0.5880199984409239,24.55611717225831,99.0,99.0,0.0,3.0,50.451707577644754,20.472965258898565,-2.419214555189223,0.0,0.0,0.0,1.0,0,0,True,1,464,24,False,False,False,0
64,964,NOISE_CRASH,AMBER,False,0.0,3.0,0.0,0.0,20.735850578119635,False,0.697095277845612,0.15196188676506872,1.1288905724129639,0.8574724746421716,25.560185757118607,99.0,99.0,0.0,3.0,68.6471441053793,13.295980306225005,-0.38921037070733905,0.0,0.0,0.0,1.0,0,0,True,1,465,24,False,False,False,0
64,965,NOISE_CRASH,AMBER,False,0.0,3.0,0.0,0.7612820457755625,20.77365141694513,False,0.6996023752656129,0.1464600027013338,0.5499399604667196,0.780665191845642,24.587633848549473,99.0,99.0,0.0,3.0,68.62520097155996,10.200088442856373,-2.104763907106957,0.0,0.0,0.0,1.0,0,0,True,1,466,24,False,False,False,0
64,966,NOISE_CRASH,AMBER,False,0.0,3.0,0.0,0.11104222485248094,20.713387397854227,False,0.6912265930355823,0.1464600027013338,1.9062729472315751,0.4204096342645968,15.944401107613972,99.0,99.0,0.0,3.0,41.983491329819785,12.416029776682231,-2.9253068021187034,0.0,0.0,0.0,1.0,0,0,True,1,467,24,False,False,False,0
64,967,NOISE_CRASH,AMBER,False,0.0,3.0,0.0,0.32526529277741245,20.69021212552153,False,0.6891248714238482,0.14480943106692085,0.4783380156059802,0.6211692059777798,22.92719937687908,99.0,99.0,0.0,3.0,69.0995352618762,10.24457518502132,0.32859955161836324,0.0,0.0,0.0,1.0,0,0,True,1,468,24,False,False,False,0
64,968,NOISE_CRASH,AMBER,False,0.0,3.0,0.0,0.0,20.62219091296938,False,0.6850739695515274,0.1480948720727685,0.9324673221614128,0.5540948090131588,19.15211012633743,99.0,99.0,0.0,3.0,54.73369430389856,8.323592145788924,2.3013374925709895,0.0,0.0,0.0,1.0,0,0,True,1,469,24,False,False,False,0
64,969,NOISE_CRASH,AMBER,False,0.0,3.0,0.0,0.5230959584423303,20.63682073564658,False,0.6826707149436299,0.14770886926305365,0.5409268113656173,0.6049654826216058,23.558968172864954,99.0,99.0,0.0,3.0,61.19849844524275,8.750527608904484,-0.9863237218971361,0.0,0.0,0.0,1.0,0,0,True,1,470,24,False,False,False,0
64,970,NOISE_CRASH,AMBER,False,0.0,3.0,0.0,0.9701510280147696,20.714810561144066,False,0.6795404933251871,0.14581294604613304,0.7063944171757169,0.5783299943288709,23.21259450081925,99.0,99.0,0.0,3.0,57.144077519540126,7.7550909519733136,0.48966038215013613,0.0,0.0,0.0,1.0,0,0,True,1,471,24,False,False,False,0
64,971,NOISE_CRASH,AMBER,False,0.0,3.0,0.0,0.0,20.64432950502966,False,0.6781715512248263,0.1428078818709175,0.3129448007375178,0.6339090899798295,19.86193651102114,99.0,99.0,0.0,3.0,60.72103898101405,5.844369516320715,1.8845071917317318,0.0,0.0,0.0,1.0,0,0,True,1,472,24,False,False,False,0
64,972,NOISE_CRASH,AMBER,False,0.0,3.0,0.0,0.6165444795396213,20.67029550405994,False,0.6806451912553211,0.14238781100269768,0.5773817705502332,0.7606262189079852,26.951743214086164,99.0,99.0,0.0,3.0,76.92696843071792,3.41388695064497,-1.6733779286127335,0.0,0.0,0.0,1.0,0,0,True,1,473,24,False,False,False,0
64,973,NOISE_CRASH,AMBER,False,0.0,3.0,0.0,0.806827881929999,20.721255996533795,False,0.6769734828450481,0.14238781100269768,0.8595558810867183,0.5582549109128881,25.11402364084521,99.0,99.0,0.0,3.0,46.8737240403001,7.957278268488284,-0.08708138518765735,0.0,0.0,0.0,1.0,0,0,True,1,474,24,False,False,False,0
64,974,NOISE_CRASH,AMBER,False,0.0,3.0,0.0,0.20908744714635796,20.680448076716637,False,0.6760902149272328,0.1395199609344663,0.20677517071051305,0.647531218917869,27.883662658648742,99.0,99.0,0.0,3.0,62.48756821851521,12.779352645462682,-1.633429649433259,0.0,0.0,0.0,1.0,0,0,True,1,475,24,False,False,False,0
64,975,NOISE_CRASH,AMBER,False,0.0,3.0,0.0,0.8198895595928597,20.732287255185938,False,0.6738086788258679,0.1395199609344663,0.5450919199622489,0.6000390115484066,19.456519421612263,99.0,99.0,0.0,3.0,58.50166622535128,10.116491720565099,-1.700541362895707,0.0,0.0,0.0,1.0,0,0,True,1,476,24,False,False,False,0
64,976,NOISE_CRASH,AMBER,False,0.0,3.0,0.0,0.0,20.660058529667346,False,0.6698442111509482,0.13732290886142817,0.9471685743905691,0.5416597563285416,24.900333666172894,99.0,99.0,0.0,3.0,64.30884217625368,15.335541281977248,-1.562426015315077,0.0,0.0,0.0,1.0,0,0,True,1,477,24,False,False,False,0
64,977,NOISE_CRASH,AMBER,False,0.0,3.0,0.0,0.46022017327998777,20.661784601826213,False,0.6691980944560911,0.13732290886142817,0.15683634537359742,0.6483069879890502,20.554529398128786,99.0,99.0,0.0,3.0,78.94333074688855,5.521577203042252,-1.0833561482958192,0.0,0.0,0.0,1.0,0,0,True,1,478,24,False,False,False,0
64,978,NOISE_CRASH,AMBER,False,0.0,3.0,0.0,0.0,20.596606141643594,False,0.6679907492229619,0.13340997901769677,0.2930672051588907,0.6289532533517833,21.407839320789282,99.0,99.0,0.0,3.0,62.218944271655964,3.030308190971778,1.6517191414340524,0.0,0.0,0.0,1.0,0,0,True,1,479,24,False,False,False,0
64,979,NOISE_CRASH,AMBER,False,0.0,3.0,0.0,0.018295597096871452,20.54059838905828,False,0.6681358532178531,0.13288932375747275,0.03625515771248214,0.6728275490526674,27.18958467261801,99.0,99.0,0.0,3.0,62.24300967565259,6.472147694151365,-1.7769673940629205,0.0,0.0,0.0,1.0,0,0,True,1,480,24,False,False,False,0
64,980,NOISE_CRASH,AMBER,False,0.0,3.0,0.0,1.6880071988285748,20.732299593982596,False,0.6618908382302622,0.12945028756553062,1.5664702051832244,0.4599686869648248,18.631542008028525,99.0,99.0,0.0,3.0,49.31067520813791,10.788752694752294,-3.243016334123746,0.0,0.0,0.0,1.0,0,0,True,1,481,24,False,False,False,0
64,981,NOISE_CRASH,AMBER,False,0.0,3.0,0.0,0.0,20.66006963458434,False,0.6610495549358605,0.12945028756553062,0.21662969629064616,0.6338480617502045,24.956463349862457,99.0,99.0,0.0,3.0,66.32596082241966,11.552516302978272,-1.5122994992180367,0.0,0.0,0.0,1.0,0,0,True,1,482,24,False,False,False,0
64,982,NOISE_CRASH,AMBER,False,0.0,3.0,0.0,0.7740808625924671,20.707304396201813,False,0.663760636039441,0.1275329203640127,0.6981009607538097,0.7514189250552143,24.664908127090467,99.0,99.0,0.0,3.0,65.90899758291992,10.81738922735832,-0.08051615203858326,0.0,0.0,0.0,1.0,0,0,True,1,483,24,False,False,False,0
64,983,NOISE_CRASH,AMBER,False,0.0,3.0,0.0,0.0,20.637573956581633,False,0.6643039680605503,0.12516107735304396,0.14201092014997546,0.681871703409748,27.484429365054726,99.0,99.0,0.0,3.0,72.24557297704804,8.126330327128155,-0.972748706630321,0.0,0.0,0.0,1.0,0,0,True,1,484,24,False,False,False,0
64,984,NOISE_CRASH,AMBER,False,0.0,3.0,0.0,0.0,20.574816560923473,False,0.6614199442070885,0.1263812223659355,0.7680832610409561,0.5681698396118249,18.98268689440146,99.0,99.0,0.0,3.0,55.91582816942346,9.419485583439965,-2.6160165609401265,0.0,0.0,0.0,1.0,0,0,True,1,485,24,False,False,False,0
64,985,NOISE_CRASH,AMBER,False,0.0,3.0,0.0,1.3721616965242935,20.71729835082715,False,0.6662929084595566,0.1263812223659355,1.2852553465467955,0.8238520859560265,31.66794381085044,99.0,99.0,0.0,3.0,68.84637423357836,10.56660956068705,-0.5655311024149909,0.0,0.0,0.0,1.0,0,0,True,1,486,24,False,False,False,0
64,986,NOISE_CRASH,AMBER,False,0.0,3.0,0.0,0.38409948441960773,20.70226294098528,False,0.6673602055921467,0.1275329203640127,0.28150203345342023,0.7018694795458963,23.22193972680176,99.0,99.0,0.0,3.0,66.3651879917927,9.098643674141037,0.40467967181572234,0.0,0.0,0.0,1.0,0,0,True,1,487,24,False,False,False,0
64,987,NOISE_CRASH,AMBER,False,0.0,3.0,0.0,0.0,20.63303664688675,False,0.666505332841361,0.12558883076579058,0.22343845242611535,0.6388644472326287,24.929593520939125,99.0,99.0,0.0,3.0,60.828766249129764,8.839907337536394,0.8273605055353345,0.0,0.0,0.0,1.0,0,0,True,1,488,24,False,False,False,0
64,988,NOISE_CRASH,AMBER,False,0.0,3.0,0.0,0.2052981352849519,20.600501211814393,False,0.6609049081138407,0.12347411946883281,1.4864444800733767,0.47982450859068215,18.317687278123508,99.0,99.0,0.0,3.0,51.682731314921064,10.411442649166723,-1.8958958168409625,0.0,0.0,0.0,1.0,0,0,True,1,489,24,False,False,False,0
64,989,NOISE_CRASH,AMBER,False,0.0,3.0,0.0,0.0,20.541451090632954,False,0.6580549449284603,0.12347411946883281,0.7693820636639002,0.5659061352678272,22.624973787071937,99.0,99.0,0.0,3.0,68.02495156198752,13.34889766535415,-1.106476049520204,0.0,0.0,0.0,1.0,0,0,True,1,490,24,False,False,False,0
64,990,NOISE_CRASH,AMBER,False,0.0,3.0,0.0,0.0,20.48830598156966,False,0.6522341662142079,0.12333124355519509,1.5713896804967142,0.464028987786718,16.367706396432407,99.0,99.0,0.0,3.0,60.13375814722421,7.506182080354538,-0.4161685063405297,0.0,0.0,0.0,1.0,0,0,True,1,491,24,False,False,False,0
64,991,NOISE_CRASH,AMBER,False,0.0,3.0,0.0,0.0,20.440475383412696,False,0.6566581004729463,0.12333124355519509,1.1956781675138342,0.799698641505486,32.72714519159095,99.0,99.0,0.0,3.0,56.65464327745375,17.88319346771893,-2.9156327614225406,0.0,0.0,0.0,1.0,0,0,True,1,492,24,False,False,False,0
64,992,NOISE_CRASH,AMBER,False,0.0,3.0,0.0,0.7898254300735583,20.511952532432094,False,0.6547315471010984,0.1251222531758196,0.5206989232985489,0.5924396547446851,27.514928256700603,99.0,99.0,0.0,3.0,65.09284794969136,16.954197534298213,-0.8309382731223738,0.0,0.0,0.0,1.0,0,0,True,1,493,24,False,False,False,0
64,993,NOISE_CRASH,AMBER,False,0.0,3.0,0.0,0.21840448592457995,20.493425929647948,False,0.6549402876460605,0.1251222531758196,0.05560975756749168,0.661689565266504,23.191739704101376,99.0,99.0,0.0,3.0,63.81264829228685,14.048244707463777,0.35294798041931974,0.0,0.0,0.0,1.0,0,0,True,1,494,24,False,False,False,0
64,994,NOISE_CRASH,AMBER,False,0.0,3.0,0.0,0.0,20.445083336683155,False,0.6544776568792285,0.12263518089753853,0.12324766514068833,0.6395192620849987,24.514423740816156,99.0,99.0,0.0,3.0,57.906222231627616,16.485072083381233,0.037425135732210305,0.0,0.0,0.0,1.0,0,0,True,1,495,24,False,False,False,0
64,995,NOISE_CRASH,AMBER,False,0.0,3.0,0.0,0.0,20.40157500301484,False,0.6576295329189927,0.1251222531758196,0.8567079519097079,0.7595401915380353,25.09382511465914,99.0,99.0,0.0,3.0,75.08647122921099,8.728957899974583,-1.407811865363469,0.0,0.0,0.0,1.0,0,0,True,1,496,24,False,False,False,0
64,996,NOISE_CRASH,AMBER,False,0.0,3.0,0.0,0.0,20.36241750271336,False,0.6664875112142388,0.1251222531758196,2.3598195818929666,0.9528954760938613,37.350873816431886,99.0,99.0,0.0,3.0,73.0441157927964,13.815585184532024,-2.1991194199921686,0.0,0.0,0.0,1.0,0,0,True,1,497,24,False,False,False,0
64,997,NOISE_CRASH,AMBER,False,0.0,3.0,0.0,0.1968647492061837,20.35572114107692,False,0.6661631119388521,0.1251222531758196,0.08642195057308137,0.6556742020346855,24.339883831937794,99.0,99.0,0.0,3.0,59.93467186822822,13.502237773357011,-1.228446897329371,0.0,0.0,0.0,1.0,0,0,True,1,498,24,False,False,False,0
64,998,NOISE_CRASH,AMBER,False,0.0,3.0,0.0,1.0240136303469516,20.469631003369535,False,0.6710981024332386,0.12623624061151742,1.3147116437798214,0.8306627950850689,33.10117165633916,99.0,99.0,0.0,3.0,70.59816131728807,16.587461933505185,-0.4851637183237475,0.0,0.0,0.0,1.0,0,0,True,1,499,24,False,False,False,0
64,999,NOISE_CRASH,AMBER,False,0.0,3.0,0.0,2.959610219651538,20.852811384882056,False,0.670823506220649,0.12381432695776287,0.07250855255178909,0.6619448953469181,26.288252921641693,99.0,99.0,0.0,3.0,52.18858447476957,14.621517269338304,-3.0353873578985002,0.0,0.0,0.0,1.0,0,0,True,1,500,24,False,False,False,0
64,1000,NOISE_CRASH,AMBER,False,0.0,3.0,0.0,0.0,20.76853024639385,False,0.6739883444259356,0.12381432695776287,0.8520387699468184,0.7763181130635345,21.742899074227267,99.0,99.0,0.0,3.0,70.32558624079158,7.9525060672531085,-0.25730580131659236,0.0,0.0,0.0,1.0,0,0,True,1,501,24,False,False,False,0
64,1001,NOISE_CRASH,AMBER,False,0.0,3.0,0.0,1.5065908241847925,20.91113289126126,False,0.6827389384885648,0.12642256210127864,2.355837776785008,0.9656748131802437,33.0457973189187,99.0,99.0,0.0,3.0,81.44909299505225,5.014088844908241,-0.4654017844198199,0.0,0.0,0.0,1.0,0,0,True,1,502,24,False,False,False,0
64,1002,NOISE_CRASH,AMBER,False,0.0,3.0,0.0,1.1034501439635702,20.981019873009853,False,0.6794969301430355,0.1264898519731931,0.8548074256270961,0.5746719936375891,30.82472707538266,99.0,99.0,0.0,3.0,59.02130169959323,13.434016899312832,-1.5599376568363663,0.0,0.0,0.0,1.0,0,0,True,1,503,24,False,False,False,0
64,1003,NOISE_CRASH,AMBER,False,0.0,3.0,0.0,0.0,20.88391788570887,False,0.6778126868484682,0.1264898519731931,0.4438414803753657,0.6233554869907926,25.417070239144252,99.0,99.0,0.0,3.0,61.11083044066129,14.458147904075,-1.0026788094009529,0.0,0.0,0.0,1.0,0,0,True,1,504,24,False,False,False,0
64,1004,NOISE_CRASH,AMBER,False,0.0,3.0,0.0,0.0,20.796526097137985,False,0.6840187345292836,0.1264898519731931,1.635453380647681,0.8846809428756516,35.082117202610874,99.0,99.0,0.0,3.0,72.62684251048913,15.676797114577317,-3.0298526184867454,0.0,0.0,0.0,1.0,0,0,True,1,505,24,False,False,False,0
64,1005,NOISE_CRASH,AMBER,False,0.0,3.0,0.0,1.288459721222119,20.904700147001396,False,0.6837776537457269,0.1283108243474384,0.06353099472568127,0.6759827084107225,19.95210304295319,99.0,99.0,0.0,3.0,66.36098318707084,7.066301763217739,-0.39321078662068676,0.0,0.0,0.0,1.0,0,0,True,1,506,24,False,False,False,0
64,1006,NOISE_CRASH,AMBER,False,0.0,3.0,0.0,0.0,20.81523013230126,False,0.6797233966900043,0.1264898519731931,1.053238513155249,0.5486357518883065,20.603973727772825,99.0,99.0,0.0,3.0,58.594353512365046,9.955745223574429,-1.113977088592928,0.0,0.0,0.0,1.0,0,0,True,1,507,24,False,False,False,0
64,1007,NOISE_CRASH,AMBER,False,0.0,3.0,0.0,1.1152642949924187,20.896420441845034,False,0.68186533089784,0.12847644373755304,0.5644548223757101,0.7511212036178628,28.85218087800207,99.0,99.0,0.0,3.0,67.15273716721325,13.348498836794342,-1.0591138415131622,0.0,0.0,0.0,1.0,0,0,True,1,508,24,False,False,False,0
64,1008,NOISE_CRASH,AMBER,False,0.0,3.0,0.0,0.3426380742367894,20.857460918424863,False,0.677979903785637,0.12977397702994778,1.008077693510886,0.5523510938244064,29.361116595728085,99.0,99.0,0.0,3.0,48.31892341906501,21.806480749684006,-2.8786411952782394,0.0,0.0,0.0,1.0,0,0,True,1,509,24,False,False,False,0
64,1009,NOISE_CRASH,AMBER,False,0.0,3.0,0.0,0.0,20.77271482658238,False,0.678304069765456,0.12847644373755304,0.08326424841044534,0.68878543644627,27.816337232270573,99.0,99.0,0.0,3.0,58.48337524547947,21.63391774469965,-2.383479537139627,0.0,0.0,0.0,1.0,0,0,True,1,510,24,False,False,False,0
64,1010,NOISE_CRASH,AMBER,False,0.0,3.0,0.0,0.33230849820525865,20.744628076163906,False,0.6787671918261355,0.12792286982859974,0.12015745123041167,0.6937414717881077,22.02926649009629,99.0,99.0,0.0,3.0,69.67787868172013,12.578806481244516,-1.427043140302021,0.0,0.0,0.0,1.0,0,0,True,1,511,24,False,False,False,0
64,1011,NOISE_CRASH,AMBER,False,0.0,3.0,0.0,1.6382351210333579,20.908709361097355,False,0.6805356070460602,0.13019164501429542,0.46080246695895083,0.737714365823623,33.59686358350005,99.0,99.0,0.0,3.0,63.35105736704408,17.375071314438195,-1.959158534644905,0.0,0.0,0.0,1.0,0,0,True,1,512,24,False,False,False,0
64,1012,NOISE_CRASH,AMBER,False,0.0,3.0,0.0,0.33368010529751957,20.86722204025576,False,0.6783343816515806,0.12623624061151742,0.5635859337051067,0.6071614272300747,12.606607350703216,99.0,99.0,0.0,3.0,51.38109120298609,11.000793043024801,0.7236738049353413,0.0,0.0,0.0,1.0,0,0,True,1,513,24,False,False,False,0
64,1013,NOISE_CRASH,AMBER,False,0.0,3.0,0.0,2.4347474453949434,21.13453821581245,False,0.6773759869950007,0.12623624061151742,0.2530690742841049,0.6463878930989183,25.337194215186216,99.0,99.0,0.0,3.0,63.735778505053574,10.843395060697084,-0.2000195829578301,0.0,0.0,0.0,1.0,0,0,True,1,514,24,False,False,False,0
64,1014,NOISE_CRASH,AMBER,False,0.0,3.0,0.0,0.0,21.022084394231207,False,0.6765701521763504,0.12623624061151742,0.2127848587026216,0.6505148263733288,29.126350615248,99.0,99.0,0.0,3.0,63.320936526842495,13.951984797995026,-0.8135952162102145,0.0,0.0,0.0,1.0,0,0,True,1,515,24,False,False,False,0
64,1015,NOISE_CRASH,AMBER,False,0.0,3.0,0.0,0.0,20.92087595480809,False,0.6759431662787767,0.12642256210127864,0.16555887451876825,0.6556706222572272,25.31188571159038,99.0,99.0,0.0,3.0,51.286672327578444,16.491529163584772,-0.24275775365652855,0.0,0.0,0.0,1.0,0,0,True,1,516,24,False,False,False,0
64,1016,NOISE_CRASH,AMBER,False,0.0,3.0,0.0,0.433283022109342,20.892614397533134,False,0.6758961654119169,0.12374147408651782,0.012392531332642755,0.6743764707167836,28.96734695793924,99.0,99.0,0.0,3.0,51.07283018508619,20.93608931460279,-0.795271013177755,0.0,0.0,0.0,1.0,0,0,True,1,517,24,False,False,False,0
64,1017,NOISE_CRASH,AMBER,False,0.0,3.0,0.0,0.8028370257085731,20.920764326507566,False,0.6788004650745201,0.12642256210127864,0.7823568408903326,0.7727061541653579,20.897348670146066,99.0,99.0,0.0,3.0,80.62988330652256,6.26817264026693,-2.3338620219769206,0.0,0.0,0.0,1.0,0,0,True,1,518,24,False,False,False,0
64,1018,NOISE_CRASH,AMBER,False,0.0,3.0,0.0,0.21048383170057106,20.86020804945339,False,0.673089640585607,0.1264898519731931,1.505750343396762,0.4884396487774213,18.28557261697736,99.0,99.0,0.0,3.0,56.68419941631864,7.469234355643236,-1.5321733437467027,0.0,0.0,0.0,1.0,0,0,True,1,519,24,False,False,False,0
64,1019,NOISE_CRASH,AMBER,False,0.0,3.0,0.0,0.48003706447434524,20.844792618856832,False,0.6731730149998589,0.1222762341062095,0.021971305194665666,0.6758687877273382,30.69916479245971,99.0,99.0,0.0,3.0,59.634909471950984,14.76051253649333,-2.3996662234892367,0.0,0.0,0.0,1.0,0,0,True,1,520,24,False,False,False,0
64,1020,NOISE_CRASH,AMBER,False,0.0,3.0,0.0,1.4235088273647372,20.967722136939035,False,0.6727304521355475,0.11802753681887827,0.1206456478225695,0.6584209195228111,24.572877583155986,99.0,99.0,0.0,3.0,59.41591057579763,15.10920618597681,-2.7713245045370556,0.0,0.0,0.0,1.0,0,0,True,1,521,24,False,False,False,0
64,1021,NOISE_CRASH,AMBER,False,0.0,3.0,0.0,0.7529146668133184,20.981122549933062,False,0.679510096790395,0.11802753681887827,1.9147070357689375,0.898718607297131,32.11906471746449,99.0,99.0,0.0,3.0,77.2165867342601,12.825737138099896,-2.3989270129026954,0.0,0.0,0.0,1.0,0,0,True,1,522,24,False,False,False,0
64,1022,NOISE_CRASH,AMBER,False,0.0,3.0,0.0,0.5121613425981739,20.95827368961649,False,0.6833261029764741,0.1222762341062095,1.0777163501923954,0.806710302993035,26.545411253766716,99.0,99.0,0.0,3.0,72.11536463007599,9.044689216583029,1.1568182147275758,0.0,0.0,0.0,1.0,0,0,True,1,523,24,False,False,False,0
64,1023,NOISE_CRASH,AMBER,False,0.0,3.0,0.0,0.24212423294276642,20.898554334431545,False,0.6784338568549427,0.1238775286947824,1.3336595775109041,0.5202512322587624,24.36033630295904,99.0,99.0,0.0,3.0,49.64441436913136,13.817958466692499,0.05611649999979328,0.0,0.0,0.0,1.0,0,0,True,1,524,24,False,False,False,0
64,1024,NOISE_CRASH,AMBER,False,0.0,3.0,0.0,1.7042826754319877,21.05681988892603,False,0.6852672234627003,0.1264898519731931,1.8387425816870404,0.9062127437801973,30.34185525526113,99.0,99.0,0.0,3.0,76.58958263005822,8.992931812250825,-0.9326543449697652,0.0,0.0,0.0,1.0,0,0,True,1,525,24,False,False,False,0
64,1025,NOISE_CRASH,AMBER,False,0.0,3.0,0.0,0.5479774310589374,21.031594627536972,False,0.6881506017978614,0.1280901234459297,0.7598444434293865,0.7813798346347367,34.37227238894441,99.0,99.0,0.0,3.0,63.47971083607383,14.155423398100652,-0.7642002781060515,0.0,0.0,0.0,1.0,0,0,True,1,526,24,False,False,False,0
64,1026,NOISE_CRASH,AMBER,False,0.0,3.0,0.0,0.3325145766366717,20.97764977839559,False,0.6883141764479908,0.1280901234459297,0.0425675937454128,0.6936030901355075,26.01534889242369,99.0,99.0,0.0,3.0,70.58952972666107,10.985309722227937,-1.5432906645638511,0.0,0.0,0.0,1.0,0,0,True,1,527,24,False,False,False,0
64,1027,NOISE_CRASH,AMBER,False,0.0,3.0,0.0,0.12433846204790944,20.898913877552978,False,0.6907619525129864,0.12623624061151742,0.6369931834307226,0.7699067119478478,33.46824689193362,99.0,99.0,0.0,3.0,63.41963027473544,20.209302410325606,-2.3602137085624246,0.0,0.0,0.0,1.0,0,0,True,1,528,24,False,False,False,0
64,1028,NOISE_CRASH,AMBER,False,0.0,3.0,0.0,0.0,20.81002248979768,False,0.6875321852966787,0.1280901234459297,0.8528367661198943,0.583103045302727,16.932276472933424,99.0,99.0,0.0,3.0,62.59701605957101,10.288707564120534,-1.002817261050192,0.0,0.0,0.0,1.0,0,0,True,1,529,24,False,False,False,0
64,1029,NOISE_CRASH,AMBER,False,0.0,3.0,0.0,0.0,20.730020240817915,False,0.6843960272529657,0.1280901234459297,0.8161331931359115,0.582993583839579,23.390586629514473,99.0,99.0,0.0,3.0,61.37074401570579,9.688597690136051,-0.47230058073744047,0.0,0.0,0.0,1.0,0,0,True,1,530,24,False,False,False,0
64,1030,NOISE_CRASH,AMBER,False,0.0,3.0,0.0,0.24543705260105275,20.693606589363277,False,0.6865090370197112,0.12738210263862582,0.5498757983573177,0.7548296861444836,33.77601166703933,99.0,99.0,0.0,3.0,57.13282242891638,15.391126423146758,-3.107596515869652,0.0,0.0,0.0,1.0,0,0,True,1,531,24,False,False,False,0
64,1031,NOISE_CRASH,AMBER,False,0.0,3.0,0.0,1.574693727987857,20.85357652098519,False,0.6859099653634855,0.12623624061151742,0.1567649991158792,0.6665399818121882,20.818347522779632,99.0,99.0,0.0,3.0,70.37989003097508,5.2463013677482175,0.11134931843003573,0.0,0.0,0.0,1.0,0,0,True,1,532,24,False,False,False,0
64,1032,NOISE_CRASH,AMBER,False,0.0,3.0,0.0,0.0,20.76921886888667,False,0.6888579495478003,0.12741538667174176,0.7784304966714496,0.7841761048406456,32.14390756749881,99.0,99.0,0.0,3.0,71.50581604648681,8.466678555307503,-2.1091718974798144,0.0,0.0,0.0,1.0,0,0,True,1,533,24,False,False,False,0
64,1033,NOISE_CRASH,AMBER,False,0.0,3.0,0.0,0.3097292374098617,20.738207721422434,False,0.6855586628877244,0.12902715794730665,0.8631314072441021,0.5788817275452685,22.448483003020932,99.0,99.0,0.0,3.0,57.1145167275962,11.175354814820654,-1.744952391055245,0.0,0.0,0.0,1.0,0,0,True,1,534,24,False,False,False,0
64,1034,NOISE_CRASH,AMBER,False,0.0,3.0,0.0,0.0,20.665386949280194,False,0.6895715805798666,0.12985436312765514,1.0367113807624462,0.8193225859591309,33.966606849553735,99.0,99.0,0.0,3.0,74.6814610610316,12.20900528157803,-1.5723381746128,0.0,0.0,0.0,1.0,0,0,True,1,535,24,False,False,False,0
64,1035,NOISE_CRASH,AMBER,False,0.0,3.0,0.0,0.17074642057035883,20.624606485334876,False,0.6868703995913558,0.12985436312765514,0.6933873003187392,0.5995322142961725,18.385298513317036,99.0,99.0,0.0,3.0,54.89937975378981,7.95335475883461,0.5651260999792337,0.0,0.0,0.0,1.0,0,0,True,1,536,24,False,False,False,0
64,1036,NOISE_CRASH,AMBER,False,0.0,3.0,0.0,0.0,20.56314583680139,False,0.6849029749557841,0.12977397702994778,0.505033636191728,0.621289578405635,27.16278552882809,99.0,99.0,0.0,3.0,61.97606114135117,11.678506138022193,-2.455189096474076,0.0,0.0,0.0,1.0,0,0,True,1,537,24,False,False,False,0
64,1037,NOISE_CRASH,AMBER,False,0.0,3.0,0.0,0.18430259503408064,20.534555129401195,False,0.6891332771146246,0.1313742485026844,1.086582034307309,0.8259130469171347,30.823686971352245,99.0,99.0,0.0,3.0,72.94420337829763,8.43794884430075,-1.6348648625944233,0.0,0.0,0.0,1.0,0,0,True,1,538,24,False,False,False,0
64,1038,NOISE_CRASH,AMBER,False,0.0,3.0,0.0,0.0,20.482099616461078,False,0.6933274953138473,0.13162900453872536,1.064190850953323,0.8289405504220496,32.428325167687895,99.0,99.0,0.0,3.0,62.266639536445155,13.672896872431938,-1.3193007283867197,0.0,0.0,0.0,1.0,0,0,True,1,539,24,False,False,False,0
64,1039,NOISE_CRASH,AMBER,False,0.0,3.0,0.0,0.0,20.43488965481497,False,0.6957695205350902,0.13404251756496685,0.6184111244581363,0.7747283360219456,27.69917088812118,99.0,99.0,0.0,3.0,70.9736634077946,11.473170453377985,-1.2505463099686724,0.0,0.0,0.0,1.0,0,0,True,1,540,24,False,False,False,0
64,1040,NOISE_CRASH,AMBER,False,0.0,3.0,0.0,0.3668668895011573,20.44559638831114,False,0.6902687521030196,0.13404251756496685,1.367916322869831,0.512410572799406,21.339973523224078,99.0,99.0,0.0,3.0,55.49056619880343,12.594247858788956,-3.247159118448228,0.0,0.0,0.0,1.0,0,0,True,1,541,24,False,False,False,0
64,1041,NOISE_CRASH,AMBER,False,0.0,3.0,0.0,0.0,20.40203674948003,False,0.6873038344320539,0.1333695908152633,0.7373077649357728,0.5914381630708299,15.64220608080938,99.0,99.0,0.0,3.0,50.53452614495478,6.895513968878548,-0.22778643239417562,0.0,0.0,0.0,1.0,0,0,True,1,542,24,False,False,False,0
64,1042,NOISE_CRASH,AMBER,False,0.0,3.0,0.0,0.0,20.362833074532027,False,0.6840825669965951,0.13344997691297067,0.8050979276879666,0.5799282532500933,24.462149892079818,99.0,99.0,0.0,3.0,61.55953923682124,9.601350851250352,-0.5646942751722361,0.0,0.0,0.0,1.0,0,0,True,1,543,24,False,False,False,0
64,1043,NOISE_CRASH,AMBER,False,0.0,3.0,0.0,1.052113530177795,20.480106228954604,False,0.6803699142387697,0.13644905131802443,0.9273519171024038,0.5603274750690802,24.73076366613301,99.0,99.0,0.0,3.0,60.69850061648979,11.042356743784719,-2.148709495156432,0.0,0.0,0.0,1.0,0,0,True,1,544,24,False,False,False,0
64,1044,NOISE_CRASH,AMBER,False,0.0,3.0,0.0,0.0,20.433095606059144,False,0.6785410617438776,0.13626570674479682,0.4467729840616656,0.6194081644090326,21.315845693383064,99.0,99.0,0.0,3.0,54.0577281299325,13.436952649321004,-2.7431478611138966,0.0,0.0,0.0,1.0,0,0,True,1,545,24,False,False,False,0
64,1045,NOISE_CRASH,AMBER,False,0.0,3.0,0.0,0.0,20.390786045453233,False,0.6787115388936774,0.1358425470391846,0.0417021405880118,0.6842236334038739,26.055870768228633,99.0,99.0,0.0,3.0,64.43518138138568,10.844598108031425,0.5242162658501214,0.0,0.0,0.0,1.0,0,0,True,1,546,24,False,False,False,0
64,1046,NOISE_CRASH,AMBER,False,0.0,3.0,0.0,1.102367962826922,20.51255079551781,False,0.6724601833844637,0.13626570674479682,1.5339709208609436,0.47033302191988335,18.306564151299575,99.0,99.0,0.0,3.0,53.601743632476094,6.540206770569852,0.23035716264510853,0.0,0.0,0.0,1.0,0,0,True,1,547,24,False,False,False,0
64,1047,NOISE_CRASH,AMBER,False,0.0,3.0,0.0,0.5643644799624241,20.544128565560584,False,0.6695902767413705,0.13626570674479682,0.7020369031581389,0.5767966286146914,26.018688783105265,99.0,99.0,0.0,3.0,63.23425253899983,10.162376610202832,-1.8511401860039431,0.0,0.0,0.0,1.0,0,0,True,1,548,24,False,False,False,0
64,1048,NOISE_CRASH,AMBER,False,0.0,3.0,0.0,0.07554236103629053,20.501669351354785,False,0.668519068046243,0.1314093980693087,0.2620391979555367,0.6338833202371196,25.659738809994387,99.0,99.0,0.0,3.0,62.07557967632002,9.51546244290179,-3.383243729765057,0.0,0.0,0.0,1.0,0,0,True,1,549,24,False,False,False,0
64,1049,NOISE_CRASH,AMBER,False,0.0,3.0,0.0,0.0,20.452502416219307,False,0.6663834948666101,0.12794690657256905,0.5417099058385582,0.5973332953918161,21.73912952666024,99.0,99.0,0.0,3.0,61.29308756393782,10.174768899758094,-2.152108227716973,0.0,0.0,0.0,1.0,0,0,True,1,550,24,False,False,False,0
64,1050,NOISE_CRASH,AMBER,False,0.0,3.0,0.0,0.49226401056028113,20.479630456128618,False,0.6622941941752003,0.1304022662040558,1.0653639599303675,0.5300734718196172,20.118162343919963,99.0,99.0,0.0,3.0,67.73945100213896,10.098798885640498,-1.297528645421249,0.0,0.0,0.0,1.0,0,0,True,1,551,24,False,False,False,0
64,1051,NOISE_CRASH,AMBER,False,0.0,3.0,0.0,2.1295717261090714,20.741455310801573,False,0.6647353242200104,0.1304022662040558,0.6239999032404759,0.7436651956688699,30.20646832154302,99.0,99.0,0.0,3.0,65.25410554429682,15.337202114849873,-1.5111814980099503,0.0,0.0,0.0,1.0,0,0,True,1,552,24,False,False,False,0
64,1052,NOISE_CRASH,AMBER,False,0.0,3.0,0.0,0.5611808177403845,20.749680998293773,False,0.661936868516949,0.1304022662040558,0.7153392305524927,0.5714534674512998,21.14013356402459,99.0,99.0,0.0,3.0,61.54464849148538,18.622667512904172,-1.6308493669685324,0.0,0.0,0.0,1.0,0,0,True,1,553,24,False,False,False,0
64,1053,NOISE_CRASH,AMBER,False,0.0,3.0,0.0,0.1703380063366755,20.700411909383213,False,0.6581567841769982,0.1329122207575982,0.9662624354589207,0.5359340571852556,21.975992722425747,99.0,99.0,0.0,3.0,53.66430112843322,18.392559305574718,-2.1866209909429233,0.0,0.0,0.0,1.0,0,0,True,1,554,24,False,False,False,0
64,1054,NOISE_CRASH,AMBER,False,0.0,3.0,0.0,1.4172808373300487,20.83687643985775,False,0.6595178117120059,0.1329122207575982,0.3413349370107701,0.7035243686772545,26.026570109916612,99.0,99.0,0.0,3.0,78.55859632661539,11.734934765474607,0.8827106388984571,0.0,0.0,0.0,1.0,0,0,True,1,555,24,False,False,False,0
64,1055,NOISE_CRASH,AMBER,False,0.0,3.0,0.0,0.0,20.754188795871976,False,0.6619801501130027,0.13137814691900943,0.6175349883709325,0.7415957584119041,27.762674986350675,99.0,99.0,0.0,3.0,64.07025803705444,14.58303681235858,0.5076400431878716,0.0,0.0,0.0,1.0,0,0,True,1,556,24,False,False,False,0
64,1056,NOISE_CRASH,AMBER,False,0.0,3.0,0.0,1.0469771999770119,20.831581610281447,False,0.6589299159260641,0.13137814691900943,0.7739070407244493,0.5603056772150502,25.114935044181923,99.0,99.0,0.0,3.0,64.19504509426326,14.142036767438613,0.8571116240663367,0.0,0.0,0.0,1.0,0,0,True,1,557,24,False,False,False,0
64,1057,NOISE_CRASH,AMBER,False,0.0,3.0,0.13702778662294102,0.3985276577947414,20.9145027165593,False,0.6592160044929899,0.1302387176367042,0.07258654340795181,0.668466201490257,24.150516877918424,99.0,99.0,0.0,3.0,70.44167250649215,11.206190365214393,3.548111146491764,0.0,0.0,0.13702778662294102,1.0,0,0,True,1,558,24,False,False,False,0
64,1058,NOISE_CRASH,AMBER,False,0.0,3.0,0.0,0.0,20.824052444903373,False,0.6636587586158956,0.1302387176367042,1.1370797162634405,0.8073078085898479,35.54636142158469,99.0,99.0,0.0,3.0,67.25488291997185,17.20142977212254,1.2608502460332662,0.0,0.0,0.0,1.0,0,0,True,1,559,24,False,False,False,0
64,1059,NOISE_CRASH,AMBER,False,0.0,3.0,0.0,0.7871542538328877,20.856784567218806,False,0.6710796105859872,0.13137814691900943,1.8992949011245088,0.9110204909522825,29.828131652289446,99.0,99.0,0.0,3.0,80.2904204626477,9.206206779951204,0.5637248686292806,0.0,0.0,0.0,1.0,0,0,True,1,560,24,False,False,False,0
64,1060,NOISE_CRASH,AMBER,False,0.0,3.0,0.0,0.08634743792248756,20.784626488995688,False,0.6667001285378042,0.13137814691900943,1.111164515278343,0.5250968756465592,23.040163224722185,99.0,99.0,0.0,3.0,55.49461284438317,9.758243048781239,-1.7383043454574472,0.0,0.0,0.0,1.0,0,0,True,1,561,24,False,False,False,0
64,1061,NOISE_CRASH,AMBER,False,0.0,3.0,0.0,0.7524276514127164,20.816265849550966,False,0.667882130344745,0.1302387176367042,0.2998981273167602,0.7061001887691614,24.79239779764696,99.0,99.0,0.0,3.0,59.02975438775829,11.307049291853863,-2.2653910851791186,0.0,0.0,0.0,1.0,0,0,True,1,562,24,False,False,False,0
64,1062,NOISE_CRASH,AMBER,False,0.0,3.0,0.0,0.1623598868150462,20.75918144818405,False,0.6672060935049806,0.12547440398518722,0.17302505533212217,0.6453475690192696,29.43438584035011,99.0,99.0,0.0,3.0,54.261670356218616,17.68406454877138,-2.1369783492187198,0.0,0.0,0.0,1.0,0,0,True,1,563,24,False,False,False,0
64,1063,NOISE_CRASH,AMBER,False,0.0,3.0,0.0,0.0,20.684263303365647,False,0.6692196394504414,0.12568335728080599,0.5349154572588884,0.7343242916870035,29.579796669325823,99.0,99.0,0.0,3.0,67.4365815007697,15.369290873845298,-0.15242832173962345,0.0,0.0,0.0,1.0,0,0,True,1,564,24,False,False,False,0
64,1064,NOISE_CRASH,AMBER,False,0.0,3.0,0.0,0.5415461336707854,20.695361162411345,False,0.6793469682719124,0.12612648028909595,2.68593738014289,1.0067972668328122,29.014951982486274,99.0,99.0,0.0,3.0,90.91769670622116,4.584613203111443,-0.04266520286894099,0.0,0.0,0.0,1.0,0,0,True,1,565,24,False,False,False,0
64,1065,NOISE_CRASH,AMBER,False,0.0,3.0,0.0,0.0,20.62682504617021,False,0.6756424798589508,0.12568335728080599,0.9790406171304029,0.5558640211731903,24.39571802550369,99.0,99.0,0.0,3.0,58.288142965314975,8.757689671801117,-2.50888326097203,0.0,0.0,0.0,1.0,0,0,True,1,566,24,False,False,False,0
64,1066,NOISE_CRASH,AMBER,False,0.0,3.0,0.0,0.0,20.565142541553193,False,0.6684343593434757,0.12758475289154506,1.9117143991654002,0.43537179600978443,16.432358070837918,99.0,99.0,0.0,3.0,46.134458952915594,8.907109240985022,-0.14758344532392811,0.0,0.0,0.0,1.0,0,0,True,1,567,24,False,False,False,0
64,1067,NOISE_CRASH,AMBER,False,0.0,3.0,0.0,2.2617053950900727,20.837575569685935,False,0.6699384711229583,0.12612648028909595,0.39297061897910823,0.7185714186595628,29.687904269262553,99.0,99.0,0.0,3.0,60.6758189234219,12.591368507838727,-1.3880905140121638,0.0,0.0,0.0,1.0,0,0,True,1,568,24,False,False,False,0
64,1068,NOISE_CRASH,AMBER,False,0.0,3.0,0.0,1.541332280846576,20.978311193440096,False,0.6738522698488983,0.12612648028909595,1.0343581873711674,0.8003984286542929,32.64954138344827,99.0,99.0,0.0,3.0,70.33507257032966,11.121913727672663,-1.62499858785757,0.0,0.0,0.0,1.0,0,0,True,1,569,24,False,False,False,0
64,1069,NOISE_CRASH,AMBER,False,0.0,3.0,0.0,0.00869442353277794,20.88274076550834,False,0.6761457111623783,0.12612648028909595,0.6061220737107643,0.750300313631565,27.398964939327435,99.0,99.0,0.0,3.0,71.22631886588526,9.687517276263028,-2.4650225276067745,0.0,0.0,0.0,1.0,0,0,True,1,570,24,False,False,False,0
64,1070,NOISE_CRASH,AMBER,False,0.0,3.0,0.0,0.8822430989538175,20.92339193830581,False,0.6716107023334892,0.12612648028909595,1.1985346821419043,0.5249787501994095,26.96108968718702,99.0,99.0,0.0,3.0,52.84610802756121,15.14886774984604,-1.55984193720069,0.0,0.0,0.0,1.0,0,0,True,1,571,24,False,False,False,0
64,1071,NOISE_CRASH,AMBER,False,0.0,3.0,0.0,2.4579262928208268,21.18845205693425,False,0.6729252345004334,0.12324920396340323,0.3474110971598313,0.7154284412316319,26.932029390319066,99.0,99.0,0.0,3.0,72.93199397987763,10.80283522915534,0.012322072466778404,0.0,0.0,0.0,1.0,0,0,True,1,572,24,False,False,False,0
64,1072,NOISE_CRASH,AMBER,False,0.0,3.0,0.0,0.26463685666108927,21.108979195456683,False,0.673747326585134,0.12270246498779003,0.22233871383183235,0.7003283039904536,26.3077817681431,99.0,99.0,0.0,3.0,69.19500853290347,8.58862083263744,-0.49782635263105085,0.0,0.0,0.0,1.0,0,0,True,1,573,24,False,False,False,0
64,1073,NOISE_CRASH,AMBER,False,0.0,3.0,0.0,1.6422587533802755,21.237208795151155,False,0.6714806244241855,0.12143575964581443,0.6157719708874522,0.598190587886854,24.122628345183212,99.0,99.0,0.0,3.0,59.47428310310771,10.388027228749788,-0.6715727255192976,0.0,0.0,0.0,1.0,0,0,True,1,574,24,False,False,False,0
64,1074,NOISE_CRASH,AMBER,False,0.0,3.0,0.0,1.2818307903434465,21.30035338023584,False,0.670587609682187,0.1207361420059272,0.24512679093406475,0.6417134663575667,22.871693696412997,99.0,99.0,0.0,3.0,64.43222175034735,5.587203087643877,0.49990766109133444,0.0,0.0,0.0,1.0,0,0,True,1,575,24,False,False,False,0
64,1075,NOISE_CRASH,AMBER,False,0.0,3.0,0.0,0.0,21.17131804221226,False,0.6647841311831177,0.12212609080854554,1.6022483416176494,0.47713832637987713,15.666852904529197,99.0,99.0,0.0,3.0,50.85378522935957,3.6068057246137535,2.0748752919077065,0.0,0.0,0.0,1.0,0,0,True,1,576,24,False,False,False,0
64,1076,NOISE_CRASH,AMBER,False,0.0,3.0,0.0,0.30581771564948057,21.099529806760206,False,0.6693438795255494,0.12568335728080599,1.2445466026802185,0.816775742597509,31.18479745170163,99.0,99.0,0.0,3.0,69.31201057959878,7.894072755000329,-2.9213967563352847,0.0,0.0,0.0,1.0,0,0,True,1,577,24,False,False,False,0
64,1077,NOISE_CRASH,AMBER,False,0.0,3.0,0.0,1.7114582306642467,21.2387382695305,False,0.6722876044723815,0.1285606336064987,0.7807252051293255,0.767468044419949,28.16300503579978,99.0,99.0,0.0,3.0,76.14989500258865,7.503322062639506,-2.6013649958246514,0.0,0.0,0.0,1.0,0,0,True,1,578,24,False,False,False,0
64,1078,NOISE_CRASH,AMBER,False,0.0,3.0,0.0,1.0228105529746268,21.264171972758774,False,0.6735205442916907,0.12612648028909595,0.3196779046902267,0.7133855984493549,30.13580365603621,99.0,99.0,0.0,3.0,72.60741002535246,10.099104515137666,-1.4864839380677322,0.0,0.0,0.0,1.0,0,0,True,1,579,24,False,False,False,0
64,1079,NOISE_CRASH,AMBER,False,0.0,3.0,0.0,0.0,21.138754775482898,False,0.6692999887895702,0.12612648028909595,1.1154293934275368,0.5328353608876742,22.638753253221015,99.0,99.0,0.0,3.0,58.58868576732709,11.711220396521465,-3.5307131293878755,0.0,0.0,0.0,1.0,0,0,True,1,580,24,False,False,False,0
64,1080,NOISE_CRASH,AMBER,False,0.0,3.0,0.0,0.1975959053891625,21.054530704216035,False,0.6611733232964073,0.1285606336064987,2.1477555637102586,0.3984111390174721,21.230769522226314,99.0,99.0,0.0,3.0,45.279534775463,17.58296290794158,-3.9875361027240523,0.0,0.0,0.0,1.0,0,0,True,1,581,24,False,False,False,0
64,1081,NOISE_CRASH,AMBER,False,0.0,3.0,0.0,0.0,20.950077633794432,False,0.6619743777065584,0.1285606336064987,0.20769821151810797,0.6878751369681119,20.74566075933879,99.0,99.0,0.0,3.0,72.86781157255136,9.374210325030765,-0.5510127764326403,0.0,0.0,0.0,1.0,0,0,True,1,582,24,False,False,False,0
64,1082,NOISE_CRASH,AMBER,False,0.0,3.0,0.0,0.0,20.85606987041499,False,0.6661281243158075,0.1285606336064987,1.0769876938542597,0.8004325980148639,30.43465925484151,99.0,99.0,0.0,3.0,61.64390254094342,16.800777397173096,-2.766771104796948,0.0,0.0,0.0,1.0,0,0,True,1,583,24,False,False,False,0
64,1083,NOISE_CRASH,AMBER,False,0.0,3.0,0.0,0.0,20.771462883373495,False,0.667060153310494,0.1285606336064987,0.24165743653154473,0.6971957574720251,28.413034400031304,99.0,99.0,0.0,3.0,64.934821871227,17.04316342211747,-1.6986830755098756,0.0,0.0,0.0,1.0,0,0,True,1,584,24,False,False,False,0
64,1084,NOISE_CRASH,AMBER,False,0.0,3.0,0.0,0.13913699429450666,20.71549145920885,False,0.6652896689230848,0.1285606336064987,0.45905301328559367,0.6080440070635256,25.53633700199242,99.0,99.0,0.0,3.0,64.85218117373401,16.547092507411456,-1.7071174616150648,0.0,0.0,0.0,1.0,0,0,True,1,585,24,False,False,False,0
64,1085,NOISE_CRASH,AMBER,False,0.0,3.0,0.0,0.0,20.644942313287967,False,0.6618151197370978,0.1285606336064987,0.9008846872524445,0.5494713627235182,22.53926963423422,99.0,99.0,0.0,3.0,63.0007534260793,14.509713852802706,-1.9971359193331149,0.0,0.0,0.0,1.0,0,0,True,1,586,24,False,False,False,0
64,1086,NOISE_CRASH,AMBER,False,0.0,3.0,0.0,0.2661188807352801,20.620035319665785,False,0.6568563358521966,0.12758475289154506,1.2857185868366903,0.49652232357372084,18.548511550570318,99.0,99.0,0.0,3.0,49.99473540299258,16.110023492595992,-2.211604240400503,0.0,0.0,0.0,1.0,0,0,True,1,587,24,False,False,False,0
64,1087,NOISE_CRASH,AMBER,False,0.0,3.0,0.0,0.0,20.559031787699208,False,0.6579380534667253,0.12568335728080599,0.28261412904309746,0.6929135896698194,25.62285318800739,99.0,99.0,0.0,3.0,71.94126046666122,12.889068694914537,-1.124377567059804,0.0,0.0,0.0,1.0,0,0,True,1,588,24,False,False,False,0
64,1088,NOISE_CRASH,AMBER,False,0.0,3.0,0.0,0.0,20.50412860892929,False,0.6612465706919421,0.12568335728080599,0.8774742328121317,0.7682219609739536,23.736241284500746,99.0,99.0,0.0,3.0,76.89035942546252,4.808480779919411,-0.8532216975750259,0.0,0.0,0.0,1.0,0,0,True,1,589,24,False,False,False,0
64,1089,NOISE_CRASH,AMBER,False,0.0,3.0,0.0,0.7784450079153082,20.567590274184077,False,0.658635652473567,0.12568335728080599,0.6924592814999599,0.5742159634127725,26.78932590778993,99.0,99.0,0.0,3.0,68.06451950443935,10.295261280339378,-1.1126770051070132,0.0,0.0,0.0,1.0,0,0,True,1,590,24,False,False,False,0
64,1090,NOISE_CRASH,AMBER,False,0.0,3.0,0.0,0.0,20.51183124676567,False,0.6593774435622011,0.12612648028909595,0.19673543224893078,0.6833620220947032,28.553457299355102,99.0,99.0,0.0,3.0,71.92154418749696,13.72258280460926,-3.5379489091025023,0.0,0.0,0.0,1.0,0,0,True,1,591,24,False,False,False,0
64,1091,NOISE_CRASH,AMBER,False,0.0,3.0,0.0,0.0,20.461648122089105,False,0.6603688413597532,0.12612648028909595,0.26201153933724264,0.6924240368139355,22.34660802808295,99.0,99.0,0.0,3.0,66.67058280697229,7.895632076127825,-1.3993859141355134,0.0,0.0,0.0,1.0,0,0,True,1,592,24,False,False,False,0
64,1092,NOISE_CRASH,AMBER,False,0.0,3.0,0.0,0.0,20.416483309880196,False,0.6568224686912587,0.12612648028909595,0.9372530020039614,0.5421564190766045,27.015689139418775,99.0,99.0,0.0,3.0,71.41229543655791,10.683091993468855,-2.1373061128782402,0.0,0.0,0.0,1.0,0,0,True,1,593,24,False,False,False,0
64,1093,NOISE_CRASH,AMBER,False,0.0,3.0,0.0,0.0,20.37583497889218,False,0.6572183315831667,0.12324920396340323,0.10462061337173642,0.6700178984215222,22.22311984804991,99.0,99.0,0.0,3.0,60.588422738651055,9.640959566282717,-1.1861661937829728,0.0,0.0,0.0,1.0,0,0,True,1,594,24,False,False,False,0
64,1094,NOISE_CRASH,AMBER,False,0.0,3.0,0.0,0.0,20.339251481002965,False,0.6527307119995669,0.12324920396340323,1.213698057617813,0.5076310121298425,25.247768868113152,99.0,99.0,0.0,3.0,55.74144010417136,15.293967499133217,-2.852885863742552,0.0,0.0,0.0,1.0,0,0,True,1,595,24,False,False,False,0
64,1095,NOISE_CRASH,AMBER,False,0.0,3.0,0.0,0.6151659961077756,20.395525402338297,False,0.6587528806217235,0.12612648028909595,1.6287241427660224,0.8534696660714555,29.305719764534377,99.0,99.0,0.0,3.0,80.83655089538041,6.545839602212772,0.503725025681806,0.0,0.0,0.0,1.0,0,0,True,1,596,24,False,False,False,0
64,1096,NOISE_CRASH,AMBER,False,0.0,3.0,0.0,0.0,20.35697286210447,False,0.6543731923760826,0.12612648028909595,1.1574857861204622,0.5127632724336924,17.786940339346827,99.0,99.0,0.0,3.0,50.700400930536816,6.48640330074249,-2.423031797115118,0.0,0.0,0.0,1.0,0,0,True,1,597,24,False,False,False,0
64,1097,NOISE_CRASH,AMBER,False,0.0,3.0,0.0,2.550422225901907,20.6920867986498,False,0.652542014796955,0.12612648028909595,0.48395271554141817,0.5933339397384935,27.702820585670857,99.0,99.0,0.0,3.0,63.97721937809607,11.255688937284415,-1.5746972597060909,0.0,0.0,0.0,1.0,0,0,True,1,598,24,False,False,False,0
64,1098,NOISE_CRASH,AMBER,False,0.0,3.0,0.0,0.0,20.623878118784823,False,0.6465126721770148,0.12766055412768473,1.5934646465252378,0.4515639274656183,13.895781631989397,99.0,99.0,0.0,3.0,58.39185752796421,6.894512094334222,-0.25269592434658894,0.0,0.0,0.0,1.0,0,0,True,1,599,24,False,False,False,0
64,1099,NOISE_CRASH,AMBER,False,0.0,3.0,0.0,0.8814230935974354,20.690296655477972,False,0.644401238797208,0.12766055412768473,0.5513144850509454,0.576131559516792,23.19247093340002,99.0,99.0,0.0,3.0,64.3839312502745,6.922699971823239,-1.576660417200079,0.0,0.0,0.0,1.0,0,0,True,1,600,24,False,False,False,0
64,1100,FROZEN_LOW_VARIANCE,AMBER,False,0.0,3.0,0.0,0.0,20.62226698993018,False,0.6358077677499814,0.1285606336064987,2.2438335542633427,0.3579522038896573,-2.3093105000359624,99.0,99.0,0.0,3.0,19.586291754540582,2.0549394249665243,-0.8475174888107211,0.0,0.0,0.0,1.0,0,0,True,1,601,24,False,False,False,0
64,1101,FROZEN_LOW_VARIANCE,AMBER,False,0.0,3.0,0.0,0.0,20.56104029093716,False,0.6234266734957236,0.1285606336064987,3.2101828548216664,0.22310462594138913,-2.305751783011633,-5.1187874503471615,99.0,0.0,3.0,11.610543226345364,-0.058172974928481586,-0.20473077321910518,0.0,0.0,0.0,1.0,0,0,True,1,602,24,False,False,False,0
64,1102,FROZEN_LOW_VARIANCE,AMBER,True,0.054649790761269856,3.0,0.0,0.0,20.51703016936798,False,0.6090847095598334,0.13009470744508747,3.7185991630450794,0.14536120896605242,-2.308282011915601,-5.129964345179962,99.0,0.0,3.0,6.511770083779383,-0.9882633996605655,0.21201858030559645,0.0,0.0,0.0,1.0,0,0,True,1,603,24,False,False,False,0
64,1103,FROZEN_LOW_VARIANCE,AMBER,True,0.10413329949892802,3.0,0.0,0.0,20.487466212229464,False,0.5937991023420667,0.13177279147529297,3.916533197995712,0.09956446896760839,-2.302766868446308,-5.169482114698049,99.0,0.0,3.0,3.1852136016457746,-1.3983037264120493,0.24158026813861558,0.0,0.0,0.0,1.0,0,0,True,1,604,24,False,False,False,0
64,1104,FROZEN_LOW_VARIANCE,AMBER,True,0.11194507337375736,3.0,0.0,0.0,20.46244444090139,False,0.5781928014599169,0.13177279147529297,3.9477802934950295,0.07358907293707527,-2.3032027933471406,-5.175002182993861,99.0,0.0,3.0,1.0030355629824852,-1.5787708876758375,1.1895757374387703,0.0,0.0,0.0,1.0,0,0,True,1,605,24,False,False,False,0
64,1105,FROZEN_LOW_VARIANCE,AMBER,True,0.10833223199686082,3.0,0.0,0.0,20.439191439906615,False,0.5626436294809741,0.13669140442103886,3.9333289279874433,0.05988706882848994,-2.297918145615154,-5.138177642591135,99.0,0.0,3.0,-0.40675250430041304,-1.6561489875084496,1.5296440761722678,0.0,0.0,0.0,1.0,0,0,True,1,606,24,False,False,False,0
64,1106,FROZEN_LOW_VARIANCE,AMBER,True,0.056042395162302805,3.0,0.0,0.0,20.407648902133904,False,0.5473717703725426,0.14082686522636997,3.724169580649211,0.053581659199922034,-2.307324579606305,-5.1326889824127475,99.0,0.0,3.0,-1.3798299894139558,-1.6885572936192912,1.3770701077831142,0.0,0.0,0.0,1.0,0,0,True,1,607,24,False,False,False,0
64,1107,FROZEN_LOW_VARIANCE,AMBER,True,0.0064666703546388815,3.0,0.0015755972384943935,0.0,20.37043043864025,False,0.5324756678140342,0.14084302397556242,3.5258666814185555,0.05083501842226331,-2.3054172296801325,-5.167239833616195,99.0,0.0,3.0,-2.004726791715483,-1.700976043323406,1.0184706801623609,0.0015755972384943935,0.0,0.0015755972384943935,1.0,0,0,True,1,608,24,False,False,False,0
64,1108,FROZEN_LOW_VARIANCE,AMBER,False,0.0,3.0,0.14567536993981442,0.0,20.4484512094391,False,0.5179938733565213,0.14084302397556242,3.4274078210707537,0.0497491858969359,-2.3051610021129134,-5.154645275570989,99.0,0.0,3.0,-2.4370261098194432,-1.7050886011550392,0.6521631796052832,0.14567536993981442,0.0,0.14567536993981442,1.0,0,0,True,1,609,24,False,False,False,0
64,1109,FROZEN_LOW_VARIANCE,AMBER,False,0.0,3.0,0.23697749859612408,0.0,20.590159469895955,False,0.5039348890497926,0.14413562359939314,3.327341298107904,0.04936106313223078,-2.3055160354685844,-5.122455489807716,99.0,0.0,3.0,-2.7109324957883723,-1.7049578624409205,0.33728231420773147,0.23697749859612408,0.0,0.23697749859612408,1.0,0,0,True,1,610,24,False,False,False,0
64,1110,FROZEN_LOW_VARIANCE,AMBER,False,0.0,3.0,0.30824702039371993,0.0,20.77350093987464,False,0.49029451602644886,0.14182114369730078,3.154522729522064,0.04925578827167012,-2.303826284219945,-5.121464286776973,99.0,0.0,3.0,-2.9247410611811597,-1.7027659130194452,0.11396376582881546,0.30824702039371993,0.0,0.30824702039371993,1.0,0,0,True,1,611,24,False,False,False,0
64,1111,FROZEN_LOW_VARIANCE,AMBER,False,0.0,3.0,0.3600444162203014,0.0,20.979065623787676,False,0.47706333033028464,0.14353669400646699,3.1098291249633143,0.049254992820975514,-2.304150172054105,-5.14989992258628,99.0,0.0,3.0,-3.0801332486609043,-1.701420382110878,-0.023341087492798736,0.3600444162203014,0.0,0.3600444162203014,1.0,1,0,True,1,612,24,False,False,False,0
64,1112,FROZEN_LOW_VARIANCE,AMBER,False,0.0,3.0,0.38120777793626753,0.0,21.180644751533006,False,0.464227234106727,0.14457532667453166,2.980909356176967,0.049193456211696795,-2.3085330607171968,-5.140435490345969,99.0,0.0,3.0,-3.1436233338088027,-1.7003601847489989,-0.17578805721745952,0.38120777793626753,0.0,0.38120777793626753,1.0,2,0,True,1,613,24,False,False,False,0
64,1113,FROZEN_LOW_VARIANCE,AMBER,False,0.0,3.0,0.4086527113183549,0.0,21.38355534934198,False,0.4517692140824727,0.1469255997352291,2.872325061915026,0.0489598999649177,-2.302268246655327,-5.128373108249977,99.0,0.0,3.0,-3.2259581339550647,-1.6990553624468077,-0.2597274265703834,0.4086527113183549,0.0,0.4086527113183549,1.0,3,0,True,1,614,24,False,False,False,0
64,1114,FROZEN_LOW_VARIANCE,AMBER,False,0.0,3.0,0.42160366239452934,0.0,21.576315482062697,False,0.4396836279031775,0.15124612366560408,2.741883465979678,0.04891634143929992,-2.305062969711331,-5.139094692276983,99.0,0.0,3.0,-3.264810987183588,-1.6979184975406163,-0.3283076627341914,0.42160366239452934,0.0,0.42160366239452934,1.0,4,0,True,1,615,24,False,False,False,0
64,1115,FROZEN_LOW_VARIANCE,AMBER,False,0.0,3.0,0.43186264233346866,0.0,21.757832382803535,False,0.42795744483248715,0.1539910929579033,2.584349003794679,0.048810858880166806,-2.2975944968325455,-5.141512077828836,99.0,0.0,3.0,-3.295587927000406,-1.696227185655833,-0.3439462764167504,0.43186264233346866,0.0,0.43186264233346866,1.0,5,0,True,1,616,24,False,False,False,0
64,1116,FROZEN_LOW_VARIANCE,AMBER,False,0.0,3.0,0.43715876834802403,0.0,21.925344460139684,False,0.41657971836352026,0.1539910929579033,2.462853803299137,0.048699895866924005,-2.299015276888716,-5.158039240546829,99.0,0.0,3.0,-3.311476305044072,-1.695500979060245,-0.39671916648209626,0.43715876834802403,0.0,0.43715876834802403,1.0,6,0,True,1,617,24,False,False,False,0
64,1117,FROZEN_LOW_VARIANCE,AMBER,False,0.0,3.0,0.4444113065332595,0.0,22.081784067141257,False,0.40554172728561483,0.15749905197701078,2.389313750963261,0.0486466824333401,-2.3065295146449416,-5.147145173627582,94.78189275725583,0.0,3.0,-3.3332339195997784,-1.6955864361356587,-0.405584154783531,0.4444113065332595,0.0,0.4444113065332595,1.0,7,0,True,1,618,24,False,False,False,0
64,1118,FROZEN_LOW_VARIANCE,AMBER,False,0.0,3.0,0.4442532129007648,0.0,22.22245592612843,False,0.39482433912061754,0.15749905197701078,2.2682439524697635,0.04829545511903916,-2.2978877742791854,-5.161727605164586,90.37784967949203,0.0,3.0,-3.3327596387022944,-1.6948803366317242,-0.40960876810441954,0.4442532129007648,0.0,0.4442532129007648,1.0,8,0,True,1,619,24,False,False,False,0
64,1119,FROZEN_LOW_VARIANCE,AMBER,False,0.0,3.0,0.4465137272876478,0.0,22.350830581981814,False,0.38442543191828393,0.15680147105086226,2.200840168411817,0.048194099042831624,-2.3067527080099146,-5.153375565331982,81.68490200004815,0.0,3.0,-3.3395411818629435,-1.695164741580005,-0.4238422207180483,0.4465137272876478,0.0,0.4465137272876478,1.0,9,0,True,1,620,24,False,False,False,0
64,1120,FROZEN_LOW_VARIANCE,AMBER,False,0.0,3.0,0.44328338834102904,0.0,22.463838416854657,False,0.37433257403509634,0.15833554488945104,2.1455704072898936,0.047996835812030965,-2.3062238472970633,-5.152891293285745,75.72348094115391,0.0,3.0,-3.329850165023087,-1.6954927254747563,-0.4741501004256248,0.44328338834102904,0.0,0.44328338834102904,1.0,10,0,True,1,621,24,False,False,False,0
64,1121,FROZEN_LOW_VARIANCE,AMBER,False,0.0,3.0,0.4479699831627684,0.0,22.56921507198564,False,0.3645348952685285,0.16120542091163123,2.0626404036247807,0.04774328181616944,-2.3019484654498865,-5.1447550091823135,67.57930490623461,0.0,3.0,-3.3439099494883053,-1.6948323257558313,-0.4522878765914774,0.4479699831627684,0.0,0.4479699831627684,1.0,11,0,True,1,622,24,False,False,False,0
64,1122,FROZEN_LOW_VARIANCE,AMBER,False,0.0,3.0,0.4432455960409369,0.0,22.66035486648713,False,0.3550247807209649,0.164504639811376,1.9664587980939758,0.04753107701640868,-2.305156205579008,-5.1481193359019315,58.21088150319227,0.0,3.0,-3.3297367881228106,-1.6952604330866645,-0.4355618282214188,0.4432455960409369,0.0,0.4432455960409369,1.0,12,0,True,1,623,24,False,False,False,0
64,1123,FROZEN_LOW_VARIANCE,AMBER,False,0.0,3.0,0.4458120434465614,0.0,22.744390209857077,False,0.3457958439140532,0.16357240984046104,1.8700458980961938,0.04739355382390935,-2.3027851477173567,-5.131502642206846,52.42758408076053,0.0,3.0,-3.3374361303396842,-1.6951107442720825,-0.4572490807362759,0.4458120434465614,0.0,0.4458120434465614,1.0,13,0,True,1,624,24,False,False,False,0
64,1124,FROZEN_LOW_VARIANCE,AMBER,False,0.0,3.0,0.4469890447888301,0.0,22.820943610941022,False,0.3368379848722912,0.15637012336048162,1.8254625072975217,0.04720054252198741,-2.3047189017601553,-5.153359769000481,44.1076436896771,0.0,3.0,-3.3409671343664904,-1.695310705865732,-0.439743411394257,0.4469890447888301,0.0,0.4469890447888301,1.0,14,0,True,1,625,24,False,False,False,0
64,1125,FROZEN_LOW_VARIANCE,AMBER,False,0.0,3.0,0.4487484084170412,0.0,22.891219253637463,False,0.32814051967914243,0.16460499418713462,1.8540338794128,0.04692247843399936,-2.30181349813896,-5.1656525223095064,37.93377374643374,0.0,3.0,-3.3462452252511237,-1.6950094254801582,-0.44691674146045907,0.4487484084170412,0.0,0.4487484084170412,1.0,15,0,True,1,626,24,False,False,False,0
64,1126,FROZEN_LOW_VARIANCE,AMBER,False,0.0,3.0,0.44455289263696046,0.0,22.951182243208457,False,0.3197000384380885,0.16826679184630627,1.7092396016972573,0.04679114497734508,-2.3034274179583,-5.126436152503666,30.090474556653053,0.0,3.0,-3.3336586779108814,-1.694761185044622,-0.434251445462372,0.44455289263696046,0.0,0.44455289263696046,1.0,16,0,True,1,627,24,False,False,False,0
64,1127,FROZEN_LOW_VARIANCE,AMBER,False,0.0,3.0,0.4440934777596608,0.0,23.004789211973424,False,0.3115077221783018,0.1751521828790651,1.6228823623676345,0.04662282977853196,-2.3072887902894026,-5.151913636333776,20.11316207793184,0.0,3.0,-3.3322804332789824,-1.6956838561478642,-0.4403373989123746,0.4440934777596608,0.0,0.4440934777596608,1.0,17,0,True,1,628,24,False,False,False,0
64,1128,FROZEN_LOW_VARIANCE,RED,False,0.0,3.0,0.44601584127088206,0.0,23.05454069449118,True,0.30355071059381455,0.17664446213960577,1.5143043901773183,0.046274002695393,-2.300979233741673,-5.1532077374520515,15.823557832936414,0.0,3.0,-3.338047523812646,-1.6949828119348784,-0.4376283828365995,0.44601584127088206,0.0,0.44601584127088206,1.0,18,48,True,1,629,24,False,False,False,0
64,1129,FROZEN_LOW_VARIANCE,RED,False,0.0,1.022461769852779,0.4455396957921023,0.0,21.779926207339084,True,0.29583408814020995,0.17664446213960577,1.4561495182917237,0.046329962140326954,-2.303379307665947,-5.1550356340643315,7.089847079411116,0.0,1.022461769852779,-3.336619087376307,-1.6949897808045173,-0.4393158945882283,0.4455396957921023,0.0,0.4455396957921023,1.0,19,48,True,1,630,24,False,False,False,0
64,1130,FROZEN_LOW_VARIANCE,RED,False,0.0,0.5345339321608926,0.44753517127088216,0.0,20.308887758461594,True,0.28834896128336784,0.18038247473524405,1.412465613352854,0.046329859578806705,-2.3032519424877496,-5.1381357286435705,4.377496842168809,0.0,0.5345339321608926,-3.3426055138126465,-1.6946863509207886,-0.45334358361383337,0.44753517127088216,0.0,0.44753517127088216,1.0,20,48,True,1,631,24,False,False,False,0
64,1131,FROZEN_LOW_VARIANCE,RED,False,0.0,0.5316719954966056,0.44776739611047933,0.0,18.98322607476618,True,0.28109028869093217,0.18475253632479108,1.3413484510417013,0.04639320820217942,-2.304622509651917,-5.126687981986422,-2.062478358617852,0.0,0.5316719954966056,-3.343302188331438,-1.6952234818094138,-0.45351115778115825,0.44776739611047933,0.0,0.44776739611047933,1.0,21,48,True,1,632,24,False,False,False,0
64,1132,FROZEN_LOW_VARIANCE,RED,False,0.0,0.5313613024488453,0.443623913894345,0.0,17.78667898060221,True,0.274046723840546,0.19233669837002482,1.2708106729323811,0.04630479367806022,-2.303983643993844,-5.125445209795381,-2.0624793428865447,0.0,0.5313613024488453,-3.330871741683035,-1.6954757388305985,-0.45829250996543336,0.443623913894345,0.0,0.443623913894345,1.0,22,48,True,1,633,24,False,False,False,0
64,1133,FROZEN_LOW_VARIANCE,RED,False,0.0,0.5386469387434352,0.4456059816109092,0.0,16.716198074285202,True,0.2672159063300912,0.19859666495415107,1.1838298096243423,0.046352806825384986,-2.30267955210649,-5.154587754973741,-2.0624799092477915,0.0,0.5386469387434352,-3.3368179448327275,-1.6949611795841788,-0.45374951467977637,0.4456059816109092,0.0,0.4456059816109092,1.0,23,48,True,1,634,24,False,False,False,0
64,1134,FROZEN_LOW_VARIANCE,RED,False,0.0,0.5417482227057051,0.44888262311214494,0.0,15.757399425298196,True,0.2605909507804832,0.20993588027028065,1.1119615311998394,0.04638405467649187,-2.2985880976274395,-5.16699289082282,-2.0624805174340444,0.0,0.5417482227057051,-3.3466478693364348,-1.6944830564934705,-0.4646430527420018,0.44888262311214494,0.0,0.44888262311214494,1.0,24,48,True,1,635,24,False,False,False,0
64,1135,FROZEN_LOW_VARIANCE,RED,False,0.0,0.5432313500270418,0.4477332984540368,0.0,14.894569965925925,True,0.2541679465148141,0.20993588027028065,1.0198358751887833,0.04649080859151391,-2.3048514866907643,-5.172925400108167,-2.0624798091607697,0.0,0.5432313500270418,-3.3431998953621105,-1.6948801755600829,-0.4768687198230052,0.4477332984540368,0.0,0.4477332984540368,1.0,25,48,True,1,636,24,False,False,False,0
64,1136,FROZEN_LOW_VARIANCE,RED,False,0.0,0.5425819744151801,0.4490528058190497,0.0,14.118623493224574,True,0.24793450019157753,0.2216134850455225,0.9897381230896745,0.04638640240692792,-2.302701486552815,-5.17032789766072,-2.062479932651683,0.0,0.5425819744151801,-3.347158417457149,-1.6950297613747018,-0.45776373085133976,0.4490528058190497,0.0,0.4490528058190497,1.0,26,48,True,1,637,24,False,False,False,0
64,1137,FROZEN_LOW_VARIANCE,RED,False,0.0,0.5333166931235371,0.4426273461524957,0.0,13.40906059025292,True,0.24188871154875904,0.23219641804902577,0.9093593201359266,0.04640821209762786,-2.310184007274298,-5.1332667724941485,-2.062480002240356,0.0,0.5333166931235371,-3.327882038457487,-1.6957777670278869,-0.4820775688801793,0.4426273461524957,0.0,0.4426273461524957,1.0,27,48,True,1,638,24,False,False,False,0
64,1138,FROZEN_LOW_VARIANCE,RED,False,0.0,0.5384792558666316,0.44646791125359836,0.0,12.77690456940224,True,0.2360211168228056,0.23990822967441808,0.8423320760435605,0.0463022206836447,-2.303859422741275,-5.153917023466526,-2.0624806300816187,0.0,0.5384792558666316,-3.339403733760795,-1.6951225439645679,-0.4939529874774161,0.44646791125359836,0.0,0.44646791125359836,1.0,28,48,True,1,639,24,False,False,False,0
64,1139,FROZEN_LOW_VARIANCE,RED,False,0.0,0.5419462261901875,0.44267453138669904,0.0,12.207306403406655,True,0.23033081984595408,0.24635827939820903,0.7906213394699407,0.046344550927754996,-2.3017357762417716,-5.16778490476075,-2.0624801326707773,0.0,0.5419462261901875,-3.328023594160097,-1.6945025886512968,-0.4757899984228539,0.44267453138669904,0.0,0.44267453138669904,1.0,29,48,True,1,640,24,False,False,False,0
64,1140,FROZEN_LOW_VARIANCE,RED,False,0.0,0.5338646510722114,0.4454041101657489,0.0,11.691414903590935,True,0.2248140888038581,0.25472401329672617,0.7464374048468436,0.046439785109421323,-2.302631735816527,-5.1354586042888455,-2.0624801944293023,0.0,0.5338646510722114,-3.3362123304972466,-1.6945728214747722,-0.48736752479491346,0.4454041101657489,0.0,0.4454041101657489,1.0,30,48,True,1,641,24,False,False,False,0
64,1141,FROZEN_LOW_VARIANCE,RED,False,0.0,0.5436585244543128,0.45119824000549036,0.0,11.238181870967168,True,0.21946305847490205,0.26085544514142706,0.7002389579347892,0.04644641117199116,-2.303220513051973,-5.174634097817251,-2.062481236395488,0.0,0.5436585244543128,-3.353594720016471,-1.6946449321565769,-0.46714183944003546,0.45119824000549036,0.0,0.45119824000549036,1.0,31,48,True,1,642,24,False,False,False,0
64,1142,FROZEN_LOW_VARIANCE,RED,False,0.0,0.5432917787957703,0.446160965410032,0.0,10.826083336243284,True,0.21427126037279876,0.2767636561436272,0.6634323337316174,0.04640312173812521,-2.304722906066313,-5.173167115183081,-2.0624813888004168,0.0,0.5432917787957703,-3.338482896230096,-1.6949973473747446,-0.4793307881888714,0.446160965410032,0.0,0.446160965410032,1.0,32,48,True,1,643,24,False,False,False,0
64,1143,FROZEN_LOW_VARIANCE,RED,False,0.0,0.5358422509583856,0.4444482380153915,0.0,10.44888475437425,True,0.20923177779722754,0.29420527759550275,0.6069537989910957,0.04628850785375893,-2.299800828446877,-5.143369003833542,-2.0624812091651306,0.0,0.5358422509583856,-3.3333447140461745,-1.6945769732429397,-0.4840104327293949,0.4444482380153915,0.0,0.4444482380153915,1.0,33,48,True,1,644,24,False,False,False,0
64,1144,FROZEN_LOW_VARIANCE,RED,False,0.0,0.5384597726056108,0.4437947320200098,0.0,10.110640222436436,True,0.20434645592349113,0.3035740925851052,0.5535048989901902,0.04638771533934793,-2.3047103570418583,-5.153839090422443,-2.062481745426697,0.0,0.5384597726056108,-3.3313841960600294,-1.6954270142164478,-0.46516469472265487,0.4437947320200098,0.0,0.4437947320200098,1.0,34,48,True,1,645,24,False,False,False,0
64,1145,FROZEN_LOW_VARIANCE,RED,False,0.0,0.5383915671692192,0.4461686792709754,0.0,9.808033451363835,True,0.19960782899578272,0.30909418758478396,0.5203152534478281,0.04639222499987766,-2.305268298909833,-5.153566268676877,-2.0624823290573717,0.0,0.5383915671692192,-3.3385060378129263,-1.6953357943527358,-0.4511493125282289,0.4461686792709754,0.0,0.4461686792709754,1.0,35,48,True,1,646,24,False,False,False,0
64,1146,FROZEN_LOW_VARIANCE,RED,False,0.0,0.5435384737660025,0.44925650135969947,0.0,9.54153810879402,True,0.19500990530026083,0.31902188091587,0.4958492567642428,0.04634370581172015,-2.3026429981886087,-5.17415389506401,-2.0624831117847213,0.0,0.5435384737660025,-3.3477695040790985,-1.6950999622846525,-0.45040216807445166,0.44925650135969947,0.0,0.44925650135969947,1.0,36,48,True,1,647,24,False,False,False,0
64,1147,FROZEN_LOW_VARIANCE,RED,False,0.0,0.544320785165249,0.4483543287348146,0.0,9.301507701019199,True,0.19055072984340873,0.3309911105885003,0.4659215896675989,0.04637072340519124,-2.3009990785877776,-5.177283140660996,-2.0624834055415313,0.0,0.544320785165249,-3.345062986204444,-1.6946594819676912,-0.4475251503425842,0.4483543287348146,0.0,0.4483543287348146,1.0,37,48,True,1,648,24,False,False,False,0
64,1148,FROZEN_LOW_VARIANCE,RED,False,0.0,0.5350091287332581,0.444464059806884,0.0,9.076223378611154,True,0.18622469321534793,0.34584949100709084,0.4356649357711469,0.04634950890804918,-2.302014483849013,-5.1400365149330325,-2.0624831697070927,0.0,0.5350091287332581,-3.333392179420652,-1.6948570401051388,-0.4517923575593947,0.444464059806884,0.0,0.444464059806884,1.0,38,48,True,1,649,24,False,False,False,0
64,1149,FROZEN_LOW_VARIANCE,RED,False,0.0,0.5399745797323674,0.4482094877448228,0.0,8.879712114335724,True,0.18203027481171635,0.35275919144254503,0.4042624043788244,0.0464107464276288,-2.3033548222834415,-5.15989831892947,-2.062483400485587,0.0,0.5399745797323674,-3.3446284632344683,-1.6949403692098428,-0.44740269871762217,0.4482094877448228,0.0,0.4482094877448228,1.0,39,48,True,1,650,24,False,False,False,0
64,1150,FROZEN_LOW_VARIANCE,RED,False,0.0,0.542079109577672,0.44749346507262233,0.0,8.703695052142322,True,0.17796199623024087,0.3571036433740927,0.3844245290806833,0.046420988762533366,-2.3003695903159054,-5.168316438310688,-2.0624833430952108,0.0,0.542079109577672,-3.342480395217867,-1.6944417440298998,-0.466868638653775,0.44749346507262233,0.0,0.44749346507262233,1.0,40,48,True,1,651,24,False,False,False,0
64,1151,FROZEN_LOW_VARIANCE,RED,False,0.0,0.5328013058728576,0.44259325130126975,0.0,8.53525453371418,True,0.17401682318130865,0.3656086692218835,0.36825658527369803,0.04645622793250103,-2.3030803170862435,-5.13120522349143,-2.062482420079958,0.0,0.5328013058728576,-3.327779753903809,-1.6948597847776665,-0.45035475959893856,0.44259325130126975,0.0,0.44259325130126975,1.0,41,48,True,1,652,24,False,False,False,0
64,1152,FROZEN_LOW_VARIANCE,RED,False,0.0,0.5355030701241088,0.4479120081606965,0.0,8.389624730505368,True,0.1701875506062582,0.3713452083311221,0.3491230649426512,0.04637440401296072,-2.304356853050878,-5.142012280496435,-2.0624827126015717,0.0,0.5355030701241088,-3.3437360244820895,-1.6949564987865977,-0.4684528464163776,0.4479120081606965,0.0,0.4479120081606965,1.0,42,48,True,1,653,24,False,False,False,0
64,1153,FROZEN_LOW_VARIANCE,RED,False,0.0,0.5405415109276082,0.44596432165522115,0.0,8.260393509099583,True,0.16647280508549334,0.3771948005718222,0.3334494371117609,0.046362699914095945,-2.305752395671278,-5.162166043710433,-2.062482334753425,0.0,0.5405415109276082,-3.3378929649656635,-1.6951520426068274,-0.47093034260331706,0.44596432165522115,0.0,0.44596432165522115,1.0,43,48,True,1,654,24,False,False,False,0
64,1154,FROZEN_LOW_VARIANCE,RED,False,0.0,0.5347571611656887,0.4447657542319992,0.0,8.139288770250795,True,0.16286863675110044,0.40536694030187953,0.31850636407933985,0.04633386060573056,-2.3014401232558823,-5.139028644662755,-2.06248229175307,0.0,0.5347571611656887,-3.3342972626959977,-1.6945602229836805,-0.45933042024396037,0.4447657542319992,0.0,0.4447657542319992,1.0,44,48,True,1,655,24,False,False,False,0
64,1155,FROZEN_LOW_VARIANCE,RED,False,0.0,0.5368550875197136,0.44512076334262485,0.0,8.03197179429864,True,0.15937468550763784,0.42673466859855014,0.28730769549687846,0.04640359530234673,-2.305575458674718,-5.147420350078854,-2.062481492247083,0.0,0.5368550875197136,-3.3353622900278745,-1.6950127065540264,-0.41375121818243665,0.44512076334262485,0.0,0.44512076334262485,1.0,45,48,True,1,656,24,False,False,False,0
64,1156,FROZEN_LOW_VARIANCE,RED,False,0.0,0.533396815586737,0.44391201021268384,0.0,7.932133394861661,True,0.1559854155428969,0.43053921316179394,0.2647445211386052,0.046399020016273294,-2.307865757800868,-5.133587262346948,-2.0624810510430165,0.0,0.533396815586737,-3.3317360306380515,-1.6952940616041823,-0.44265783706648687,0.44391201021268384,0.0,0.44391201021268384,1.0,46,48,True,1,657,24,False,False,False,0
64,1157,FROZEN_LOW_VARIANCE,RED,False,0.0,0.529947837394515,0.44503214915249084,0.0,7.840855435704037,True,0.15269518867469192,0.44743909565902135,0.2547369103379467,0.04631118660273086,-2.29896336152168,-5.11979134957806,-2.062480807337663,0.0,0.529947837394515,-3.3350964474574725,-1.6945794377787482,-0.4455502278179157,0.44503214915249084,0.0,0.44503214915249084,1.0,47,48,True,1,658,24,False,False,False,0
64,1158,FROZEN_LOW_VARIANCE,RED,False,0.0,0.5323547503446504,0.4436075795331222,0.0,7.759195245387949,True,0.14950529740519328,0.4821584966845854,0.23764063090346987,0.04636547969140408,-2.3039365308788393,-5.129419001378602,-2.0624803057866052,0.0,0.5323547503446504,-3.3308227385993665,-1.6949061328340584,-0.4214032264359221,0.4436075795331222,0.0,0.4436075795331222,1.0,48,48,True,1,659,24,False,False,False,0
64,1159,FROZEN_LOW_VARIANCE,RED,False,0.0,0.5307949982474094,0.4446551739589206,0.0,7.6854809858900115,True,0.14641261505199296,0.5015726260005751,0.2138081408545235,0.04641588563185014,-2.306456790394717,-5.1231799929896376,-2.062480740388241,0.0,0.5307949982474094,-3.333965521876762,-1.695000540722865,-0.43859014209400404,0.4446551739589206,0.0,0.4446551739589206,1.0,49,48,True,1,660,24,False,False,False,0
64,1160,FROZEN_LOW_VARIANCE,RED,False,0.0,0.5338099121589635,0.44410509636297046,0.0,7.620718389163245,True,0.1434102863223498,0.5294374823795648,0.19952768379613134,0.04633499073055498,-2.307534282781326,-5.135239648635854,-2.062480225124522,0.0,0.5338099121589635,-3.3323152890889114,-1.695558823031764,-0.45199076249902376,0.44410509636297046,0.0,0.44410509636297046,1.0,50,48,True,1,661,24,False,False,False,0
64,1161,FROZEN_LOW_VARIANCE,RED,False,0.0,0.5390051964191365,0.4476196593156992,0.0,7.568649209502677,True,0.14049648843661286,0.5509242782192795,0.18345243664028912,0.04628369013111851,-2.3029121900426652,-5.156020785676546,-2.062480577149851,0.0,0.5390051964191365,-3.3428589779470976,-1.695532848882624,-0.4475590936658525,0.4476196593156992,0.0,0.4476196593156992,1.0,51,48,True,1,662,24,False,False,False,0
64,1162,FROZEN_LOW_VARIANCE,RED,False,0.0,0.5363613666585159,0.44271693632443093,0.0,7.51618468125567,True,0.13767137670750726,0.5435202190738829,0.17093164104978048,0.04632609746642559,-2.3004436332220264,-5.145445466634063,-2.0624805252089904,0.0,0.5363613666585159,-3.3281508089732927,-1.695084039529627,-0.4420844094482745,0.44271693632443093,0.0,0.44271693632443093,1.0,52,48,True,1,663,24,False,False,False,0
64,1163,FROZEN_LOW_VARIANCE,RED,False,0.0,0.5276535861163765,0.4408073793443381,0.0,7.461663333096343,True,0.13493396412516248,0.48916443959686023,0.1678816773985658,0.04642429062934784,-2.3106335445017345,-5.110614344465506,-2.062479594076117,0.0,0.5276535861163765,-3.3224221380330143,-1.6957908873790326,-0.44316008176083155,0.4408073793443381,0.0,0.4408073793443381,1.0,53,48,True,1,664,24,False,False,False,0
64,1164,FROZEN_LOW_VARIANCE,RED,False,0.0,0.53402331728883,0.44678988930842173,0.0,7.421527035746853,True,0.13227451606092525,0.3620233213974731,0.18122386181825978,0.046285695317254606,-2.3027276040887013,-5.13609326915532,-2.0624802024310624,0.0,0.53402331728883,-3.3403696679252652,-1.6953456911723708,-0.43222445492851524,0.44678988930842173,0.0,0.44678988930842173,1.0,54,48,True,1,665,24,False,False,False,0
64,1165,FROZEN_LOW_VARIANCE,RED,False,0.0,0.5411451092460404,0.447277573127357,0.0,7.390536459797997,True,0.1296963432310142,0.20453070572459345,0.23738551980195266,0.04633542173055671,-2.30069918410369,-5.164580436984162,-2.0624801978187084,0.0,0.5411451092460404,-3.341832719382071,-1.6947783989891232,-0.4428417911988024,0.447277573127357,0.0,0.447277573127357,1.0,55,48,True,1,666,24,False,False,False,0
64,1166,FROZEN_LOW_VARIANCE,RED,False,0.0,0.5348580667987837,0.44539433760525354,0.0,7.3569769107179,True,0.12719688869373144,0.1129503873599298,0.4073478891474862,0.04638119198825538,-2.3031995256882496,-5.139432267195135,-2.062479665613312,0.0,0.5348580667987837,-3.3361830128157606,-1.6945206229950198,-0.4629051656934024,0.44539433760525354,0.0,0.44539433760525354,1.0,56,48,True,1,667,24,False,False,False,0
64,1167,FROZEN_LOW_VARIANCE,RED,False,0.0,0.5379364750033806,0.4472473324550427,0.0,7.330277509785663,True,0.12477421429812653,0.05974570292164901,0.7149671202940845,0.046441075506901075,-2.301259632685328,-5.151745900013522,-2.062479724047158,0.0,0.5379364750033806,-3.341741997365128,-1.6940605220047626,-0.4428771590004902,0.4472473324550427,0.0,0.4472473324550427,1.0,57,48,True,1,668,24,False,False,False,0
64,1168,FROZEN_LOW_VARIANCE,RED,False,0.0,0.5394773775815442,0.4412027486966901,0.0,7.302542921883495,True,0.12242372654979516,0.03033284619852051,1.311384547835916,0.04642462268708087,-2.2995028760320286,-5.157909510326177,-2.062478112378778,0.0,0.5394773775815442,-3.32360824609007,-1.6933839681570975,-0.455038106289997,0.4412027486966901,0.0,0.4412027486966901,1.0,58,48,True,1,669,24,False,False,False,0
64,1169,FROZEN_LOW_VARIANCE,RED,False,0.0,0.5333513443922033,0.4455839609192956,0.0,7.2769262178045535,True,0.1201452499492271,0.015501350395168813,2.503860650657971,0.04647450653085944,-2.303931611763184,-5.133405377568813,-2.062479177508695,0.0,0.5333513443922033,-3.336751882757887,-1.694181500683874,-0.46159869048576146,0.4455839609192956,0.0,0.4455839609192956,1.0,59,48,True,1,670,24,False,False,False,0
64,1170,FROZEN_LOW_VARIANCE,RED,True,0.31371775429147086,0.5382643463043764,0.443744452987939,0.0,7.3193925258198425,True,0.11793404229759946,0.008791065429033013,4.7548710171658835,0.04643832822830598,-2.301829676493098,-5.1530573852175054,-2.062478402003679,0.0,0.5382643463043764,-3.331233358963817,-1.694006615973133,-0.44998721778484746,0.443744452987939,0.0,0.443744452987939,1.0,60,48,True,1,671,24,False,False,False,0
64,1171,FROZEN_LOW_VARIANCE,RED,True,1.1588061855328715,0.5355858599823979,0.4460684241600756,0.0,7.52919827362663,True,0.11578852350796047,0.005941385228943381,8.135224742131486,0.04641674930963334,-2.298786832844243,-5.142343439929592,-2.0624786280957195,0.0,0.5355858599823979,-3.3382052724802267,-1.6939158421253397,-0.4301944167744951,0.4460684241600756,0.0,0.4460684241600756,1.0,61,48,True,1,672,24,False,False,False,0
64,1172,FROZEN_LOW_VARIANCE,RED,True,2.041949706233038,0.5361681562979779,0.4437576153059015,0.0,7.8958806096645455,True,0.11370883688017842,0.004848742172442271,11.667798824932152,0.046465635915225637,-2.3076570510999184,-5.1446726251919115,-2.06247863208482,0.0,0.5361681562979779,-3.3312728459177046,-1.6947006014881574,-0.42324477316903253,0.4437576153059015,0.0,0.4437576153059015,1.0,62,48,True,1,673,24,False,False,False,0
64,1173,FROZEN_LOW_VARIANCE,RED,True,2.5982165659964886,0.5440503298502137,0.4481838309962396,0.0,8.347540021275526,True,0.11168794908366975,0.004479415135039394,13.892866263985955,0.04634591032988924,-2.3070361258980676,-5.176201319400855,-2.062477992153853,0.0,0.5440503298502137,-3.344551492988719,-1.6952623370659616,-0.404587896138945,0.4481838309962396,0.0,0.4481838309962396,1.0,63,48,True,1,674,24,False,False,False,0
64,1174,FROZEN_LOW_VARIANCE,RED,True,2.7784689604771238,0.5352833575273594,0.44292029671347644,0.0,8.78065580992223,True,0.10972410058483481,0.004400785213305872,14.613875841908495,0.04622633245583826,-2.3039853236197367,-5.141133430109438,-2.0624778841957663,0.0,0.5352833575273594,-3.3287608901404293,-1.6956014522032783,-0.42069482943119985,0.44292029671347644,0.0,0.44292029671347644,1.0,64,48,True,1,675,24,False,False,False,0
64,1175,FROZEN_LOW_VARIANCE,RED,True,2.729282060700102,0.5327736391413642,0.4432108374238652,0.0,9.159028590262304,True,0.10782070004115729,0.004354578457247642,14.417128242800407,0.046277415795584316,-2.3080608991005245,-5.131094556565457,-2.0624777269962724,0.0,0.5327736391413642,-3.3296325122715955,-1.6963358912625508,-0.42697862879972714,0.4432108374238652,0.0,0.4432108374238652,1.0,65,48,True,1,676,24,False,False,False,0
64,1176,FROZEN_LOW_VARIANCE,RED,True,2.6630961716272696,0.5436772592179464,0.4488530804500462,0.0,9.497818947967165,True,0.10597186995692066,0.004135826123051992,14.152384686509079,0.046193030566603434,-2.304270650773688,-5.174709036871786,-2.06247762737222,0.0,0.5436772592179464,-3.3465592413501386,-1.6959821151965078,-0.4345488551198258,0.4488530804500462,0.0,0.4488530804500462,1.0,66,48,True,1,677,24,False,False,False,0
64,1177,FROZEN_LOW_VARIANCE,RED,True,2.7385691111262136,0.5423882076530557,0.4473326368396453,0.0,9.8160009718791,True,0.10417845873365071,0.003930400942274186,14.454276444504854,0.046191495847922426,-2.3040302716316083,-5.169552830612223,-2.0624773932926437,0.0,0.5423882076530557,-3.341997910518936,-1.6960123493964918,-0.42687577917293984,0.4473326368396453,0.0,0.4473326368396453,1.0,67,48,True,1,678,24,False,False,False,0
64,1178,FROZEN_LOW_VARIANCE,RED,True,2.808249740588127,0.5410275777606692,0.44819793361745647,0.0,10.116279948419415,True,0.10244126094352607,0.0038199167861483418,14.732998962352507,0.046271865729495806,-2.3067454335231847,-5.164110311042677,-2.062476991118277,0.0,0.5410275777606692,-3.3445938008523695,-1.696132418881602,-0.4251827524892157,0.44819793361745647,0.0,0.44819793361745647,1.0,68,48,True,1,679,24,False,False,False,0
64,1179,FROZEN_LOW_VARIANCE,RED,True,2.8057922117929923,0.5380583000209334,0.4442515153036579,0.0,10.380961595168177,True,0.1007540225487878,0.0036594656833460826,14.72316884717197,0.04619998111891754,-2.307043332486193,-5.152233200083733,-2.0624762806705235,0.0,0.5380583000209334,-3.3327545459109738,-1.695919988230882,-0.41941540728859206,0.4442515153036579,0.0,0.4442515153036579,1.0,69,48,True,1,680,24,False,False,False,0
64,1180,FROZEN_LOW_VARIANCE,RED,True,2.8451069794256005,0.5358576660063534,0.4479784471017327,0.0,10.628606339781651,True,0.09912039008923769,0.0035274487820610655,14.880427917702402,0.04629960723045086,-2.3035485987606625,-5.143430664025414,-2.0624769364775615,0.0,0.5358576660063534,-3.343935341305198,-1.6955353979438077,-0.42241499653359504,0.4479784471017327,0.0,0.4479784471017327,1.0,70,48,True,1,681,24,False,False,False,0
64,1181,FROZEN_LOW_VARIANCE,RED,True,2.8637142209100355,0.5410160068104861,0.4477291284239217,0.0,10.858509276746748,True,0.09753781533823486,0.0032276368556540314,14.954856883640142,0.04636789838914373,-2.308053174979991,-5.1640640272419445,-2.062476529326414,0.0,0.5410160068104861,-3.343187385271765,-1.6959187795153146,-0.4296157297870358,0.4477291284239217,0.0,0.4477291284239217,1.0,71,48,True,1,682,24,False,False,False,0
64,1182,FROZEN_LOW_VARIANCE,RED,True,3.0,0.5387356870890667,0.4476890123342964,0.0,11.091535549018236,True,0.09599839917738852,0.0028921367882700955,15.898279243627405,0.046223943310023545,-2.307252915167357,-5.154942748356267,-2.062477210960031,0.0,0.5387356870890667,-3.343067037002889,-1.6962770885752747,-0.42975316896330507,0.4476890123342964,0.0,0.4476890123342964,1.0,72,48,True,1,683,24,False,False,False,0
64,1183,FROZEN_LOW_VARIANCE,RED,True,3.0,0.5371484250066614,0.4417850620652463,0.0,11.295577697192943,True,0.09450557168682222,0.0026707702959849196,17.205588806874502,0.046237482825178595,-2.3076396792050917,-5.1485937000266455,-2.06247694158125,0.0,0.5371484250066614,-3.325355186195739,-1.6963443506349378,-0.47082186905948903,0.4417850620652463,0.0,0.4417850620652463,1.0,73,48,True,1,684,24,False,False,False,0
64,1184,FROZEN_LOW_VARIANCE,RED,True,3.0,0.5383091989166506,0.44599405982537377,0.0,11.483285511994321,True,0.09305803188207566,0.002346892387112627,18.066445810567668,0.046254244861936904,-2.3010356529129674,-5.1532367956666025,-2.062477182774027,0.0,0.5383091989166506,-3.3379821794761213,-1.6955570080058846,-0.4618425303936086,0.44599405982537377,0.0,0.44599405982537377,1.0,74,48,True,1,685,24,False,False,False,0
64,1185,FROZEN_LOW_VARIANCE,RED,True,3.0,0.5442702432304058,0.4497783316211293,0.0,11.659161646688913,True,0.09165655086343842,0.0020185156752286753,19.905486170181565,0.04634199792750087,-2.301766464164567,-5.177080972921623,-2.0624777355728128,0.0,0.5442702432304058,-3.349334994863388,-1.695053376354015,-0.46448927246350846,0.4497783316211293,0.0,0.4497783316211293,1.0,75,48,True,1,686,24,False,False,False,0
64,1186,FROZEN_LOW_VARIANCE,RED,True,3.0,0.5407055799072391,0.4455870383946925,0.0,11.811790754881194,True,0.09029775428102538,0.001803511107469028,22.43887425280301,0.04636333144967041,-2.3052986052865223,-5.162822319628956,-2.0624780901345123,0.0,0.5407055799072391,-3.3367611151840775,-1.6953630338773356,-0.44655679593146486,0.4455870383946925,0.0,0.4455870383946925,1.0,76,48,True,1,687,24,False,False,False,0
64,1187,FROZEN_LOW_VARIANCE,RED,True,3.0,0.5366511512177186,0.44486669783889693,0.0,11.94588862166315,True,0.08898066225223653,0.0015584858867545473,24.34310908564718,0.046394686654730476,-2.307237340289561,-5.146604604870874,-2.062478298252214,0.0,0.5366511512177186,-3.334600093516691,-1.6954756466749505,-0.4425045370507227,0.44486669783889693,0.0,0.44486669783889693,1.0,77,48,True,1,688,24,False,False,False,0
64,1188,FROZEN_LOW_VARIANCE,RED,True,3.0,0.5375482771793372,0.44829678340313023,0.0,12.069860841780104,True,0.08769913900165305,0.0012400060094396332,27.409578777176016,0.04626322056612074,-2.3022458388864537,-5.150193108717349,-2.0624790688713555,0.0,0.5375482771793372,-3.3448903502093907,-1.6950188129425292,-0.4606696144033523,0.44829678340313023,0.0,0.44829678340313023,1.0,78,48,True,1,689,24,False,False,False,0
64,1189,FROZEN_LOW_VARIANCE,RED,True,3.0,0.5342845371585221,0.43664343005727524,0.0,12.170134349621673,True,0.08646070043495623,0.0009560538556556098,33.29119797993224,0.04641785344509249,-2.3030318644078727,-5.137138148634088,-2.0624773627931585,0.0,0.5342845371585221,-3.3099302901718257,-1.69384536466647,-0.4701066130903754,0.43664343005727524,0.0,0.43664343005727524,1.0,79,48,True,1,690,24,False,False,False,0
64,1190,FROZEN_LOW_VARIANCE,RED,True,3.0,0.5335741481141099,0.4481370717657141,0.0,12.26890619864417,True,0.08526291343141194,0.0007417161680956969,41.76148991533212,0.046534466983480086,-2.3045730053607243,-5.134296592456439,-2.0624778627325946,0.0,0.5335741481141099,-3.3444112152971424,-1.6940506264555264,-0.4699160254876666,0.4481370717657141,0.0,0.4481370717657141,1.0,80,48,True,1,691,24,False,False,False,0
64,1191,FROZEN_LOW_VARIANCE,RED,True,3.0,0.5323084173234356,0.4421043537616276,0.0,12.35223300212984,True,0.08409866736208116,0.0005436489105054994,52.32217387233676,0.04645471112038553,-2.303895727612317,-5.129233669293742,-2.062477727791534,0.0,0.5323084173234356,-3.326313061284883,-1.6945787243078696,-0.4557398003661837,0.4421043537616276,0.0,0.4421043537616276,1.0,81,48,True,1,692,24,False,False,False,0
64,1192,FROZEN_LOW_VARIANCE,RED,True,3.0,0.5351069975228981,0.4470888364270862,0.0,12.432996628187038,True,0.08296973763840795,0.0004457816045690191,69.21928851860758,0.04646767657297432,-2.3054168464287192,-5.140427990091593,-2.0624783255696006,0.0,0.5351069975228981,-3.3412665092812586,-1.694890526288729,-0.4637841763916958,0.4470888364270862,0.0,0.4470888364270862,1.0,82,48,True,1,693,24,False,False,False,0
64,1193,FROZEN_LOW_VARIANCE,RED,True,3.0,0.5380352587392694,0.44276078473122843,0.0,12.504248177391979,True,0.08187254556402793,0.0004013329210413437,82.04257145460181,0.04639666849240715,-2.302942172850256,-5.1521410349570775,-2.062477704763101,0.0,0.5380352587392694,-3.3282823541936852,-1.695113501135352,-0.4698897609671723,0.44276078473122843,0.0,0.44276078473122843,1.0,83,48,True,1,694,24,False,False,False,0
64,1194,FROZEN_LOW_VARIANCE,RED,True,3.0,0.5375171083405665,0.44786235622643283,0.0,12.572023495841236,True,0.08080732557325425,0.00036465090963861075,88.4735120499403,0.046365212538238866,-2.303058463674095,-5.150068433362266,-2.06247821064294,0.0,0.5375171083405665,-3.3435870686792986,-1.694884794372526,-0.4697466150682888,0.44786235622643283,0.0,0.44786235622643283,1.0,84,48,True,1,695,24,False,False,False,0
64,1195,FROZEN_LOW_VARIANCE,RED,True,3.0,0.5330935498275926,0.4418613555674627,0.0,12.62537198540144,True,0.07977366916113765,0.00034803827968483443,94.48821551375448,0.04635211183603458,-2.2981350470833104,-5.13237419931037,-2.062478081022682,0.0,0.5330935498275926,-3.325584066702388,-1.6943670502194144,-0.46437333417846743,0.4418613555674627,0.0,0.4418613555674627,1.0,85,48,True,1,696,24,False,False,False,0
64,1196,FROZEN_LOW_VARIANCE,RED,True,3.0,0.5440159135473852,0.4472147896143445,0.0,12.684862581465433,True,0.07877327693423457,0.00031885993586105353,95.81247095472584,0.046427261597701705,-2.3058020491357922,-5.176063654189541,-2.062477212448992,0.0,0.5440159135473852,-3.3416443688430335,-1.6947120788499035,-0.4448194458822511,0.4472147896143445,0.0,0.4472147896143445,1.0,86,48,True,1,697,24,False,False,False,0
64,1197,FROZEN_LOW_VARIANCE,RED,True,3.0,0.5267246792757245,0.44002439825835715,0.0,12.721240788232091,True,0.07780121834488671,0.0002916819980856704,101.61813804159262,0.04637132395597266,-2.3068792848091664,-5.106898717102898,-2.0624762285373146,0.0,0.5267246792757245,-3.3200731947750715,-1.6944895032236589,-0.4720754243155463,0.44002439825835715,0.0,0.44002439825835715,1.0,87,48,True,1,698,24,False,False,False,0
64,1198,FROZEN_LOW_VARIANCE,RED,True,3.0,0.539198332360713,0.4468833168581865,0.0,12.767671634193437,True,0.07685953381665099,0.0002713424843982869,107.61543215054476,0.04641173407036292,-2.3036995870502484,-5.156793329442852,-2.0624771498815813,0.0,0.539198332360713,-3.3406499505745595,-1.6944327687357763,-0.45593375688725707,0.4468833168581865,0.0,0.4468833168581865,1.0,88,48,True,1,699,24,False,False,False,0
64,1199,FROZEN_LOW_VARIANCE,RED,True,3.0,0.5392595635752071,0.445113533923086,0.0,12.808114496740533,True,0.07594580327429701,0.00026016964955049974,112.24812366804282,0.046401849071518106,-2.3042878175667614,-5.157038254300828,-2.0624767794287813,0.0,0.5392595635752071,-3.335340601769258,-1.6945500300927376,-0.4432304977365649,0.445113533923086,0.0,0.445113533923086,1.0,89,48,True,1,700,24,False,False,False,0
64,1200,FROZEN_LOW_VARIANCE,RED,True,3.0,0.5392570357217932,0.4456715717754367,0.0,12.844948330593084,True,0.07506113503869939,0.0002532416116927436,113.34504711650919,0.04645686208770993,-2.3068472676283758,-5.157028142887173,-2.062478245590883,0.0,0.5392570357217932,-3.33701471532631,-1.6954340439178321,-0.4548850156617877,0.4456715717754367,0.0,0.4456715717754367,1.0,90,48,True,1,701,24,False,False,False,0
64,1201,FROZEN_LOW_VARIANCE,RED,True,3.0,0.5346314125335414,0.44118447748749795,0.0,12.87150009556636,True,0.0741997663646564,0.0002442154475183032,113.3790333383389,0.04634884590393314,-2.3115192574318555,-5.138525650134166,-2.0624769468346242,0.0,0.5346314125335414,-3.323553432462494,-1.6964510194349967,-0.44924012849465833,0.44118447748749795,0.0,0.44118447748749795,1.0,91,48,True,1,702,24,False,False,False,0
64,1202,FROZEN_LOW_VARIANCE,RED,True,3.0,0.534148865944768,0.4440072046408224,0.0,12.897285020828647,True,0.0733593838212687,0.00024217888989576386,114.70507591112559,0.046187014918399924,-2.3071463702579718,-5.136595463779072,-2.062477473984845,0.0,0.534148865944768,-3.332021613922467,-1.6961269192790858,-0.4461805721483655,0.4440072046408224,0.0,0.4440072046408224,1.0,92,48,True,1,703,24,False,False,False,0
64,1203,FROZEN_LOW_VARIANCE,RED,True,3.0,0.533717815841855,0.44360951169864205,0.0,12.919892549572337,True,0.07254653783901314,0.00023289521065800555,111.87955352692885,0.04626451774608339,-2.302685644370836,-5.13487126336742,-2.062477235078145,0.0,0.533717815841855,-3.330828535095926,-1.6954666969316325,-0.43515255194680025,0.44360951169864205,0.0,0.44360951169864205,1.0,93,48,True,1,704,24,False,False,False,0
64,1204,FROZEN_LOW_VARIANCE,RED,True,3.0,0.5373960973375382,0.448403675651881,0.0,12.946446569574665,True,0.07175893846887617,0.00021555399684452517,112.72585753792454,0.04629322550111389,-2.300856778938698,-5.149584389350153,-2.062477355625591,0.0,0.5373960973375382,-3.345211026955643,-1.6948778168404208,-0.4362303363169537,0.448403675651881,0.0,0.448403675651881,1.0,94,48,True,1,705,24,False,False,False,0
64,1205,FROZEN_LOW_VARIANCE,RED,True,3.0,0.5392409855673099,0.444700149369366,0.0,12.968675866946807,True,0.0709984412423363,0.00020721400858961207,117.60351430464596,0.046409030917547445,-2.300796006335696,-5.15696394226924,-2.0624769021203173,0.0,0.5392409855673099,-3.334100448108098,-1.694109705832826,-0.4263354875694623,0.444700149369366,0.0,0.444700149369366,1.0,95,48,True,1,706,24,False,False,False,0
64,1206,FROZEN_LOW_VARIANCE,RED,True,3.0,0.5412881457906951,0.4462250478007375,0.0,12.991241685922496,True,0.07026288218386499,0.0002036426307962658,118.3251820147737,0.04647980595995957,-2.310087480236078,-5.16515258316278,-2.062477111068794,0.0,0.5412881457906951,-3.3386751434022126,-1.6948102537150336,-0.427022722073158,0.4462250478007375,0.0,0.4462250478007375,1.0,96,48,True,1,707,24,False,False,False,0
64,1207,FROZEN_LOW_VARIANCE,RED,True,3.0,0.5367699651964701,0.4462459144375715,0.0,13.008553635120911,True,0.06954603833446989,0.0001953666772343113,117.33689987408654,0.04636808720402798,-2.3049659363987214,-5.1470798607858805,-2.062477749918324,0.0,0.5367699651964701,-3.3387377433127146,-1.6948672571316543,-0.43677812453567694,0.4462459144375715,0.0,0.4462459144375715,1.0,97,48,True,1,708,24,False,False,False,0
64,1208,FROZEN_LOW_VARIANCE,RED,True,3.0,0.5291961090487625,0.43794141836732886,0.0,13.012580206925964,True,0.06885023772365396,0.00018236682460410786,118.71704029673076,0.04635268464060576,-2.3045123308911233,-5.11678443619505,-2.0624765949115873,0.0,0.5291961090487625,-3.3138242551019865,-1.6952191517394,-0.442740698175921,0.43794141836732886,0.0,0.43794141836732886,1.0,98,48,True,1,709,24,False,False,False,0
64,1209,FROZEN_LOW_VARIANCE,RED,True,3.0,0.5332574378267783,0.44320041125363874,0.0,13.023030819275426,True,0.06817534588181914,0.0001741015349205654,123.35793407964309,0.046353842995826594,-2.304287010586654,-5.133029751307113,-2.0624761869953514,0.0,0.5332574378267783,-3.329601233760916,-1.6954668361420344,-0.4330382107387582,0.44320041125363874,0.0,0.44320041125363874,1.0,99,48,True,1,710,24,False,False,False,0
64,1210,FROZEN_LOW_VARIANCE,RED,True,3.0,0.5388464536117825,0.44903148236519747,0.0,13.040729972598893,True,0.06751877282506066,0.0001741015349205654,125.70692480454645,0.04628957732320351,-2.297272044329223,-5.15538581444713,-2.0624761522230517,0.0,0.5388464536117825,-3.3470944470955923,-1.694594561100239,-0.41800784180640754,0.44903148236519747,0.0,0.44903148236519747,1.0,100,48,True,1,711,24,False,False,False,0
64,1211,FROZEN_LOW_VARIANCE,RED,True,3.0,0.5385149700911049,0.4427025058020746,0.0,13.051482522432796,True,0.06688692119894825,0.00017109724940265835,120.97378050126416,0.046457051954647006,-2.303787989594043,-5.15405988036442,-2.0624760746876727,0.0,0.5385149700911049,-3.328107517406224,-1.6945564431887774,-0.42481387115257224,0.4427025058020746,0.0,0.4427025058020746,1.0,101,48,True,1,712,24,False,False,False,0
64,1212,FROZEN_LOW_VARIANCE,RED,True,3.0,0.5334538220487777,0.4438724121656235,0.0,13.058700068221734,True,0.06627276556187069,0.00016600516515252994,119.65040139876062,0.04641506662969632,-2.30092008882076,-5.133815288195111,-2.062474728292827,0.0,0.5334538220487777,-3.3316172364968706,-1.694131957834995,-0.4490400126451411,0.4438724121656235,0.0,0.4438724121656235,1.0,102,48,True,1,713,24,False,False,False,0
64,1213,FROZEN_LOW_VARIANCE,RED,True,3.0,0.534136283071516,0.44460382195009823,0.0,13.066223754795189,True,0.0656798772568489,0.00015935872933395877,119.05017221944458,0.04650982206114466,-2.306917167854082,-5.136545132286064,-2.0624746305546946,0.0,0.534136283071516,-3.3338114658502946,-1.694991380942854,-0.44101211992187644,0.44460382195009823,0.0,0.44460382195009823,1.0,103,48,True,1,714,24,False,False,False,0
64,1214,FROZEN_LOW_VARIANCE,RED,True,3.0,0.5349262705745708,0.447179172258706,0.0,13.075538493667477,True,0.06510118750481321,0.00014724846532214667,121.04550834341283,0.046390218855659526,-2.3018125398929556,-5.139705082298283,-2.0624741494418264,0.0,0.5349262705745708,-3.341537516776118,-1.6943333457800869,-0.46170357733340206,0.447179172258706,0.0,0.447179172258706,1.0,104,48,True,1,715,24,False,False,False,0
64,1215,FROZEN_LOW_VARIANCE,RED,True,3.0,0.5342457301891832,0.44755841081007947,0.0,13.083764782001206,True,0.06454240950507212,0.00013619504206524572,126.4932254740564,0.046475254180110136,-2.306619192883322,-5.136982920756733,-2.0624750526254925,0.0,0.5342457301891832,-3.3426752324302385,-1.6950954932937978,-0.4688793324343824,0.44755841081007947,0.0,0.44755841081007947,1.0,105,48,True,1,716,24,False,False,False,0
64,1216,FROZEN_LOW_VARIANCE,RED,True,3.0,0.5428393846046977,0.44523577855029295,0.0,13.095081787937298,True,0.06399850411937642,0.00012454359429864878,133.11923289031625,0.046412229981882255,-2.310876251097488,-5.171357538418791,-2.0624748198210394,0.0,0.5428393846046977,-3.335707335650879,-1.6961630319522019,-0.46414930163173357,0.44523577855029295,0.0,0.44523577855029295,1.0,106,48,True,1,717,24,False,False,False,0
64,1217,FROZEN_LOW_VARIANCE,RED,True,3.0,0.5285531661028033,0.4420407794258911,0.0,13.093236501224611,True,0.06346538836100983,0.0001234438355305595,142.68518087147785,0.046227978840489764,-2.30133343328462,-5.114212664411213,-2.06247368780565,0.0,0.5285531661028033,-3.3261223382776732,-1.6953356825416375,-0.4564459809331846,0.4420407794258911,0.0,0.4420407794258911,1.0,107,48,True,1,718,24,False,False,False,0
64,1218,FROZEN_LOW_VARIANCE,RED,True,3.0,0.5346477751702932,0.4494237899892508,0.0,13.101421744702318,True,0.06295189865392542,0.00011931150311985021,138.65677047310402,0.04634906479152944,-2.305072861748352,-5.138591100681173,-2.0624744856840467,0.0,0.5346477751702932,-3.3482713699677524,-1.6954041943702471,-0.4402969356090562,0.4494237899892508,0.0,0.4494237899892508,1.0,108,48,True,1,719,24,False,False,False,0
64,1219,FROZEN_LOW_VARIANCE,RED,True,3.0,0.5400461054112486,0.44695735294620204,0.0,13.110457929898265,True,0.06245184043743402,0.00011931150311985021,139.70662325522724,0.046283291437545636,-2.304836375743477,-5.160184421644995,-2.062474434472701,0.0,0.5400461054112486,-3.340872058838606,-1.6950228678161205,-0.44068090952415334,0.44695735294620204,0.0,0.44695735294620204,1.0,109,48,True,1,720,24,False,False,False,0
64,1220,FROZEN_LOW_VARIANCE,RED,True,3.0,0.5446039782272885,0.44912087563758424,0.0,13.123324636010269,True,0.061967259266776015,0.00011553186797046482,135.38263508736875,0.04629913474883388,-2.3031130985490913,-5.178415912909154,-2.0624747048713683,0.0,0.5446039782272885,-3.3473626269127528,-1.694696068636461,-0.4583148340630696,0.44912087563758424,0.0,0.44912087563758424,1.0,110,48,True,1,721,24,False,False,False,0
64,1221,FROZEN_LOW_VARIANCE,RED,True,3.0,0.5414983470902208,0.4481486989986962,0.0,13.132072001234398,True,0.0614990553043097,0.00011115525234861825,135.0865265405988,0.04636046051789886,-2.302770352357952,-5.165993388360883,-2.0624760883810644,0.0,0.5414983470902208,-3.3444460969960885,-1.694860964894896,-0.44966473855454714,0.4481486989986962,0.0,0.4481486989986962,1.0,111,48,True,1,722,24,False,False,False,0
64,1222,FROZEN_LOW_VARIANCE,RED,True,3.0,0.5435933157878157,0.4485454217077818,0.0,13.141652607938624,True,0.06104433603643626,0.0001077810179462332,136.36160783096852,0.04634174637519507,-2.3063231817309515,-5.174373263151263,-2.0624757114529384,0.0,0.5435933157878157,-3.3456362651233453,-1.695154766027516,-0.42860883759120216,0.4485454217077818,0.0,0.4485454217077818,1.0,112,48,True,1,723,24,False,False,False,0
64,1223,FROZEN_LOW_VARIANCE,RED,True,3.0,0.5311127108420017,0.4404887824216213,0.0,13.135642241912507,True,0.060602977990266406,0.00010722678555669136,136.49838489804884,0.04633240116410781,-2.2974540945090633,-5.124450843368007,-2.062475070054251,0.0,0.5311127108420017,-3.321466347264864,-1.6941140271114632,-0.44748856919850094,0.4404887824216213,0.0,0.4404887824216213,1.0,113,48,True,1,724,24,False,False,False,0
64,1224,FROZEN_LOW_VARIANCE,RED,True,3.0,0.5356843443433106,0.4426009941589726,0.0,13.13493605382472,True,0.060180737926465055,0.00010722678555669136,131.26075467344006,0.046528309196887975,-2.3013669833810884,-5.142737377373242,-2.0624743601626125,0.0,0.5356843443433106,-3.3278029824769177,-1.6937788070011348,-0.43529660560275957,0.4426009941589726,0.0,0.4426009941589726,1.0,114,48,True,1,725,24,False,False,False,0
64,1225,FROZEN_LOW_VARIANCE,RED,True,3.0,0.534144013684144,0.4449873303626342,0.0,13.135141585243515,True,0.059771351678120276,0.00010722678555669136,127.26491992940042,0.04653452964830574,-2.3072713517903534,-5.136576054736576,-2.0624747359239493,0.0,0.534144013684144,-3.3349619910879027,-1.6944860408854092,-0.41428891366566073,0.4449873303626342,0.0,0.4449873303626342,1.0,115,48,True,1,726,24,False,False,False,0
64,1226,FROZEN_LOW_VARIANCE,RED,True,3.0,0.541692313940414,0.4491124752866907,0.0,13.1435912682669,True,0.05937064510109691,0.00010455841438597865,124.56669134893576,0.04641446577734138,-2.30727826439357,-5.166769255761656,-2.0624746106647027,0.0,0.541692313940414,-3.347337425860072,-1.6948949893513512,-0.4171619984159739,0.4491124752866907,0.0,0.4491124752866907,1.0,116,48,True,1,727,24,False,False,False,0
64,1227,FROZEN_LOW_VARIANCE,RED,True,3.0,0.5347245329860852,0.44691921589684896,0.0,13.14483115098916,True,0.05897895524600528,0.00010216373777645316,124.87114097634233,0.04631431659804255,-2.298143337779315,-5.138898131944341,-2.0624758660570595,0.0,0.5347245329860852,-3.340757647690547,-1.6943181676315655,-0.42791109811540723,0.44691921589684896,0.0,0.44691921589684896,1.0,117,48,True,1,728,24,False,False,False,0
64,1228,FROZEN_LOW_VARIANCE,RED,True,3.0,0.5394059410592411,0.4455656108678044,0.0,13.148009671886248,True,0.058603870050460964,0.00010216373777645316,122.38040740869293,0.04647611539452807,-2.3046865357427655,-5.1576237642369644,-2.062476181733517,0.0,0.5394059410592411,-3.336696832603413,-1.6945684505940926,-0.4388377976410849,0.4455656108678044,0.0,0.4455656108678044,1.0,118,48,True,1,729,24,False,False,False,0
64,1229,FROZEN_LOW_VARIANCE,RED,True,3.0,0.5410118206996495,0.4471871458081555,0.0,13.153211124272076,True,0.05823778764985913,0.00010071805109103352,119.4430328442852,0.04640112336373313,-2.302376976560852,-5.164047282798598,-2.0624771874480876,0.0,0.5410118206996495,-3.3415614374244664,-1.694556498209563,-0.4459981089592586,0.4471871458081555,0.0,0.4471871458081555,1.0,119,48,True,1,730,24,False,False,False,0
64,1230,FROZEN_LOW_VARIANCE,RED,True,3.0,0.5418910047038592,0.44476596217775316,0.0,13.156583060367522,True,0.05788293211620425,0.00010057496933239353,117.44188514732872,0.046409269861363185,-2.3050792477636377,-5.167564018815437,-2.062476618581734,0.0,0.5418910047038592,-3.3342978865332595,-1.6945295652379164,-0.45195270959687406,0.44476596217775316,0.0,0.44476596217775316,1.0,120,48,True,1,731,24,False,False,False,0
64,1231,FROZEN_LOW_VARIANCE,RED,True,3.0,0.5381407370152165,0.4476632403393139,0.0,13.159384943105602,True,0.05753905222459298,9.876692100364265e-05,113.9713303399143,0.04642026906249528,-2.302412286551165,-5.152562948060866,-2.0624765161427345,0.0,0.5381407370152165,-3.3429897210179416,-1.6945157414442755,-0.4631399758893031,0.4476632403393139,0.0,0.4476632403393139,1.0,121,48,True,1,732,24,False,False,False,0
64,1232,FROZEN_LOW_VARIANCE,RED,True,3.0,0.5408220743238557,0.4475213691125332,0.0,13.163584004384168,True,0.05720543016268425,9.594404150362855e-05,112.59574849505964,0.04641831682763541,-2.3047820400079067,-5.163288297295423,-2.062476639024039,0.0,0.5408220743238557,-3.3425641073375996,-1.695269391456926,-0.43893126566294155,0.4475213691125332,0.0,0.4475213691125332,1.0,122,48,True,1,733,24,False,False,False,0
64,1233,FROZEN_LOW_VARIANCE,RED,True,3.0,0.5414572239512185,0.4481375301961596,0.0,13.168269258464807,True,0.056877339873211676,9.273172059193704e-05,113.98668235176916,0.046269087180265185,-2.3006903916923687,-5.165828895804874,-2.0624777246842365,0.0,0.5414572239512185,-3.3444125905884787,-1.6948311365978204,-0.44357244789947076,0.4481375301961596,0.0,0.4481375301961596,1.0,123,48,True,1,734,24,False,False,False,0
64,1234,FROZEN_LOW_VARIANCE,RED,True,3.0,0.5338016970830377,0.44239505289322184,0.0,13.162883390988105,True,0.05656177924327223,9.280717455508734e-05,113.43138677362779,0.04635865220856368,-2.302689285308216,-5.135206788332151,-2.062476667837954,0.0,0.5338016970830377,-3.3271851586796655,-1.694121547059029,-0.4378241558627189,0.44239505289322184,0.0,0.44239505289322184,1.0,124,48,True,1,735,24,False,False,False,0
64,1235,FROZEN_LOW_VARIANCE,RED,True,3.0,0.5321369931804403,0.44421099887428034,0.0,13.15834763845921,True,0.056256798849059354,9.17927834098922e-05,109.53908670492689,0.04639576610284323,-2.302116447183543,-5.128547972721761,-2.062477001494639,0.0,0.5321369931804403,-3.332632996622841,-1.6940554378462045,-0.4211331790718515,0.44421099887428034,0.0,0.44421099887428034,1.0,125,48,True,1,736,24,False,False,False,0
64,1236,FROZEN_LOW_VARIANCE,RED,True,3.0,0.5405934722855563,0.4485617042331391,0.0,13.163312535042303,True,0.05595933063632263,9.066837058867216e-05,108.02164094912372,0.0463411917578353,-2.2996049208034393,-5.162373889142225,-2.062476821737932,0.0,0.5405934722855563,-3.3456851126994174,-1.6935723121324038,-0.42945611317342813,0.4485617042331391,0.0,0.4485617042331391,1.0,126,48,True,1,737,24,False,False,False,0
64,1237,FROZEN_LOW_VARIANCE,RED,True,3.0,0.5401276766855383,0.44495766555229926,0.0,13.164648294014777,True,0.0556715396355098,8.612578012853192e-05,105.80352661180736,0.04636629727589484,-2.2975539786723393,-5.160510706742153,-2.0624761250354453,0.0,0.5401276766855383,-3.3348729966568977,-1.6936149947800996,-0.4352751681602821,0.44495766555229926,0.0,0.44495766555229926,1.0,127,48,True,1,738,24,False,False,False,0
64,1238,FROZEN_LOW_VARIANCE,RED,True,3.0,0.5325587988180143,0.44058353901505826,0.0,13.157377094473706,True,0.05539386336193096,8.420613452124908e-05,107.46928239312282,0.046415663849548594,-2.3081898288549136,-5.130235195272057,-2.062475993508708,0.0,0.5325587988180143,-3.3217506170451747,-1.6949327914282681,-0.42689418970386667,0.44058353901505826,0.0,0.44058353901505826,1.0,128,48,True,1,739,24,False,False,False,0
64,1239,FROZEN_LOW_VARIANCE,RED,True,3.0,0.5361419742093083,0.4430820718253594,0.0,13.1551793440632,True,0.05512213074630304,8.086312317056178e-05,107.56643688445743,0.04633610950766689,-2.304141630200105,-5.144567896837233,-2.062476439579358,0.0,0.5361419742093083,-3.3292462154760782,-1.6949172113566915,-0.4499201449258108,0.4430820718253594,0.0,0.4430820718253594,1.0,129,48,True,1,740,24,False,False,False,0
64,1240,FROZEN_LOW_VARIANCE,RED,True,3.0,0.5385882674540634,0.4463687707746651,0.0,13.157406531565304,True,0.0548606424855202,7.970586133693934e-05,107.79048616564974,0.04640585538687537,-2.303987526704096,-5.154353069816254,-2.0624784137845382,0.0,0.5385882674540634,-3.3391063123239952,-1.695135217021421,-0.41834285185019854,0.4463687707746651,0.0,0.4463687707746651,1.0,130,48,True,1,741,24,False,False,False,0
64,1241,FROZEN_LOW_VARIANCE,RED,True,3.0,0.5387406535292978,0.4487694498098005,0.0,13.16139237351389,True,0.05460563055585024,7.768407305362254e-05,106.64708357810369,0.04636024482985489,-2.3007939349746844,-5.154962614117191,-2.062478684749801,0.0,0.5387406535292978,-3.3463083494294015,-1.6950116952188627,-0.423198338788734,0.4487694498098005,0.0,0.4487694498098005,1.0,131,48,True,1,742,24,False,False,False,0
64,1242,FROZEN_LOW_VARIANCE,RED,True,3.0,0.5468267680126697,0.44725941139992065,0.0,13.169190709553089,True,0.05435870712387803,7.53203403506283e-05,105.9519762829491,0.04637484949010994,-2.298774458047673,-5.187307072050679,-2.0624772828152964,0.0,0.5468267680126697,-3.341778234199762,-1.6946630989988687,-0.440319330644713,0.44725941139992065,0.0,0.44725941139992065,1.0,132,48,True,1,743,24,False,False,False,0
64,1243,FROZEN_LOW_VARIANCE,RED,True,3.0,0.5325549066643869,0.4435398127200442,0.0,13.163777434702721,True,0.0541218925162132,7.53203403506283e-05,104.80330039332421,0.046464886868383716,-2.305164779531511,-5.1302196266575475,-2.0624775344984583,0.0,0.5325549066643869,-3.3306194381601326,-1.694983414101973,-0.46529651570470265,0.4435398127200442,0.0,0.4435398127200442,1.0,133,48,True,1,744,24,False,False,False,0
64,1244,FROZEN_LOW_VARIANCE,RED,True,3.0,0.5377186784767378,0.4417959557771954,0.0,13.160984283149977,True,0.05389355790411164,7.53203403506283e-05,101.0504426996403,0.04651073877949463,-2.3132738541882607,-5.150874713906951,-2.06247686378016,0.0,0.5377186784767378,-3.325387867331586,-1.6958587263439255,-0.47935380511425246,0.4417959557771954,0.0,0.4417959557771954,1.0,134,48,True,1,745,24,False,False,False,0
64,1245,FROZEN_LOW_VARIANCE,RED,True,3.0,0.5317221854665244,0.4443335060036116,0.0,13.156457687741979,True,0.053663979153460925,7.145785698866953e-05,101.60104144599109,0.0462409328824213,-2.302455982559043,-5.1268887418660976,-2.0624760157375386,0.0,0.5317221854665244,-3.333000518010835,-1.696239325973453,-0.47061621082743693,0.4443335060036116,0.0,0.4443335060036116,1.0,135,48,True,1,746,24,False,False,False,0
64,1246,FROZEN_LOW_VARIANCE,RED,True,3.0,0.5326227803522021,0.447165097456322,0.0,13.155201584771,True,0.053443428262505435,6.884589355638134e-05,102.88156789181032,0.04631228278827785,-2.308064000902243,-5.1304911214088085,-2.062476507007555,0.0,0.5326227803522021,-3.341495292368966,-1.6961830583220459,-0.4559764851499877,0.447165097456322,0.0,0.447165097456322,1.0,136,48,True,1,747,24,False,False,False,0
64,1247,FROZEN_LOW_VARIANCE,RED,True,3.0,0.5436680114268484,0.4450771077391013,0.0,13.159803365275325,True,0.05322845694277425,6.82028038674563e-05,104.08334161336215,0.04627771760479943,-2.3092922833526095,-5.174672045707394,-2.0624754527665043,0.0,0.5436680114268484,-3.335231323217304,-1.696482418822992,-0.4325293771786794,0.4450771077391013,0.0,0.4450771077391013,1.0,137,48,True,1,748,24,False,False,False,0
64,1248,FROZEN_LOW_VARIANCE,RED,True,3.0,0.53294570419425,0.4427042460913615,0.0,13.154935238134893,True,0.05301580244118864,6.980940416646169e-05,103.93243362783797,0.046139973556587395,-2.296896533280645,-5.131782816777,-2.062475217736668,0.0,0.53294570419425,-3.3281127382740845,-1.695027020935643,-0.42452234999870464,0.4427042460913615,0.0,0.4427042460913615,1.0,138,48,True,1,749,24,False,False,False,0
64,1249,FROZEN_LOW_VARIANCE,RED,True,3.0,0.5434010085576984,0.4490106388925743,0.0,13.162465517282275,True,0.05281584459026795,6.977331434239829e-05,95.47799149614114,0.04635054074383253,-2.2990463528003517,-5.173604034230793,-2.062476284683747,0.0,0.5434010085576984,-3.347031916677723,-1.6945521242763735,-0.4298088385563607,0.4490106388925743,0.0,0.4490106388925743,1.0,139,48,True,1,750,24,False,False,False,0
64,1250,FROZEN_LOW_VARIANCE,RED,True,3.0,0.5373109992554879,0.44481977100286646,0.0,13.161899282752703,True,0.05262412313655446,6.977331434239829e-05,91.59254055815744,0.04642512946648477,-2.3047973628732805,-5.1492439970219515,-2.0624754772028413,0.0,0.5373109992554879,-3.3344593130085993,-1.6946709840409715,-0.4413011699496434,0.44481977100286646,0.0,0.44481977100286646,1.0,140,48,True,1,751,24,False,False,False,0
64,1251,FROZEN_LOW_VARIANCE,RED,True,3.0,0.5336045872555948,0.4464200879523248,0.0,13.160170543043584,True,0.05243758398825629,6.861131324746178e-05,89.11675858517097,0.0464061515266157,-2.2994776696567225,-5.134418349022379,-2.062474634095921,0.0,0.5336045872555948,-3.3392602638569744,-1.694360573174638,-0.44127219991656413,0.4464200879523248,0.0,0.4464200879523248,1.0,141,48,True,1,752,24,False,False,False,0
64,1252,FROZEN_LOW_VARIANCE,RED,True,3.0,0.5352574836528465,0.4465851059486976,0.0,13.159846368293504,True,0.05225576817137226,6.720021136990565e-05,88.33131072144073,0.04637705675878864,-2.300562264640369,-5.141029934611386,-2.062474319129866,0.0,0.5352574836528465,-3.339755317846093,-1.6941626408359467,-0.4236178118459469,0.4465851059486976,0.0,0.4465851059486976,1.0,142,48,True,1,753,24,False,False,False,0
64,1253,FROZEN_LOW_VARIANCE,RED,True,3.0,0.5368257710427098,0.44792685217065326,0.0,13.161651245999263,True,0.05208353819717036,6.720021136990565e-05,85.43126610810427,0.046514769031308995,-2.3020336119855864,-5.147303084170839,-2.062474926849261,0.0,0.5368257710427098,-3.34378055651196,-1.6940722127637706,-0.44801940469296636,0.44792685217065326,0.0,0.44792685217065326,1.0,143,48,True,1,754,24,False,False,False,0
64,1254,FROZEN_LOW_VARIANCE,RED,True,3.0,0.5413687404242935,0.4478316682433561,0.0,13.166231267496887,True,0.051915966178495004,6.720021136990565e-05,83.12077956270662,0.046497804241325144,-2.3044676573138303,-5.165474961697174,-2.0624753703887366,0.0,0.5413687404242935,-3.343495004730068,-1.694565371067335,-0.45739650019975453,0.4478316682433561,0.0,0.4478316682433561,1.0,144,48,True,1,755,24,False,False,False,0
64,1255,FROZEN_LOW_VARIANCE,RED,True,3.0,0.5372927532872915,0.4485352260235347,0.0,13.16818548916625,True,0.0517519565508192,6.720021136990565e-05,81.35372609321378,0.04644897858930163,-2.3074889442919875,-5.149171013149166,-2.0624761551706268,0.0,0.5372927532872915,-3.345605678070604,-1.695156388818214,-0.4519497979368203,0.4485352260235347,0.0,0.4485352260235347,1.0,145,48,True,1,756,24,False,False,False,0
64,1256,FROZEN_LOW_VARIANCE,RED,True,3.0,0.5404596150999301,0.4513038219565996,0.0,13.174224396113296,True,0.051587821182222125,6.720021136990565e-05,81.41609738575688,0.04628077759758351,-2.3011790642508996,-5.1618384603997205,-2.0624770174191993,0.0,0.5404596150999301,-3.353911465869799,-1.6950787093569373,-0.4493720210570541,0.4513038219565996,0.0,0.4513038219565996,1.0,146,48,True,1,757,24,False,False,False,0
64,1257,FROZEN_LOW_VARIANCE,RED,True,3.0,0.538988350417225,0.4465801691296655,0.0,13.174979458658783,True,0.05143240837573168,6.58828787079466e-05,77.08944328313179,0.046407394299207316,-2.307140864871538,-5.1559534016689,-2.0624775952746193,0.0,0.538988350417225,-3.3397405073889965,-1.6950529933698693,-0.4683300827059248,0.4465801691296655,0.0,0.4465801691296655,1.0,147,48,True,1,758,24,False,False,False,0
64,1258,FROZEN_LOW_VARIANCE,RED,True,3.0,0.540655371689194,0.4462767505398344,0.0,13.176533341382287,True,0.051280501550377784,6.58828787079466e-05,76.85700662195157,0.046368847530601796,-2.305861065450178,-5.162621486756776,-2.0624775201607495,0.0,0.540655371689194,-3.338830251619503,-1.695238525784947,-0.4608806707433759,0.4462767505398344,0.0,0.4462767505398344,1.0,148,48,True,1,759,24,False,False,False,0
64,1259,FROZEN_LOW_VARIANCE,RED,True,3.0,0.5329527171244395,0.4420419648459781,0.0,13.16947832804046,True,0.05113144568063847,6.861131324746178e-05,75.41457035196467,0.04631197255906739,-2.299103373351025,-5.131810868497758,-2.0624770908690437,0.0,0.5329527171244395,-3.326125894537934,-1.6942305909003805,-0.48418576647032097,0.4420419648459781,0.0,0.4420419648459781,1.0,149,48,True,1,760,24,False,False,False,0
64,1260,FROZEN_LOW_VARIANCE,RED,True,3.0,0.5343043700249415,0.44499945359703635,0.0,13.16634608220953,True,0.05098937345081026,6.58828787079466e-05,69.02274231645907,0.04639570468636506,-2.3055243155854077,-5.137217480099766,-2.0624771644622535,0.0,0.5343043700249415,-3.334998360791109,-1.6950017973825724,-0.46881823372902215,0.44499945359703635,0.0,0.44499945359703635,1.0,150,48,True,1,761,24,False,False,False,0
64,1261,FROZEN_LOW_VARIANCE,RED,True,3.0,0.5445707809300437,0.4519629434804435,0.0,13.175827169614104,True,0.050850431843688246,6.58828787079466e-05,70.29727593716551,0.04635798654674293,-2.304608013216484,-5.178283123720175,-2.062477799477542,0.0,0.5445707809300437,-3.3558888304413306,-1.6950981253496553,-0.44794223474731965,0.4519629434804435,0.0,0.4519629434804435,1.0,151,48,True,1,762,24,False,False,False,0
64,1262,FROZEN_LOW_VARIANCE,RED,True,3.0,0.5377346688524631,0.4421910861388992,0.0,13.172149097224043,True,0.0507145866074384,6.861131324746178e-05,68.73067222418372,0.046322257302026715,-2.302234386518883,-5.1509386754098525,-2.0624772882229534,0.0,0.5377346688524631,-3.3265732584166976,-1.69480624307009,-0.4508639011970073,0.4421910861388992,0.0,0.4421910861388992,1.0,152,48,True,1,763,24,False,False,False,0
64,1263,FROZEN_LOW_VARIANCE,RED,True,3.0,0.5351082043390039,0.44559771241295126,0.0,13.169754368615095,True,0.05058362117607602,6.898834741832687e-05,63.626742764723026,0.04634907222869231,-2.307498866235538,-5.140432817356015,-2.062477360483344,0.0,0.5351082043390039,-3.3367931372388537,-1.6958118861779483,-0.4363465982396847,0.44559771241295126,0.0,0.44559771241295126,1.0,153,48,True,1,764,24,False,False,False,0
64,1264,FROZEN_LOW_VARIANCE,RED,True,3.0,0.5379474307157375,0.44487268163139654,0.0,13.168925177758366,True,0.05045192468776118,7.094256334065662e-05,63.63223802432886,0.04619373823224795,-2.30060754926901,-5.15178972286295,-2.062476513219887,0.0,0.5379474307157375,-3.3346180448941896,-1.6955860224462411,-0.4307299082635856,0.44487268163139654,0.0,0.44487268163139654,1.0,154,48,True,1,765,24,False,False,False,0
64,1265,FROZEN_LOW_VARIANCE,RED,True,3.0,0.5406020805052782,0.45152880039990473,0.0,13.175161298392677,True,0.050329143982561775,7.164616190352211e-05,57.69019303208202,0.04635923451444799,-2.308426737691069,-5.162408322021113,-2.0624765319248546,0.0,0.5406020805052782,-3.354586401199714,-1.6961099854402304,-0.40923324017725554,0.45152880039990473,0.0,0.45152880039990473,1.0,155,48,True,1,766,24,False,False,False,0
64,1266,FROZEN_LOW_VARIANCE,RED,True,3.0,0.5335881845286199,0.44076612723713177,0.0,13.167668365260672,True,0.05020811508792979,7.164616190352211e-05,56.30861975782005,0.046294847494829136,-2.306656457657844,-5.13435273811448,-2.062477674614215,0.0,0.5335881845286199,-3.3222983817113954,-1.6957468801846483,-0.4489600646920135,0.44076612723713177,0.0,0.44076612723713177,1.0,156,48,True,1,767,24,False,False,False,0
64,1267,FROZEN_LOW_VARIANCE,RED,True,3.0,0.5370365884367119,0.44771459807324304,0.0,13.168665463513241,True,0.05009171902675299,7.164616190352211e-05,54.15319680512589,0.04632824638203645,-2.305886714199061,-5.1481463537468475,-2.0624780004191017,0.0,0.5370365884367119,-3.343143794219729,-1.6957683262476395,-0.4504999387362868,0.44771459807324304,0.0,0.44771459807324304,1.0,157,48,True,1,768,24,False,False,False,0
64,1268,FROZEN_LOW_VARIANCE,RED,True,3.0,0.5375270662092151,0.44667016618392896,0.0,13.16907221044548,True,0.04998164990395852,7.164616190352211e-05,51.20959256346855,0.04642274826693732,-2.309179680909707,-5.15010826483686,-2.0624774653538447,0.0,0.5375270662092151,-3.340010498551787,-1.6959418385201324,-0.4603162567950879,0.44667016618392896,0.0,0.44667016618392896,1.0,158,48,True,1,769,24,False,False,False,0
64,1269,FROZEN_LOW_VARIANCE,RED,True,3.0,0.5360916310720711,0.44619542291558617,0.0,13.168109123468906,True,0.04987067766939886,7.297303562860985e-05,51.62976476399615,0.04628257541863649,-2.3036229754892736,-5.144366524288285,-2.0624790505078052,0.0,0.5360916310720711,-3.3385862687467585,-1.6954383018328463,-0.47005499961816855,0.44619542291558617,0.0,0.44619542291558617,1.0,159,48,True,1,770,24,False,False,False,0
64,1270,FROZEN_LOW_VARIANCE,RED,True,3.0,0.5347776677620366,0.43939788553183884,0.0,13.161043459890724,True,0.04976540415746073,7.476601626301082e-05,48.0878592260239,0.04636156060479464,-2.308124147007193,-5.1391106710481465,-2.062478059366922,0.0,0.5347776677620366,-3.3181936565955166,-1.6953243281675565,-0.4542199155083624,0.43939788553183884,0.0,0.43939788553183884,1.0,160,48,True,1,771,24,False,False,False,0
64,1271,FROZEN_LOW_VARIANCE,RED,True,3.0,0.531936977614309,0.4460350913588691,0.0,13.15798655450439,True,0.04966092183768061,7.476601626301082e-05,46.58191203366072,0.046282660164789914,-2.2972566153125715,-5.127747910457236,-2.062477831995502,0.0,0.531936977614309,-3.3381052740766073,-1.6942140279813216,-0.46774389875681704,0.4460350913588691,0.0,0.4460350913588691,1.0,161,48,True,1,772,24,False,False,False,0
64,1272,FROZEN_LOW_VARIANCE,RED,True,3.0,0.5384256084395491,0.44732100983891626,0.0,13.160570130587002,True,0.04956248334454602,7.476601626301082e-05,43.88736044118501,0.04637963873319435,-2.3004968928243508,-5.1537024337581965,-2.0624782213502786,0.0,0.5384256084395491,-3.341963029516749,-1.693986237714121,-0.4520928894554655,0.44732100983891626,0.0,0.44732100983891626,1.0,162,48,True,1,773,24,False,False,False,0
64,1273,FROZEN_LOW_VARIANCE,RED,True,3.0,0.5394675454354896,0.44763915117696235,0.0,13.163839425705335,True,0.04946959753012958,7.593336910225467e-05,41.41177995881899,0.046466289530664735,-2.304885025827503,-5.157870181741958,-2.062478853214962,0.0,0.5394675454354896,-3.342917453530887,-1.6944763142344226,-0.45639830271917853,0.44763915117696235,0.0,0.44763915117696235,1.0,163,48,True,1,774,24,False,False,False,0
64,1274,FROZEN_LOW_VARIANCE,RED,True,3.0,0.5329979407646765,0.44162934561849215,0.0,13.15776088724412,True,0.049379323341848975,7.559377668010335e-05,39.62868558223966,0.04646045792077618,-2.3074857185856708,-5.131991763058706,-2.0624794823597425,0.0,0.5329979407646765,-3.3248880368554765,-1.6955698991719403,-0.4450507278368278,0.44162934561849215,0.0,0.44162934561849215,1.0,164,48,True,1,775,24,False,False,False,0
64,1275,FROZEN_LOW_VARIANCE,RED,True,3.0,0.5318699100383821,0.4442003466372893,0.0,13.153550899932306,True,0.049288388548778095,7.67518647181245e-05,40.09800676921454,0.0463481635728197,-2.306366471233311,-5.1274796401535285,-2.0624780616805105,0.0,0.5318699100383821,-3.332601039911868,-1.6956393838265555,-0.4472490093015471,0.4442003466372893,0.0,0.4442003466372893,1.0,165,48,True,1,776,24,False,False,False,0
64,1276,FROZEN_LOW_VARIANCE,RED,True,3.0,0.5353697109134785,0.4459662202632604,0.0,13.153478957584497,True,0.0491982940693975,7.738675731450431e-05,39.128030618091984,0.046285239236091666,-2.300051251177627,-5.141478843653914,-2.062478296608747,0.0,0.5353697109134785,-3.337898660789781,-1.6952597658226436,-0.4221474867423447,0.4459662202632604,0.0,0.4459662202632604,1.0,166,48,True,1,777,24,False,False,False,0
64,1277,FROZEN_LOW_VARIANCE,RED,True,3.0,0.5366399414811225,0.44744149001345157,0.0,13.155416589474488,True,0.049112447419579826,7.819087333887962e-05,36.9773213560666,0.046336739075475135,-2.304687996055937,-5.14655976592449,-2.0624790286718246,0.0,0.5366399414811225,-3.3423244700403547,-1.69523271450476,-0.44246545609901466,0.44744149001345157,0.0,0.44744149001345157,1.0,167,48,True,1,778,24,False,False,False,0
64,1278,FROZEN_LOW_VARIANCE,RED,True,3.0,0.542837527353127,0.44570590601337595,0.0,13.159935285680048,True,0.04902847471350625,7.730916925012307e-05,35.79817033531945,0.046313357217127225,-2.3027286419295976,-5.171350109412508,-2.062478699829696,0.0,0.542837527353127,-3.337117718040128,-1.695126855765029,-0.43676924183265325,0.44570590601337595,0.0,0.44570590601337595,1.0,168,48,True,1,779,24,False,False,False,0
64,1279,FROZEN_LOW_VARIANCE,RED,True,3.0,0.5396060755830665,0.4458248979041719,0.0,13.161939904584916,True,0.04894672572671006,7.761345430424919e-05,35.24764595158856,0.046303508486966474,-2.3014239695609247,-5.158424302332266,-2.062479732471626,0.0,0.5396060755830665,-3.3374746937125157,-1.6947765674779733,-0.4663597488071429,0.4458248979041719,0.0,0.4458248979041719,1.0,169,48,True,1,780,24,False,False,False,0
64,1280,FROZEN_LOW_VARIANCE,RED,True,3.0,0.5406801435271451,0.4459281321572009,0.0,13.164541297338118,True,0.04886940959946334,7.761345430424919e-05,33.20563766501459,0.04636952148515299,-2.301362071756941,-5.16272057410858,-2.0624802239180227,0.0,0.5406801435271451,-3.3377843964716027,-1.6945666924291838,-0.4677990533539371,0.4459281321572009,0.0,0.4459281321572009,1.0,170,48,True,1,781,24,False,False,False,0
64,1281,FROZEN_LOW_VARIANCE,RED,True,3.0,0.5416082294709863,0.4456070324813311,0.0,13.167250163094337,True,0.04879679304777863,7.767100519453913e-05,31.18726958517992,0.04644885787663968,-2.3041006794058174,-5.166432917883945,-2.062479769271999,0.0,0.5416082294709863,-3.3368210974439934,-1.6947386990468591,-0.43814894640217245,0.4456070324813311,0.0,0.4456070324813311,1.0,171,48,True,1,782,24,False,False,False,0
64,1282,FROZEN_LOW_VARIANCE,RED,True,3.0,0.5385511162455601,0.44684686853708816,0.0,13.168619839385231,True,0.04872519574447389,7.819087333887962e-05,30.726739931421463,0.046410216270953944,-2.3053076476946512,-5.15420446498224,-2.0624801221295916,0.0,0.5385511162455601,-3.3405406056112645,-1.6946592987419629,-0.4326081124155133,0.44684686853708816,0.0,0.44684686853708816,1.0,172,48,True,1,783,24,False,False,False,0
64,1283,FROZEN_LOW_VARIANCE,RED,True,3.0,0.5344190337136663,0.44688974024401346,0.0,13.167130017544785,True,0.04865506491276291,7.819087333887962e-05,29.897279446340697,0.04638750135410798,-2.3033270684617175,-5.137676134854665,-2.062480229207453,0.0,0.5344190337136663,-3.3406692207320403,-1.6952397822032088,-0.44260149223907025,0.44688974024401346,0.0,0.44688974024401346,1.0,173,48,True,1,784,24,False,False,False,0
64,1284,FROZEN_LOW_VARIANCE,RED,True,3.0,0.5443100153879956,0.44900603292133906,0.0,13.174043519831509,True,0.04858502221525475,7.767100519453913e-05,29.859707199925513,0.046320308329157504,-2.3022584780715962,-5.1772400615519825,-2.0624802435121645,0.0,0.5443100153879956,-3.3470180987640172,-1.6950767703611587,-0.44898055056082486,0.44900603292133906,0.0,0.44900603292133906,1.0,174,48,True,1,785,24,False,False,False,0
64,1285,FROZEN_LOW_VARIANCE,RED,True,3.0,0.5361628726721577,0.4432652699151582,0.0,13.170336510264256,True,0.04851801501665475,7.730916925012307e-05,28.756847952105893,0.04635144892858816,-2.301011903101198,-5.144651490688631,-2.0624792255690987,0.0,0.5361628726721577,-3.3297958097454745,-1.6942568086476018,-0.4513597037256036,0.4432652699151582,0.0,0.4432652699151582,1.0,175,48,True,1,786,24,False,False,False,0
64,1286,FROZEN_LOW_VARIANCE,RED,True,3.0,0.5238150673701694,0.4424012001545872,0.0,13.158087648894774,True,0.04845650190618855,7.767100519453913e-05,26.522559166380677,0.046467578001114625,-2.2988712141500622,-5.0952602694806775,-2.06247751135067,0.0,0.5238150673701694,-3.3272036004637617,-1.693971867576405,-0.4356419213128694,0.4424012001545872,0.0,0.4424012001545872,1.0,176,48,True,1,787,24,False,False,False,0
64,1287,FROZEN_LOW_VARIANCE,RED,True,3.0,0.5329025219874699,0.44573040578428724,0.0,13.155731773900037,True,0.048395418747512395,7.862136384111136e-05,26.214483565716773,0.0464203966169836,-2.3015753126456966,-5.13161008794988,-2.0624774969418405,0.0,0.5329025219874699,-3.3371912173528617,-1.6939013186438252,-0.4252638890444272,0.44573040578428724,0.0,0.44573040578428724,1.0,177,48,True,1,788,24,False,False,False,0
64,1288,FROZEN_LOW_VARIANCE,RED,True,3.0,0.5347806539199089,0.4447373025696805,0.0,13.154086600586671,True,0.048336850647642864,7.950773623029285e-05,24.83129139805222,0.04644314875186147,-2.301808935263328,-5.139122615679636,-2.062476194392655,0.0,0.5347806539199089,-3.3342119077090415,-1.6935433528811852,-0.4433599341525748,0.4447373025696805,0.0,0.4447373025696805,1.0,178,48,True,1,789,24,False,False,False,0
64,1289,FROZEN_LOW_VARIANCE,RED,True,3.0,0.5327744523691533,0.4418044872946642,0.0,13.148971413809951,True,0.048281608540455295,7.934830711352963e-05,23.160055363484854,0.04649544707472393,-2.3092586014233194,-5.131097809476613,-2.0624757169600048,0.0,0.5327744523691533,-3.3254134618839926,-1.695202155309354,-0.44098420583606823,0.4418044872946642,0.0,0.4418044872946642,1.0,179,48,True,1,790,24,False,False,False,0
64,1290,FROZEN_LOW_VARIANCE,RED,True,3.0,0.5400746788637811,0.4482844375579149,0.0,13.154310797838946,True,0.048222221395496916,8.047231048631125e-05,24.947873125765092,0.046302037041842714,-2.3028346254371805,-5.1602987154551245,-2.0624759990985564,0.0,0.5400746788637811,-3.3448533126737447,-1.6950865064161427,-0.4427952005949083,0.4482844375579149,0.0,0.4482844375579149,1.0,180,48,True,1,791,24,False,False,False,0
64,1291,FROZEN_LOW_VARIANCE,RED,True,3.0,0.5407963000586526,0.44457144389131376,0.0,13.156690290761071,True,0.04816646272638199,7.950773623029285e-05,23.096420279207933,0.04636359909166616,-2.298479644354581,-5.163185200234611,-2.0624764117557475,0.0,0.5407963000586526,-3.3337143316739413,-1.694520380824227,-0.4561120021400513,0.44457144389131376,0.0,0.44457144389131376,1.0,181,48,True,1,792,24,False,False,False,0
64,1292,FROZEN_LOW_VARIANCE,RED,True,3.0,0.5391802164780966,0.45003448572585675,0.0,13.162031468399201,True,0.04811700392883166,7.934830711352963e-05,20.735423534581795,0.046517836141371054,-2.3069419200568544,-5.156720865912386,-2.0624770238415353,0.0,0.5391802164780966,-3.3501034571775703,-1.6949369450372305,-0.46550270595874105,0.45003448572585675,0.0,0.45003448572585675,1.0,182,48,True,1,793,24,False,False,False,0
64,1293,FROZEN_LOW_VARIANCE,RED,True,3.0,0.5362019775650315,0.44207271453240055,0.0,13.158617976074027,True,0.048066469901005965,8.10915852242226e-05,21.22877797228728,0.04643253633464168,-2.3033654036626126,-5.144807910260126,-2.062475045392148,0.0,0.5362019775650315,-3.3262181435972016,-1.6942883088069967,-0.4783869434843766,0.44207271453240055,0.0,0.44207271453240055,1.0,183,48,True,1,794,24,False,False,False,0
64,1294,FROZEN_LOW_VARIANCE,RED,True,3.0,0.5386250132798189,0.44863635232379745,0.0,13.162301326193797,True,0.048018538833641114,8.18880593302653e-05,19.702441888112126,0.04646876765551083,-2.302235522441884,-5.154500053119276,-2.0624754677328965,0.0,0.5386250132798189,-3.3459090569713923,-1.6945536218244934,-0.474325697581802,0.44863635232379745,0.0,0.44863635232379745,1.0,184,48,True,1,795,24,False,False,False,0
64,1295,FROZEN_LOW_VARIANCE,RED,True,3.0,0.5431054487576485,0.4470863400301499,0.0,13.167391132139375,True,0.04797143338587959,8.18880593302653e-05,19.17473200479419,0.04644835724159059,-2.3001514441743556,-5.172421795030594,-2.062475944813282,0.0,0.5431054487576485,-3.3412590200904497,-1.694643376934286,-0.46803995272926086,0.4470863400301499,0.0,0.4470863400301499,1.0,185,48,True,1,796,24,False,False,False,0
64,1296,FROZEN_LOW_VARIANCE,RED,True,3.0,0.5384119940389556,0.44656460345660304,0.0,13.16843290345594,True,0.047924847121651376,8.10915852242226e-05,18.963393283152104,0.04641855791160568,-2.30337005093398,-5.153647976155822,-2.062476692628613,0.0,0.5384119940389556,-3.339693810369809,-1.6946455689952646,-0.4720452613892088,0.44656460345660304,0.0,0.44656460345660304,1.0,186,48,True,1,797,24,False,False,False,0
64,1297,FROZEN_LOW_VARIANCE,RED,True,3.0,0.5379123987303327,0.44501174630769774,0.0,13.167821380422406,True,0.04787959100772803,8.029152103282818e-05,18.602881255890562,0.046416309990873234,-2.3046334128030135,-5.151649594921331,-2.0624765428346272,0.0,0.5379123987303327,-3.3350352389230933,-1.6945015988065295,-0.4815560364272806,0.44501174630769774,0.0,0.44501174630769774,1.0,187,48,True,1,798,24,False,False,False,0
64,1298,FROZEN_LOW_VARIANCE,RED,True,3.0,0.5457048194959657,0.44809182055128405,0.0,13.17488025247563,True,0.04783499238280151,7.863711804100152e-05,18.51529042868714,0.04639297017684418,-2.3043598326279806,-5.182819277983863,-2.062477690946318,0.0,0.5457048194959657,-3.344275461653852,-1.6945063895621886,-0.4691824627125929,0.44809182055128405,0.0,0.44809182055128405,1.0,188,48,True,1,799,24,False,False,False,0
64,1299,FROZEN_LOW_VARIANCE,RED,True,3.0,0.5422304247981304,0.44778587698688943,0.0,13.178676262249153,True,0.04779053983748702,7.892622170459992e-05,18.84290202128973,0.046353240872318326,-2.3045769099816185,-5.168921699192522,-2.06247763539862,0.0,0.5422304247981304,-3.3433576309606683,-1.6948100914150723,-0.45887015771220996,0.44778587698688943,0.0,0.44778587698688943,1.0,189,48,True,1,800,24,False,False,False,0
64,1300,FROZEN_LOW_VARIANCE,RED,True,3.0,0.5346221584873865,0.4429776944342681,0.0,13.173253150477358,True,0.0477479957247111,7.85425618988107e-05,17.967882687178992,0.046372402744956485,-2.3050851982671037,-5.138488633949546,-2.0624777958269673,0.0,0.5346221584873865,-3.3289330833028044,-1.6951111048060323,-0.4546470340160853,0.4429776944342681,0.0,0.4429776944342681,1.0,190,48,True,1,801,24,False,False,False,0
64,1301,FROZEN_LOW_VARIANCE,RED,True,3.0,0.536462074118603,0.4440850550399665,0.0,13.170466636963024,True,0.04770466262402849,7.892622170459992e-05,18.390496241785787,0.04630355903529079,-2.3027452121713834,-5.145848296474412,-2.0624766881274876,0.0,0.536462074118603,-3.3322551651198995,-1.694708704162507,-0.4304377529010563,0.4440850550399665,0.0,0.4440850550399665,1.0,191,48,True,1,802,24,False,False,False,0
64,1302,FROZEN_LOW_VARIANCE,RED,True,3.0,0.5310772611904471,0.4411467675274207,0.0,13.16206642545472,True,0.047664303812430774,7.85425618988107e-05,17.044952752949225,0.04635936890410479,-2.3047122861666516,-5.124309044761788,-2.062476602514602,0.0,0.5310772611904471,-3.323440302582262,-1.695293054308847,-0.4448025325850888,0.4411467675274207,0.0,0.4411467675274207,1.0,192,48,True,1,803,24,False,False,False,0
64,1303,FROZEN_LOW_VARIANCE,RED,True,3.0,0.5400948423705285,0.45003384142177616,0.0,13.16747954060364,True,0.0476218767578786,7.85425618988107e-05,18.005971762940643,0.04625006866069177,-2.301213393707064,-5.160379369482114,-2.062477282438406,0.0,0.5400948423705285,-3.3501015242653285,-1.695181550195295,-0.44726480557980347,0.45003384142177616,0.0,0.45003384142177616,1.0,193,48,True,1,804,24,False,False,False,0
64,1304,FROZEN_LOW_VARIANCE,RED,True,3.0,0.5388423614783735,0.44600601992618066,0.0,13.16836215525155,True,0.04758204058314175,7.85425618988107e-05,16.90640665552907,0.04629400426665024,-2.304443864356094,-5.155369445913494,-2.062476883025674,0.0,0.5388423614783735,-3.338018059778542,-1.6954600826257802,-0.4269285760304659,0.44600601992618066,0.0,0.44600601992618066,1.0,194,48,True,1,805,24,False,False,False,0
64,1305,FROZEN_LOW_VARIANCE,RED,True,3.0,0.5431613373877309,0.4482249494983743,0.0,13.173774687221238,True,0.04754222548002159,7.85425618988107e-05,16.89746389626342,0.04625487047913656,-2.3023961618343756,-5.1726453495509235,-2.06247693804287,0.0,0.5431613373877309,-3.344674848495123,-1.6952790046104806,-0.426183173304048,0.4482249494983743,0.0,0.4482249494983743,1.0,195,48,True,1,806,24,False,False,False,0
64,1306,FROZEN_LOW_VARIANCE,RED,True,3.0,0.5409750873763024,0.4459429367740804,0.0,13.175400921273214,True,0.0475041790061513,7.85425618988107e-05,16.146860568543477,0.0462740096843453,-2.3053649581848052,-5.16390034950521,-2.062477284656933,0.0,0.5409750873763024,-3.3378288103222413,-1.6952690423300907,-0.4199423844686567,0.4459429367740804,0.0,0.4459429367740804,1.0,196,48,True,1,807,24,False,False,False,0
64,1307,FROZEN_LOW_VARIANCE,RED,True,2.7010154010391054,0.5368071734749773,0.44520716609608896,0.0,13.112814551317879,True,0.04747047467683283,7.623631568286022e-05,14.304061604156422,0.046380701362202445,-2.300996783304924,-5.147228693899909,-2.062477858431568,0.0,0.5368071734749773,-3.335621498288267,-1.6949107414821383,-0.4135027197307896,0.44520716609608896,0.0,0.44520716609608896,1.0,197,48,True,1,808,24,False,False,False,0
64,1308,FROZEN_LOW_VARIANCE,RED,True,2.466534580735799,0.5349106790072153,0.4437199999142936,0.0,13.006457798906162,True,0.04743990512261337,7.553271711999473e-05,13.366138322943195,0.04645148953618416,-2.3017281534547576,-5.139642716028861,-2.062477603231749,0.0,0.5349106790072153,-3.331159999742881,-1.694290027358794,-0.4185162078473481,0.4437199999142936,0.0,0.4437199999142936,1.0,198,48,True,1,809,24,False,False,False,0
64,1309,FROZEN_LOW_VARIANCE,RED,True,2.446438810473138,0.5379143554137436,0.44492703841955966,0.0,12.909605843685075,True,0.04740979984684102,7.583251681866888e-05,13.285755241892552,0.04643639593020201,-2.3042956680746856,-5.151657421654974,-2.0624779211877513,0.0,0.5379143554137436,-3.334781115258679,-1.6948392623010042,-0.4205826902917338,0.44492703841955966,0.0,0.44492703841955966,1.0,199,48,True,1,810,24,False,False,False,0
64,1310,FROZEN_LOW_VARIANCE,RED,True,2.583104544078475,0.5453885228765643,0.44676580852527953,0.0,12.85660725459846,True,0.04737833143432108,7.446948452201693e-05,13.8324181763139,0.04636085276284284,-2.301812846703856,-5.181554091506257,-2.062477743950923,0.0,0.5453885228765643,-3.3402974255758386,-1.6951467461760916,-0.40389935102529334,0.44676580852527953,0.0,0.44676580852527953,1.0,200,48,True,1,811,24,False,False,False,0
64,1311,FROZEN_LOW_VARIANCE,RED,True,2.689559403555465,0.5374130380801867,0.4429771388416717,0.0,12.822232684172887,True,0.047346477326161374,7.446948452201693e-05,14.25823761422186,0.04631652782899755,-2.3088883064569408,-5.149652152320747,-2.0624773720799805,0.0,0.5374130380801867,-3.3289314165250152,-1.6960904630180813,-0.41377461609983646,0.4429771388416717,0.0,0.4429771388416717,1.0,201,48,True,1,812,24,False,False,False,0
64,1312,FROZEN_LOW_VARIANCE,RED,True,2.869157705660379,0.5365785612176517,0.43976497012615107,0.0,12.824682301945606,True,0.04731301826684421,7.446948452201693e-05,14.976630822641516,0.04623117534892271,-2.303680071623513,-5.146314244870607,-2.0624764940595677,0.0,0.5365785612176517,-3.3192949103784533,-1.6953836886237228,-0.4449106077027726,0.43976497012615107,0.0,0.43976497012615107,1.0,202,48,True,1,813,24,False,False,False,0
64,1313,FROZEN_LOW_VARIANCE,RED,True,2.7221212988272514,0.5298105849301451,0.4407991304849996,0.0,12.793334074731138,True,0.04728087317457779,7.583251681866888e-05,14.388485195309006,0.04624151519129688,-2.2983417247961087,-5.11924233972058,-2.062475247330199,0.0,0.5298105849301451,-3.3223973914549987,-1.6946425034842798,-0.45842313249299005,0.4407991304849996,0.0,0.4407991304849996,1.0,203,48,True,1,814,24,False,False,False,0
64,1314,FROZEN_LOW_VARIANCE,RED,True,2.2169151089390553,0.5285430650646346,0.44292985893580106,0.0,12.663386738317495,True,0.04725273705003773,7.583251681866888e-05,12.367660435756221,0.04634300235657572,-2.30447116344072,-5.114172260258538,-2.0624737690147543,0.0,0.5285430650646346,-3.328789576807403,-1.6946234269835554,-0.41123589267430105,0.44292985893580106,0.0,0.44292985893580106,1.0,204,48,True,1,815,24,False,False,False,0
64,1315,FROZEN_LOW_VARIANCE,RED,True,2.044360900404973,0.538536931525595,0.4471134144738884,0.0,12.521347264128583,True,0.04722617115188816,7.689574941664667e-05,11.677443601619892,0.04636720711171883,-2.3046998525834406,-5.15414772610238,-2.062474281009666,0.0,0.538536931525595,-3.3413402434216652,-1.6944015551931293,-0.41233720796740825,0.4471134144738884,0.0,0.4471134144738884,1.0,205,48,True,1,816,24,False,False,False,0
64,1316,FROZEN_LOW_VARIANCE,RED,True,2.0722066849543954,0.536322686057966,0.4433185924580176,0.0,12.394716184256758,True,0.04719897583188112,7.553271711999473e-05,11.788826739817582,0.04631966048498688,-2.3024753236968514,-5.145290744231864,-2.062473832255539,0.0,0.536322686057966,-3.3299557773740527,-1.6941383634073277,-0.4363438156284528,0.4433185924580176,0.0,0.4433185924580176,1.0,206,48,True,1,817,24,False,False,False,0
64,1317,FROZEN_LOW_VARIANCE,RED,True,1.813931822344268,0.5301104682905287,0.4389938041156786,0.0,12.220788556739329,True,0.047174603552678065,7.553271711999473e-05,10.755727289377072,0.04638656652511279,-2.3030437797423358,-5.120441873162115,-2.0624738152296205,0.0,0.5301104682905287,-3.316981412347036,-1.6941312790706178,-0.43778305547409596,0.4389938041156786,0.0,0.4389938041156786,1.0,207,48,True,1,818,24,False,False,False,0
64,1318,FROZEN_LOW_VARIANCE,RED,True,1.8056631940886927,0.5383645979389606,0.44733368278821234,0.0,12.074610789913857,True,0.04715030621971009,7.530156793630847e-05,10.72265277635477,0.046364692453745734,-2.3008013934114224,-5.1534583917558425,-2.062474760702344,0.0,0.5383645979389606,-3.342001048364637,-1.6940910501997792,-0.448798559378066,0.44733368278821234,0.0,0.44733368278821234,1.0,208,48,True,1,819,24,False,False,False,0
64,1319,FROZEN_LOW_VARIANCE,RED,True,1.7271533248549766,0.5458728102585786,0.45049998478378034,0.0,11.934600488396203,True,0.04712679267266542,7.396851659844612e-05,10.408613299419907,0.04636652131822106,-2.3015216142673007,-5.183491241034314,-2.062474886417568,0.0,0.5458728102585786,-3.351499954351341,-1.6941956309469866,-0.4414362052190257,0.45049998478378034,0.0,0.45049998478378034,1.0,209,48,True,1,820,24,False,False,False,0
64,1320,FROZEN_LOW_VARIANCE,RED,True,1.4764984357334896,0.5377383863276006,0.4411634873298902,0.0,11.744972136270295,True,0.04710592025053645,7.396851659844612e-05,9.405993742933958,0.046431045268366326,-2.3034607251624033,-5.1509535453104025,-2.062475627128356,0.0,0.5377383863276006,-3.3234904619896706,-1.6945031722762038,-0.4544328195933271,0.4411634873298902,0.0,0.4411634873298902,1.0,210,48,True,1,821,24,False,False,False,0
64,1321,FROZEN_LOW_VARIANCE,RED,True,1.503767321033581,0.5399274530337239,0.4480777525232818,0.0,11.586716180212306,True,0.04708480578372808,7.396851659844612e-05,9.515069284134324,0.046402104690257594,-2.306008525508668,-5.159709812134896,-2.062475731037363,0.0,0.5399274530337239,-3.3442332575698455,-1.6950715055912409,-0.45600722643905045,0.4480777525232818,0.0,0.4480777525232818,1.0,211,48,True,1,822,24,False,False,False,0
64,1322,FROZEN_LOW_VARIANCE,RED,True,1.7586146646575624,0.5400875380170462,0.44661479403504245,0.0,11.49498111070337,True,0.047061429235323686,7.545618469024958e-05,10.53445865863025,0.04630558750358155,-2.304664100391396,-5.160350152068185,-2.062475259858935,0.0,0.5400875380170462,-3.3398443821051274,-1.6947862543196917,-0.4553786269543014,0.44661479403504245,0.0,0.44661479403504245,1.0,212,48,True,1,823,24,False,False,False,0
64,1323,FROZEN_LOW_VARIANCE,RED,True,1.3317194893660358,0.5391012298759923,0.44514743461005696,0.0,11.3239530176013,True,0.04704144795932178,7.530156793630847e-05,8.826877957464143,0.04639538670192698,-2.304449053398759,-5.156404919503969,-2.0624756031141867,0.0,0.5391012298759923,-3.335442303830171,-1.6950632116804423,-0.4388028199431676,0.44514743461005696,0.0,0.44514743461005696,1.0,213,48,True,1,824,24,False,False,False,0
64,1324,FROZEN_LOW_VARIANCE,RED,True,1.2181571491820957,0.5418004156576153,0.44843703304457944,0.0,11.15135069124267,True,0.047022533797489316,7.363518429734661e-05,8.372628596728383,0.04641097589823976,-2.303004670794998,-5.167201662630461,-2.0624756400294486,0.0,0.5418004156576153,-3.3453110991337383,-1.6949131227625591,-0.44782022489670004,0.44843703304457944,0.0,0.44843703304457944,1.0,214,48,True,1,825,24,False,False,False,0
64,1325,FROZEN_LOW_VARIANCE,RED,True,1.418400338826861,0.5370602360835877,0.44344794809321436,0.0,11.029589811724996,True,0.047002268802695264,7.396851659844612e-05,9.173601355307444,0.046347033971020864,-2.3051507142924312,-5.148240944334351,-2.0624769113329524,0.0,0.5370602360835877,-3.330343844279643,-1.6957545011835327,-0.44571632959091767,0.44344794809321436,0.0,0.44344794809321436,1.0,215,48,True,1,826,24,False,False,False,0
64,1326,FROZEN_LOW_VARIANCE,RED,True,1.6073965346509382,0.5350389504141169,0.44439197309698236,0.0,10.95776222194779,True,0.046980234499981996,7.547043674233989e-05,9.929586138603753,0.04626779204558625,-2.3022220700044107,-5.1401558016564675,-2.0624768102276456,0.0,0.5350389504141169,-3.333175919290947,-1.694995233564029,-0.45866247581056496,0.44439197309698236,0.0,0.44439197309698236,1.0,216,48,True,1,827,24,False,False,False,0
64,1327,FROZEN_LOW_VARIANCE,RED,True,1.239526018984547,0.5344693258105202,0.443726859520269,0.0,10.817538952926862,True,0.046961084395723295,7.560770210538771e-05,8.458104075938188,0.046341897691358776,-2.3020809060449285,-5.137877303242081,-2.0624765551414432,0.0,0.5344693258105202,-3.331180578560807,-1.69477189582369,-0.45259780953632966,0.443726859520269,0.0,0.443726859520269,1.0,217,48,True,1,828,24,False,False,False,0
64,1328,FROZEN_LOW_VARIANCE,RED,True,1.052750043436896,0.537932627324095,0.44892723200804935,0.0,10.65980440153934,True,0.046943594065601155,7.485952132213594e-05,7.711000173747584,0.046378073391651994,-2.299065526568251,-5.15173050929638,-2.062476316247154,0.0,0.537932627324095,-3.346781696024148,-1.6946096739109842,-0.4443564089046895,0.44892723200804935,0.0,0.44892723200804935,1.0,218,48,True,1,829,24,False,False,False,0
64,1329,FROZEN_LOW_VARIANCE,RED,True,0.6459066206401045,0.5377716303788453,0.44677834739997024,0.0,10.433464128852213,True,0.04692993154460954,7.547043674233989e-05,6.083626482560418,0.04648817669921401,-2.3096983745615405,-5.151086521515381,-2.062475733312887,0.0,0.5377716303788453,-3.3403350421999107,-1.6948948359316949,-0.4544496982017758,0.44677834739997024,0.0,0.44677834739997024,1.0,219,48,True,1,830,24,False,False,False,0
64,1330,FROZEN_LOW_VARIANCE,RED,True,0.8823386000271105,0.535155206470572,0.4480007228513763,0.0,10.276965540480996,True,0.046914016291211745,7.396851659844612e-05,7.029354400108442,0.046399423098016666,-2.3040063095859256,-5.140620825882288,-2.0624758870113578,0.0,0.535155206470572,-3.344002168554129,-1.6951120394401802,-0.4562217134188417,0.4480007228513763,0.0,0.4480007228513763,1.0,220,48,True,1,831,24,False,False,False,0
64,1331,FROZEN_LOW_VARIANCE,RED,True,1.1492020931861129,0.531107889423651,0.44112219332641917,0.0,10.182204650969839,True,0.046896049024076326,7.396851659844612e-05,8.096808372744452,0.04631510738669796,-2.300486447352887,-5.124431557694604,-2.06247480003771,0.0,0.531107889423651,-3.3233665799792576,-1.6944570183777514,-0.4567526309362949,0.44112219332641917,0.0,0.44112219332641917,1.0,221,48,True,1,832,24,False,False,False,0
64,1332,FROZEN_LOW_VARIANCE,RED,True,0.7599545856947967,0.5312763532028368,0.4479921689257786,0.0,10.023394162624074,True,0.046881536804227165,7.166853164158792e-05,6.539818342779187,0.04641230836243764,-2.306071427509403,-5.125105412811347,-2.062475653476909,0.0,0.5312763532028368,-3.3439765067773357,-1.6946706998045473,-0.454866662024324,0.4479921689257786,0.0,0.4479921689257786,1.0,222,48,True,1,833,24,False,False,False,0
64,1333,FROZEN_LOW_VARIANCE,RED,True,1.0642010554695218,0.5347852865261309,0.4413148832261317,0.0,9.939338900300971,True,0.046864859241162765,7.282932279025983e-05,7.756804221878087,0.04632561803541389,-2.2985847699427464,-5.1391411461045235,-2.062474944307263,0.0,0.5347852865261309,-3.323944649678395,-1.694023782718417,-0.4696491929415721,0.4413148832261317,0.0,0.4413148832261317,1.0,223,48,True,1,834,24,False,False,False,0
64,1334,FROZEN_LOW_VARIANCE,RED,True,0.5152615677376309,0.5330078960067661,0.44540199994973984,0.0,9.754269141118773,True,0.046852709024145206,7.282932279025983e-05,5.5610462709505235,0.04645985200724414,-2.308761771594728,-5.1320315840270645,-2.0624759365166376,0.0,0.5330078960067661,-3.3362059998492195,-1.6949916572868895,-0.464963767618279,0.44540199994973984,0.0,0.44540199994973984,1.0,224,48,True,1,835,24,False,False,False,0
64,1335,FROZEN_LOW_VARIANCE,RED,True,0.7121100411034107,0.5390284527996325,0.44798940110656443,0.0,9.633708244434683,True,0.046838838446206746,7.282932279025983e-05,6.348440164413643,0.046390356426196475,-2.3071567193416707,-5.15611381119853,-2.062475655211553,0.0,0.5390284527996325,-3.3439682033196934,-1.6952737698066094,-0.45166521651658476,0.44798940110656443,0.0,0.44798940110656443,1.0,225,48,True,1,836,24,False,False,False,0
64,1336,FROZEN_LOW_VARIANCE,RED,True,0.9247742517195952,0.5409311101427035,0.44862373023239294,0.0,9.57014002432744,True,0.046823109285415374,7.396851659844612e-05,7.199097006878381,0.04631453308649441,-2.3050437565980815,-5.163724440570814,-2.0624763072701358,0.0,0.5409311101427035,-3.3458711906971788,-1.6953681517219348,-0.4645262116619413,0.44862373023239294,0.0,0.44862373023239294,1.0,226,48,True,1,837,24,False,False,False,0
64,1337,FROZEN_LOW_VARIANCE,RED,True,0.9399828601193696,0.5458087480689859,0.4503095253163691,0.0,9.52058933578366,True,0.04680699909463761,7.545618469024958e-05,7.259931440477478,0.046286102926156834,-2.3038049968078713,-5.183234992275944,-2.0624769996873926,0.0,0.5458087480689859,-3.350928575949107,-1.6952860522981863,-0.45104204640196627,0.4503095253163691,0.0,0.4503095253163691,1.0,227,48,True,1,838,24,False,False,False,0
64,1338,FROZEN_LOW_VARIANCE,RED,True,0.6640761421311441,0.5388089444149466,0.4435915011942648,0.0,9.410055570417795,True,0.04679306315700165,7.396851659844612e-05,6.156304568524576,0.046342467840105595,-2.30769380673221,-5.155235777659787,-2.0624765564443672,0.0,0.5388089444149466,-3.3307745035827945,-1.6951395610432665,-0.4526250248390488,0.4435915011942648,0.0,0.4435915011942648,1.0,228,48,True,1,839,24,False,False,False,0
64,1339,FROZEN_LOW_VARIANCE,RED,True,0.4268635324788794,0.5373374625563054,0.4437797609274872,0.0,9.261586950800506,True,0.04678150752728432,7.282932279025983e-05,5.207454129915518,0.04640787549975735,-2.31165164335112,-5.149349850225222,-2.062476966168766,0.0,0.5373374625563054,-3.3313392827824617,-1.6960863965431512,-0.45618619842112196,0.4437797609274872,0.0,0.4437797609274872,1.0,229,48,True,1,840,24,False,False,False,0
64,1340,FROZEN_LOW_VARIANCE,RED,True,0.9765160721366752,0.5290797129513511,0.4430330177359118,0.0,9.233452039789972,True,0.046765326167884036,7.396851659844612e-05,7.406064288546701,0.04624212888060834,-2.3008035869593866,-5.116318851805405,-2.062477423649083,0.0,0.5290797129513511,-3.3290990532077354,-1.695041333992092,-0.4544867953374232,0.4430330177359118,0.0,0.4430330177359118,1.0,230,48,True,1,841,24,False,False,False,0
64,1341,FROZEN_LOW_VARIANCE,RED,True,0.363500622271582,0.5409394050585394,0.4466945635492632,0.0,9.094465888565225,True,0.04675433296142375,7.348953203449087e-05,4.954002489086328,0.04639888595254131,-2.3080284336915344,-5.163757620234158,-2.062476720129935,0.0,0.5409394050585394,-3.3400836906477895,-1.6953193065283962,-0.44706492262921455,0.4466945635492632,0.0,0.4466945635492632,1.0,231,48,True,1,842,24,False,False,False,0
64,1342,FROZEN_LOW_VARIANCE,RED,True,0.6118931368832397,0.5447970696989068,0.44714893942682005,0.0,9.022730871556371,True,0.04674122043172597,7.349240583097349e-05,5.947572547532959,0.04631724863816437,-2.3043233265359353,-5.179188278795627,-2.0624764747602646,0.0,0.5447970696989068,-3.34144681828046,-1.6953354593315053,-0.43957247516827747,0.44714893942682005,0.0,0.44714893942682005,1.0,232,48,True,1,843,24,False,False,False,0
64,1343,FROZEN_LOW_VARIANCE,RED,True,0.7764536419976917,0.5348092807450207,0.44643642589540233,0.0,8.984355385459295,True,0.046726656115573716,7.313003983634063e-05,6.605814567990767,0.04625574322665103,-2.3018831822127925,-5.139237122980083,-2.062477093996461,0.0,0.5348092807450207,-3.339309277686207,-1.6948645213295532,-0.4459068389229992,0.44643642589540233,0.0,0.44643642589540233,1.0,233,48,True,1,844,24,False,False,False,0
64,1344,FROZEN_LOW_VARIANCE,RED,True,0.10259794754823692,0.5398213210447598,0.44587039929670674,0.0,8.815924574051834,True,0.046718077102351936,7.37162514665978e-05,3.9103917901929477,0.046440689008181206,-2.3078987148567007,-5.159285284179039,-2.0624768639549296,0.0,0.5398213210447598,-3.33761119789012,-1.695181706474206,-0.4392676037188443,0.44587039929670674,0.0,0.44587039929670674,1.0,234,48,True,1,845,24,False,False,False,0
64,1345,FROZEN_LOW_VARIANCE,RED,True,0.2912633348729441,0.5403944245877783,0.44630373152032227,0.0,8.70335747660632,True,0.04670776039499956,7.349240583097349e-05,4.665053339491776,0.04637418685727287,-2.304193893916401,-5.161577698351113,-2.0624777746780456,0.0,0.5403944245877783,-3.338911194560967,-1.6947655437919587,-0.4485608281843346,0.44630373152032227,0.0,0.44630373152032227,1.0,235,48,True,1,846,24,False,False,False,0
64,1346,FROZEN_LOW_VARIANCE,RED,True,0.23411288545054698,0.5365752003164181,0.4438220456004709,0.0,8.585954965008368,True,0.046697979030084776,7.348953203449087e-05,4.436451541802188,0.04638171489783999,-2.307292653220109,-5.146300801265673,-2.0624783649419864,0.0,0.5365752003164181,-3.3314661368014127,-1.6953200011822405,-0.44232426630268507,0.4438220456004709,0.0,0.4438220456004709,1.0,236,48,True,1,847,24,False,False,False,0
64,1347,FROZEN_LOW_VARIANCE,RED,True,0.6075345059081401,0.5363479979009251,0.44862422430455845,0.0,8.55970585543727,True,0.04668490493803708,7.348953203449087e-05,5.93013802363256,0.04626217596182808,-2.3037538127885524,-5.1453919916037005,-2.0624786160272293,0.0,0.5363479979009251,-3.3458726729136754,-1.6946681913826915,-0.4540525531138098,0.44862422430455845,0.0,0.44862422430455845,1.0,237,48,True,1,848,24,False,False,False,0
64,1348,FROZEN_LOW_VARIANCE,RED,True,0.24516145112779775,0.5362792309872593,0.44612951298203,0.0,8.460520700205919,True,0.046675026521135504,7.295519619912754e-05,4.480645804511191,0.046355624374651246,-2.304752207211204,-5.145116923949037,-2.0624789981080442,0.0,0.5362792309872593,-3.33838853894609,-1.6948246388996295,-0.4456741569716235,0.44612951298203,0.0,0.44612951298203,1.0,238,48,True,1,849,24,False,False,False,0
64,1349,FROZEN_LOW_VARIANCE,RED,True,0.068378141927952,0.5331563262906236,0.4456763513761664,0.0,8.332929245760086,True,0.04666676760064339,7.282932279025983e-05,3.773512567711808,0.046399729171398216,-2.3087358624917598,-5.132625305162494,-2.0624794845396046,0.0,0.5331563262906236,-3.3370290541284993,-1.6951871250048698,-0.4639259610017378,0.4456763513761664,0.0,0.4456763513761664,1.0,239,48,True,1,850,24,False,False,False,0
64,1350,FROZEN_LOW_VARIANCE,RED,True,0.49550902663193863,0.5372894889060795,0.44301474129523105,0.0,8.305477285124882,True,0.04665479001132888,7.343418076308278e-05,5.4820361065277545,0.04626751462349322,-2.3046028714773117,-5.149157955624318,-2.0624791621771683,0.0,0.5372894889060795,-3.329044223885693,-1.6955279127428684,-0.4322286723596964,0.44301474129523105,0.0,0.44301474129523105,1.0,240,48,True,1,851,24,False,False,False,0
64,1351,FROZEN_LOW_VARIANCE,RED,True,0.16854720103893084,0.5243783152679282,0.44131192500305927,0.0,8.2044522119844,True,0.04664559416727337,7.343418076308278e-05,4.174188804155723,0.04634826187614527,-2.3068550222641946,-5.097513261071713,-2.0624780042017044,0.0,0.5243783152679282,-3.323935775009178,-1.6951627284756234,-0.450292069554767,0.44131192500305927,0.0,0.44131192500305927,1.0,241,48,True,1,852,24,False,False,False,0
64,1352,FROZEN_LOW_VARIANCE,RED,True,0.2468672921772228,0.5391340744333224,0.4503776078349048,0.0,8.146369145679692,True,0.04663570815861025,7.348953203449087e-05,4.487469168708891,0.04631606054516964,-2.3041197138677965,-5.15653629773329,-2.062478753420191,0.0,0.5391340744333224,-3.3511328235047144,-1.695027139514919,-0.4511072855936635,0.4503776078349048,0.0,0.4503776078349048,1.0,242,48,True,1,853,24,False,False,False,0
64,1353,FROZEN_LOW_VARIANCE,RED,True,0.18519790692452576,0.5353939042623936,0.4400104431671088,0.0,8.070963317360265,True,0.04662635854484499,7.260140110728365e-05,4.240791627698103,0.04632405436643493,-2.3017162102747855,-5.1415756170495746,-2.0624778802689816,0.0,0.5353939042623936,-3.3200313295013264,-1.6948105083566838,-0.48214081306734485,0.4400104431671088,0.0,0.4400104431671088,1.0,243,48,True,1,854,24,False,False,False,0
64,1354,FROZEN_LOW_VARIANCE,RED,True,0.36216594018799797,0.535191207698132,0.4454493519640737,0.0,8.043146049604927,True,0.046615580147165804,7.134850694077134e-05,4.948663760751992,0.046267078622205554,-2.299722101499655,-5.140764830792528,-2.06247766486005,0.0,0.535191207698132,-3.336348055892221,-1.6940627512787652,-0.47598914729150676,0.4454493519640737,0.0,0.4454493519640737,1.0,244,48,True,1,855,24,False,False,False,0
64,1355,FROZEN_LOW_VARIANCE,RED,False,0.0,0.5409810845247924,0.4482137835877933,0.0,7.950617220571713,True,0.04660901856166601,7.206419147543771e-05,3.065509371364664,0.04639686063050599,-2.3005640468670365,-5.16392433809917,-2.0624776964571936,0.0,0.5409810845247924,-3.34464135076338,-1.6938780060174292,-0.45648687506750574,0.4482137835877933,0.0,0.4482137835877933,1.0,245,48,True,1,856,24,False,False,False,0
64,1356,FROZEN_LOW_VARIANCE,RED,False,0.0,0.5402355394650911,0.44494374868610304,0.0,7.864283558558976,True,0.04660394036478076,7.206419147543771e-05,2.348922898356001,0.04643974533215784,-2.3052966687773964,-5.160942157860364,-2.0624772610329636,0.0,0.5402355394650911,-3.334831246058309,-1.6944143206979836,-0.4300851390488868,0.44494374868610304,0.0,0.44494374868610304,1.0,246,48,True,1,857,24,False,False,False,0
64,1357,FROZEN_LOW_VARIANCE,RED,False,0.0,0.5408900754188131,0.44695021782455235,0.0,7.788590903564051,True,0.04659657500440524,7.094476084370751e-05,3.4068516900067785,0.04635842835226369,-2.3035602403608633,-5.163560301675252,-2.0624775067801995,0.0,0.5408900754188131,-3.340850653473657,-1.6947906126335424,-0.4197392125930095,0.44695021782455235,0.0,0.44695021782455235,1.0,247,48,True,1,858,24,False,False,False,0
64,1358,FROZEN_LOW_VARIANCE,RED,True,0.3193706802329006,0.5330161558431246,0.4428020012377735,0.0,7.776799804211466,True,0.0465864068833331,7.092994463985485e-05,4.777482720931602,0.046257637635333804,-2.301476339251201,-5.132064623372498,-2.0624764976798176,0.0,0.5330161558431246,-3.3284060037133205,-1.6948579588647934,-0.4180630703748917,0.4428020012377735,0.0,0.4428020012377735,1.0,248,48,True,1,859,24,False,False,False,0
64,1359,FROZEN_LOW_VARIANCE,RED,True,0.18430431364746447,0.5350154771048052,0.4469403562311533,0.0,7.7433432216186535,True,0.046577390515774246,7.00699473549476e-05,4.237217254589858,0.046285861298038,-2.299076891147686,-5.140061908419221,-2.062476648007533,0.0,0.5350154771048052,-3.34082106869346,-1.6947958269160306,-0.4146483886045157,0.4469403562311533,0.0,0.4469403562311533,1.0,249,48,True,1,860,24,False,False,False,0
64,1360,FROZEN_LOW_VARIANCE,RED,False,0.0,0.5318647297218861,0.4418364838885382,0.0,7.669720641066012,True,0.04657035571549941,6.97096889459714e-05,3.3465608487828167,0.046342897173279905,-2.304475049500588,-5.127458918887545,-2.0624760301336815,0.0,0.5318647297218861,-3.3255094516656145,-1.6946919918826842,-0.4343275127539397,0.4418364838885382,0.0,0.4418364838885382,1.0,250,48,True,1,861,24,False,False,False,0
64,1361,FROZEN_LOW_VARIANCE,RED,False,0.0,0.5405099634682495,0.4495552467385471,0.0,7.6152704807890155,True,0.0465653365165748,6.883447254284192e-05,2.4000484487879623,0.04640304908467914,-2.3063852455759437,-5.162039853872998,-2.062477086397794,0.0,0.5405099634682495,-3.3486657402156412,-1.694754147786301,-0.43709574418420394,0.4495552467385471,0.0,0.4495552467385471,1.0,251,48,True,1,862,24,False,False,False,0
64,1362,FROZEN_LOW_VARIANCE,RED,False,0.0,0.5448767114545758,0.4459340810406891,0.0,7.5663425847051755,True,0.046559257015180065,6.899956871371609e-05,2.9440197477386794,0.0463626864700835,-2.3021296717053965,-5.179506845818303,-2.0624771421977823,0.0,0.5448767114545758,-3.3378022431220673,-1.6942162381524288,-0.438933640788511,0.4459340810406891,0.0,0.4459340810406891,1.0,252,48,True,1,863,24,False,False,False,0
64,1363,FROZEN_LOW_VARIANCE,RED,False,0.0,0.5398289127539193,0.4411108834646919,0.0,7.5151640327943765,True,0.0465561155311,7.013187382966477e-05,1.517634645465258,0.04645454087917797,-2.3069973722238015,-5.159315651015677,-2.062477972441719,0.0,0.5398289127539193,-3.3233326503940757,-1.69505138701083,-0.448274974028255,0.4411108834646919,0.0,0.4411108834646919,1.0,253,48,True,1,864,24,False,False,False,0
64,1364,FROZEN_LOW_VARIANCE,RED,False,0.0,0.5324108306444693,0.4463960280106513,0.0,7.4682937434871395,True,0.04655109424195069,7.036075123088197e-05,2.386593938491908,0.04638873922612304,-2.300644979270333,-5.129643322577877,-2.0624769031530876,0.0,0.5324108306444693,-3.339188084031954,-1.6947253635785156,-0.44478949314311217,0.4463960280106513,0.0,0.4463960280106513,1.0,254,48,True,1,865,24,False,False,False,0
64,1365,FROZEN_LOW_VARIANCE,RED,False,0.0,0.5363646774039867,0.4460693990766262,0.0,7.428491948443883,True,0.04654687562143735,7.054499511357294e-05,1.9985671175752235,0.04641047355817276,-2.307161615064042,-5.145458709615947,-2.06247788363441,0.0,0.5363646774039867,-3.3382081972298785,-1.6948934243203122,-0.48399964338959184,0.4460693990766262,0.0,0.4460693990766262,1.0,255,48,True,1,866,24,False,False,False,0
64,1366,FROZEN_LOW_VARIANCE,RED,False,0.0,0.5357852485662786,0.44121376715905863,0.0,7.388481894078745,True,0.04654291516595753,7.054499511357294e-05,1.8713614261082967,0.04641486043877681,-2.299624664348611,-5.1431409942651145,-2.062476588036223,0.0,0.5357852485662786,-3.323641301477176,-1.6941935573463298,-0.4697309201152636,0.44121376715905863,0.0,0.44121376715905863,1.0,256,48,True,1,867,24,False,False,False,0
64,1367,FROZEN_LOW_VARIANCE,RED,False,0.0,0.5256949346446014,0.43942053959127375,0.0,7.344338508578788,True,0.046540472196287506,7.134850694077134e-05,1.154331674457709,0.04646148284362347,-2.301555677621361,-5.1027797385784055,-2.0624750001193655,0.0,0.5256949346446014,-3.318261618773821,-1.6945191497715182,-0.46795991044690766,0.43942053959127375,0.0,0.43942053959127375,1.0,257,48,True,1,868,24,False,False,False,0
64,1368,FROZEN_LOW_VARIANCE,RED,False,0.0,0.535656498172264,0.4458859402533973,0.0,7.316316233220219,True,0.04653629842113765,7.134850694077134e-05,1.9499474381994761,0.04640134635795899,-2.296794235630366,-5.142625992689056,-2.062474250835586,0.0,0.535656498172264,-3.337657820760192,-1.6940531490568653,-0.4681832777783262,0.4458859402533973,0.0,0.4458859402533973,1.0,258,48,True,1,869,24,False,False,False,0
64,1369,FROZEN_LOW_VARIANCE,RED,False,0.0,0.5320336593322599,0.4438693157117388,0.0,7.287100734875105,True,0.04653709910124257,7.324036113099586e-05,0.3740700117616609,0.04656298775796816,-2.3076224212198273,-5.1281346373290395,-2.062473297558738,0.0,0.5320336593322599,-3.3316079471352165,-1.6952959335116164,-0.4518740672326302,0.4438693157117388,0.0,0.4438693157117388,1.0,259,48,True,1,870,24,False,False,False,0
64,1370,FROZEN_LOW_VARIANCE,RED,False,0.0,0.5357348028963833,0.4418213307824459,0.0,7.261671876922137,True,0.046534032098475446,7.416398126554102e-05,1.3958618443691164,0.046434865675671996,-2.304178619014437,-5.142939211585533,-2.0624728308092375,0.0,0.5357348028963833,-3.3254639923473377,-1.6955325702042383,-0.4052591435730505,0.4418213307824459,0.0,0.4418213307824459,1.0,260,48,True,1,871,24,False,False,False,0
64,1371,FROZEN_LOW_VARIANCE,RED,False,0.0,0.5277757787109036,0.44260474870430366,0.0,7.234090651865566,True,0.0465278846232128,7.205508331582639e-05,2.7630102725275747,0.046329116256387214,-2.308188279958711,-5.111103114843615,-2.0624727148319324,0.0,0.5277757787109036,-3.327814246112911,-1.695672265560467,-0.43916658992806495,0.44260474870430366,0.0,0.44260474870430366,1.0,261,48,True,1,872,24,False,False,False,0
64,1372,FROZEN_LOW_VARIANCE,RED,False,0.0,0.5298656075916943,0.4405145507865657,0.0,7.20902484020855,True,0.04652314460486916,7.134850694077134e-05,2.1927753627346886,0.04636988401175806,-2.3048729511414634,-5.119462430366777,-2.062471421202357,0.0,0.5298656075916943,-3.321543652359697,-1.6954178911740971,-0.479348813742064,0.4405145507865657,0.0,0.4405145507865657,1.0,262,48,True,1,873,24,False,False,False,0
64,1373,FROZEN_LOW_VARIANCE,RED,False,0.0,0.5267555628713134,0.4436351572453554,0.0,7.186834644745974,True,0.04651753456241455,7.094476084370751e-05,2.620957650995523,0.046336143189715635,-2.3105829228883534,-5.107022251485254,-2.062470520983743,0.0,0.5267555628713134,-3.330905471736066,-1.695655468453999,-0.4725814151939133,0.4436351572453554,0.0,0.4436351572453554,1.0,263,48,True,1,874,24,False,False,False,0
64,1374,FROZEN_LOW_VARIANCE,RED,False,0.0,0.5406984305190665,0.4449311048804366,0.0,7.177178088548977,True,0.046510936848459965,7.094476084370751e-05,3.0999300846283164,0.04629761076392838,-2.3099864045068497,-5.162793722076266,-2.062469446829474,0.0,0.5406984305190665,-3.33479331464131,-1.6959909092122747,-0.45650778069809894,0.4449311048804366,0.0,0.4449311048804366,1.0,264,48,True,1,875,24,False,False,False,0
64,1375,FROZEN_LOW_VARIANCE,RED,False,0.0,0.5342033163579956,0.44723926387668006,0.0,7.165962235320303,True,0.046503748021546845,7.094476084370751e-05,3.377663987033982,0.046271309284689435,-2.3013094959756226,-5.136813265431982,-2.0624694738413427,0.0,0.5342033163579956,-3.3417177916300402,-1.6953490612944113,-0.47283923118716004,0.44723926387668006,0.0,0.44723926387668006,1.0,265,48,True,1,876,24,False,False,False,0
64,1376,FROZEN_LOW_VARIANCE,RED,False,0.0,0.5338477630414424,0.43919026270738143,0.0,7.149328445436795,True,0.04650020676261759,7.046777360377861e-05,1.6638573857279715,0.04638570605723834,-2.302393774578456,-5.13539105216577,-2.062468908488423,0.0,0.5338477630414424,-3.3175707881221443,-1.6953300986729103,-0.4648268037631835,0.43919026270738143,0.0,0.43919026270738143,1.0,266,48,True,1,877,24,False,False,False,0
64,1377,FROZEN_LOW_VARIANCE,RED,False,0.0,0.5317607913734828,0.4465074892015011,0.0,7.138695412784004,True,0.04649548601731231,7.046777360377861e-05,2.2330516319040745,0.046342848585775025,-2.305424415665725,-5.127043165493931,-2.0624690046895098,0.0,0.5317607913734828,-3.339522467604503,-1.6956561999378534,-0.4666453773537476,0.4465074892015011,0.0,0.4465074892015011,1.0,267,48,True,1,878,24,False,False,False,0
64,1378,FROZEN_LOW_VARIANCE,RED,False,0.0,0.5405974037229995,0.4478996067715837,0.0,7.136109731890993,True,0.04648979571632981,7.006402750671479e-05,2.6916800363675506,0.04630580931789575,-2.304954271449889,-5.162389614891998,-2.0624693889540606,0.0,0.5405974037229995,-3.343698820314751,-1.6958870141455746,-0.47428316071873505,0.4478996067715837,0.0,0.4478996067715837,1.0,268,48,True,1,879,24,False,False,False,0
64,1379,FROZEN_LOW_VARIANCE,RED,False,0.0,0.5362329321868602,0.4420238135943693,0.0,7.126270770514921,True,0.04648483955952894,6.998836653921355e-05,2.357917929849719,0.04632459048963424,-2.2979034041853876,-5.144931728747441,-2.062468803899723,0.0,0.5362329321868602,-3.326071440783108,-1.6949664880442188,-0.46376697566198555,0.4420238135943693,0.0,0.4420238135943693,1.0,269,48,True,1,880,24,False,False,False,0
64,1380,FROZEN_LOW_VARIANCE,RED,False,0.0,0.5353255338182219,0.4418079521515659,0.0,7.11664145105486,True,0.04648448954240675,7.054499511357294e-05,0.16670252476345712,0.04647317232212278,-2.303624242596478,-5.141302135272888,-2.0624683950836684,0.0,0.5353255338182219,-3.3254238564546976,-1.6944349934276846,-0.4744791516322648,0.4418079521515659,0.0,0.4418079521515659,1.0,270,48,True,1,881,24,False,False,False,0
64,1381,FROZEN_LOW_VARIANCE,RED,False,0.0,0.5317431364260687,0.4427060716251425,0.0,7.106288832028048,True,0.04648517886172236,7.054499511357294e-05,0.32571141983103613,0.046507466852927164,-2.29944612308453,-5.126972545704275,-2.0624685789795323,0.0,0.5317431364260687,-3.3281182148754276,-1.6941062247913776,-0.48624446220296763,0.4427060716251425,0.0,0.4427060716251425,1.0,271,48,True,1,882,24,False,False,False,0
64,1382,FROZEN_LOW_VARIANCE,RED,False,0.0,0.544542023668191,0.44748371207244375,0.0,7.109249225164651,True,0.04648577989786561,7.054499511357294e-05,0.28399659077564143,0.0465052133998309,-2.3012054668608424,-5.178168094672764,-2.0624683926218963,0.0,0.544542023668191,-3.3424511362173313,-1.6937414286474473,-0.4738846503072904,0.44748371207244375,0.0,0.44748371207244375,1.0,272,48,True,1,883,24,False,False,False,0
64,1383,FROZEN_LOW_VARIANCE,RED,False,0.0,0.5333297144243541,0.4370303326995077,0.0,7.096249972672944,True,0.04648788471333548,7.054499511357294e-05,0.9945498691891265,0.046555940413527765,-2.3051722368160297,-5.133318857697416,-2.062467798866206,0.0,0.5333297144243541,-3.311090998098523,-1.694748319632154,-0.4529057962193244,0.4370303326995077,0.0,0.4370303326995077,1.0,273,48,True,1,884,24,False,False,False,0
64,1384,FROZEN_LOW_VARIANCE,RED,False,0.0,0.5368567155361204,0.4492246292394723,0.0,7.096451289362749,True,0.046484656857946755,7.006402750671479e-05,1.5251993348486557,0.04638028953371136,-2.3072711937629173,-5.147426862144481,-2.062467650381396,0.0,0.5368567155361204,-3.347673887718417,-1.6951249805578208,-0.45980980704454416,0.4492246292394723,0.0,0.4492246292394723,1.0,274,48,True,1,885,24,False,False,False,0
64,1385,FROZEN_LOW_VARIANCE,RED,False,0.0,0.5402224986335951,0.4485289145125802,0.0,7.098332707078432,True,0.0464803058963433,6.998836653921355e-05,2.0699930993045093,0.046339624804498374,-2.3023546459190465,-5.16088999453438,-2.062469110319086,0.0,0.5402224986335951,-3.3455867435377407,-1.6953149486372356,-0.44973993292216996,0.4485289145125802,0.0,0.4485289145125802,1.0,275,48,True,1,886,24,False,False,False,0
64,1386,FROZEN_LOW_VARIANCE,RED,False,0.0,0.5385309615662186,0.44630256055522927,0.0,7.097154492650001,True,0.04647417761982555,7.092994463985485e-05,2.918711980660098,0.046276030012418465,-2.2977642113770096,-5.154123846264874,-2.0624694053609423,0.0,0.5385309615662186,-3.3389076816656877,-1.694309396909349,-0.4629545601780776,0.44630256055522927,0.0,0.44630256055522927,1.0,276,48,True,1,887,24,False,False,False,0
64,1387,FROZEN_LOW_VARIANCE,RED,False,0.0,0.5391398288580487,0.4471266999947409,0.0,7.097145515329202,True,0.04647242955661067,7.054499511357294e-05,0.8214975230145838,0.04641590884599635,-2.3067295773614824,-5.156559315432195,-2.062468963085108,0.0,0.5391398288580487,-3.3413800999842227,-1.6949447767716086,-0.46693185074454,0.4471266999947409,0.0,0.4471266999947409,1.0,277,48,True,1,888,24,False,False,False,0
64,1388,FROZEN_LOW_VARIANCE,RED,False,0.0,0.5312081836686706,0.44230159974699007,0.0,7.088068974905179,True,0.04646598346570928,7.149301372445869e-05,3.04585316601487,0.04625755985989749,-2.3019933621897883,-5.1248327346746825,-2.062468485076207,0.0,0.5312081836686706,-3.32690479924097,-1.6947637185749869,-0.4298959152993151,0.44230159974699007,0.0,0.44230159974699007,1.0,278,48,True,1,889,24,False,False,False,0
64,1389,FROZEN_LOW_VARIANCE,RED,False,0.0,0.5289265608191835,0.4405123729999505,0.0,7.076977281540017,True,0.04646300892501884,7.106732760593702e-05,1.3868677676695058,0.046366832109361274,-2.302818492986646,-5.115706243276734,-2.062467688238944,0.0,0.5289265608191835,-3.3215371189998515,-1.6940560209579023,-0.4557666785327838,0.4405123729999505,0.0,0.4405123729999505,1.0,279,48,True,1,890,24,False,False,False,0
64,1390,FROZEN_LOW_VARIANCE,RED,False,0.0,0.5325958395047938,0.4435702557006671,0.0,7.071836488549335,True,0.04646416169156222,7.205508331582639e-05,0.540692224408413,0.046501434476464855,-2.3042107250377604,-5.130383358019175,-2.0624681712631863,0.0,0.5325958395047938,-3.3307107671020013,-1.6945757394641687,-0.4422922272472322,0.4435702557006671,0.0,0.4435702557006671,1.0,280,48,True,1,891,24,False,False,False,0
64,1391,FROZEN_LOW_VARIANCE,RED,False,0.0,0.5361098315615509,0.444318463416914,0.0,7.0701394542014,True,0.04646091353221789,7.205508331582639e-05,1.502627894687394,0.046355889713417836,-2.298625832335047,-5.144439326246204,-2.0624677839040944,0.0,0.5361098315615509,-3.332955390250742,-1.694034375359225,-0.41768264237789343,0.444318463416914,0.0,0.444318463416914,1.0,281,48,True,1,892,24,False,False,False,0
64,1392,FROZEN_LOW_VARIANCE,RED,False,0.0,0.5327281813998077,0.44619542678616514,0.0,7.067826224948499,True,0.046462204499832356,7.324036113099586e-05,0.5972132962100944,0.046503945786033625,-2.3031381641991553,-5.130912725599231,-2.062468673530208,0.0,0.5327281813998077,-3.3385862803584954,-1.6943620255057679,-0.4359955431704423,0.44619542678616514,0.0,0.44619542678616514,1.0,282,48,True,1,893,24,False,False,False,0
64,1393,FROZEN_LOW_VARIANCE,RED,False,0.0,0.5394690685611325,0.4473939969092952,0.0,7.071178970763903,True,0.046459613431806344,7.343418076308278e-05,1.1792532541709184,0.046375835565631976,-2.2988642591515123,-5.15787627424453,-2.0624681892394574,0.0,0.5394690685611325,-3.3421819907278856,-1.6937517143668703,-0.44585333196377425,0.4473939969092952,0.0,0.4473939969092952,1.0,283,48,True,1,894,24,False,False,False,0
64,1394,FROZEN_LOW_VARIANCE,RED,False,0.0,0.5413028878343633,0.4490318798889958,0.0,7.076702061826117,True,0.04645918309383083,7.343418076308278e-05,0.19533954126906078,0.046445268832622615,-2.30079327988051,-5.165211551337453,-2.0624679562287564,0.0,0.5413028878343633,-3.3470956396669873,-1.6936922560783427,-0.4475552209261711,0.4490318798889958,0.0,0.4490318798889958,1.0,284,48,True,1,895,24,False,False,False,0
64,1395,FROZEN_LOW_VARIANCE,RED,False,0.0,0.5420544593246599,0.4445653250404469,0.0,7.078676829519723,True,0.04645881030641413,7.510056440204464e-05,0.16921612107813477,0.046446756846607554,-2.302926209386042,-5.16821783729864,-2.0624685170266397,0.0,0.5420544593246599,-3.3336959751213406,-1.6944175266736685,-0.4301501927605065,0.4445653250404469,0.0,0.4445653250404469,1.0,285,48,True,1,896,24,False,False,False,0
64,1396,FROZEN_LOW_VARIANCE,RED,False,0.0,0.5347122831074116,0.4459979072348408,0.0,7.076678600765274,True,0.046459322977080636,7.510056440204464e-05,0.22754851914690302,0.046475899328630915,-2.3112748274658994,-5.138849132429646,-2.0624683592252397,0.0,0.5347122831074116,-3.3379937217045224,-1.6953610331921298,-0.4272317883637727,0.4459979072348408,0.0,0.4459979072348408,1.0,286,48,True,1,897,24,False,False,False,0
64,1397,FROZEN_LOW_VARIANCE,RED,False,0.0,0.5405341316367944,0.44772819154961807,0.0,7.08011818047384,True,0.04645291535503638,7.510056440204464e-05,2.844018592613106,0.04624573557560548,-2.3073262811874007,-5.162136526547178,-2.062468963127872,0.0,0.5405341316367944,-3.343184574648854,-1.6960954451486254,-0.43287702160669383,0.44772819154961807,0.0,0.44772819154961807,1.0,287,48,True,1,898,24,False,False,False,0
64,1398,FROZEN_LOW_VARIANCE,RED,False,0.0,0.5393726630600799,0.44619831411979655,0.0,7.0812412086433305,True,0.04644520557804865,7.631841375395326e-05,3.4219791595943905,0.04619592278877881,-2.3015080422763807,-5.15749065224032,-2.0624706343562673,0.0,0.5393726630600799,-3.3385949423593897,-1.695378900101885,-0.418674162545615,0.44619831411979655,0.0,0.44619831411979655,1.0,288,48,True,1,899,24,False,False,False,0
64,1399,FROZEN_LOW_VARIANCE,RED,False,0.0,0.5448716322774696,0.4493728570667102,0.0,7.088405413591304,True,0.04644154648654505,7.510056440204464e-05,1.5981689187094426,0.04632323586126187,-2.307063851505115,-5.179486529109878,-2.0624721115743303,0.0,0.5448716322774696,-3.3481185712001307,-1.69575463463005,-0.40844458166942754,0.4493728570667102,0.0,0.4493728570667102,1.0,289,48,True,1,900,24,False,False,False,0
