step,is_surprise,best_err,z,z_thresh_eff,ema_err,sigma,ratio,plasticity,dominance,state_entropy,spectral_entropy,spectral_flatness,status,fatigue,surprise_rate_ema,hipp_bank,hipp_sim,hipp_chi,hipp_write,lr_scale_raw,lr_scale_eff,thermo_energy,thermo_rho,thermo_temp,thermo_lambda,ts_err,ts_expl,ts_cond
120,True,0.005074885208159685,1.7372364327086471,1.3246690532534133,0.028825079092415693,0.013671250174753367,3.9083969465648853,0.31204673917268205,,,,,CALIBRATING,1.0,0.07443024509974813,ELEVATED,-0.0017999999690800905,0.04951894279387785,False,0.35,0.337001277516607,0.07378707933596672,1.2699195696918664,0.0,0.9900040215154067,,,
121,True,0.005324222147464752,1.7782044496542482,1.3236683822465656,0.02880157823547074,0.013202844078233465,3.9083969465648853,0.2991752142206423,,,,,CALIBRATING,1.0,0.07535581485464839,ELEVATED,-0.0026000000070780516,0.049400239826073236,False,0.35,0.3370324370456558,0.1442953691446382,1.2698512846997387,0.0,0.990007435765013,,,
122,True,0.005639382638037205,1.7785229800590316,1.3226807094346311,0.028778416039873307,0.013010252699162811,3.9083969465648853,0.28449009981762857,,,,,CALIBRATING,1.0,0.07628045903979373,ELEVATED,-0.002400000113993883,0.04942988884793621,False,0.35,0.3370246541774167,0.20778862251905303,1.2697944509213395,0.0,0.990010277453933,,,
123,True,0.005966307129710913,1.798128065641781,1.3217059946090572,0.028755603930963144,0.01267390083982609,3.9083969465648853,0.2683403764138113,,,,,CALIBRATING,1.0,0.07720417858075394,ELEVATED,-0.004999999888241291,0.04904583550346064,False,0.35,0.33712546818034156,0.2668971456704472,1.269748656798838,0.0,0.990012567160058,,,
124,True,0.0063458760268986225,1.7758134687598714,1.320744197989882,0.02873319420305908,0.012606796023342758,3.9083969465648853,0.25100919478324246,,,,,CALIBRATING,1.0,0.07812697440217319,ELEVATED,-0.006200000178068876,0.04886958788913355,False,0.35,0.33717173317910243,0.3178681014297259,1.2697126279245006,0.0,0.9900143686037749,,,
125,True,0.0067880116403102875,1.7027969856745124,1.3197952802231823,0.02871124902049633,0.012874839199637063,3.9083969465648853,0.2329539720145964,,,,,CALIBRATING,1.0,0.07904884742777102,ELEVATED,-0.00559999980032444,0.04895763241906942,False,0.35,0.33714862148999425,0.3564458399997084,1.2696841127025529,0.0,0.9900157943648723,,,
126,True,0.0072147538885474205,1.6776130931357398,1.318859202378549,0.028689752525364383,0.012800924554467201,3.9083969465648853,0.2143991730158164,,,,,CALIBRATING,1.0,0.07996979858034325,ELEVATED,-0.00279999990016222,0.04937060858827812,False,0.35,0.337040215245577,0.38865274973691843,1.2696619348321314,0.0,0.9900169032583934,,,
127,True,0.007745394948869944,1.6529006774174184,1.3179359259465873,0.028668808167787888,0.012658602845761924,3.9083969465648853,0.19580140453294884,,,,,CALIBRATING,1.0,0.08088982878176292,ELEVATED,-0.003599999938160181,0.04925226119572287,False,0.35,0.3370712814361227,0.4151743599418293,1.26964501027758,0.0,0.990017749486121,,,
128,True,0.008274314925074577,1.6161432052762121,1.3170254128364436,0.028648413674545174,0.012606617212481797,3.9083969465648853,0.17763781976261986,,,,,CALIBRATING,1.0,0.08180893895298115,ELEVATED,-0.005799999926239252,0.04892826663174722,False,0.35,0.33715633000916634,0.435374673411831,1.2696321031758093,0.0,0.9900183948412096,,,
129,True,0.008849060162901878,1.6308284428445239,1.3161276253733594,0.02862861432103353,0.012128531511034817,3.9083969465648853,0.1601349414565517,,,,,CALIBRATING,1.0,0.08272713001402816,ELEVATED,-0.0031999999191612005,0.0493113993877853,False,0.35,0.33705575766070633,0.4550306636071366,1.2696231153662205,0.0,0.9900188442316891,,,
130,True,0.00947990920394659,1.6135363793819526,1.3152425262962486,0.028609465615916443,0.011855670969933271,3.9083969465648853,0.1435622725129572,,,,,CALIBRATING,1.0,0.08364440288401413,ELEVATED,-0.004000000189989805,0.04919319389257075,False,0.35,0.3370867866032002,0.47099973404966755,1.2696173169384617,0.0,0.990019134153077,,,
131,True,0.010119891725480556,1.538669885331147,1.314370078755301,0.028590976042026008,0.012004579080047552,3.9083969465648853,0.1283114429940043,,,,,CALIBRATING,1.0,0.08456075848113012,ELEVATED,-0.0034000000450760126,0.04928182140381364,False,0.35,0.3370635218814989,0.477893247824384,1.2696128963081363,0.0,0.9900193551845933,,,
132,True,0.010821911506354809,1.4734520222785161,1.3135102463096118,0.028573206977490336,0.01204742007390596,3.9083969465648853,0.11506912231525741,,,,,CALIBRATING,1.0,0.08547619772264899,ELEVATED,-0.0031999999191612005,0.0493113993877853,False,0.35,0.33705575766070633,0.47758439916362666,1.2696084139386798,0.0,0.990019579303066,,,
133,True,0.011536506935954094,1.4320996091946012,1.3126629929248346,0.0285561702774488,0.011884413089859299,3.9083969465648853,0.10491978348578548,,,,,CALIBRATING,1.0,0.08639072152492634,ELEVATED,-0.0017999999690800905,0.04951894279387785,False,0.35,0.337001277516607,0.47318012650342356,1.269603051249723,0.0,0.9900198474375139,,,
134,True,0.01225575152784586,1.3892632149975637,1.3118282829708598,0.028539869858699198,0.011721406105812638,3.9083969465648853,0.09960945897115828,,,,,CALIBRATING,1.0,0.08730433080340141,ELEVATED,-0.0010000000474974513,0.049637930973621104,False,0.35,0.3369700431194244,0.46494163224693563,1.269596042447418,0.0,0.9900201978776292,,,
135,True,0.013010711409151554,1.328544712977668,1.3110060812195183,0.02852434070024965,0.011677160083176567,3.9083969465648853,0.10049089850231269,,,,,CALIBRATING,1.0,0.08821702647259802,ELEVATED,-0.00139999995008111,0.04957840119596086,False,0.35,0.33698566968606025,0.45146457421262326,1.2695863429773717,0.0,0.9900206828511315,,,
136,False,0.013760565780103207,1.2809264843251913,1.3101963528423073,0.028509576925329502,0.011514330701809376,4.150691463996185,0.0,,,,,CALIBRATING,0.995,0.08812880944612542,ELEVATED,,0.0,False,0.35,0.35,0.43458277229613135,1.269573278163098,0.0,0.9900213360918453,,,
137,True,0.048861678689718246,1.6925039483889142,1.3093859694829781,0.028529929027093892,0.012012822588672862,4.136445242369838,0.14216938949713057,,,,,CALIBRATING,1.0,0.08904068063667929,ELEVATED,-0.002400000113993883,0.04942988884793621,False,0.35,0.3370246541774167,0.4609856608890311,1.2695654792518305,0.0,0.9900217260374087,,,
138,True,0.0126749062910676,1.3274006786828512,1.308588019945156,0.028514074004357865,0.011932469199132174,4.123781263247139,0.13565258209591224,,,,,CALIBRATING,1.0,0.0899516399560426,ELEVATED,-0.00279999990016222,0.04937060858827812,False,0.35,0.337040215245577,0.44778559899705145,1.2695550458515852,0.0,0.990022247707421,,,
139,False,0.022661413997411728,0.48979882855381235,1.307802470177928,0.02850822134435092,0.011937160740466787,4.338983050847458,0.0,,,,,CALIBRATING,0.995,0.08986168831608657,ELEVATED,,0.0,False,0.35,0.35,0.403290306772314,1.2695357639884017,0.0,0.9900232118005802,,,
140,True,0.07307888567447662,3.7005475290812515,1.3070162162958041,0.028552792008681042,0.01203229881953448,4.316338819751104,0.19444026349085144,,,,,CALIBRATING,1.0,0.09077182662777049,ELEVATED,-0.00039999998989515007,0.04972735971968482,False,0.35,0.3369465680735827,0.6339295150741387,1.269562390878273,0.0,0.9900218804560866,,,
141,False,0.029298188164830208,0.061697170651175894,1.30624232366907,0.028553537404837192,0.012069447466288692,4.520064205457464,0.0,,,,,CALIBRATING,0.995,0.09068105480114272,ELEVATED,,0.0,False,0.35,0.35,0.5709027909187853,1.2695765477212828,0.0,0.9900211726139362,,,
142,True,0.04937401041388512,1.7314354770707336,1.3054677042716702,0.028574357877846242,0.01201295272707939,4.489515821578346,0.2399736929780874,,,,,CALIBRATING,1.0,0.09159037374634157,ELEVATED,0.00139999995008111,0.04999661378488142,False,0.35,0.3368758888814686,0.5875732346641537,1.2695940177314469,0.0,0.9900202991134279,,,
143,True,0.07301320880651474,3.7583288624821467,1.304705408113584,0.02861879672877491,0.011812274471484124,4.461873638344227,0.22798382080526203,,,,,CALIBRATING,1.0,0.09249878337259523,ELEVATED,0.0012000000569969416,0.04996662483022803,False,0.35,0.33688376098206513,0.8055614625560343,1.269653296497009,0.0,0.9900173351751498,,,
144,False,0.017405210062861443,0.9647573745217443,1.3039554022824191,0.028607583142108997,0.011611596215888857,4.646098003629764,0.0,,,,,CALIBRATING,0.995,0.09240628458922263,ELEVATED,,0.0,False,0.35,0.35,0.7252228814262167,1.2696975945821423,0.0,0.9900151202708931,,,
145,True,0.06286343187093735,2.9322756535006396,1.3032046221407871,0.028641838990837828,0.011670660239341667,4.612612612612613,0.3378129051664643,,,,,CALIBRATING,1.0,0.09331387830463342,ELEVATED,-0.0007999999797903001,0.04966772267890866,False,0.35,0.33696222279678645,0.8467139515320458,1.2697642862007528,0.0,0.9900117856899626,,,
146,False,0.015345567837357521,1.1414417625414404,1.302466095323622,0.028628542719684347,0.011637014973722397,4.788361621059924,0.0,,,,,CALIBRATING,0.995,0.09322056442632878,ELEVATED,,0.0,False,0.35,0.35,0.7763785522309522,1.269818196210127,0.0,0.9900090901894939,,,
147,False,0.02693837694823742,0.14368398402991553,1.3017267723377306,0.0286268525539129,0.01175131394828204,4.96398891966759,0.0,,,,,CALIBRATING,0.99,0.09312734386190245,ELEVATED,,0.0,False,0.35,0.35,0.69907742671971,1.269857493915411,0.0,0.9900071253042297,,,
148,True,0.0803138017654419,4.336738350010809,1.3009866562284356,0.028678539503124427,0.011906473966129124,4.918184829413713,0.4169106196795417,,,,,CALIBRATING,1.0,0.09403421651804056,ELEVATED,-0.00279999990016222,0.04937060858827812,True,0.35,0.337040215245577,0.963847441570888,1.2699441368727462,0.0,0.990002793156363,,,
149,True,0.05950763076543808,2.503018790078762,1.300258752560776,0.02870936859438674,0.012304447051347233,4.876190476190477,0.3530723179198317,0.9911282658576965,0.01575451912611198,,,CALIBRATING,1.0,0.09494018230152251,ELEVATED,0.9829999804496765,0.9502786147976623,False,0.35,0.10055186361561366,1.3335831711525603,1.2700806159348461,0.2500000000000002,0.9899959692032579,,,
150,False,0.03704778850078583,0.6629599772904122,1.2995430295179904,0.02871770701429314,0.012564983968622982,5.037131069501745,0.0,0.9920789003372192,0.014542533789554703,,,CALIBRATING,0.995,0.09484524211922099,ELEVATED,,0.0,False,0.35,0.35,1.5161952247030972,1.2702342783918013,0.48750000000000043,0.9899882860804102,,,
151,True,0.13083888590335846,8.040734870821543,1.2988264673337373,0.02881982819318221,0.012687777839857153,4.804692082111437,0.47487075999048844,0.9927340149879456,0.013789014057357071,,,CALIBRATING,1.0,0.09575039687710177,ELEVATED,0.9437999725341797,0.8448467049038838,True,0.35,0.12822773996273049,2.3860736755748517,1.2704252842347292,0.7131250000000007,0.9899787357882638,,,
152,True,0.04818016290664673,1.5033272469735657,1.298122050218974,0.028839188527895673,0.012865445243334397,4.771533465122847,0.34849853087959703,0.9930514693260193,0.013595072526231938,,,CALIBRATING,1.0,0.09665464648022466,ELEVATED,0.980400025844574,0.9428954024725107,False,0.35,0.10248995685096592,2.514292564111014,1.2706182889488333,0.9274687500000008,0.9899690855525586,,,
153,True,0.062668077647686,2.5474878930935816,1.2974297470943588,0.02887301741701546,0.013266033696290105,4.7407407407407405,0.25778220906613336,0.9929633140563965,0.01407911638865124,,,CALIBRATING,1.0,0.09755799183374445,ELEVATED,0.9553999900817871,0.874764974080906,False,0.35,0.12037419430376216,2.7341722875134162,1.2708137544302145,1.131095312500001,0.9899593122784895,,,
154,True,0.05046427622437477,1.5782734982354263,1.2967495272564968,0.02889460867582282,0.013666622149245813,4.712069418879832,0.21142839296731755,0.9924233555793762,0.015290922097994807,,,CALIBRATING,1.0,0.09846043384191071,ELEVATED,0.9296000003814697,0.8096121291888293,False,0.35,0.1374768160879323,2.8346396987346982,1.2710100376794584,1.3245405468750011,0.9899494981160274,,,
155,True,0.050847362726926804,1.5891228676274882,1.296081360375938,0.028916561429873925,0.013800569952023214,4.685307574987291,0.18942317638351372,0.9913813471794128,0.01728891340552201,,,CALIBRATING,1.0,0.0993619734080688,ELEVATED,0.9046000242233276,0.7511124330312731,False,0.35,0.15283298632929082,2.925542094412842,1.2712069339920833,1.5083135195312511,0.9899396533003961,,,
156,True,0.04982966184616089,1.4749695901674678,1.295425216495195,0.028937474530290212,0.014164486817317083,4.660270602706027,0.169157850721152,0.9898766279220581,0.019995483687894652,,,CALIBRATING,1.0,0.10026261143466073,ELEVATED,0.881600022315979,0.7010332694751943,False,0.35,0.1659787667627615,2.9950839436082144,1.2714042305787174,1.6828978435546886,0.9899297884710644,,,
157,True,0.047613274306058884,1.3105309574944586,1.2947810660267833,0.02895615033006598,0.014236309237335808,4.636796949475691,0.15728157578988225,0.9879108667373657,0.023385636284921858,,,CALIBRATING,1.0,0.10116234882322607,ELEVATED,0.8551999926567078,0.6476531281415078,False,0.35,0.1799910538628542,3.0401288570161538,1.271601758627561,1.8487529513769543,0.9899199120686222,,,
158,False,0.04451752081513405,1.0580874590824163,1.2941488797512837,0.028971711700551052,0.01469236685601063,4.757684060042887,0.0,0.9852165579795837,0.027835129421928433,,,CALIBRATING,0.995,0.10106118647440285,ELEVATED,,0.0,False,0.35,0.35,3.0539574719445004,1.2717993537015428,2.0063153038081065,0.9899100323149231,,,
159,True,0.1516031175851822,8.329358309732125,1.2935156935938124,0.02909434310643568,0.014708068727888166,4.596050269299821,0.0974763919391133,0.9816714525222778,0.03343185776138905,,,CALIBRATING,1.0,0.10196012528792844,ELEVATED,0.8008000254631042,0.5501304078874673,True,0.35,0.2055907679295398,3.793040513645255,1.2719988026874895,2.155999538617701,0.9899000598656258,,,
160,True,0.057547129690647125,1.8606914608912541,1.292894439512018,0.029122795893019894,0.015276220907690003,4.576411597994332,0.12017694647212,0.9772205352783203,0.04013221570188759,,,CALIBRATING,1.0,0.10285816516264051,ELEVATED,0.7802000045776367,0.5171615454463769,False,0.35,0.214245094320326,3.8079426114062747,1.2721982678320147,2.2981995616868165,0.9898900866083995,,,
161,True,0.05349522829055786,1.5586851222948572,1.292285088991515,0.02914716832541743,0.015620897137513383,4.55786350148368,0.11465251024286185,0.9717972278594971,0.04794736641758342,,,CALIBRATING,1.0,0.10375530699747787,ELEVATED,0.7558000087738037,0.48065766680918737,False,0.35,0.2238273624625883,3.788455525137148,1.272397711748994,2.433289583602476,0.9898801144125505,,,
162,False,0.03169853240251541,0.15964429553375026,1.2916876138803068,0.02914971968949453,0.015965573367336765,4.6653952108497565,0.0,0.9650653600692749,0.057235723154799384,,,CALIBRATING,0.995,0.10365155169048039,ELEVATED,,0.0,False,0.35,0.35,3.7115721316613595,1.272597063384301,2.561625104422352,0.9898701468307852,,,
163,True,0.10798981785774231,4.846398659139205,1.2910890754316235,0.029228559787662776,0.016251502117258496,4.644948453608247,0.06798159961004538,0.9569592475891113,0.06792419954331305,,,CALIBRATING,1.0,0.10454790013878991,ELEVATED,0.7156000137329102,0.42604940775124744,True,0.35,0.23816203046529752,4.024211666741525,1.2727967161748883,2.683543849201234,0.9898601641912559,,,
164,False,0.04059157148003578,0.6830803437555247,1.2905023816781769,0.02923992279935515,0.016618321379693223,4.749536178107607,0.0,0.9468875527381897,0.08054980209139112,,,CALIBRATING,0.995,0.10444335223865112,ELEVATED,,0.0,False,0.35,0.35,3.915565444840233,1.2729962847860405,2.7993666567411726,0.9898501857606983,,,
165,True,0.07527390122413635,2.706473655161144,1.2899146059494286,0.029285956777779933,0.0169918315512361,4.727418707346447,0.05879147721040698,0.9345752000808716,0.09521015161795798,,,CALIBRATING,1.0,0.10533890888641247,ELEVATED,0.8586000204086304,0.6542930502797557,False,0.35,0.17824807430156409,3.983470199330209,1.273195908128144,2.9093983239041137,0.9898402045935931,,,
166,True,0.0937456265091896,3.6631977353019662,1.2893386446368549,0.029350416447511345,0.017578960982942954,4.706434578525328,0.07456826174451427,0.9196047782897949,0.11214727169715512,,,CALIBRATING,1.0,0.10623356997752606,ELEVATED,0.840399980545044,0.6195263414200392,False,0.35,0.18737433537723974,4.134106274577277,1.2733956293795825,3.0139284077089084,0.9898302185310212,,,
167,False,0.023998074233531952,0.3071778358418147,1.2887744706096183,0.029345064105297365,0.017406821872782894,4.8056315995307,0.0,0.9017735123634338,0.13125567296186733,,,CALIBRATING,0.995,0.10612733640754854,ELEVATED,,0.0,False,0.35,0.35,3.995099190927782,1.2735952613729342,3.113231987323463,0.9898202369313536,,,
168,True,0.0741305947303772,2.5658859657160025,1.2882091749358642,0.029389849635922446,0.017436762853944673,4.783222116301239,0.045660477350175324,0.8803550004959106,0.1529301059294056,,,CALIBRATING,1.0,0.10702120907114099,ELEVATED,0.8059999942779541,0.5587796792907573,False,0.35,0.20332033418617618,4.018589479754035,1.2737949102407833,3.20757038795729,0.9898102544879611,,,
169,False,0.03637395799160004,0.39154962207916627,1.2876556371682828,0.029396833744278122,0.01781925930683501,4.879908501715593,0.0,0.8545529246330261,0.17748730157020887,,,GREEN: NOMINAL,0.995,0.10691418786206985,ELEVATED,,0.0,False,0.35,0.35,3.87259833086609,1.2739944401868974,3.297191868559425,0.9898002779906554,,,
170,True,0.0708591416478157,2.2756511043448406,1.2871009597816783,0.029438296052181658,0.018201755759725345,4.856239538776269,0.037183123263043065,0.8242087364196777,0.20457682033378236,,,GREEN: NOMINAL,1.0,0.10780727367420778,ELEVATED,0.7788000106811523,0.514994031370944,False,0.35,0.21481406676512715,3.857715730701742,1.2741939559486484,3.3823322751314535,0.9897903022025678,,,
171,True,0.08298899233341217,2.915054631622373,1.2865580113466093,0.029491846748462888,0.018352021606941705,4.833696441539579,0.04753539694320183,0.7881452441215515,0.2341794903009262,,,GREEN: NOMINAL,1.0,0.10869946640053357,ELEVATED,0.770799994468689,0.5027812889840988,False,0.35,0.21801991164167403,3.895280133962098,1.2743935067182688,3.463215661374881,0.9897803246640868,,,
172,False,0.011270376853644848,1.0000820066601037,1.286026765734044,0.02947362527856807,0.018201755759725345,4.925757850789617,0.0,0.746904730796814,0.2653836288824826,,,GREEN: NOMINAL,0.995,0.10859076693413304,ELEVATED,,0.0,False,0.35,0.35,3.722205421325435,1.2745928719748423,3.5400548783061367,0.9897703564012581,,,
173,False,0.0267146248370409,0.15381635707004734,1.2854943421571996,0.029470866278126544,0.017919039909588173,5.017785843920145,0.0,0.7012432217597961,0.29731689623024815,,,GREEN: NOMINAL,0.99,0.10848217616719891,ELEVATED,,0.0,False,0.35,0.35,3.5511040771092643,1.2747919788054503,3.6130521343908297,0.9897604010597277,,,
174,False,0.04897991567850113,1.0701521007677721,1.2849607436577495,0.02949037532752692,0.018211934861401095,5.1097804391217565,0.0,0.653793215751648,0.328082849557988,,,GREEN: NOMINAL,0.985,0.10837369399103171,ELEVATED,,0.0,False,0.35,0.35,3.388763201659829,1.2749907440825625,3.682399527671288,0.9897504627958721,,,
175,True,0.08249722421169281,2.856488133705133,1.2844259732767989,0.029543382176411087,0.018538092775689435,5.0818858560794045,0.023113981212506195,0.6086844205856323,0.3557369585600117,,,GREEN: NOMINAL,1.0,0.10926532029704068,ELEVATED,0.7328000068664551,0.4486106218501828,False,0.35,0.23223971176432703,3.4071564025721295,1.2751895538226987,3.6232795512877236,0.9897405223088653,,,
176,True,0.08388570696115494,2.8307680363045904,1.2839028730194033,0.02959772450119583,0.01917782798297703,5.055257231941798,0.03909325277637434,0.574148416519165,0.3777313908370481,,,GREEN: NOMINAL,1.0,0.11015605497674365,ELEVATED,0.7264000177383423,0.4400794735017883,False,0.35,0.2344791382057806,3.4098495424188133,1.2753883699377486,3.567115573723337,0.9897305815031129,,,
177,False,0.026402467861771584,0.16960183310460006,1.283391417363347,0.029594529244556408,0.01882091321982443,5.14305507447177,0.0,0.5583251714706421,0.3931671340902334,,,GREEN: NOMINAL,0.995,0.1100458989217669,ELEVATED,,0.0,False,0.35,0.35,3.222226226501286,1.2755866492893522,3.51375979503717,0.9897206675355327,,,
178,True,0.06828448921442032,2.0526454425541973,1.2828787522814065,0.029633219204526273,0.018829978723358363,5.115664690939881,0.028427464464021973,0.562870979309082,0.4014404305862254,,,GREEN: NOMINAL,1.0,0.11093585302284513,ELEVATED,0.7059999704360962,0.4139541381569715,False,0.35,0.24133703873379495,3.1584078139663294,1.2757846955355145,3.4630718052853116,0.9897107652232245,,,
179,False,0.051630742847919464,1.1624410887680234,1.2823777045114668,0.029655216728169665,0.018904636400146408,5.20149001015916,0.0,0.5797181725502014,0.40417784417553765,,,GREEN: NOMINAL,0.995,0.11082491716982229,ELEVATED,,0.0,False,0.35,0.35,3.0145645914070305,1.2759820947534875,3.414918215021046,0.9897008952623259,,,
180,True,0.11567358672618866,4.513143623465666,1.2818754303731072,0.029741235098167684,0.019040464651118964,5.173430511843631,0.025181812997400094,0.6016334891319275,0.40166320338043904,,,GREEN: NOMINAL,1.0,0.11171409225265247,ELEVATED,0.6952000260353088,0.40075703947538543,True,0.35,0.2448012771377113,3.225862471597269,1.2761803865198522,3.3691723042699935,0.9896909806740076,,,
181,True,0.10338975489139557,3.7569074446237556,1.2813847466657482,0.029814883617960912,0.01958389243225101,5.1465629053177695,0.03259533115646871,0.623473584651947,0.39606608949964167,,,GREEN: NOMINAL,1.0,0.11260237816039982,ELEVATED,0.7184000015258789,0.4296432802408521,False,0.35,0.23721863893677633,3.3457408398665214,1.276379041223992,3.3257136890564936,0.9896810479388006,,,
182,False,0.026452312245965004,0.17286185481582686,1.2809056288388003,0.029811521046588917,0.019432909615617243,5.228724266493759,0.0,0.6442065834999084,0.3884997706676021,,,GREEN: NOMINAL,0.995,0.11248977578223943,ELEVATED,,0.0,False,0.35,0.35,3.182638772349405,1.2765771794649925,3.2844280046036687,0.9896711410267506,,,
183,True,0.06742900609970093,1.8607611327186244,1.2804252483669336,0.02984913853164203,0.020195965461269953,5.201269841269841,0.021107927390590822,0.6626672148704529,0.379988630216051,,,GREEN: NOMINAL,1.0,0.11337728600645719,ELEVATED,0.7044000029563904,0.4119719596169802,False,0.35,0.24185736060054266,3.1278295878934537,1.2767751031368206,3.245206604373485,0.9896612448431592,,,
184,False,0.05156748369336128,1.0656717034826675,1.279956407746643,0.02987085687680375,0.020359578607231376,5.28170131725123,0.0,0.6794437766075134,0.37099335499318586,,,GREEN: NOMINAL,0.995,0.11326390872045074,ELEVATED,,0.0,False,0.35,0.35,3.0039484773214076,1.2769724469146138,3.2079462741548106,0.9896513776542696,,,
185,True,0.11434150487184525,3.9914211999581473,1.279486288149424,0.02995532752479879,0.021141887342766858,5.253731343283582,0.021501460691694178,0.6946244239807129,0.36189629685742014,,,GREEN: NOMINAL,1.0,0.11415064481173029,ELEVATED,0.6872000098228455,0.39125335169516273,False,0.35,0.24729599518001977,3.1906706438206385,1.2771706146876098,3.17254896044707,0.9896414692656198,,,
186,True,0.10481590777635574,3.50699107012024,1.2790276827738467,0.03003018810505035,0.021324753378611058,5.226877952156026,0.03189363841507819,0.7087674140930176,0.35258512308291134,,,GREEN: NOMINAL,1.0,0.11503649416691857,ELEVATED,0.678600013256073,0.381288123409419,False,0.35,0.2499118676050275,3.3148493434998247,1.2773691839607184,3.1389215124247163,0.9896315408019644,,,
187,False,0.024064674973487854,0.27858484547057,1.278580568023424,0.030024222591918788,0.021392217542789874,5.304082876294942,0.0,0.721329391002655,0.344103459019015,,,GREEN: NOMINAL,0.995,0.11492145767275165,ELEVATED,,0.0,False,0.35,0.35,3.179110403983739,1.277567309079109,3.2319754368034808,0.9896216345460448,,,
188,True,0.05842385068535805,1.3126099466716532,1.278132139253418,0.030052622220012228,0.02161436345754191,5.276773711725168,0.0248262751693851,0.7326236367225647,0.33609709732490006,,,GREEN: NOMINAL,1.0,0.1158065362150789,ELEVATED,0.6661999821662903,0.3673647506530405,False,0.35,0.2535667529535769,3.0924959642656304,1.277765081560447,3.320376664963307,0.9896117459219779,,,
189,False,0.050181660801172256,0.9089393608689571,1.2776951763138986,0.030072751258593388,0.02212348854972515,5.352449223416965,0.0,0.742946445941925,0.3287002063857536,,,GREEN: NOMINAL,0.995,0.11569072967886382,ELEVATED,,0.0,False,0.35,0.35,2.986722886510316,1.2779623328734622,3.404357831715142,0.9896018833563271,,,
190,True,0.11572741717100143,3.780783457021909,1.27725688361379,0.030158405924505798,0.02263261364190839,5.324740002929545,0.0260703750137581,0.7523185014724731,0.3215942239097872,,,GREEN: NOMINAL,1.0,0.11657503894918496,ELEVATED,0.6502000093460083,0.3501477845794687,False,0.35,0.25808620654788944,3.1737203917886507,1.2781604377675262,3.484139940129385,0.9895919781116239,,,
191,True,0.0978945642709732,2.94719469479698,1.2768300323393336,0.030226142082852268,0.02296028230085503,5.298074159241161,0.03348886718382593,0.7600247859954834,0.31558671880063127,,,GREEN: NOMINAL,1.0,0.11745846391023577,ELEVATED,0.6371999979019165,0.3367548685637722,False,0.35,0.2616018470020098,3.2611791175818414,1.278358845565685,3.5599329431229156,0.9895820577217159,,,
192,False,0.02780778333544731,0.10545476993869142,1.2764145998312808,0.03022372372410486,0.022909730779007077,5.3708866216410405,0.0,0.7666504383087158,0.3103336129398475,,,GREEN: NOMINAL,0.995,0.11734100544632554,ELEVATED,,0.0,False,0.35,0.35,3.146672168189124,1.2785568456443115,3.63193629596677,0.9895721577177846,,,
193,True,0.07254185527563095,1.841258433412216,1.2759978037210538,0.030266041855656386,0.02296028230085503,5.343864598025388,0.02384239127021246,0.7715370059013367,0.30603496723199386,,,GREEN: NOMINAL,1.0,0.11822366444087921,ELEVATED,0.6169999837875366,0.31695354910380913,False,0.35,0.2667996933602501,3.1301379756362473,1.2787547788305698,3.700339481168432,0.9895622610584717,,,
194,False,0.05244392901659012,0.9625917683561971,1.2755924027914076,0.03028821974281732,0.023016724225273354,5.415315188266817,0.0,0.7760593295097351,0.30194412830464556,,,GREEN: NOMINAL,0.995,0.11810544077643834,ELEVATED,,0.0,False,0.35,0.35,3.032602767426348,1.278952269624892,3.7653225071100103,0.9895523865187555,,,
195,True,0.11379171907901764,3.5797079539275987,1.2751856230907928,0.03037172324215352,0.02330357585325837,5.3879811686513435,0.022744326362919995,0.7792083024978638,0.29881591599672397,,,GREEN: NOMINAL,1.0,0.1189873353356619,ELEVATED,0.5888000130653381,0.29124222760182306,False,0.35,0.27354891525452146,3.204814159865189,1.2791504882724043,3.8270563817545096,0.98954247558638,,,
196,True,0.1085783913731575,3.3118713734624974,1.2747902153660609,0.030449929910284522,0.023590427481243386,5.3616211070311435,0.02998182424207301,0.7818320989608765,0.2960252276045161,,,GREEN: NOMINAL,1.0,0.11986834800032624,ELEVATED,0.5740000009536743,0.2785939322966669,False,0.35,0.2768690927721249,3.3340384853883562,1.2793491112286044,3.8857035626667837,0.98953254443857,,,
197,False,0.022289784625172615,0.34739746522066345,1.2744061578789794,0.030441769764999408,0.023465873979963362,5.430514005983138,0.0,0.7840741872787476,0.29346088702618983,,,GREEN: NOMINAL,0.995,0.1197484796523259,ELEVATED,,0.0,False,0.35,0.35,3.2190359192078466,1.279547379613993,3.9414183845334447,0.9895226310193006,,,
198,False,0.0515439510345459,0.8822834736530076,1.2740206889488621,0.030462871946268955,0.02389377078660764,5.499388171312033,0.0,0.786309003829956,0.290848967141988,,,GREEN: NOMINAL,0.99,0.11962873117267359,ELEVATED,,0.0,False,0.35,0.35,3.1168686340125875,1.279745257510316,3.994347465306773,0.9895127371244844,,,
199,True,0.07985708117485046,2.022210955800666,1.2736338114532817,0.030512266155497535,0.0244014181002276,5.471546887523377,0.018146329003874837,0.7882893681526184,0.28857835648844254,,,GREEN: NOMINAL,1.0,0.12050910244150091,ELEVATED,0.5181999802589417,0.23565178302636572,False,0.35,0.288141406955579,3.128343282038916,1.279943183303188,4.044630092041435,0.9895028408348409,,,
200,True,0.09682505577802658,2.665832737754373,1.273258260790028,0.030578578945120064,0.02485020004995167,5.444663253249311,0.028181826689322544,0.7903903722763062,0.2859550280855943,,,GREEN: NOMINAL,1.0,0.12138859333905941,ELEVATED,0.49540001153945923,0.22007212061333553,False,0.35,0.2922310683389994,3.2041896096458293,1.2801413997341495,4.092398587439363,0.9894929300132927,,,
201,False,0.020606832578778267,0.40454394177266434,1.2728940158014816,0.030568607198753723,0.024624703502724877,5.511157784195327,0.0,0.7924000024795532,0.28345782427368027,,,GREEN: NOMINAL,0.995,0.12126720474572035,ELEVATED,,0.0,False,0.35,0.35,3.105816669729656,1.280339230458608,4.137778658067395,0.9894830384770699,,,
202,False,0.04610768333077431,0.6240857321116624,1.2725283303084653,0.030584146274885742,0.024874045755481345,5.577634860217876,0.0,0.7952263951301575,0.28051835197470143,,,GREEN: NOMINAL,0.99,0.12114593754097464,ELEVATED,,0.0,False,0.35,0.35,3.0187529574294163,1.2805366512317502,4.180889725164025,0.9894731674384127,,,
203,True,0.06857742369174957,1.5251165769128066,1.2721612071567483,0.030622139552302606,0.024886808466981165,5.54941935483871,0.01669742572268936,0.7985922694206238,0.2771179124338256,,,GREEN: NOMINAL,1.0,0.12202479160343366,ELEVATED,0.4320000112056732,0.18195425559479864,False,0.35,0.3022370079063653,2.994541408571262,1.2807339449032569,4.221845238905824,0.9894633027548374,,,
204,True,0.08819590508937836,2.266598316013162,1.2718053671837137,0.030679713317839682,0.025375555679714307,5.522141860170029,0.026381050781153118,0.8018092513084412,0.27382801810895824,,,GREEN: NOMINAL,1.0,0.12290276681183022,ELEVATED,0.4090000092983246,0.16982276032866037,False,0.35,0.30542152541372664,3.048445794768966,1.280931513482268,4.260752976960533,0.9894534243258868,,,
205,False,0.016759799793362617,0.5587696642340664,1.2714607898052446,0.030665793404315203,0.024886808466981165,5.586399391017508,0.0,0.804894208908081,0.27070804236595797,,,GREEN: NOMINAL,0.995,0.1227798640450184,ELEVATED,,0.0,False,0.35,0.35,2.970647946097911,1.2811286756265758,4.297715328112506,0.9894435662186714,,,
206,False,0.036238931119441986,0.22557967059169018,1.2711147435489127,0.030671366542030332,0.024681145081948488,5.65064061905366,0.0,0.8077861070632935,0.2678085612183633,,,GREEN: NOMINAL,0.99,0.12265708418097337,ELEVATED,,0.0,False,0.35,0.35,2.902031647296099,1.2813254237303335,4.33282956170688,0.9894337288134835,,,
207,False,0.05347105860710144,0.8806095173028514,1.2707672312267868,0.030694166234095405,0.025864917339035308,5.7148655504819885,0.0,0.8107325434684753,0.26492281936204165,,,GREEN: NOMINAL,0.985,0.1225344270967924,ELEVATED,,0.0,False,0.35,0.35,2.8416588156203644,1.2815217583168854,4.3661880836215365,0.9894239120841558,,,
208,True,0.0708274394273758,1.4822581248385176,1.2704182556527281,0.030734299507288686,0.027048689596122128,5.685339987523394,0.012829974900351471,0.8131832480430603,0.2623319465299048,,,GREEN: NOMINAL,1.0,0.1234118926696956,ELEVATED,0.3041999936103821,0.12400913841854268,False,0.35,0.3174476011651325,2.836774349837653,1.2817180572537294,4.39787867944046,0.9894140971373137,,,
209,True,0.09336494654417038,2.2959299358122824,1.2700805203840688,0.03079693015432557,0.02725170982524287,5.656764055978394,0.022560138682306857,0.815959095954895,0.25948507425016953,,,GREEN: NOMINAL,1.0,0.12428848077702591,ELEVATED,0.28380000591278076,0.11664735187127584,False,0.35,0.31938007013379005,2.9151517746078635,1.2819148889111522,4.427984745468437,0.9894042555544426,,,
210,False,0.025290988385677338,0.2027120722006694,1.2697540053647078,0.03079142421255692,0.02713422919102013,5.7189149380139925,0.0,0.8183321356773376,0.2569482648282081,,,GREEN: NOMINAL,0.995,0.12416419229624888,ELEVATED,,0.0,False,0.35,0.35,2.8562295086717238,1.2821113278343488,4.4565855081950145,0.9893944336082827,,,
211,True,0.06603388488292694,1.2897610303193132,1.269425996535261,0.030826666673227292,0.02729747401422355,5.690263348634936,0.014664420011592252,0.8206979632377625,0.2542277800085002,,,GREEN: NOMINAL,1.0,0.12504002810395262,ELEVATED,0.23119999468326569,0.09961923446177413,False,0.35,0.32384995095378427,2.833702121043372,1.2823076041725097,4.483756232785264,0.9893846197913747,,,
212,False,0.050138331949710846,0.6938526743638455,1.2691091877026273,0.030845978338503777,0.02780468293055892,5.751419253533036,0.0,0.8229470252990723,0.2516540462412423,,,GREEN: NOMINAL,0.995,0.12491498807584867,ELEVATED,,0.0,False,0.35,0.35,2.785217233899972,1.2825035052265863,4.5095684211460005,0.9893748247386709,,,
213,True,0.1155521422624588,3.017963286025323,1.2687908714380671,0.03093068450242773,0.028039260169886983,5.722711058263972,0.01119866455985376,0.8243985772132874,0.24981359457186664,,,GREEN: NOMINAL,1.0,0.12579007308777282,ELEVATED,0.19059999287128448,0.08819543970013932,False,0.35,0.3268486970787134,2.944853237419072,1.2827005182473046,4.534090000088701,0.989364974087635,,,
214,True,0.10128561407327652,2.4359738164286546,1.2684837352756433,0.03100103943199858,0.02885276277079247,5.694883503102681,0.011449757486487756,0.8261988162994385,0.24767030018247801,,,GREEN: NOMINAL,1.0,0.12666428301468505,ELEVATED,0.17659999430179596,0.08456794227569261,False,0.35,0.32780091515263066,3.030937068719339,1.282898000721225,4.557385500084266,0.989355099963939,,,
215,False,0.0303907822817564,0.021259474336734748,1.26818776003649,0.031000429174848337,0.02867648011590354,5.754155935378131,0.0,0.828003466129303,0.24576467450258627,,,GREEN: NOMINAL,0.995,0.12653761873167035,ELEVATED,,0.0,False,0.35,0.35,2.96467100495127,1.2830951289835806,4.579516225080052,0.9893452435508212,,,
216,True,0.08792493492364883,1.9470204791579873,1.2678902478921135,0.031057353680597137,0.02920749003505334,5.72627695145855,0.00702050664931204,0.8298090100288391,0.24392443312848516,,,GREEN: NOMINAL,1.0,0.1274110811129387,ELEVATED,0.1573999971151352,0.07983446235586719,False,0.35,0.3290434536315848,3.001181929438558,1.2832924581219134,4.6005404138260495,0.9893353770939045,,,
217,False,0.05413093790411949,0.7786264994548685,1.2676038775376415,0.03108042726482066,0.02960406646246556,5.784643762969795,0.0,0.8317445516586304,0.24200876584923184,,,GREEN: NOMINAL,0.995,0.12728367003182575,ELEVATED,,0.0,False,0.35,0.35,2.9396875303803833,1.2834894403569743,4.620513393134747,0.9893255279821515,,,
218,True,0.12353210151195526,3.078574779610789,1.2673159571618402,0.031172878939067793,0.03000064288987778,5.756729131175469,0.004622007091399246,0.8333101868629456,0.24058058054107975,,,GREEN: NOMINAL,1.0,0.12815638636179394,ELEVATED,0.1518000066280365,0.07850444904118534,False,0.35,0.3293925821266888,3.0936663278366967,1.2836872180172938,4.639487723478009,0.9893156390991354,,,
219,True,0.11119319498538971,2.6347642471079564,1.267039159792957,0.03125289925511412,0.03034058770837728,5.729632945389436,0.0029057593822081266,0.8346285820007324,0.23948254128942464,,,GREEN: NOMINAL,1.0,0.12902822997543215,ELEVATED,0.15060000121593475,0.07822233985352348,False,0.35,0.3294666357884501,3.1881952428434017,1.2838853767386644,4.657513337304108,0.9893057311630669,,,
220,False,0.04264773055911064,0.3710312545168636,1.2667734671154463,0.031264294086418114,0.030680532526876775,5.786281750027974,0.0,0.8351969718933105,0.23903303513999274,,,GREEN: NOMINAL,0.995,0.12889920174545672,ELEVATED,,0.0,False,0.35,0.35,3.1091416025417145,1.2840832217631986,4.674637670438902,0.9892958389118401,,,
221,True,0.1360057294368744,3.376074410606252,1.2665061960009691,0.03136903552176857,0.03099359824131243,5.759153065725629,0.004170892149297816,0.8355975151062012,0.23861458259277504,,,GREEN: NOMINAL,1.0,0.12977030254371125,ELEVATED,0.164000004529953,0.08143093947089879,False,0.35,0.328624378388889,3.276931541468815,1.2842816787510074,4.690905786916957,0.9892859160624496,,,
222,False,0.057440385222435,0.836813175840016,1.266250011542797,0.031395106871469236,0.031124364557024088,5.814974087550998,0.0,0.8356168866157532,0.23858247751418793,,,GREEN: NOMINAL,0.995,0.12964053224116753,ELEVATED,,0.0,False,0.35,0.35,3.189363273957527,1.2844798417489685,4.706360497571109,0.9892760079125515,,,
223,True,0.10784732550382614,2.387490038916749,1.2659922360217033,0.031471559090101596,0.031989983274810944,5.787826086956522,0.0072280323308903,0.8347784876823425,0.23920805338226864,,,GREEN: NOMINAL,1.0,0.13051089170892638,ELEVATED,0.18400000035762787,0.08646634646742625,False,0.35,0.32730258405230056,3.2496381288822622,1.2846782125199643,4.721042472692553,0.9892660893740017,,,
224,True,0.14697353541851044,3.5877549726165308,1.2657455294651034,0.03158706106643001,0.032161191394831985,5.761440360090022,0.0104606016954321,0.8337152004241943,0.23999659056354883,,,GREEN: NOMINAL,1.0,0.13138038081721745,ELEVATED,0.20200000703334808,0.09126389912873145,False,0.35,0.326043226478708,3.42403070442055,1.2848770616457892,4.7349903490579255,0.9892561469177105,,,
225,False,0.04190113767981529,0.3181216665222653,1.265509874407412,0.031597375143043394,0.03238937683627009,5.815687955422203,0.0,0.8325663208961487,0.24089195774431976,,,GREEN: NOMINAL,0.995,0.13124900043640023,ELEVATED,,0.0,False,0.35,0.35,3.320486270829859,1.2850756469013944,4.748240831605029,0.9892462176549301,,,
226,True,0.15276013314723969,3.7109332149237737,1.2652726009026567,0.03171853790104759,0.0326175622777082,5.78928458205643,0.011369612201542392,0.8314121961593628,0.2416054720863907,,,GREEN: NOMINAL,1.0,0.13211775143596383,ELEVATED,0.24160000681877136,0.10277635321182578,False,0.35,0.3230212072818957,3.4994018117181853,1.2852746566710793,4.760828790024777,0.9892362671664459,,,
227,False,0.051223888993263245,0.5953175294770231,1.2650463619400603,0.0317380432521398,0.03273185279499739,5.842772612003381,0.0,0.8299108743667603,0.24266578086086346,,,GREEN: NOMINAL,0.995,0.13198563368452787,ELEVATED,,0.0,False,0.35,0.35,3.387550947859962,1.2854734189602388,4.772787350523538,0.9892263290519879,,,
228,True,0.12874121963977814,2.9503059853910307,1.2648184923796046,0.03183504642852744,0.03284614331228659,5.816362688900469,0.015359479405516768,0.8277958631515503,0.24435683526225058,,,GREEN: NOMINAL,1.0,0.13285364805084335,ELEVATED,0.2930000126361847,0.11991166142443688,False,0.35,0.31852318887608533,3.482123522436426,1.2856723940020522,4.784147982997361,0.9892163802998972,,,
229,True,0.11987815797328949,2.66247037981917,1.2646016407409872,0.031923089540072204,0.03303513500089757,5.790664199054082,0.023637726444638976,0.8257891535758972,0.2460308206971836,,,GREEN: NOMINAL,1.0,0.1337207944027925,ELEVATED,0.31940001249313354,0.12979487458365935,False,0.35,0.3159288454217894,3.5376083517251096,1.2858714764524748,4.7949405838474926,0.9892064261773761,,,
230,False,0.07064522802829742,1.1699060518018882,1.2643957903957606,0.03196181167856043,0.03306540408963338,5.842705870258045,0.0,0.8237422108650208,0.2477747468355234,,,GREEN: NOMINAL,0.995,0.1335870736083897,ELEVATED,,0.0,False,0.35,0.35,3.4369146798890404,1.2860703547730488,4.805193554655117,0.9891964822613474,,,
231,True,0.23909644782543182,6.225489387838579,1.264188283074862,0.0321689463147073,0.03323875258946791,5.742439415181254,0.02010903482639615,0.8219180107116699,0.24967297713159212,,,GREEN: NOMINAL,1.0,0.1344534865347813,ELEVATED,0.36480000615119934,0.1487333785639519,True,0.35,0.3109574881269626,3.853209862997828,1.2862698661566054,4.814933876922361,0.9891865066921696,,,
232,True,0.08598363399505615,1.6097448659136493,1.2639917611497578,0.03222276100238765,0.03339713896969333,5.718691311653652,0.028740126103975628,0.819921612739563,0.251894378690884,,,GREEN: NOMINAL,1.0,0.13531903304824652,ELEVATED,0.4129999876022339,0.1718728985604723,False,0.35,0.30488336412787603,3.763543605524084,1.2864692817070795,4.824187183076243,0.9891765359146458,,,
233,True,0.09982176870107651,1.9948147559303218,1.2638062085578212,0.03229036001008634,0.03385347360712476,5.695550351288056,0.03084700627425408,0.8171865344047546,0.25487145879480166,,,GREEN: NOMINAL,1.0,0.13618371401519827,ELEVATED,0.4277999997138977,0.17967600883651044,False,0.35,0.30283504768041597,3.720381507795462,1.286668644647685,4.832977823922431,0.9891665677676156,,,
234,False,0.0708339512348175,1.1214822269331697,1.2636316095395808,0.03232890360131107,0.034334068528935315,5.744950726900186,0.0,0.8139441609382629,0.25825672202669475,,,GREEN: NOMINAL,0.995,0.13604753030118308,ELEVATED,,0.0,False,0.35,0.35,3.592514491881982,1.2868678223249665,4.841328932726309,0.9891566088837515,,,
235,True,0.24666257202625275,6.2203900909956324,1.2634553140212303,0.032543237269736014,0.03442217153976671,5.652074609821089,0.025291515796260173,0.8102067708969116,0.26212012661457607,,,GREEN: NOMINAL,1.0,0.1369114827708819,ELEVATED,0.47620001435279846,0.207754131836446,True,0.35,0.2954645403929329,3.988002662800142,1.2870674490628458,4.8492624860899936,0.9891466275468574,,,
236,True,0.08416655659675598,1.4943867204556658,1.2632899572763816,0.03259486058906304,0.034510274550598116,5.6306043801109125,0.032852188444724255,0.8057063817977905,0.26661956926044883,,,GREEN: NOMINAL,1.0,0.13777457128811102,ELEVATED,0.5580000281333923,0.26553731139842296,False,0.35,0.28029645575791395,3.8675105130306227,1.2872669742071519,4.856799361785494,0.9891366512896421,,,
237,True,0.095478855073452,1.7889368264384256,1.2631355241034814,0.03265774458354743,0.035116449927957726,5.609656453110492,0.031030970044404232,0.7999230623245239,0.27213358145857147,,,GREEN: NOMINAL,1.0,0.1386367967168229,ELEVATED,0.5691999793052673,0.2746109083073502,False,0.35,0.27791463656932053,3.786404526233012,1.2874664158415856,4.863959393696219,0.9891266792079204,,,
238,False,0.058484941720962524,0.7157522995274151,1.2629919996007806,0.032683571780684845,0.03604790366347879,5.656670689815245,0.0,0.7931674122810364,0.27842500271302745,,,GREEN: NOMINAL,0.995,0.13849815992010608,ELEVATED,,0.0,False,0.35,0.35,3.631443617294825,1.2876656549973375,4.870761424011408,0.9891167172501328,,,
239,True,0.1969701647758484,4.552285143805675,1.2628467406346517,0.03284785837368001,0.036052729830751196,5.635663181067694,0.02673450144378098,0.7854596972465515,0.2855061002481676,,,GREEN: NOMINAL,1.0,0.13935966176018597,ELEVATED,0.5928000211715698,0.29475819507156675,True,0.35,0.2726259737937137,3.845980616405285,1.2878651592737365,4.877223352810837,0.9891067420363129,,,
240,False,0.07779873162508011,1.2408637525961828,1.2627123766185173,0.03289280924693141,0.036189245019201184,5.682105842428689,0.0,0.7771627306938171,0.29329682166279875,,,GREEN: NOMINAL,0.995,0.13922030209842579,ELEVATED,,0.0,False,0.35,0.35,3.703214595975892,1.2880644999985122,4.883362185170295,0.9890967750000741,,,
241,True,0.14380475878715515,3.056269667399721,1.2625762673751664,0.03300372119647163,0.03625368493250571,5.6610476708355995,0.02835742580431966,0.7680878639221191,0.3018320409232902,,,GREEN: NOMINAL,1.0,0.14008108179632736,ELEVATED,0.6128000020980835,0.3129850060115897,False,0.35,0.2678414359219577,3.753568827202881,1.2882639037899524,4.88919407591178,0.989086804810502,,,
242,True,0.17441107332706451,3.889681677625467,1.2624510396786655,0.03314512854860222,0.036318124845810235,5.640483654276758,0.04096824967182259,0.7586948275566101,0.3107225190009856,,,GREEN: NOMINAL,1.0,0.14094100071453103,ELEVATED,0.6179999709129333,0.3179058251907185,False,0.35,0.2665497208874364,3.878954712372853,1.2884634396670374,4.894734372116191,0.9890768280166478,,,
243,False,0.03887690231204033,0.15677485792399534,1.2623366794280269,0.03315086032236566,0.03652398136728443,5.68583198996955,0.0,0.7484509348869324,0.32011216796212816,,,GREEN: NOMINAL,0.995,0.1408000597138165,ELEVATED,,0.0,False,0.35,0.35,3.6972129557994293,1.2886627724439432,4.899997653510381,0.9890668613778024,,,
244,True,0.11095906049013138,2.1022553800949373,1.2622205505492845,0.03322866852253343,0.03697476182179525,5.665220855094272,0.030921171283917158,0.7368293404579163,0.3302597911913107,,,GREEN: NOMINAL,1.0,0.1416592596541027,ELEVATED,0.6348000168800354,0.3343389603204861,False,0.35,0.2622360229158724,3.640418096338428,1.2888620251089409,4.9049977708348615,0.9890568987445525,,,
245,False,0.0659031793475151,0.8714625757326637,1.2621152764009533,0.03326134303335841,0.03745638335268013,5.710037174721189,0.0,0.7244929075241089,0.3410639913169696,,,GREEN: NOMINAL,0.995,0.1415176003944486,ELEVATED,,0.0,False,0.35,0.35,3.4738858596878566,1.2890609831687132,4.909747882293118,0.9890469508415639,,,
246,True,0.13583558797836304,2.7010295089199863,1.2620082232801273,0.033363917278303415,0.037938004883565,5.6893866480007,0.03185634132938629,0.710996150970459,0.3522285674448474,,,GREEN: NOMINAL,1.0,0.14237608279405417,ELEVATED,0.6565999984741211,0.35693556468277543,False,0.35,0.25630441427077144,3.4900516861659217,1.289259974293761,4.789260488178462,0.9890370012853115,,,
247,True,0.14386825263500214,2.840453668098475,1.2619120124856145,0.03347442161366011,0.03886485889954492,5.669204152249135,0.043937203783807784,0.6965319514274597,0.364500663636343,,,GREEN: NOMINAL,1.0,0.14323370671126012,ELEVATED,0.6571999788284302,0.35757860620727977,False,0.35,0.25613561587058903,3.5132964950753376,1.2894590111371365,4.674797463769538,0.9890270494431427,,,
248,False,0.023071834817528725,0.27392542758191324,1.2618266307064272,0.03346401902686398,0.037938004883565,5.713000605483955,0.0,0.6822253465652466,0.3766334742576365,,,GREEN: NOMINAL,0.995,0.14309047300454886,ELEVATED,,0.0,False,0.35,0.35,3.343373617964545,1.289657659478521,4.566057590581061,0.9890171170260734,,,
249,False,0.051068343222141266,0.4530177449599048,1.2617394474667523,0.03348162335105925,0.03882126046218909,5.756789482788445,0.0,0.66826993227005,0.38805885157521586,,,GREEN: NOMINAL,0.99,0.14294738253154432,ELEVATED,,0.0,False,0.35,0.35,3.1857168265973344,1.2898558090926497,4.462754711052008,0.989007209545367,,,
250,False,0.07941999286413193,1.1626514019765553,1.261650464947909,0.03352756172057233,0.0394722193303518,5.8005707861281675,0.0,0.6545960903167725,0.3985082134742199,,,GREEN: NOMINAL,0.985,0.14280443514901278,ELEVATED,,0.0,False,0.35,0.35,3.0556206094145684,1.2900534121049305,4.364616975499407,0.988997329394753,,,
251,True,0.11115057021379471,1.9405861843178511,1.261559685336603,0.033605184729065554,0.03995977406795136,5.779374037968188,0.024573650855120314,0.6419641375541687,0.4083448099922868,,,GREEN: NOMINAL,1.0,0.14366163071386376,ELEVATED,0.6854000091552734,0.38914627703632104,False,0.35,0.2478491022779657,3.0122304145449452,1.2902507992326437,4.271386126724437,0.9889874600383673,,,
252,True,0.13792814314365387,2.5533147047371334,1.261479725559081,0.03370950768748014,0.040816995751764625,5.758646934460888,0.04555624169845319,0.6313192248344421,0.41686380146742247,,,GREEN: NOMINAL,1.0,0.1445179690831499,ELEVATED,0.6905999779701233,0.3952645204880728,False,0.35,0.24624306337188087,3.030954030026864,1.2904482817914262,4.182816820388215,0.9889775859104283,,,
253,False,0.03658956289291382,0.06828848711640018,1.2614105727460228,0.033712387742685576,0.042132653273222964,5.801454422458988,0.0,0.6219788789749146,0.42441087828183727,,,GREEN: NOMINAL,0.995,0.14437345111406674,ELEVATED,,0.0,False,0.35,0.35,2.8878295966989547,1.290644936987131,4.098675979368804,0.988967753150643,,,
254,True,0.08930183947086334,1.2843982738862167,1.2613396008601474,0.033767977194413754,0.04323726012837142,5.780714225976416,0.03240894968643845,0.6146237850189209,0.4305189045322462,,,GREEN: NOMINAL,1.0,0.14522907766295268,ELEVATED,0.7021999955177307,0.4092618885921885,False,0.35,0.24256875424455052,2.7854237135084015,1.2908408397162205,4.018742180400364,0.9889579580141885,,,
255,False,0.0765034556388855,0.9613836889616967,1.261279424762873,0.03381071267285823,0.04440760068660602,5.823047332329821,0.0,0.6087839603424072,0.43559813125015817,0.3055217825706851,0.0033756419392972003,GREEN: NOMINAL,0.995,0.14508384858528972,ELEVATED,,0.0,False,0.35,0.35,2.662474801171497,1.2910356151721494,3.942805071380345,0.9889482192413921,,,
256,True,0.17716309428215027,3.1864674896404446,1.2612174198807284,0.03395406505446752,0.04494288100954145,5.802299611216808,0.03394388523182533,0.6048208475112915,0.4397941879132253,0.3085172109503079,0.0035754732424507748,GREEN: NOMINAL,1.0,0.14593876473670442,ELEVATED,0.7070000171661377,0.4151979234359002,False,0.35,0.24101054509807618,2.7700939406165324,1.291231391682143,3.8706648178113277,0.9889384304158925,,,
257,True,0.14886915683746338,2.542569907281538,1.261166199914214,0.03406898014625052,0.045151237085927276,5.781996726677578,0.04639217942480765,0.6031034588813782,0.44277848815490384,0.311356728839242,0.0037053774197043886,GREEN: NOMINAL,1.0,0.14679282597196772,ELEVATED,0.7111999988555908,0.42046249144812753,False,0.35,0.23962859599486652,2.801267395888796,1.2914274209388787,3.802131576920761,0.9889286289530557,,,
258,False,0.043049152940511703,0.19872800529028653,1.2611257527680086,0.03407796031904478,0.04514307185020298,5.823418705506914,0.0,0.6033701300621033,0.4442444565140569,0.314050010271374,0.0038223013501819053,GREEN: NOMINAL,0.995,0.14664603314599575,ELEVATED,,0.0,False,0.35,0.35,2.673503905421282,1.291622308920446,3.7370249980747228,0.9889188845539774,,,
259,True,0.11291301250457764,1.7342921080552662,1.2610834557375916,0.034156795371230314,0.04541116041960194,5.803108808290156,0.03332703589670179,0.6055877804756165,0.4447196887854134,0.31659723174787663,0.003945180401220827,GREEN: NOMINAL,1.0,0.14749938711284977,ELEVATED,0.7074000239372253,0.4156964684502926,False,0.35,0.24087967703179816,2.6331677566790286,1.2918167733563624,3.6751737481709865,0.9889091613321815,,,
260,False,0.08072421699762344,1.0184242349511583,1.2610519213164582,0.03420336279285671,0.045679248989000915,5.844086456731159,0.0,0.6082764267921448,0.444588184140371,0.31897416660171274,0.004022359013591933,GREEN: NOMINAL,0.995,0.14735188772573693,ELEVATED,,0.0,False,0.35,0.35,2.5254401057490665,1.2920099296663838,3.6164150607624372,0.9888995035166804,,,
261,True,0.17481374740600586,3.0596323521775446,1.2610185276878974,0.034343973177469865,0.04591067097606137,5.823774431272028,0.03046527358767031,0.6114822030067444,0.44330808175474135,0.32119187952847617,0.004045425703963621,GREEN: NOMINAL,1.0,0.1482045358380112,ELEVATED,0.6990000009536743,0.40535177965637476,False,0.35,0.2435951578402016,2.63467932648489,1.2922044105812598,3.5605943077243154,0.9888897794709366,,,
262,True,0.16722680628299713,2.8664555709829918,1.260995886755412,0.034476856010575395,0.046311532478034496,5.80388426476417,0.04359012923817356,0.6133193373680115,0.44275724833217045,0.3233083076848466,0.00404564725748506,GREEN: NOMINAL,1.0,0.1490563313021732,ELEVATED,0.7031999826431274,0.4104915019247783,False,0.35,0.24224598074474568,2.7140597038204057,1.2923996921381034,3.5075645923380994,0.9888800153930944,,,
263,False,0.03443678468465805,0.0008719379120444613,1.2609839871880941,0.03447681593924948,0.04591067097606137,5.844007609384908,0.0,0.6152527332305908,0.441987217135054,0.3253933644163964,0.004191015769989544,GREEN: NOMINAL,0.995,0.14890727497087103,ELEVATED,,0.0,False,0.35,0.35,2.597737296466031,1.292593756119192,3.457186362721194,0.98887031219404,,,
264,False,0.08001485466957092,0.9823147336609551,1.2609702081757364,0.03452235397797979,0.046311532478034496,5.884124593802013,0.0,0.617489755153656,0.4408259315795665,0.3274126390728066,0.004327302415423853,GREEN: NOMINAL,0.99,0.14875836769590015,ELEVATED,,0.0,False,0.35,0.35,2.4942965172176152,1.2927864805993727,3.409327044585134,0.9888606759700309,,,
265,True,0.12495499104261398,1.9451871590418692,1.260954551659485,0.034612786615044425,0.04644396504862234,5.863821775964857,0.02472658703254221,0.6203853487968445,0.43960534275664526,0.3293200868797913,0.004433396722177651,GREEN: NOMINAL,1.0,0.14960960932820425,ELEVATED,0.6887999773025513,0.3931358438874733,False,0.35,0.24680184097953822,2.497103519996113,1.2929792450731608,3.3638606923558774,0.9888510377463415,,,
266,True,0.14946231245994568,2.4586193722156673,1.2609496290201483,0.03472763614088932,0.046666302891634405,5.843931982296763,0.04060359282364236,0.6231682300567627,0.4380691708249922,0.3310991037029116,0.004525023690192354,GREEN: NOMINAL,1.0,0.15045999971887605,ELEVATED,0.6808000206947327,0.3838129563443975,False,0.35,0.24924909895959563,2.552143195970172,1.293172751512361,3.3206676577380834,0.9888413624243815,,,
267,False,0.03316328302025795,0.0336489093012332,1.2609554293982377,0.03472607178776869,0.04644396504862234,5.883229813664596,0.0,0.6259451508522034,0.43614195483024276,0.3327590722319554,0.004600516201340043,GREEN: NOMINAL,0.995,0.15030953971915717,ELEVATED,,0.0,False,0.35,0.35,2.4553040566153,1.2933648974881062,3.279634274851179,0.9888317551255942,,,
268,False,0.07590131461620331,0.8814511764757789,1.2609593325621735,0.03476724703059712,0.046666302891634405,5.922521543358435,0.0,0.6294831037521362,0.4336300829229262,0.33434349860372214,0.004624419989791771,GREEN: NOMINAL,0.99,0.15015923017943802,ELEVATED,,0.0,False,0.35,0.35,2.369893021552315,1.2935556143729543,3.24065256110862,0.9888222192813517,,,
269,True,0.11635943502187729,1.7077514965365563,1.2609613403915798,0.034848839218588404,0.047729775654477995,5.90224408238549,0.0243179930872022,0.633195161819458,0.4309639944809117,0.33594086159792585,0.004844179641625153,GREEN: NOMINAL,1.0,0.15100907094925858,ELEVATED,0.6565999984741211,0.35693556468277543,False,0.35,0.25630441427077144,2.365579595456222,1.2937462527097159,3.2036199330531887,0.9888126873645137,,,
270,True,0.14278362691402435,2.2449991318610585,1.2609740644503442,0.03495677400628384,0.048029797151125965,5.882370843795176,0.03796054039053533,0.6365036368370056,0.4285021728489471,0.3375476738830045,0.00506303904386865,GREEN: NOMINAL,1.0,0.15185806187830933,ELEVATED,0.6480000019073486,0.3478444109074691,False,0.35,0.25869084213678933,2.416906637230743,1.2939377850443978,3.168438936400529,0.9888031107477796,,,
271,False,0.030384846031665802,0.09569196552917182,1.2609974943464015,0.034952202078309215,0.047729775654477995,5.920876445526476,0.0,0.6390947103500366,0.426218751708258,0.3391648255331193,0.005252058645878151,GREEN: NOMINAL,0.995,0.15170620381643102,ELEVATED,,0.0,False,0.35,0.35,2.3381709758114204,1.2941279088988145,3.1350169895805027,0.9887936045550588,,,
272,False,0.06868836283683777,0.7046791595696142,1.2610190097173226,0.034985938239067746,0.047826623137760906,5.9593761886648915,0.0,0.6421816945075989,0.4234672833847608,0.3408204927612396,0.005440224061658794,GREEN: NOMINAL,0.99,0.15155449761261458,ELEVATED,,0.0,False,0.35,0.35,2.2689553649903065,1.2943166078623791,3.1032661401014776,0.9887841696068806,,,
273,True,0.10447929054498672,1.4176266890228197,1.2610386123800843,0.03505543159137366,0.04897189047806896,5.939138294667068,0.023537515850049116,0.6462510228157043,0.4204752372671349,0.34254431191154583,0.005658821849185742,GREEN: NOMINAL,1.0,0.15240294311500197,ELEVATED,0.6287999749183655,0.32837465708852004,False,0.35,0.26380165251426346,2.250283645635084,1.2945048894248157,3.0731028330964034,0.9887747555287588,,,
274,True,0.12950915098190308,1.8976239197881952,1.2610689147846712,0.03514988531076419,0.049724955870956176,5.919295890206609,0.03961965561245472,0.6505265831947327,0.4171972596744942,0.3443499933730837,0.005885500714184328,GREEN: NOMINAL,1.0,0.15325054017188697,ELEVATED,0.6259999871253967,0.325627874581571,False,0.35,0.2645226829223376,2.2833024021417168,1.294693899270078,3.044447691441583,0.9887653050364957,,,
275,False,0.02819192036986351,0.14193871031122715,1.2611099070025722,0.035142927345823284,0.04897189047806896,5.957040572792363,0.0,0.6546080112457275,0.41392299729837123,0.346264513702291,0.006212554182386231,GREEN: NOMINAL,0.995,0.15309728963171507,ELEVATED,,0.0,False,0.35,0.35,2.2234615637216395,1.2948815549697308,3.017225306869504,0.9887559222515131,,,
276,False,0.066480353474617,0.6326447237644061,1.2611489678338768,0.03517426477195208,0.04948446976114064,5.994779625624581,0.0,0.6589610576629639,0.410205292286567,0.34827212094821774,0.0066590057729632515,GREEN: NOMINAL,0.99,0.15294419234208334,ELEVATED,,0.0,False,0.35,0.35,2.1716975648431873,1.295067910123244,2.9913640415260283,0.9887466044938374,,,
277,True,0.10920583456754684,1.479046219102112,1.2611860990318142,0.03524829634174768,0.05000353421727195,5.974593796159527,0.02226055314683159,0.6624956727027893,0.40719260218281905,0.3503174487531321,0.007095027009571137,GREEN: NOMINAL,1.0,0.15379124814974127,ELEVATED,0.6064000129699707,0.30703302585985864,False,0.35,0.2694038307117871,2.174858117305168,1.2952543483401842,2.966795839449727,0.9887372825829904,,,
278,True,0.12123462557792664,1.7002360361990547,1.2612339146328568,0.03533428267098386,0.05052259867340326,5.954794821154268,0.03645334042095063,0.6665719151496887,0.40371982106748494,0.3524002229342429,0.007589902831836462,GREEN: NOMINAL,1.0,0.15463745690159153,ELEVATED,0.6060000061988831,0.3066648009748436,False,0.35,0.2695004897441035,2.201481760830722,1.2954414671499457,2.9434560474772407,0.9887279266425023,,,
279,False,0.03422042354941368,0.02225333228674567,1.2612924051683025,0.03533316881186229,0.05000353421727195,5.991808074897601,0.0,0.6709792017936707,0.3999986111344376,0.35450590861893694,0.008169670164376443,GREEN: NOMINAL,0.995,0.15448281944468994,ELEVATED,,0.0,False,0.35,0.35,2.155957458173864,1.2956274012732254,2.9212832451033783,0.9887186299363383,,,
280,False,0.09026288986206055,1.0861434837087258,1.2613489478968405,0.035388098532912485,0.05052259867340326,6.028815914576172,0.0,0.6752867698669434,0.3962174319989202,0.3565913936032895,0.008792913762820652,GREEN: NOMINAL,0.99,0.15432833662524525,ELEVATED,,0.0,False,0.35,0.35,2.125918214424231,1.2958124968916649,2.9002190828482095,0.9887093751554163,,,
281,True,0.1653827279806137,2.5556818395613643,1.2614035445068785,0.03551809316236018,0.050814085230790076,6.008693132425384,0.022661103641908927,0.6798702478408813,0.39198629107420924,0.35864831533205194,0.009447091873996167,GREEN: NOMINAL,1.0,0.15517400828862002,ELEVATED,0.6007999777793884,0.30191792602808615,False,0.35,0.2707465444176274,2.2485386523910362,1.296000738689758,2.880208128705799,0.9886999630655117,,,
282,True,0.155559703707695,2.3413260552423103,1.261468811319265,0.03563813477290552,0.05121950813569128,5.988948690348044,0.03481341219322866,0.6836407780647278,0.3884015978235819,0.3607279134362385,0.010130356470634589,GREEN: NOMINAL,1.0,0.1560188342803314,ELEVATED,0.604200005531311,0.3050132735742649,False,0.35,0.26993401568675546,2.3388097250207394,1.2961908748419535,2.861197722270509,0.9886904562579019,,,
283,False,0.05548838526010513,0.3878675500656779,1.2615447393214836,0.03565798502339272,0.05112673187884502,6.025258323765787,0.0,0.6865418553352356,0.3852898235962906,0.36294440842602027,0.01082565171278423,GREEN: NOMINAL,0.995,0.15586281544605107,ELEVATED,,0.0,False,0.35,0.35,2.285872763682206,1.2963799394990065,2.8431378361569832,0.9886810030250492,,,
284,True,0.15114548802375793,2.2295745254461057,1.2616187035294908,0.03577347252639309,0.05174620277574286,6.00554489230113,0.027271126858737036,0.6898971796035767,0.38202442867091274,0.36549584495797954,0.011737617635468517,GREEN: NOMINAL,1.0,0.15670695263060502,ELEVATED,0.6087999939918518,0.309251623469377,False,0.35,0.2688214488392885,2.363706808645426,1.2965705435304322,2.825980944349134,0.988671472823478,,,
285,False,0.09751661121845245,1.1877673014965866,1.2617033225359622,0.03583521566508514,0.05193053847807459,6.041512652829116,0.0,0.6929551362991333,0.3787897018064123,0.3684788095842043,0.012895224769989977,GREEN: NOMINAL,0.995,0.15655024567797443,ELEVATED,,0.0,False,0.35,0.35,2.330164902469317,1.2967605119715613,2.8096818971316773,0.9886619744014216,,,
286,True,0.2018824815750122,3.1752650171259527,1.2617859699100888,0.036001262930995065,0.05224169250419363,6.021832523417142,0.025701309261937616,0.6953465342521667,0.3758401002850408,0.3718508186388091,0.014103443847000527,GREEN: NOMINAL,1.0,0.15739369543229645,ELEVATED,0.6222000122070312,0.32193682015803193,False,0.35,0.26549158470851664,2.5010997317480936,1.2969533330105043,2.794197802275093,0.9886523333494744,,,
287,True,0.2104942947626114,3.3151988362205898,1.2618792659706823,0.036175755962826676,0.05258162403269671,6.002512212142359,0.03424930176894089,0.6975999474525452,0.3727424158411468,0.3755906161147754,0.015363753269244244,GREEN: NOMINAL,1.0,0.15823630173686415,ELEVATED,0.6269999742507935,0.32660621238239995,False,0.35,0.26426586924962,2.6701123272021556,1.2971481866462293,2.7794879121613385,0.9886425906676882,,,
288,False,0.035075392574071884,0.021041872356600946,1.2619832024347841,0.03617465559943792,0.05224169250419363,6.037820110250506,0.0,0.7013626098632812,0.3686196120320612,0.37968143104697133,0.016707687592981656,GREEN: NOMINAL,0.995,0.15807806543512729,ELEVATED,,0.0,False,0.35,0.35,2.59008813645536,1.2973421604966384,2.7655135165532716,0.9886328919751678,,,
289,False,0.08022969216108322,0.837003084912638,1.2620851503813124,0.036218710635999574,0.05258162403269671,6.073123081216857,0.0,0.7056773900985718,0.3638717055192627,0.3840669900345155,0.0180836265276189,GREEN: NOMINAL,0.99,0.15791998736969215,ELEVATED,,0.0,False,0.35,0.35,2.5204433308776997,1.29753524925864,2.752237840725608,0.9886232375370677,,,
290,True,0.13595998287200928,1.882815610900662,1.2621851113242122,0.036318451908235586,0.05292155556119978,6.053515868077162,0.022584241044287003,0.7097817659378052,0.3593203900389915,0.38867887462426964,0.019423956308936483,GREEN: NOMINAL,1.0,0.15876206738232246,ELEVATED,0.6502000093460083,0.3501477845794687,False,0.35,0.25808620654788944,2.548472333845659,1.2977287086308862,2.7396259486893273,0.9886135645684554,,,
291,True,0.14551745355129242,2.0407250942427555,1.2622957096794367,0.036427650909878644,0.053456392999319355,6.034260655063725,0.035175456752674035,0.7143241763114929,0.35449379804428466,0.39347583954684917,0.020719493338155454,GREEN: NOMINAL,1.0,0.15960330531494013,ELEVATED,0.6593999862670898,0.35994643826489264,False,0.35,0.25551405995546567,2.5914826537082014,1.2979226990128587,2.727644651254861,0.9886038650493567,,,
292,False,0.05031810700893402,0.25900744114231644,1.2624169376112657,0.0364415413659777,0.053575934273377056,6.06892771497088,0.0,0.7192670106887817,0.3494942381862291,0.39842492040418237,0.022004631795485886,GREEN: NOMINAL,0.995,0.15944370200962518,ELEVATED,,0.0,False,0.35,0.35,2.5269179191755033,1.2981158751758495,2.841262418692118,0.9885942062412072,,,
293,True,0.14662353694438934,2.0292250954319075,1.2625361621344884,0.03655172336155611,0.05424327435661107,6.049707999456743,0.02617928612919547,0.7244847416877747,0.3445350550208945,0.4034345151538954,0.02323195021381577,GREEN: NOMINAL,1.0,0.16028425830761556,ELEVATED,0.6814000010490417,0.38450441915447525,False,0.35,0.24906758997195022,2.5749713683463247,1.2983096669232403,2.949199297757512,0.9885845166538376,,,
294,False,0.08202368766069412,0.8307663188714846,1.2626660112915262,0.03659719532585525,0.05468022872731089,6.084063285122564,0.0,0.7301145792007446,0.33931496551822105,0.40833184140155815,0.02431048961712698,GREEN: NOMINAL,0.995,0.16012397404930795,ELEVATED,,0.0,False,0.35,0.35,2.5166594503439557,1.2985027040981256,3.0517393328696363,0.9885748647950934,,,
295,True,0.16667625308036804,2.350952587139573,1.2627938497418953,0.036727274383609766,0.0552750316648744,6.06488087225737,0.02314182341233838,0.7359377145767212,0.33400742823053137,0.4128821825620919,0.02516937145111745,GREEN: NOMINAL,1.0,0.16096385007525865,ELEVATED,0.6985999941825867,0.40486564103321987,False,0.35,0.24372276922877978,2.6025582744562596,1.29869682420171,3.1491523662261542,0.9885651587899141,,,
296,True,0.18299271166324615,2.5927805173112204,1.2629323081563886,0.03687353982088941,0.056356167005561286,6.046033758089266,0.028425180044179352,0.7414994835853577,0.3292356532040671,0.41684282956086327,0.025749625708851108,GREEN: NOMINAL,1.0,0.1618028862251834,ELEVATED,0.7070000171661377,0.4151979234359002,False,0.35,0.24101054509807618,2.7063206737138046,1.2988920330396587,3.2416947479148464,0.9885553983480166,,,
297,False,0.0322410948574543,0.08372338068532507,1.263081379417004,0.03686890737592598,0.0552750316648744,6.079786524349567,0.0,0.7468452453613281,0.3248046616700727,0.42002982934627403,0.026008775423060394,GREEN: NOMINAL,0.995,0.1616410833389582,ELEVATED,,0.0,False,0.35,0.35,2.6404997367663934,1.2990865769574622,3.3296100105191044,0.9885456711521264,,,
298,False,0.08639566600322723,0.8779382008679102,1.2632284243316652,0.03691843413455328,0.056356167005561286,6.11353478753919,0.0,0.7517948746681213,0.32081816424813253,0.4223589684987871,0.025926079169965192,GREEN: NOMINAL,0.99,0.16147944225561925,ELEVATED,,0.0,False,0.35,0.35,2.583725050998792,1.2992804748054094,3.4131295099931496,0.9885359762597291,,,
299,True,0.16870079934597015,2.3250770096916846,1.2633734442327715,0.0370502164997647,0.05662203114023432,6.094431953445311,0.011771619447429521,0.7564918398857117,0.3171284285078485,0.4238694625127133,0.025659143730251226,GREEN: NOMINAL,1.0,0.16231796281336364,ELEVATED,0.7465999722480774,0.46757286414907284,False,0.35,0.22726212316086836,2.6678416891354786,1.2994753053196533,3.492473034493492,0.9885262347340169,,,
300,True,0.15115419030189514,2.011882813078209,1.2635290756889417,0.037164320473566825,0.05665830489099025,6.07565724775454,0.015637449584511503,0.7600175142288208,0.3144967583924416,0.42458660063921116,0.025334107393258313,GREEN: NOMINAL,1.0,0.16315564485055029,ELEVATED,0.7595999836921692,0.4861684797892408,False,0.35,0.22238077405532428,2.7132393800758012,1.2996705792203815,3.5678493827688174,0.9885164710389805,,,
301,False,0.05303579196333885,0.27845111482423834,1.2636953120212138,0.037180191945056604,0.05694213157771155,6.108823915038679,0.0,0.7619583606719971,0.31315395296577225,0.4244334275229608,0.024712233059687314,GREEN: NOMINAL,0.995,0.16299248920569973,ELEVATED,,0.0,False,0.35,0.35,2.6523392710090077,1.2998652491141887,3.6394569136303767,0.9885067375442902,,,
302,True,0.14454010128974915,1.867256499841534,1.2638595081645734,0.037287551854401295,0.0574385733531788,6.0900877478063045,0.00688135162776687,0.763252854347229,0.31231270176899534,0.4234332412982652,0.02378440804772442,GREEN: NOMINAL,1.0,0.16382949671649402,ELEVATED,0.7789999842643738,0.5153030796692911,False,0.35,0.21473294158681105,2.685825775674029,1.300060259983271,3.707484067948858,0.9884969870008361,,,
303,False,0.09860774129629135,1.0651431893340544,1.2640343056602843,0.037348872043843184,0.05751233248813078,6.122968932796049,0.0,0.7631168365478516,0.31253911968130177,0.4217316360598234,0.022602062966619915,GREEN: NOMINAL,0.995,0.16366566721977752,ELEVATED,,0.0,False,0.35,0.35,2.6351056571795453,1.3002547455372035,3.772109864551415,0.9884872627231395,,,
304,True,0.2175256907939911,3.125696446105887,1.2642070561855265,0.037529048862593326,0.05758609162308275,6.104272733131404,0.00349261037969295,0.7616816759109497,0.31387495031469725,0.41957343307490913,0.021235298042693154,GREEN: NOMINAL,1.0,0.16450200155255773,ELEVATED,0.7968000173568726,0.5435682811999308,False,0.35,0.20731332618501816,2.796445152326355,1.3004507366985512,3.833504371323844,0.9884774631650721,,,
305,True,0.19953155517578125,2.805559433334116,1.2643904048067307,0.03769105136890651,0.05768564439732581,6.085889570552148,0.0017632824010222698,0.7579161524772644,0.31735768540636183,0.41728348373458096,0.01988848151782024,GREEN: NOMINAL,1.0,0.16533749955100518,ELEVATED,0.8027999997138977,0.5534410697645645,False,0.35,0.20472171918680182,2.907962418281009,1.300647522838864,3.8918291527576523,0.9884676238580565,,,
306,False,0.05155929550528526,0.24039629625722753,1.2645843455518413,0.03770491961304289,0.05763140326179564,6.118218416512237,0.0,0.7522352933883667,0.3226115273006067,0.4151237203241784,0.018737135946679813,GREEN: NOMINAL,0.995,0.16517216205145419,ELEVATED,,0.0,False,0.35,0.35,2.823735420864276,1.300843724918887,3.94723769511977,0.9884578137540554,,,
307,True,0.1348886638879776,1.6774418960682955,1.26477622489378,0.037802103357317825,0.057877748706657434,6.099873257287706,0.0025313617624877554,0.7449536323547363,0.32899346314616656,0.41318537360461655,0.017674730723428445,GREEN: NOMINAL,1.0,0.16600698988940274,ELEVATED,0.8011999726295471,0.5507908733285809,False,0.35,0.2054173957512475,2.8139842105249917,1.3010398529273195,3.9998758103637817,0.9884480073536338,,,
308,False,0.09743509441614151,1.0236296437236614,1.2649786937003706,0.03786173634837665,0.058198156367428595,6.131930802864204,0.0,0.7359752655029297,0.33686404419132254,0.4115120286780932,0.016572479408051267,GREEN: NOMINAL,0.995,0.16584098289951332,ELEVATED,,0.0,False,0.35,0.35,2.735988936787382,1.3012353346683059,4.049882019845593,0.9884382332665845,,,
309,True,0.2125251740217209,2.98043690076154,1.2651790946312416,0.03803639978604999,0.0585446966486983,6.1136249371543485,0.006060585834480364,0.7264651656150818,0.3451795048898695,0.4102198098602289,0.015478596260952706,GREEN: NOMINAL,1.0,0.1666751419166138,ELEVATED,0.7925999760627747,0.5367622221575618,False,0.35,0.20909991668364003,2.859347430005112,1.3014317955328567,4.097387918853313,0.988428410223357,,,
310,True,0.2013104408979416,2.7705198198335816,1.265390082631556,0.03819967382716188,0.05887370518092066,6.0956180265536375,0.010459266229456426,0.7146113514900208,0.35532628693795376,0.4094795416991643,0.014609940692774546,GREEN: NOMINAL,1.0,0.1675084667746972,ELEVATED,0.7861999869346619,0.5265547105160534,False,0.35,0.21177938848953598,2.944838062409597,1.3016288084635956,4.017518522910647,0.9884185595768201,,,
311,False,0.042830247431993484,0.0790155777727415,1.2656116524299152,0.038204304400766706,0.0585446966486983,6.12715033657442,0.0,0.7018150091171265,0.366083556168167,0.4093618733477311,0.014009896528197821,GREEN: NOMINAL,0.995,0.1673409583079225,ELEVATED,,0.0,False,0.35,0.35,2.838035924851329,1.301825116640926,3.9416425967651145,0.9884087441679535,,,
312,False,0.10188840329647064,1.0806252910582201,1.2658311406490335,0.03826798849966241,0.05887370518092066,6.158678716110938,0.0,0.6875322461128235,0.3776527754535646,0.4098210862641326,0.013680602552563837,GREEN: NOMINAL,0.99,0.16717361734961458,ELEVATED,,0.0,False,0.35,0.35,2.745544360645076,1.3020206829618057,3.869560466926859,0.9883989658519096,,,
313,True,0.16466081142425537,2.1406313921621556,1.2660485483132666,0.038394381322587004,0.05898560142768547,6.140454995054402,0.009008411728522061,0.6726582050323486,0.3893805573760016,0.4107242234106292,0.013640619093839242,GREEN: NOMINAL,1.0,0.16800644373226498,ELEVATED,0.7742000222206116,0.5079359442561303,False,0.35,0.2166668146327658,2.7637668534708566,1.3022164062624888,3.801082443580516,0.9883891796868755,,,
314,True,0.18759331107139587,2.5220988482478335,1.2662765391586475,0.03854358025233581,0.05909749767445027,6.122524069418041,0.014274082765787965,0.6572154760360718,0.40117198866821385,0.4118669398260064,0.013908504159456627,GREEN: NOMINAL,1.0,0.1688384372885327,ELEVATED,0.7712000012397766,0.503384998903644,False,0.35,0.21786143778779343,2.813153666810518,1.3024125278962733,3.73602832140149,0.9883793736051862,,,
315,False,0.046164609491825104,0.12907231639544445,1.2665151083410235,0.038551201281575305,0.05898560142768547,6.153544272749571,0.0,0.6414399147033691,0.4132282868587697,0.4129793410434247,0.014505461980880473,GREEN: NOMINAL,0.995,0.16866959885124416,ELEVATED,,0.0,False,0.35,0.35,2.698057683317034,1.3026076578697134,3.674226905331415,0.9883696171065143,,,
316,False,0.11110422015190125,1.226455750304826,1.2667515837049552,0.03862375430044564,0.05909749767445027,6.1845606720215835,0.0,0.6256642937660217,0.4249143952676258,0.4137111870543766,0.015417717978450082,GREEN: NOMINAL,0.99,0.1685009292523929,ELEVATED,,0.0,False,0.35,0.35,2.612436272467391,1.3028018913383541,3.615515560064844,0.9883599054330823,,,
317,True,0.18167375028133392,2.405080836229036,1.266985966200061,0.03876680429642653,0.059418770393170416,6.166423357664233,0.010561008878077264,0.611120879650116,0.4354364842824248,0.41362385723638195,0.01656361695812162,GREEN: NOMINAL,1.0,0.16933242832314052,ELEVATED,0.767799973487854,0.4982765277119462,False,0.35,0.21920241147561412,2.649108529795611,1.3029965271436235,3.5597397820616017,0.9883501736428189,,,
318,True,0.20304785668849945,2.758790414228534,1.26723092903171,0.03893108534881861,0.059488669560849666,6.148572807917446,0.017570112753781633,0.5994807481765747,0.44440193262551086,0.41221078239149667,0.01777270810661407,GREEN: NOMINAL,1.0,0.17016309589481737,ELEVATED,0.7648000121116638,0.49381221597600844,False,0.35,0.22037429330629776,2.713630579557722,1.3031918046969624,3.5067527929585216,0.9883404097651519,,,
319,False,0.05203595012426376,0.22033037412323284,1.2674864677805353,0.038944190213594056,0.059418770393170416,6.179097272507844,0.0,0.5888588428497314,0.45258564333452844,0.40896046599759245,0.018782488307814392,GREEN: NOMINAL,0.995,0.16999293279892255,ELEVATED,,0.0,False,0.35,0.35,2.5901726108815435,1.303385779550062,3.4564151533105956,0.9883307110224969,,,
320,True,0.12700021266937256,1.4803333600146968,1.2677399008317798,0.03903224623604983,0.05942443020567298,6.161288391306951,0.012882663164773007,0.5815614461898804,0.4585436239065188,0.40347158505007963,0.01927884228817193,GREEN: NOMINAL,1.0,0.17082293986612362,ELEVATED,0.7634000182151794,0.49174256300553315,False,0.35,0.22091757721104752,2.5253797529098985,1.3035789350480975,3.4085943956450655,0.9883210532475951,,,
321,False,0.10703975707292557,1.1344098876186073,1.2680039090351696,0.039100253746886714,0.059889731275755906,6.1915708812260535,0.0,0.5770282745361328,0.4627944975378286,0.3955970667067091,0.018981976858759467,GREEN: NOMINAL,0.995,0.1706521169262575,ELEVATED,,0.0,False,0.35,0.35,2.430467518743842,1.3037706892837522,3.363164675862812,0.9883114655358124,,,
322,True,0.24442563951015472,3.3979204255472424,1.2682658057277678,0.03930557913264998,0.060366351970843966,6.173804573804574,0.012916117786983998,0.5743043422698975,0.46635406050314265,0.38556108515946413,0.017745932005637996,GREEN: NOMINAL,1.0,0.17148146480933124,ELEVATED,0.7630000114440918,0.4911528158660761,False,0.35,0.22107238583515498,2.5718581862714096,1.3039644428612311,3.3200064420696713,0.9883017778569384,,,
323,True,0.21155595779418945,2.8412193281363516,1.2685382770648834,0.03947782951131152,0.060564887257665394,6.156312625250501,0.017296666099259395,0.5741117596626282,0.4682321375020634,0.3739855950413001,0.01562531834735041,GREEN: NOMINAL,1.0,0.1723099833445219,ELEVATED,0.7591999769210815,0.48558541765100033,False,0.35,0.22253382786661238,2.642614674362444,1.304159009496017,3.2790061199661875,0.9882920495251991,,,
324,False,0.05594079941511154,0.2714703791602316,1.268821319315381,0.039494292481215325,0.06058306244965642,6.186126009312194,0.0,0.5747252702713013,0.4691954651057386,0.36179112561144156,0.012867246434860794,GREEN: NOMINAL,0.995,0.17213767336117738,ELEVATED,,0.0,False,0.35,0.35,2.5201584279520013,1.3043520943869324,3.240055813967878,0.9882823952806533,,,
325,True,0.1421741396188736,1.6827729296383342,1.2691022379278631,0.039596972328352985,0.060957224521413444,6.168674698795181,0.012988855367445531,0.576906144618988,0.4692531210601882,0.35000102875598743,0.009833649806871042,GREEN: NOMINAL,1.0,0.1729655356878162,ELEVATED,0.7562000155448914,0.4812348119967986,False,0.35,0.22367586185084037,2.4797276595776307,1.3045446077825118,3.203053023269484,0.9882727696108743,,,
326,False,0.10982812941074371,1.1439644498942585,1.269393727525022,0.03966720348543538,0.06133138659317046,6.198257208023861,0.0,0.5806980133056641,0.46825618126179125,0.33952579006173284,0.006901790947081459,GREEN: NOMINAL,0.995,0.17279257015212837,ELEVATED,,0.0,False,0.35,0.35,2.3900125566357024,1.3047356826261736,3.1679003721060095,0.9882632158686913,,,
327,True,0.24482671916484833,3.3172087431898505,1.2696830879559617,0.03987236300111479,0.06178518508505076,6.180847359257109,0.014255626146196004,0.5842403769493103,0.466832692548105,0.33100270377965424,0.004383439233045654,GREEN: NOMINAL,1.0,0.17361977758197625,ELEVATED,0.751800000667572,0.4749242325948351,False,0.35,0.22533238894385574,2.5292740461609187,1.3049288903244307,3.134505353500709,0.9882535554837784,,,
328,True,0.22134412825107574,2.912809353009846,1.2699830196975437,0.04005383476636475,0.062238983576931056,6.163700247681585,0.02011782997607028,0.5878073573112488,0.4654673855270547,0.3247145917304252,0.002423847092663726,GREEN: NOMINAL,1.0,0.17444615780439426,ELEVATED,0.7513999938964844,0.4743546556887407,False,0.35,0.22548190288170555,2.6148623728057885,1.305123151305188,3.1027800858256733,0.9882438424347405,,,
329,False,0.0535016767680645,0.21645927356790137,1.270293519701742,0.04006728260836645,0.06206430400628596,6.192834926851745,0.0,0.5913896560668945,0.4634602222787494,0.32065874609921696,0.0010549042931139645,GREEN: NOMINAL,0.995,0.17427171164658986,ELEVATED,,0.0,False,0.35,0.35,2.4996307932424395,1.3053159516023936,3.0726410815343894,0.9882342024198802,,,
330,True,0.1326497346162796,1.4805581573634814,1.2706018791024476,0.04015986506037437,0.0624695957371965,6.175727433830675,0.015646007495718896,0.5935972332954407,0.46194203059307365,0.31868133654444064,0.0002679885554426549,GREEN: NOMINAL,1.0,0.17509743993494328,ELEVATED,0.7476000189781189,0.4689777546711108,False,0.35,0.22689333939883338,2.445712691877721,1.305507948505678,3.04400902745767,0.988224602574716,,,
331,False,0.10813434422016144,1.0869568779760772,1.270920807665646,0.040227839539534155,0.06247396383108571,6.204641591402766,0.0,0.5953865647315979,0.4607502522227709,0.3185453518428255,0.00019311180136973003,GREEN: NOMINAL,0.995,0.17492234249500835,ELEVATED,,0.0,False,0.35,0.35,2.3581160522920737,1.3056984493953643,3.0168085760847863,0.9882150775302316,,,
332,True,0.24476133286952972,3.265699613895693,1.271237590375369,0.04043237303286415,0.06256820405870675,6.187574468085106,0.018641464343159476,0.5970836877822876,0.45905572794935307,0.31981121833744264,0.0007761115321293456,GREEN: NOMINAL,1.0,0.17574742015251335,ELEVATED,0.741599977016449,0.46061161769675446,False,0.35,0.22908945035460193,2.4995395170798917,1.3058912484017906,2.990968147280547,0.9882054375799103,,,
333,True,0.2152857929468155,2.783448847661689,1.2715649433995706,0.0406072264527781,0.06275616188915446,6.170759179995494,0.024653904096896048,0.5990900993347168,0.45724652265286,0.3219142773589128,0.0016442426443140127,GREEN: NOMINAL,1.0,0.17657167273236085,ELEVATED,0.7365999817848206,0.4537540106039573,False,0.35,0.23088957221646117,2.5789902378862783,1.3060850890841895,2.9664197399165193,0.9881957455457904,,,
334,False,0.055258966982364655,0.2340232226628972,1.2719028643685488,0.04062187819330769,0.06254545434638857,6.1992453680238775,0.0,0.6010777354240417,0.45521124993618467,0.3244074533000151,0.0026991738939545124,GREEN: NOMINAL,0.995,0.1763951010596285,ELEVATED,,0.0,False,0.35,0.35,2.4709552482825017,1.3062774724927777,2.9430987529206933,0.988186126375361,,,
335,True,0.13958054780960083,1.5752988705920494,1.2722386287257006,0.040720836862923986,0.06275616188915446,6.182468694096601,0.018438348231621656,0.6029489040374756,0.4532791621009073,0.3269492421387809,0.0038668939243521393,GREEN: NOMINAL,1.0,0.17721870595856887,ELEVATED,0.7167999744415283,0.4275858993339327,False,0.35,0.23775870142484268,2.43306831574839,1.3064692686307946,2.9209438152746587,0.9881765365684602,,,
336,False,0.10925605148077011,1.0871349078038404,1.2725849627488262,0.04078937207754183,0.06297900923956186,6.21074403264576,0.0,0.6041222810745239,0.45231856833580164,0.32926811435452996,0.005102844921575869,GREEN: NOMINAL,0.995,0.1770414872526103,ELEVATED,,0.0,False,0.35,0.35,2.3502014181451893,1.3066596216153978,2.8998966245109257,0.98816701891923,,,
337,True,0.24454501271247864,3.224410582875546,1.2729291351818817,0.040993127718176765,0.06312840122636407,6.1940066592674805,0.018032151994156136,0.6061369180679321,0.4511415456839325,0.3311161140966143,0.006338491427721009,GREEN: NOMINAL,1.0,0.17786444576535768,ELEVATED,0.701200008392334,0.40803595852451546,False,0.35,0.2428905608873147,2.491678221753931,1.3068523085951014,2.8799017932853794,0.9881573845702448,,,
338,True,0.21972689032554626,2.8217644734110285,1.273283879251825,0.04117186148078413,0.06327779321316629,6.177510880943199,0.024355231529677605,0.6093668937683105,0.44926616747436904,0.3322765527185674,0.007505799386976813,GREEN: NOMINAL,1.0,0.1786865813195923,ELEVATED,0.6898000240325928,0.39431707758022844,False,0.35,0.24649176713519,2.5794535783074988,1.3070461548948098,2.86090670362111,0.9881476922552594,,,
339,False,0.05388205498456955,0.20003699420208962,1.2736491932628213,0.04118457167428792,0.06347567539159209,6.20537681798149,0.0,0.611958920955658,0.4473614530740005,0.33257937485242955,0.008552470204968602,GREEN: NOMINAL,0.995,0.17850789473827272,ELEVATED,,0.0,False,0.35,0.35,2.4751012397403875,1.3072386000109981,2.8428613684400545,0.98813806999945,,,
340,True,0.13460883498191833,1.4610668823853652,1.2740123355938289,0.04127799593759555,0.06387855352107435,6.188918667614724,0.018468971985836306,0.6151183247566223,0.4453780531917236,0.33190469515783466,0.009434225995061002,GREEN: NOMINAL,1.0,0.17932938684353444,ELEVATED,0.66839998960495,0.3697973850957425,False,0.35,0.2529281864123676,2.429328468755139,1.3074303358291066,2.825718300018052,0.9881284832085445,,,
341,False,0.10835382342338562,1.044669364170795,1.2743860504016213,0.041345071765081336,0.06414350219937041,6.216582804637935,0.0,0.6187392473220825,0.4429616903882824,0.3301879649564512,0.010116397822963086,GREEN: NOMINAL,0.995,0.1791500574566909,ELEVATED,,0.0,False,0.35,0.35,2.347372492476257,1.3076206354050404,2.809432385017149,0.9881189682297479,,,
342,True,0.24511538445949554,3.1568817662951494,1.2747575888167333,0.041548842077775754,0.0644834230268374,6.200162910670649,0.018901842890005575,0.6219766736030579,0.4406953382140474,0.3274221192023305,0.010572248221646985,GREEN: NOMINAL,1.0,0.17997090739923421,ELEVATED,0.6398000121116638,0.33939184177632264,False,0.35,0.26090964153371526,2.4876436292416924,1.3078132642277407,2.7939607657662915,0.9881093367886129,,,
343,True,0.215950608253479,2.680530859810221,1.2751397024918498,0.04172324384395146,0.06499733579708263,6.1839749811280065,0.025702911287988274,0.6251029372215271,0.4387572569634442,0.32366142807347204,0.010786795872134498,GREEN: NOMINAL,1.0,0.18079093649183497,ELEVATED,0.6251999735832214,0.32484729154364017,False,0.35,0.26472758596979445,2.5669008709533303,1.3080069565476784,2.7792627274779766,0.988099652172616,,,
344,False,0.056058209389448166,0.22054784608895775,1.2755323904008662,0.04173757880949695,0.06493208087906241,6.2112471019571895,0.0,0.6267015337944031,0.43765930533482017,0.3190180352078762,0.010754832706172411,GREEN: NOMINAL,0.995,0.18061014555534313,ELEVATED,,0.0,False,0.35,0.35,2.468719957167282,1.308199306482123,2.765299591104078,0.9880900346758937,,,
345,True,0.14346711337566376,1.5589812345612764,1.2759228924857526,0.04183930834406312,0.06518860059287399,6.195095834671807,0.020601389944098696,0.6278799176216125,0.4368570639114793,0.31365588270874506,0.010483507000426922,GREEN: NOMINAL,1.0,0.1814295354097878,ELEVATED,0.602400004863739,0.3033706403889537,False,0.35,0.2703652068978996,2.4377439945659036,1.3083911774279682,2.752034611548874,0.9880804411286015,,,
346,False,0.10949855297803879,1.0363425457625053,1.2763239721484838,0.041906967588697094,0.06522127810511738,6.222174634616414,0.0,0.6290591955184937,0.43562305124019685,0.3077744187814497,0.00999461321921253,GREEN: NOMINAL,0.995,0.181248105874378,ELEVATED,,0.0,False,0.35,0.35,2.3576598104534487,1.3085816698520336,2.73943288097143,0.9880709165073982,,,
347,True,0.2441534399986267,3.0959125065362856,1.2767228615340438,0.04210921406110702,0.0652616072033532,6.206060606060606,0.020357827339583027,0.6292555332183838,0.4350140010757775,0.30157252252392697,0.009316772413058002,GREEN: NOMINAL,1.0,0.18206685776850362,ELEVATED,0.5785999894142151,0.28246516894775303,False,0.35,0.2758528931512148,2.4933853044902365,1.3087743813028518,2.727461236922858,0.9880612809348573,,,
348,True,0.2217467725276947,2.7496344121145144,1.2771323320868109,0.04228885161957361,0.06526610232889651,6.190169473628636,0.029085182789842214,0.6285874247550964,0.43508798996322007,0.29521489629734493,0.008470756918187964,GREEN: NOMINAL,1.0,0.18288479091073512,ELEVATED,0.5681999921798706,0.2737883206714405,False,0.35,0.27813056582374684,2.5804819368676357,1.3089682400518587,2.716088175076715,0.988051587997407,,,
349,False,0.054082103073596954,0.1805266328464553,1.2775523834465912,0.04230064487102763,0.0652616072033532,6.216872558335973,0.0,0.6276885867118835,0.4350061851014053,0.2888402996386216,0.0074737043723288035,GREEN: NOMINAL,0.995,0.18270190611982437,ELEVATED,,0.0,False,0.35,0.35,2.4816462497913876,1.3091607815852138,2.705283766322879,0.9880419609207393,,,
350,True,0.13739970326423645,1.4556274368513615,1.2779702357467673,0.04239574392942084,0.06526667259056121,6.201017144654748,0.021763497242206685,0.6252759695053101,0.4357303018302367,0.282600223726372,0.006393770110728844,GREEN: NOMINAL,1.0,0.18351920421370455,ELEVATED,0.5483999848365784,0.2579988773335683,False,0.35,0.2822752946999383,2.438670998323203,1.3093526672829738,2.6950195780067348,0.9880323666358513,,,
351,False,0.10809790343046188,1.0014444761015409,1.278398673000245,0.042461446088921884,0.06554178380118683,6.227534864213065,0.0,0.6230114102363586,0.4361120228028264,0.2766395340267008,0.005398951364988328,GREEN: NOMINAL,0.995,0.18333568500949085,ELEVATED,,0.0,False,0.35,0.35,2.353679447380624,1.309543085538042,2.685268599106398,0.9880228457230978,,,
352,True,0.24584682285785675,3.0864358754903916,1.2788249069951056,0.04266483146569082,0.0658306213343516,6.211715699036709,0.020808171256667563,0.6210395097732544,0.43631138272313585,0.2710160621609832,0.004356397503940031,GREEN: NOMINAL,1.0,0.18415234932448135,ELEVATED,0.5332000255584717,0.24649836378152046,False,0.35,0.28529417950735086,2.486973800887348,1.3097357046616127,2.676005169151078,0.9880132147669193,,,
353,True,0.2154058963060379,2.6118831128832496,1.2792617303330613,0.042837572530531165,0.06607046193005517,6.196110881257757,0.030753638276789085,0.6191344857215881,0.43669569733744545,0.2658293761429522,0.0033250393013556446,GREEN: NOMINAL,1.0,0.18496819697515687,ELEVATED,0.5303999781608582,0.2444364149318743,False,0.35,0.28583544108038295,2.5586450634675924,1.3099292936500957,2.667204910693524,0.9880035353174951,,,
354,False,0.059246428310871124,0.24831882073260322,1.2797091433163197,0.0428539813863115,0.06601371122896671,6.222268190515591,0.0,0.617316484451294,0.43752061560122935,0.26121484665966777,0.0023585323993540047,GREEN: NOMINAL,0.995,0.1847832287781817,ELEVATED,,0.0,False,0.35,0.35,2.4594803112447323,1.3101215036811968,2.6588446651588478,0.9879939248159401,,,
355,True,0.15807221829891205,1.7420521439612595,1.2801543448985886,0.0429691996232241,0.06607323384359479,6.206698171358126,0.025699835184722946,0.6166671514511108,0.43708604041629323,0.25732856471056703,0.0015004550377024865,GREEN: NOMINAL,1.0,0.18559844554940352,ELEVATED,0.5234000086784363,0.23935679504642882,False,0.35,0.2871688413003124,2.445629619452085,1.310313499281308,2.650902431900905,0.9879843250359345,,,
356,False,0.11089161038398743,1.0249982299044276,1.280610141069368,0.04303712203398486,0.06619961515087634,6.232677590014895,0.0,0.6185686588287354,0.4348942028676872,0.2543425692933481,0.0007941689875666022,GREEN: NOMINAL,0.995,0.1854128471038541,ELEVATED,,0.0,False,0.35,0.35,2.3616875168193285,1.31050406618629,2.6433573103058596,0.9879747966906853,,,
357,True,0.24369771778583527,2.9932608131087095,1.2810637218888221,0.04323778262973671,0.0669704204452224,6.217142857142857,0.026942215716612292,0.6219765543937683,0.43176686679007636,0.2524476081318716,0.0002859475683730587,GREEN: NOMINAL,1.0,0.18622743425675026,ELEVATED,0.5239999890327454,0.23978801113587603,False,0.35,0.2870556470768325,2.485933005441328,1.310696670214268,2.6361894447905665,0.9879651664892865,,,
358,True,0.2290492057800293,2.734935271891353,1.2815279024817394,0.043423594052887,0.06787203106228262,6.201814403730171,0.03646422673441302,0.6270400881767273,0.42717089861316765,0.25185974697620445,5.237049316258473e-05,GREEN: NOMINAL,1.0,0.1870412068224935,ELEVATED,0.526199996471405,0.2413758514874591,False,0.35,0.28663883898454195,2.573670185071293,1.3108904460361939,2.629379972551038,0.9879554776981901,,,
359,False,0.055670395493507385,0.18004722836512968,1.2820026838095238,0.043435840854327626,0.06795191878415643,6.227447800527063,0.0,0.6330187320709229,0.4222416474752494,0.25277665369087676,0.00038902537921175757,GREEN: NOMINAL,0.995,0.186854165615671,ELEVATED,,0.0,False,0.35,0.35,2.4791544634269673,1.3110829510051754,2.622910973923486,0.9879458524497411,,,
360,True,0.14935705065727234,1.5553796676524005,1.2824752422752033,0.043541762064130574,0.06803180650603026,6.212153249760862,0.03144334647720828,0.6400235295295715,0.41655554364408887,0.2552385494113345,0.0010564047125888904,GREEN: NOMINAL,1.0,0.18766731145005533,ELEVATED,0.5400000214576721,0.25157856925462735,False,0.35,0.28396062557066026,2.4533375441598233,1.3112750666400927,2.6167654252273116,0.9879362466679952,,,
361,False,0.10714208334684372,0.9308467124149103,1.2829584072108888,0.043605362385413286,0.06825691073946655,6.237615787354008,0.0,0.6471759080886841,0.41044902450981446,0.25925785553145236,0.0020692078143949104,GREEN: NOMINAL,0.995,0.18747964413860527,ELEVATED,,0.0,False,0.35,0.35,2.3766884425014507,1.3114659059669627,2.610927153965946,0.9879267047016517,,,
362,True,0.24563409388065338,2.947149011950134,1.2834393455777222,0.043807391116908526,0.06848201497290284,6.222355588897225,0.03920229983744995,0.6548095941543579,0.40389990392095715,0.26483971406351936,0.0034299643541650937,GREEN: NOMINAL,1.0,0.18829216449446667,ELEVATED,0.5577999949455261,0.265378010376751,False,0.35,0.28033827227610286,2.5069868636665076,1.3116588095464092,2.6053807962676485,0.9879170595226794,,,
363,True,0.21788352727890015,2.53530056816086,1.283930896389834,0.04398146725307052,0.0685922853525728,6.207294047500746,0.05429067431870323,0.6625471115112305,0.3965728310129739,0.27196091885770984,0.00512606848173918,GREEN: NOMINAL,1.0,0.1891038723299722,ELEVATED,0.5690000057220459,0.2744462129323984,False,0.35,0.2779578691052454,2.585736634306581,1.3118527315227237,2.600111756454266,0.9879073634238636,,,
364,False,0.07129884511232376,0.3972204554915342,1.2844330612649202,0.044008784630929776,0.06870255573224276,6.2324241069210515,0.0,0.6707101464271545,0.388835682319544,0.2805449803219768,0.0071255470452062375,GREEN: NOMINAL,0.995,0.1889147684576422,ELEVATED,,0.0,False,0.35,0.35,2.504429099261349,1.3120455993561533,2.5951061686315526,0.9878977200321921,,,
365,True,0.21610413491725922,2.497663504712398,1.284932992683973,0.04418087998121611,0.06883363375877961,6.217395596801263,0.0425365478761946,0.6795007586479187,0.3805015754399836,0.2904335402854446,0.009368307836634284,GREEN: NOMINAL,1.0,0.18972585368918457,ELEVATED,0.5985999703407288,0.2999318223525966,False,0.35,0.2712678966324434,2.5862536781345065,1.3122395275190708,2.5903508601999747,0.9878880236240463,,,
366,False,0.11716305464506149,1.0585476504893265,1.2854435446885075,0.04425386215587995,0.06887662776019424,6.242361419615973,0.0,0.6884106397628784,0.37199369456518866,0.3013623684757553,0.011761061184330396,GREEN: NOMINAL,0.995,0.1895361278354954,ELEVATED,,0.0,False,0.35,0.35,2.51823100259259,1.312432586165305,2.5858333171899757,0.9878783706917346,,,
367,True,0.2614234685897827,3.120486852589896,1.2859518597690174,0.04447103176231385,0.06952518856069073,6.227366356056891,0.04537399990638744,0.697934627532959,0.36302849156658956,0.31294688460555625,0.014170335276648748,GREEN: NOMINAL,1.0,0.1903465917076599,ELEVATED,0.6266000270843506,0.3262145716952041,False,0.35,0.2643686749300089,2.6687056081429668,1.3126274254887318,2.5815416513304767,0.9878686287255632,,,
368,True,0.24905776977539062,2.917581446700318,1.2864708021961868,0.04467561850032693,0.07005190943554043,6.212562740607183,0.06180288101433354,0.707573413848877,0.35401709370600604,0.32469511949965024,0.016432187349253075,GREEN: NOMINAL,1.0,0.19115624511595225,ELEVATED,0.6421999931335449,0.341844261761913,False,0.35,0.26026588128749784,2.7874176781494686,1.3128233443585324,2.577464568763953,0.9878588327820732,,,
369,False,0.08968143910169601,0.6422045524169312,1.2870003742413931,0.0447206243209283,0.0700101153309457,6.237208849040055,0.0,0.7169975638389587,0.34542092386509654,0.33605098874584693,0.018372191786735395,GREEN: NOMINAL,0.995,0.1909650888708363,ELEVATED,,0.0,False,0.35,0.35,2.7041122563180653,1.3130185322430523,2.6985913403257555,0.9878490733878472,,,
370,True,0.28104156255722046,3.3642318371361633,1.2875277030914607,0.04495694525916459,0.07017489540763198,6.222437418292742,0.042245037778191,0.7256080508232117,0.33748872630448623,0.3464572241345226,0.019832981910923538,GREEN: NOMINAL,1.0,0.19177412378196546,ELEVATED,0.6764000058174133,0.37877989955770397,False,0.35,0.2505702763661027,2.8712610988355856,1.3132150757189598,2.8136617733094678,0.9878392462140518,,,
371,False,0.1303510218858719,1.2144404264807818,1.288065668865298,0.0450423393357913,0.07024525920739397,6.246925535005325,0.0,0.7335014343261719,0.32997589257061694,0.3554194890090582,0.02070286033515031,GREEN: NOMINAL,0.995,0.1915823496581835,ELEVATED,,0.0,False,0.35,0.35,2.8079135277247897,1.3134111568929578,2.9229786846439945,0.987829442155352,,,
372,True,0.24854740500450134,2.8905508548244154,1.2886013882101788,0.04524584440146001,0.07033315475620329,6.232186673081549,0.03736640730500201,0.7406752109527588,0.3230976248278169,0.3625518655351569,0.020923466939448843,GREEN: NOMINAL,1.0,0.1923907673085253,ELEVATED,0.70660001039505,0.4146999763268311,False,0.35,0.24114125621420682,2.922799620222297,1.3136080362684208,3.026829750411795,0.9878195981865788,,,
373,True,0.2993246018886566,3.557032902243713,1.2891477520219137,0.04549992315894721,0.07135854115085676,6.2176324344999045,0.04617685219623477,0.7474851012229919,0.3166266990318939,0.3676044307238873,0.020489204413648973,GREEN: NOMINAL,1.0,0.19319837654121677,ELEVATED,0.7278000116348267,0.4419316861392531,False,0.35,0.23399293238844604,3.0961361863862664,1.3138058248188587,3.1254882628912055,0.9878097087590569,,,
374,False,0.0536448135972023,0.11568861905912434,1.2897047632232408,0.04550806804938546,0.07033315475620329,6.241812879476024,0.0,0.7529119253158569,0.31161424106366364,0.3704816454719166,0.0194490415411023,GREEN: NOMINAL,0.995,0.19300517816467555,ELEVATED,,0.0,False,0.35,0.35,2.9954526647680435,1.3140031233849103,3.2192138497466454,0.9877998438307544,,,
375,True,0.15418919920921326,1.5215060212503295,1.2902595223334854,0.045616749180545285,0.07135854115085676,6.227290003800836,0.027111382737000023,0.7577342987060547,0.30717326050412636,0.37124813016342406,0.017908114047918627,GREEN: NOMINAL,1.0,0.19381217298651088,ELEVATED,0.7486000061035156,0.47038678227887387,False,0.35,0.22652346965179562,2.960097573046773,1.3142002254505494,3.308253157259313,0.9877899887274724,,,
376,False,0.0991007387638092,0.7458925291368759,1.2908249369185487,0.045670233170128555,0.07163298130296171,6.251318352415792,0.0,0.7612089514732361,0.30422874111855736,0.370108420744413,0.01601098760315295,GREEN: NOMINAL,0.995,0.19361836081352438,ELEVATED,,0.0,False,0.35,0.35,2.876722617047579,1.3143968061557518,3.392840499396347,0.9877801596922122,,,
377,True,0.22589167952537537,2.505602493615766,1.2913880964085451,0.0458504546164838,0.07185546205658465,6.236827195467422,0.020452069654093973,0.7629179358482361,0.3029981983193056,0.36736758745813003,0.013913070352336895,GREEN: NOMINAL,1.0,0.19442474245271085,ELEVATED,0.7386000156402588,0.4564847649629214,False,0.35,0.2301727491972331,2.954418198204251,1.3145938753593795,3.47319847442653,0.9877703062320309,,,
378,True,0.20631764829158783,2.226872966355424,1.2919619196947607,0.0460109218101589,0.0719873692408204,6.222514194547417,0.02265732915124714,0.7629905343055725,0.30300219392952277,0.36338958858406073,0.01175947850008167,GREEN: NOMINAL,1.0,0.19523031771025814,ELEVATED,0.7224000096321106,0.4348300686037886,False,0.35,0.2358571069915055,2.9962403136982227,1.3147911781489714,3.5495385507052033,0.9877604410925513,,,
379,False,0.05321389436721802,0.10014227698982085,1.2925464103492597,0.046018124782715955,0.07185546205658465,6.246246246246246,0.0,0.7607070207595825,0.305140090740197,0.35855924411574136,0.009671154280833646,GREEN: NOMINAL,0.995,0.19503508739254788,ELEVATED,,0.0,False,0.35,0.35,2.9083948420118677,1.3149879670452775,3.6220616231699436,0.987750601647736,,,
380,True,0.14564184844493866,1.3825216977386832,1.2931286408489164,0.04611774850637818,0.0719873692408204,6.2319638110339035,0.010709093662134432,0.7557843923568726,0.30915487287656923,0.353250456240527,0.0077357447721016015,GREEN: NOMINAL,1.0,0.19584005230515533,ELEVATED,0.6937999725341797,0.3990773255900529,False,0.35,0.24524220203261113,2.8669539545861715,1.3151844808776998,3.6909585420114466,0.9877407759561149,,,
381,False,0.10323719680309296,0.794126531445622,1.2937215475782495,0.046174867954674896,0.07185546205658465,6.25554933781011,0.0,0.7495195269584656,0.31424019815744425,0.34780570901607155,0.006011271860143159,GREEN: NOMINAL,0.995,0.19564421225285017,ELEVATED,,0.0,False,0.35,0.35,2.7886048898477975,1.3153804093278163,3.756410614910874,0.987730979533609,,,
382,True,0.23676924407482147,2.6476965552353935,1.2943121913744864,0.04636546233079504,0.07191299220733344,6.241297798377752,0.008675890696581834,0.7405100464820862,0.3215525153469939,0.34251958148398715,0.0045259490193132745,GREEN: NOMINAL,1.0,0.19644856804059732,ELEVATED,0.6718000173568726,0.3735886519595488,False,0.35,0.25193297886061844,2.881265178164511,1.3155770206950674,3.81859008416533,0.9877211489652464,,,
383,True,0.20302802324295044,2.162460322494608,1.2949135204969267,0.04652212489170719,0.07237399767441674,6.227218280659725,0.011066596037902067,0.7293251752853394,0.33064347491979657,0.33763247641110716,0.003288061614856843,GREEN: NOMINAL,1.0,0.19725211947255672,ELEVATED,0.6620000004768372,0.36276501404289274,False,0.35,0.2547741838137406,2.9116588829611665,1.3157738303187982,3.8776605799570634,0.9877113084840599,,,
384,False,0.05987710878252983,0.18461591402949462,1.295525539165207,0.046535479875598015,0.07226694934219122,6.250518265997144,0.0,0.7156426906585693,0.3413900541402183,0.3333246728472365,0.002288985945021912,GREEN: NOMINAL,0.995,0.19705486735308417,ELEVATED,,0.0,False,0.35,0.35,2.8160919858285016,1.3159699744584383,3.93377755095921,0.9877015012770779,,,
385,True,0.16054701805114746,1.5785459521065808,1.2961352904367618,0.046649491413773565,0.07215344379767775,6.23646854107519,0.008609887756414797,0.6998990774154663,0.3532046880110601,0.3297150062521552,0.0015070026731445812,GREEN: NOMINAL,1.0,0.1978578124857311,ELEVATED,0.6442000269889832,0.3439015277828804,False,0.35,0.25972584895699385,2.78368309806283,1.3161658630459896,3.8620886734112494,0.9876917068477004,,,
386,False,0.11008860170841217,0.8790704029230454,1.296755740888785,0.046712930524068205,0.07209396536797284,6.259627272311003,0.0,0.6810257434844971,0.36622301698443127,0.3268654717897233,0.0009145256253445337,GREEN: NOMINAL,0.995,0.19765995467324535,ELEVATED,,0.0,False,0.35,0.35,2.6896514410779155,1.3163609114721517,3.793984239740687,0.9876819544263923,,,
387,True,0.2368110567331314,2.630898698093287,1.2973739213876867,0.04690302865027727,0.07218370977966114,6.245607646791079,0.009149212758530263,0.659928023815155,0.37975390564039835,0.32479069906447283,0.00048633976984358376,GREEN: NOMINAL,1.0,0.1984622947185721,ELEVATED,0.6312000155448914,0.3307475268663888,False,0.35,0.26317877419757296,2.762771128623568,1.3165566263388475,3.7292850277536522,0.9876721686830575,,,
388,True,0.22861707210540771,2.5141407417060453,1.298002810935916,0.0470847426937324,0.07220452156886457,6.231754219266096,0.012307882340683597,0.6381317377090454,0.3925867892307953,0.3234705948604844,0.00020022471279444704,GREEN: NOMINAL,1.0,0.19926383242385354,ELEVATED,0.6248000264167786,0.3244577600170785,False,0.35,0.26482983799551685,2.8098747930287837,1.3167527227047318,3.6678207763659696,0.9876623638647632,,,
389,False,0.04778476431965828,0.009688080682395248,1.2986424143992061,0.04708544271535832,0.07218370977966114,6.254637589358429,0.0,0.6180943846702576,0.4042022384273899,0.3228717926929746,4.146650479190892e-05,GREEN: NOMINAL,0.995,0.19906456859142968,ELEVATED,,0.0,False,0.35,0.35,2.6922630525284745,1.3169477966089598,3.609429737547671,0.9876526101695519,,,
390,False,0.1134093701839447,0.9176378722754231,1.2992797440361095,0.04715176664282691,0.07220452156886457,6.277518888838619,0.0,0.6014034748077393,0.4141141206537593,0.32296635612082775,7.274329985564775e-05,GREEN: NOMINAL,0.99,0.19886550402283826,ELEVATED,,0.0,False,0.35,0.35,2.5819122352337227,1.3171416726319307,3.5539582506702874,0.9876429163684033,,,
391,True,0.1831459254026413,1.873298722335785,1.2999147987804134,0.04728776080158672,0.0725234918388538,6.263560313034092,0.009763283204872087,0.5895251035690308,0.4216614428126611,0.32369745750176887,0.0002455947000622841,GREEN: NOMINAL,1.0,0.19966663851881541,ELEVATED,0.6064000129699707,0.30703302585985864,False,0.35,0.2694038307117871,2.566912940162736,1.3173353651017232,3.5012603381367726,0.9876332317449137,,,
392,True,0.20762008428573608,2.1913112400161356,1.300560583120988,0.04744809312507087,0.07309413114655762,6.249765258215962,0.015544476095957485,0.5829533934593201,0.4274970665840537,0.3250012699793746,0.0005073759004699895,GREEN: NOMINAL,1.0,0.2004669718802966,ELEVATED,0.5992000102996826,0.30047222183371325,False,0.35,0.27112604176865024,2.583039286576701,1.3175292547025876,3.451197321229934,0.9876235372648705,,,
393,False,0.05294478312134743,0.07571606340303691,1.3012171023135022,0.04745358981506714,0.0725234918388538,6.272377716176339,0.0,0.5828459858894348,0.43056863936468626,0.3268357469401933,0.000847590768442272,GREEN: NOMINAL,0.995,0.2002665049084163,ELEVATED,,0.0,False,0.35,0.35,2.4758526370129976,1.3177217109497295,3.403637455168437,0.9876139144525135,,,
394,False,0.12956827878952026,1.1222867417494709,1.3018713430903162,0.0475357045040416,0.07309413114655762,6.294988152188492,0.0,0.5886760950088501,0.4315552746946284,0.329181431169031,0.0012550900967132456,GREEN: NOMINAL,0.99,0.20006623840350787,ELEVATED,,0.0,False,0.35,0.35,2.3935398150343583,1.3179128471441799,3.358455582410015,0.987604357642791,,,
395,True,0.21616794168949127,2.2919318035985823,1.3025233042932614,0.04770433674122705,0.07350288725160062,6.281091652591342,0.01063251894939349,0.5992960929870605,0.42953268979285325,0.3320498454285612,0.001718830274950054,GREEN: NOMINAL,1.0,0.20086617216510436,ELEVATED,0.5794000029563904,0.28314391100725783,False,0.35,0.2756747233605948,2.440033793800741,1.3181047544812567,3.315532803289514,0.9875947622759371,,,
396,True,0.234313502907753,2.522235314141512,1.3031860165736096,0.047890945907393574,0.07391164335664362,6.267356047549605,0.016223380616537535,0.6125281453132629,0.4256358833055249,0.3354922217912691,0.0022857990950323685,GREEN: NOMINAL,1.0,0.20166530599293925,ELEVATED,0.5738000273704529,0.2784268481395891,False,0.35,0.27691295236335783,2.5085613170227123,1.3182976799769288,3.2747561631250384,0.9875851160011535,,,
397,False,0.06385724991559982,0.21630435545874627,1.3038594855766592,0.04790691221140178,0.07374025211082771,6.2897039328325235,0.0,0.6265631914138794,0.4197389935108023,0.3395623130868199,0.002998594348855096,GREEN: NOMINAL,0.995,0.2014636406869463,ELEVATED,,0.0,False,0.35,0.35,2.419868240525002,1.318489261266597,3.2360183549687864,0.9875755369366701,,,
398,True,0.15942801535129547,1.5048669758562574,1.3045306718310066,0.04801843331454167,0.07403284398168325,6.275998418347172,0.012071899371900126,0.6397888660430908,0.41334885614953354,0.3442989552424584,0.0038150889799893196,GREEN: NOMINAL,1.0,0.20226217704625937,ELEVATED,0.5529999732971191,0.2615839328358153,False,0.35,0.28133421763059846,2.39564896622873,1.3186804339491085,3.199217437220347,0.9875659783025446,,,
399,False,0.12765443325042725,1.0672520529931928,1.3052126261469057,0.048098069314477555,0.07454318191548809,6.298216325454705,0.0,0.6518750786781311,0.40672182116144134,0.3497363431449806,0.004782289575800681,GREEN: NOMINAL,0.995,0.20205991486921313,ELEVATED,,0.0,False,0.35,0.35,2.3334356068241444,1.318870466166715,3.1642565653593295,0.9875564766916642,,,
400,True,0.28689590096473694,3.1830561815346883,1.3058922956312669,0.04833686714612782,0.07494653572328389,6.284541126108418,0.012257870339414912,0.6625235080718994,0.4000829395395474,0.3558525015252873,0.005906674157320295,GREEN: NOMINAL,1.0,0.2028578549543439,ELEVATED,0.5342000126838684,0.24723895967626638,False,0.35,0.28509977308498,2.4944719767637284,1.3190631931531527,3.131043737091363,0.9875468403423424,,,
401,True,0.2561093866825104,2.7657408103298473,1.3065827447489724,0.0485446396656642,0.07504851728752256,6.271021542738013,0.014091974253759711,0.6713487505912781,0.3941359644202604,0.3625870142766697,0.0071761252680393305,GREEN: NOMINAL,1.0,0.20365499709938958,ELEVATED,0.5202000141143799,0.23706996803114483,False,0.35,0.28776913339182447,2.6002427846880756,1.3192572863669418,3.099491550236795,0.9875371356816529,,,
402,False,0.06286367028951645,0.1908655477558559,1.307283979789766,0.04855895869628805,0.07494653572328389,6.292985884907709,0.0,0.6795800924301147,0.3882327307180877,0.3698770883553637,0.008587746096713799,GREEN: NOMINAL,0.995,0.20345134210229018,ELEVATED,,0.0,False,0.35,0.35,2.5192737744402924,1.3194503592241469,3.069516972724955,0.9875274820387927,,,
403,True,0.15613128244876862,1.431937036370937,1.307982927403851,0.04866653102004053,0.07504851728752256,6.2794955950941445,0.010714742070123363,0.6872770190238953,0.38229188921097623,0.3776718749095687,0.010219724030008537,GREEN: NOMINAL,1.0,0.2042478907601879,ELEVATED,0.49880000948905945,0.22232834205089402,False,0.35,0.2916388102116403,2.4934887676265505,1.3196430721555283,3.041041124088707,0.9875178463922236,,,
404,False,0.12727801501750946,1.0450080001249518,1.308692673047086,0.048745142504038,0.07515049885176121,6.301334369737012,0.0,0.6938661336898804,0.37719878300494153,0.3858728473238989,0.012196405710706336,GREEN: NOMINAL,0.995,0.20404364286942772,ELEVATED,,0.0,False,0.35,0.35,2.4335651362010973,1.3198348762742467,3.0139890678842716,0.9875082561862877,,,
405,True,0.28879114985466003,3.185182205578668,1.3094001293919373,0.04898518851138862,0.07528798852488398,6.287873582961182,0.010915217904118459,0.6995059847831726,0.37250674493675856,0.39425453583433917,0.014372296238249295,GREEN: NOMINAL,1.0,0.20483959922655828,ELEVATED,0.47920000553131104,0.20963235281653,False,0.35,0.29497150738566086,2.5977365804813206,1.3200289402469614,2.988289614490058,0.987498552987652,,,
406,True,0.25233229994773865,2.6933042942282883,1.3101183961044602,0.04918853562282497,0.07542547819800674,6.274563388701481,0.014202000923110896,0.704425036907196,0.368354289493956,0.4025523164791769,0.016707685708587185,GREEN: NOMINAL,1.0,0.20563475962733171,ELEVATED,0.4681999981403351,0.20282738019008828,False,0.35,0.2967578127001018,2.6976616550880124,1.3202240664085563,2.963875133765555,0.9874887966795722,,,
407,False,0.06642113626003265,0.22808668777271235,1.3108474801182302,0.04920576822346218,0.07547730297055096,6.296157130657558,0.0,0.7083068490028381,0.36500561763984124,0.410471842334178,0.019158166589189264,GREEN: NOMINAL,0.995,0.20542912486770437,ELEVATED,,0.0,False,0.35,0.35,2.617386000055061,1.320418355870136,2.940681377077277,0.9874790822064933,,,
408,True,0.16949698328971863,1.5869461701264032,1.3115742728136173,0.04932605943852844,0.07572463774345815,6.282875461763831,0.010318503850659097,0.7125730514526367,0.3614019627652886,0.4176936301604297,0.021655353434895122,GREEN: NOMINAL,1.0,0.20622369574283667,ELEVATED,0.4399999976158142,0.1863739747063594,False,0.35,0.3010768316395806,2.6066949470907863,1.3206125237130952,2.918647308223413,0.9874693738143453,,,
409,False,0.12928171455860138,1.0528908818231317,1.312311895682193,0.04940601509364852,0.07586322651654481,6.304347826086956,0.0,0.7162680625915527,0.3582337593059828,0.4238862373727351,0.024104720089425637,GREEN: NOMINAL,0.995,0.20601747204709384,ELEVATED,,0.0,False,0.35,0.35,2.5445374226531174,1.320805932260247,2.897714942812242,0.9874597033869877,,,
410,True,0.2863522469997406,3.114521472574339,1.3130472255689059,0.04964296132555461,0.07600181528963149,6.291094878182663,0.010328581820694092,0.7208235859870911,0.35433555085015717,0.42872913916837246,0.026392723664807934,GREEN: NOMINAL,1.0,0.20681145457504674,ELEVATED,0.40639999508857727,0.16850328821782753,False,0.35,0.30576788684282025,2.6984128377601233,1.3210010656496103,2.8778291956716298,0.9874499467175196,,,
411,True,0.26276928186416626,2.7679189901558794,1.3137933987328536,0.04985608764609322,0.0769217578170821,6.277987738305199,0.010344640066011376,0.7247648239135742,0.3508606667820772,0.43194244776072227,0.028399101728992026,GREEN: NOMINAL,1.0,0.2076046431204717,ELEVATED,0.3921999931335449,0.1614757955027719,False,0.35,0.30761260368052235,2.8034289004493003,1.3211971118655492,2.8589377358880483,0.9874401444067227,,,
412,False,0.060534827411174774,0.14036587132375844,1.3145504227510925,0.049866766385858304,0.07600181528963149,6.299223178668906,0.0,0.7291337847709656,0.34696424583608554,0.4333174891805172,0.030008771320585294,GREEN: NOMINAL,0.995,0.20739703847735122,ELEVATED,,0.0,False,0.35,0.35,2.720276603533986,1.3213924510479695,2.9659908490936457,0.9874303774476016,,,
413,False,0.1475108414888382,1.2681253496551617,1.315305152338539,0.049964410460961284,0.0769217578170821,6.3204568357406785,0.0,0.7332345247268677,0.3434531909807765,0.4327461956160031,0.031129282564602564,GREEN: NOMINAL,0.99,0.20718964143887386,ELEVATED,,0.0,False,0.35,0.35,2.674861630413932,1.3215873527154465,3.067691306638964,0.9874206323642278,,,
414,True,0.24440543353557587,2.4979912920127028,1.3160575857754728,0.0501588514840359,0.0777611125677824,6.307261869962835,0.007279730324633266,0.7371348738670349,0.33959483347948527,0.4302402110599501,0.031703807207111384,GREEN: NOMINAL,1.0,0.207982451797435,ELEVATED,0.3479999899864197,0.14142297872763893,False,0.35,0.3128764680839948,2.759737672570514,1.3217830417866285,3.1643067413070156,0.9874108479106687,,,
415,True,0.26916778087615967,2.795709924353348,1.3168208895004938,0.050377860413428024,0.0782591636409983,6.294210482598222,0.008963489025485027,0.7413501739501953,0.3353482008028797,0.4259358302250379,0.0317144242988697,GREEN: NOMINAL,1.0,0.20877446934563756,ELEVATED,0.3368000090122223,0.13675011825006167,False,0.35,0.31410309395935876,2.8678998896392125,1.3219795621508725,3.2560914042416647,0.9874010218924565,,,
416,False,0.06984998285770416,0.24779223984110185,1.3175950714789186,0.0503973325358723,0.07850387217253446,6.315212425765189,0.0,0.7458257675170898,0.33079769145449445,0.42008587178167156,0.03118818272077556,GREEN: NOMINAL,0.995,0.20856569487629192,ELEVATED,,0.0,False,0.35,0.35,2.784988640673532,1.3221754613497547,3.3432868340295814,0.9873912269325124,,,
417,True,0.1715439110994339,1.5358735072790004,1.3183669561959475,0.05051847911443586,0.07879908821359276,6.30218917802561,0.004701647911402702,0.7512032389640808,0.32570150091776573,0.41301635812997534,0.03020207280551083,GREEN: NOMINAL,1.0,0.20935712918141564,ELEVATED,0.31279999017715454,0.1272502028472194,False,0.35,0.3165968217526049,2.7673217738320846,1.3223712146275748,3.426122492328102,0.9873814392686213,,,
418,False,0.14382609724998474,1.178273452729895,1.3191497332672375,0.05061178673257141,0.07911093159355223,6.323076287637851,0.0,0.7563589215278625,0.3210781943551606,0.4050152602809833,0.02883790864433438,GREEN: NOMINAL,0.995,0.20914777205223423,ELEVATED,,0.0,False,0.35,0.35,2.7172709133720305,1.3225665260370665,3.5048163677116975,0.9873716736981467,,,
419,True,0.3300085663795471,3.5148950356840354,1.3199302117395582,0.050891183512218385,0.07940987711828201,6.310081340892285,0.0026536911788997784,0.7612718939781189,0.31669315233866374,0.3962692752479351,0.027144629166749496,GREEN: NOMINAL,1.0,0.209938624280182,ELEVATED,0.2939999997615814,0.12027193190583371,False,0.35,0.3184286178747186,2.9100741810108666,1.3227633256141973,3.5795755493261128,0.9873618337192902,,,
420,True,0.2828592360019684,2.907282741775347,1.320721596898929,0.05112315156470814,0.07970882264301181,6.297225513831569,0.002804659143368003,0.7647107243537903,0.3132517402684557,0.38695353632625584,0.02519379294595981,GREEN: NOMINAL,1.0,0.21072868565590183,ELEVATED,0.28439998626708984,0.1168574992995473,False,0.35,0.3193249064338688,3.0236225743544063,1.3229607712254707,3.6505967718598074,0.9873519614387265,,,
421,False,0.07864788919687271,0.3439855133268625,1.3215238973545032,0.051150676302340305,0.07993712476026267,6.317888371332843,0.0,0.7685909867286682,0.3093344650410674,0.37730116670187586,0.023095720377379534,GREEN: NOMINAL,0.995,0.21051795697024592,ELEVATED,,0.0,False,0.35,0.35,2.934094719871447,1.3231577197744167,3.718066933266817,0.9873421140112792,,,
422,True,0.20555153489112854,1.9179799188789117,1.322323898665864,0.051305077160929094,0.08042131005227565,6.30505994716521,0.0015547694475662834,0.7719516754150391,0.3057901134339485,0.36759078419070634,0.020980320114744308,GREEN: NOMINAL,1.0,0.21130743901327567,ELEVATED,0.27559998631477356,0.11381282783039384,False,0.35,0.3201241326945216,2.948284946354551,1.3233547530743002,3.7821635866034766,0.9873322623462851,,,
423,False,0.14960132539272308,1.2186627129733627,1.3231348301388561,0.05140337340916089,0.08057844958920031,6.325611639437535,0.0,0.7752405405044556,0.3020820469555629,0.3580948928651314,0.0189757729404587,GREEN: NOMINAL,0.995,0.2110961315742624,ELEVATED,,0.0,False,0.35,0.35,2.89182443829362,1.3235514346666386,3.8430554072733027,0.9873224282666682,,,
424,True,0.3010852634906769,3.079500164712376,1.3239434613316179,0.051653055299242405,0.0809976278129965,6.312810769292962,0.0016359788070109797,0.7781140804290771,0.29870919114487055,0.3490163692151553,0.017149544790126942,GREEN: NOMINAL,1.0,0.21188503544268814,ELEVATED,0.27000001072883606,0.11191675221953827,False,0.35,0.3206218525423712,3.0302365545859704,1.3237489136332072,3.9009026369096373,0.9873125543183398,,,
425,True,0.3061530590057373,3.119865673988288,1.3247630377833364,0.051907555302948896,0.081492452006042,6.300144764355799,0.003623097867199889,0.7812293767929077,0.29530324887764303,0.340468087205641,0.015486732644919376,GREEN: NOMINAL,1.0,0.21267315040724544,ELEVATED,0.27300000190734863,0.11292854625792151,False,0.35,0.32035625660729555,3.160211605346827,1.3239469668807582,3.955857505064156,0.9873026516559622,,,
426,False,0.07304630428552628,0.25757179909618505,1.3255935687473204,0.05192869405193148,0.0819872761990875,6.320479311592746,0.0,0.7852374315261841,0.2910740181350096,0.3325229194716251,0.013974769848109676,GREEN: NOMINAL,0.995,0.2124604772568382,ELEVATED,,0.0,False,0.35,0.35,3.0639362062939486,1.3241446091951086,4.008064629810948,0.9872927695402447,,,
427,True,0.1880483627319336,1.6539582072429353,1.3264217994483438,0.052064813720611475,0.08221704056113958,6.30784,0.004497865399677419,0.7886803150177002,0.2876063717292967,0.32524115590460523,0.012612028199102177,GREEN: NOMINAL,1.0,0.21324801677958136,ELEVATED,0.2863999903202057,0.11756075337298189,False,0.35,0.3191403022395922,3.0455037995806773,1.3243421635132204,4.057661398320401,0.9872828918243391,,,
428,False,0.14320896565914154,1.1043849166916475,1.3272610002915965,0.05215595787255001,0.08244680492319166,6.328066877324907,0.0,0.7917574644088745,0.2846581897010287,0.31867353238673435,0.011393451887136273,GREEN: NOMINAL,0.995,0.21303476876280178,ELEVATED,,0.0,False,0.35,0.35,2.974601878304083,1.3245393478530627,4.104778328404381,0.987273032607347,,,
429,True,0.3221527338027954,3.262757957529168,1.3280978999351756,0.05242595464848025,0.08266833846252411,6.315454400763966,0.006184016477202169,0.7943217158317566,0.28219557946178436,0.31285994614163537,0.010309268495699136,GREEN: NOMINAL,1.0,0.21382173399403898,ELEVATED,0.3084000051021576,0.12558154321220227,False,0.35,0.3170348449067969,3.1298696226731213,1.3247372799354884,4.149539411984161,0.9872631360032257,,,
430,True,0.2919518053531647,2.88679809818768,1.3289457855829339,0.05266548049918494,0.08288987200185656,6.302972726912876,0.008236613687410488,0.7960709929466248,0.28055767719104935,0.3078294738664658,0.009347906130735665,GREEN: NOMINAL,1.0,0.21460791226004494,ELEVATED,0.3230000138282776,0.13120425671620792,False,0.35,0.31555888261199544,3.232314530942607,1.3249355935111495,4.192062441384953,0.9872532203244426,,,
431,False,0.07230059057474136,0.237211738511709,1.3298046671329098,0.052685115609260494,0.08269183931853621,6.32298923369221,0.0,0.7977896332740784,0.2787812604327857,0.30360308146459813,0.008506266589029506,GREEN: NOMINAL,0.995,0.2143933043477849,ELEVATED,,0.0,False,0.35,0.35,3.133788509798789,1.3251335416552794,4.232459319315706,0.9872433229172362,,,
432,True,0.1887618452310562,1.639276633489926,1.330661248060231,0.052821192338882286,0.0829272193081677,6.310533569600315,0.007347602517326135,0.7987757921218872,0.2776070066686987,0.30018173470545034,0.007805148424522845,GREEN: NOMINAL,1.0,0.21517891104343712,ELEVATED,0.3472000062465668,0.1410839774333667,False,0.35,0.3129654559237412,3.1109306023239287,1.3253313943352187,4.27083635334992,0.9872334302832392,,,
433,False,0.1460697054862976,1.1212585401925868,1.3315288412845867,0.052914440852029704,0.08308098560236393,6.330445739486533,0.0,0.7992722988128662,0.27688474754812614,0.2974922017258242,0.007243893122524649,GREEN: NOMINAL,0.995,0.21496373213239367,ELEVATED,,0.0,False,0.35,0.35,3.0382667776823213,1.3255289132181693,4.3072945356824235,0.9872235543390916,,,
434,True,0.34120240807533264,3.4637947745115154,1.3323941331468165,0.053202728819253,0.08314571099169552,6.318016218121988,0.008642287467129037,0.7989665865898132,0.27703060484565917,0.29537782059120055,0.006726146436404179,GREEN: NOMINAL,1.0,0.21574876840026128,ELEVATED,0.3822000026702881,0.15670346900517942,False,0.35,0.3088653393861404,3.2094718038150134,1.3257271483095678,4.3419298088983025,0.9872136425845217,,,
435,True,0.28165876865386963,2.723687084321481,1.3332704539330913,0.05343118485908762,0.0837936138510704,6.305713617585159,0.011441039639235373,0.7985057830810547,0.2772995199280386,0.29369905641881766,0.006297985066887446,GREEN: NOMINAL,1.0,0.21653301963186103,ELEVATED,0.4004000127315521,0.16549737227138747,False,0.35,0.3065569397787608,3.288655319104437,1.325925640921615,4.374833318453387,0.9872037179539194,,,
436,False,0.09446105360984802,0.4854694956029253,1.334157814187005,0.053472214727838384,0.08443133760876953,6.325421879262637,0.0,0.7970091104507446,0.27852017884938474,0.2923069738363699,0.005991841268230011,GREEN: NOMINAL,0.995,0.21631648661222916,ELEVATED,,0.0,False,0.35,0.35,3.184668336684388,1.3261237866694568,4.406091652530717,0.9871938106665272,,,
437,True,0.2652601897716522,2.505171310422263,1.3350428742131568,0.0536840027028822,0.0844557760136202,6.313144629701434,0.009843160596942093,0.794873833656311,0.28026037224660055,0.2910235133316699,0.005625521437882042,GREEN: NOMINAL,1.0,0.21710017012561694,ELEVATED,0.42399999499320984,0.17763933092692635,False,0.35,0.3033696756316818,3.2429570787122635,1.3263221356148969,4.4357870699041815,0.9871838932192553,,,
438,False,0.16158226132392883,1.2762340413695223,1.335938990867281,0.05379190096150324,0.08445971261411905,6.332751735101392,0.0,0.7926309108734131,0.28232955507630314,0.2897365271045073,0.005217667859432626,GREEN: NOMINAL,0.995,0.21688306995549134,ELEVATED,,0.0,False,0.35,0.35,3.1703648244039604,1.326520227808741,4.463997716408972,0.9871739886095631,,,
439,True,0.33410125970840454,3.3275734706639395,1.3368328067495368,0.05407221032025014,0.08415412968546152,6.32049996142273,0.012250819825431558,0.7892223000526428,0.2855164923396534,0.28837859449345343,0.004770855384374892,GREEN: NOMINAL,1.0,0.21766618688553585,ELEVATED,0.448199987411499,0.19101562695470745,False,0.35,0.2998583979243893,3.3110031163189113,1.3267187860734302,4.490797830588523,0.9871640606963286,,,
440,True,0.3479226529598236,3.4839402506910657,1.3377376966526187,0.05436606076288972,0.08425993876866995,6.308371396768126,0.01572916224391084,0.7854936122894287,0.2890601604871299,0.28692032749965035,0.0042887582234044045,GREEN: NOMINAL,1.0,0.2184485206986503,ELEVATED,0.4668000042438507,0.20197729532721292,False,0.35,0.2969809599766066,3.4519325532785845,1.3269176974932282,4.516257939059097,0.9871541151253387,,,
441,False,0.06669784337282181,0.14639151843608775,1.3386536717667505,0.05437839254549965,0.08415412968546152,6.327780763030629,0.0,0.78086256980896,0.2934605365340655,0.28536482389961926,0.0037790567561245486,GREEN: NOMINAL,0.995,0.21823007217795165,ELEVATED,,0.0,False,0.35,0.35,3.325053427647865,1.3271162955676261,4.540445042106142,0.9871441852216187,,,
442,False,0.16731466352939606,1.3389914158691885,1.339567347798672,0.054491328816483546,0.08425993876866995,6.347188639416618,0.0,0.7760489583015442,0.2980085223391557,0.2837403626796632,0.0032483521299842364,GREEN: NOMINAL,0.99,0.2180118421057737,ELEVATED,,0.0,False,0.35,0.35,3.2441467469565923,1.327314648420653,4.563422790000835,0.9871342675789674,,,
443,True,0.2996082305908203,2.8946294404123174,1.3404787221142571,0.05473644571825788,0.08459520982336252,6.334988161613076,0.01164679869391667,0.7705909609794617,0.30321014090687787,0.28209672502817673,0.0026974484311537037,GREEN: NOMINAL,1.0,0.21879383026366794,ELEVATED,0.5108000040054321,0.23047797183612723,False,0.35,0.28949953239301657,3.326416283199067,1.327513250297754,4.585251650500792,0.9871243374851123,,,
444,True,0.2952865958213806,2.831121561069748,1.341401206040701,0.054976995868361,0.08488141352087258,6.322909146179276,0.018560764613258143,0.764767050743103,0.3089795567159877,0.28050108162139514,0.002230336393297924,GREEN: NOMINAL,1.0,0.21957503643340429,ELEVATED,0.5221999883651733,0.2384966452227934,False,0.35,0.2873946306290167,3.3917353922393256,1.3277120228703025,4.605989067975752,0.9871143988564849,,,
445,False,0.09539470821619034,0.47730001166485164,1.3423348111589117,0.055017413580708836,0.08459520982336252,6.342123261646022,0.0,0.7585605978965759,0.31508456873412755,0.27899248723557396,0.001789926288901654,GREEN: NOMINAL,0.995,0.21935546139697087,ELEVATED,,0.0,False,0.35,0.35,3.2624494927005854,1.3279104346926722,4.625689614576965,0.9871044782653664,,,
446,True,0.2532241642475128,2.33409511638742,1.3432661165789375,0.05521562033137564,0.08483310835361481,6.330069189761428,0.014765217038347081,0.7514620423316956,0.32188769096547476,0.27760242147682673,0.0013748608309007008,GREEN: NOMINAL,1.0,0.2201361059355739,ELEVATED,0.5378000140190125,0.24992361246672024,False,0.35,0.2843950517274859,3.278694227395607,1.3281088970897224,4.6444051338481165,0.9870945551455139,,,
447,True,0.17794190347194672,1.4497831109825892,1.3442085615839385,0.05533834661451621,0.08456682653333991,6.3181339352896915,0.018903458244059985,0.7432600855827332,0.32974922931382344,0.27636140192784653,0.0010056918010550636,GREEN: NOMINAL,1.0,0.22091596982963832,ELEVATED,0.5501999855041504,0.2593958401943705,False,0.35,0.2819085919489777,3.200729560801487,1.3283071011910146,4.662184877155711,0.9870846449404493,,,
448,False,0.06131233274936676,0.07035003508110167,1.3451621582081017,0.05534432060065106,0.08483310835361481,6.337158120461984,0.0,0.7341217398643494,0.3378708328184127,0.27529283891857736,0.0006916231876660215,GREEN: NOMINAL,0.995,0.22069505385980867,ELEVATED,,0.0,False,0.35,0.35,3.0806731902898927,1.32850482067767,4.679075633297925,0.9870747589661166,,,
449,False,0.16643814742565155,1.3123672431342954,1.3461134575415168,0.05545541442747606,0.08456682653333991,6.356180874275826,0.0,0.7242367267608643,0.34683561522646256,0.2744171510647018,0.0004376955269948628,GREEN: NOMINAL,0.99,0.22047435880594887,ELEVATED,,0.0,False,0.35,0.35,3.001403294724034,1.3287021509903227,4.695121851633028,0.987064892450484,,,
450,True,0.30551621317863464,2.9369478765618102,1.347062456730789,0.05570547522622722,0.0850579405736178,6.344176992475574,0.014027697290078203,0.7136680483818054,0.3561165415306431,0.2737501116663464,0.00024370449980124992,GREEN: NOMINAL,1.0,0.22125388444714292,ELEVATED,0.5720000267028809,0.2769273947712939,False,0.35,0.27730655887253536,3.090287006942777,1.3288999136640685,4.585365759051377,0.9870550043167967,,,
451,True,0.292041152715683,2.7482425391646124,1.3480226330979939,0.05594181090371667,0.08590920868422836,6.332290269706452,0.023254927517755264,0.7018944025039673,0.3659823340426653,0.2732999160462099,0.00010836456487883619,GREEN: NOMINAL,1.0,0.2220326305626958,ELEVATED,0.5794000029563904,0.28314391100725783,False,0.35,0.2756747233605948,3.146915488266167,1.329097914710838,4.481097471098808,0.9870451042644582,,,
452,False,0.09215763956308365,0.41875011151594804,1.3489939990694244,0.05597802673237604,0.08639905240796505,6.351126839262433,0.0,0.690276563167572,0.375622024085293,0.273066213017841,2.8884068604457916e-05,GREEN: NOMINAL,0.995,0.2218105979321331,ELEVATED,,0.0,False,0.35,0.35,3.0163068177505448,1.3292953229167257,4.382042597543867,0.9870352338541638,,,
453,True,0.23828934133052826,2.09550251356021,1.3499630676315453,0.05616033804697419,0.08691423756591975,6.33926453143535,0.019100985923625746,0.6793375015258789,0.3846962301345535,0.2730408021694107,1.732743592103053e-05,GREEN: NOMINAL,1.0,0.22258878733420095,ELEVATED,0.5950000286102295,0.2967100397608712,False,0.35,0.2721136145627713,3.006133258376408,1.3294926781991534,4.287940467666673,0.9870253660900424,,,
454,True,0.17773962020874023,1.3913707639720956,1.3509433451945527,0.05628191732913596,0.08729355684667825,6.327516877559302,0.02539980049552133,0.6677497625350952,0.3942748293999134,0.27319943502029986,7.266127655018102e-05,GREEN: NOMINAL,1.0,0.22336619854686676,ELEVATED,0.5978000164031982,0.2992128904394213,False,0.35,0.2714566162596519,2.9215737408156226,1.3296895499741195,4.19854344428334,0.9870155225012941,,,
455,False,0.051972534507513046,0.049532430581768934,1.351934844639696,0.05627760794631434,0.08691423756591975,6.346170872067287,0.0,0.6566902995109558,0.40332040024261745,0.2735051254816056,0.00015420344142194593,GREEN: NOMINAL,0.995,0.22314283234831989,ELEVATED,,0.0,False,0.35,0.35,2.800740003269072,1.329885575082006,4.113616272069173,0.9870057212458998,,,
456,False,0.1352643072605133,0.9039351295248249,1.3529240497988038,0.05635659464562854,0.08729355684667825,6.364823490353757,0.0,0.6458824276924133,0.41205999146079597,0.27392508444313207,0.00025218547837099195,GREEN: NOMINAL,0.99,0.22291968951597158,ELEVATED,,0.0,False,0.35,0.35,2.6891212940292446,1.3300806183203528,4.032935458465714,0.9869959690839825,,,
457,True,0.23902426660060883,2.0884228026270026,1.3539109575966244,0.056539262317583515,0.08737933911345899,6.353010279001468,0.0183531263100482,0.6356297731399536,0.4203513032519777,0.27443049582081425,0.0003599922206958238,GREEN: NOMINAL,1.0,0.22369676982645562,ELEVATED,0.6105999946594238,0.3109260998744466,False,0.35,0.26838189878295776,2.6950949421991233,1.330275719705322,3.9562886855424284,0.986986214014734,,,
458,True,0.24071040749549866,2.103798787048103,1.3549091139980356,0.05672343346276143,0.08745464403033255,6.341310145774725,0.028920248743445245,0.6260258555412292,0.4284147250639309,0.27499587446270024,0.00047281820825240963,GREEN: NOMINAL,1.0,0.22447307305662917,ELEVATED,0.6129999756813049,0.3131728285447141,False,0.35,0.2677921325070125,2.6984964328731746,1.3304708538983703,3.883474251265307,0.9869764573050815,,,
459,False,0.07098620384931564,0.16306495060195494,1.3559185322781069,0.056737696233147984,0.08737933911345899,6.359783720590384,0.0,0.619461178779602,0.43427768722102,0.27559810997577333,0.0005866266766087577,GREEN: NOMINAL,0.995,0.22424859998357255,ELEVATED,,0.0,False,0.35,0.35,2.58657081544569,1.330664785852874,3.8143005387020414,0.9869667607073563,,,
460,True,0.18047381937503815,1.4134456596252893,1.3569256566468455,0.056861432356289876,0.08745464403033255,6.348107479184089,0.022052894851616024,0.6147429943084717,0.4386969723180623,0.27621552529533394,0.0006990900130259234,GREEN: NOMINAL,1.0,0.22502435138358898,ELEVATED,0.6172000169754028,0.31714380987229973,False,0.35,0.2667497499085213,2.5267234270039203,1.3308579594062913,3.7485855117669393,0.9869571020296855,,,
461,False,0.1395770162343979,0.9425399554620703,1.3579440632982258,0.056944147940167986,0.08767041419874876,6.366492146596858,0.0,0.6107673645019531,0.4427119297004967,0.2768249407657423,0.000806888123826906,GREEN: NOMINAL,0.995,0.2247993270322054,ELEVATED,,0.0,False,0.35,0.35,2.4294068839667493,1.3310496964936018,3.6861562361785922,0.9869475151753199,,,
462,True,0.31158867478370667,2.8904162657455204,1.3589601762945125,0.057198792467011525,0.08801150385551154,6.354839876967613,0.021029857275829213,0.6071876287460327,0.446076899438392,0.27740350045642453,0.0009053476777342945,GREEN: NOMINAL,1.0,0.2255745277051732,ELEVATED,0.6187999844551086,0.3186697284192912,False,0.35,0.26634919628993603,2.531624826440951,1.3312429355128206,3.6268484243696624,0.9869378532243589,,,
463,True,0.28072625398635864,2.5328417812035022,1.3599875922129117,0.05742231992853088,0.08816339643280953,6.343297558164662,0.024984545213907444,0.6047690510749817,0.4491010856838174,0.27793389112859057,0.0009870911506122092,GREEN: NOMINAL,1.0,0.22634895317746803,ELEVATED,0.6190000176429749,0.3188610193753167,False,0.35,0.26629898241397937,2.5863891931702687,1.3314368652961952,3.5705060031511793,0.9869281567351902,,,
464,False,0.06865797936916351,0.1275335983307266,1.3610263249832502,0.05743355558797151,0.08801150385551154,6.361508265206901,0.0,0.6034009456634521,0.45159970898883495,0.2784105594132889,0.0010631671212400571,GREEN: NOMINAL,0.995,0.22612260422429056,ELEVATED,,0.0,False,0.35,0.35,2.47896874593028,1.3316293675329354,3.51698070299362,0.9869185316233532,,,
465,False,0.17088809609413147,1.2855798500461868,1.3620627680997026,0.05754701012847767,0.08816339643280953,6.379717660616537,0.0,0.6020216345787048,0.4540222755028765,0.2788348337547856,0.0011697973557262102,GREEN: NOMINAL,0.99,0.2258964816200663,ELEVATED,,0.0,False,0.35,0.35,2.4113658293582128,1.3318208075296005,3.4661316678439387,0.98690895962352,,,
466,True,0.2894825041294098,2.611988246405444,1.3630969182102801,0.0577789456224786,0.0887077339746058,6.3681135524570776,0.014552427461688054,0.6012864112854004,0.4555651067848915,0.2791991148833571,0.00127985414379813,GREEN: NOMINAL,1.0,0.2266705851384462,ELEVATED,0.6302000284194946,0.3297567838988753,False,0.35,0.26343884422654523,2.484190863264655,1.332013386221908,3.4178250844517417,0.9868993306889047,,,
467,True,0.3077862858772278,2.808540564680595,1.364142413335876,0.05802895296273335,0.08892779974602162,6.356617909382805,0.021779781397187517,0.6001409292221069,0.45712917788963986,0.27949840188110564,0.0013766031952430978,GREEN: NOMINAL,1.0,0.22744391455330776,ELEVATED,0.6304000020027161,0.3299546711882893,False,0.35,0.26338689881307403,2.5690755122462083,1.3322071054863291,3.3719338302291546,0.9868896447256836,,,
468,False,0.08532338589429855,0.30669436376473963,1.3651992678027591,0.05805624739566492,0.08890655232109129,6.374656630159467,0.0,0.5988278388977051,0.4588986023300234,0.27973884209685224,0.0014688316283114474,GREEN: NOMINAL,0.995,0.22721647063875444,ELEVATED,,0.0,False,0.35,0.35,2.461220350658803,1.3323993420547724,3.3283371387176968,0.9868800328972614,,,
469,True,0.21335968375205994,1.731176825233082,1.366253833591386,0.058211550832021314,0.08962003803346305,6.363184432923798,0.014981906388903139,0.5977165102958679,0.46034806251012134,0.2799320017351477,0.0015574610123602025,GREEN: NOMINAL,1.0,0.2279892541681157,ELEVATED,0.6299999952316284,0.32955895636081034,False,0.35,0.2634907739552873,2.438356683720281,1.3325912227536132,3.286920281781812,0.9868704388623194,,,
470,False,0.17052772641181946,1.2500198356414909,1.3673197803741914,0.05832386700760111,0.08976166313923895,6.381138373042645,0.0,0.5960057377815247,0.46181434631218626,0.2800932895235633,0.001641675367425855,GREEN: NOMINAL,0.995,0.22776126491394758,ELEVATED,,0.0,False,0.35,0.35,2.3684928737864173,1.3327819142123614,3.247574267692721,0.986860904289382,,,
471,True,0.3834724426269531,3.5999300986481555,1.3683834390344454,0.05864901558322046,0.09023048174344003,6.369689686859405,0.014895544923009122,0.593613862991333,0.4637724056138753,0.2802397988081761,0.00172027405622252,GREEN: NOMINAL,1.0,0.22853350364903363,ELEVATED,0.6305999755859375,0.3301526772300117,False,0.35,0.2633349222271219,2.54239829328092,1.3329752949668183,3.210195554308085,0.9868512352516592,,,
472,True,0.34133434295654297,3.1136143384075603,1.369458500578967,0.05893170091059378,0.0906993003476411,6.35834652594547,0.019554291323143364,0.5919944643974304,0.4654456550153473,0.28039046457091926,0.0017919318368238319,GREEN: NOMINAL,1.0,0.2293049701453846,ELEVATED,0.6305999755859375,0.3301526772300117,False,0.35,0.2633349222271219,2.6490963389569573,1.333169930643052,3.1746857765926806,0.9868415034678475,,,
473,False,0.08494402468204498,0.28659860016860395,1.370544979993149,0.05895771323436523,0.09067145279981195,6.3761345247308805,0.0,0.5902708172798157,0.46722135326475606,0.28056739538038017,0.0018545737034308177,GREEN: NOMINAL,0.995,0.2290756651752392,ELEVATED,,0.0,False,0.35,0.35,2.529858398172799,1.3333631461402995,3.1409514877630462,0.9868318426929851,,,
474,True,0.21201738715171814,1.6815265322687145,1.371629176163776,0.05911077290828258,0.09093321533091366,6.36481423118675,0.013792506004717438,0.5877266526222229,0.46932455135512324,0.2808003635612886,0.001929020269380707,GREEN: NOMINAL,1.0,0.22984658951006395,ELEVATED,0.6326000094413757,0.3321395816791195,False,0.35,0.26281335980923115,2.491355849175207,1.3335558284897335,3.1089039133748937,0.9868222085755134,,,
475,False,0.17032060027122498,1.2135919049178396,1.3727248126376366,0.05922198273564552,0.0915452855983749,6.38251978429862,0.0,0.5849865078926086,0.4707109229528448,0.2811087180457641,0.0020187045386050413,GREEN: NOMINAL,0.995,0.2296167429205539,ELEVATED,,0.0,False,0.35,0.35,2.4085635792408135,1.3337472214123693,3.0784587177061487,0.9868126389293816,,,
476,True,0.383821576833725,3.5309135249175916,1.3738181666113773,0.0595465823297436,0.09183883780092,6.371222419742758,0.013095199509360798,0.5817773342132568,0.47188657868542905,0.28149885509588646,0.002097455150813015,GREEN: NOMINAL,1.0,0.23038712617763335,ELEVATED,0.6388000249862671,0.33837520505750246,False,0.35,0.2611765086724056,2.5675744946244783,1.3339409220908514,3.049535781820841,0.9868029538954576,,,
477,True,0.34010186791419983,3.0439711518306396,1.3749229835602248,0.05982713761532806,0.09207535693310201,6.360027758501041,0.016285357166771923,0.5778643488883972,0.4737841430464616,0.28198816371670393,0.002157936599834808,GREEN: NOMINAL,1.0,0.23115673905145573,ELEVATED,0.6406000256538391,0.34020737424896175,False,0.35,0.26069556425964757,2.6602814748624093,1.3341356748794824,3.0220589927297987,0.986793216256026,,,
478,False,0.08577419072389603,0.28262934081033764,1.3760392791314233,0.05985308466843663,0.09171413690149784,6.377571909371639,0.0,0.5753769278526306,0.4748738230609518,0.2826096811053388,0.002234246319705989,GREEN: NOMINAL,0.995,0.23092558231240426,ELEVATED,,0.0,False,0.35,0.35,2.5354261257185526,1.3343289642457634,2.9959560430933085,0.9867835517877119,,,
479,True,0.21509453654289246,1.6857728439289066,1.3771532976330907,0.06000832612031109,0.09199709853027016,6.366399557888919,0.0118208930772905,0.5744882822036743,0.4751067601267705,0.28338722085748685,0.0023574937442680886,GREEN: NOMINAL,1.0,0.23169465673009185,ELEVATED,0.6367999911308289,0.3363509982556584,False,0.35,0.26170786295788967,2.493025783661755,1.3345216705495222,2.971158240938643,0.986773916472524,,,
480,False,0.17082488536834717,1.2032019087059926,1.378278817974631,0.060119142679559125,0.09200928114205598,6.383863502918524,0.0,0.5747895240783691,0.4749272030114848,0.28431595131688897,0.0025065744608256412,GREEN: NOMINAL,0.995,0.23146296207336176,ELEVATED,,0.0,False,0.35,0.35,2.40615117144666,1.3347130227442294,2.9476003288917103,0.9867643488627886,,,
481,True,0.3834318518638611,3.4937662979233384,1.379402062177265,0.060442455388743425,0.09244733875505626,6.372713519460872,0.011020369189698167,0.5767068862915039,0.4736808880666389,0.2853700078061345,0.002684563642927254,GREEN: NOMINAL,1.0,0.2322314991112884,ELEVATED,0.6389999985694885,0.33857826426781507,False,0.35,0.26112320562969854,2.560310781887599,1.3349066327144297,2.9252203124471245,0.9867546683642786,,,
482,True,0.3424515128135681,3.0328926552038404,1.3805368316768065,0.060724464446168254,0.09289054391160607,6.36166352900907,0.014236561769633076,0.5803791284561157,0.4711944969367599,0.28651064452044295,0.0028819576785588884,GREEN: NOMINAL,1.0,0.23299926761217712,ELEVATED,0.6435999870300293,0.3432830206675307,False,0.35,0.25988820707477317,2.653686539433264,1.3351013167604573,2.9039592968247683,0.9867449341619772,,,
483,False,0.08452048897743225,0.25619450756786527,1.3816831427853202,0.06074826047069952,0.09278976638652384,6.378970427163198,0.0,0.5845596194267273,0.4682722338010848,0.28770021058967155,0.0031019246642058087,GREEN: NOMINAL,0.995,0.23276626834456496,ELEVATED,,0.0,False,0.35,0.35,2.532631868727284,1.335294569153682,2.88376133198353,0.986735271542316,,,
484,True,0.21041908860206604,1.6096115264233515,1.3828271837376438,0.060897931298830886,0.0928926979266107,6.367942208743654,0.011114900055490285,0.5895912647247314,0.46488567374833184,0.28889741475771075,0.0033506949446450406,GREEN: NOMINAL,1.0,0.2335335020762204,ELEVATED,0.6417999863624573,0.341434287741601,False,0.35,0.2603734994678297,2.487901191299697,1.335487201702557,2.864573265384353,0.9867256399148723,,,
485,False,0.1700647622346878,1.1694645436379518,1.3839827903040025,0.06100709812976674,0.0932543570458889,6.385171050838217,0.0,0.5945950150489807,0.4610237412273726,0.29005084512298174,0.0036335134177119827,GREEN: NOMINAL,0.995,0.23329996857414417,ELEVATED,,0.0,False,0.35,0.35,2.4048975908257777,1.3356785326591025,2.8463446021151353,0.986716073367045,,,
486,True,0.38397717475891113,3.4472773418320184,1.385136127831606,0.06133006820639588,0.09359476321712136,6.374164659588182,0.011278131449408289,0.6006329655647278,0.4568691828318242,0.29108936280682085,0.0039262524259327655,GREEN: NOMINAL,1.0,0.23406666860557002,ELEVATED,0.6367999911308289,0.3363509982556584,False,0.35,0.26170786295788967,2.5626880371574687,1.3358721724567226,2.8290273720093784,0.986706391377164,,,
487,True,0.338965505361557,2.9577894289913678,1.3863010552191428,0.06160770364355104,0.09377199032474309,6.363255656872679,0.015094356089335936,0.6067944169044495,0.4525774418188195,0.29193470598804644,0.004195844464716505,GREEN: NOMINAL,1.0,0.23483260193696445,ELEVATED,0.6389999985694885,0.33857826426781507,False,0.35,0.26112320562969854,2.6572786401750044,1.336066894054616,2.812576003408909,0.9866966552972694,,,
488,False,0.08630091696977615,0.26376824285081424,1.3874775894467055,0.06163239685687726,0.09352346532046794,6.380331633514572,0.0,0.6130629777908325,0.44863023456401485,0.2925162210711206,0.00440795008762394,GREEN: NOMINAL,0.995,0.2345977693350275,ELEVATED,,0.0,False,0.35,0.35,2.54551608626499,1.336260315278795,2.7969472032384637,0.9866869842360604,,,
489,True,0.21715721487998962,1.6589782914139197,1.38865186117121,0.061787921674900374,0.09365360234621911,6.369443884069666,0.010658436585484281,0.619848906993866,0.44403580855245317,0.2927853514740686,0.004528184433259456,GREEN: NOMINAL,1.0,0.23536317156569247,ELEVATED,0.6381999850273132,0.3377666370370716,False,0.35,0.2613362577777687,2.5147393916541656,1.3364533261322988,2.7820998430765402,0.9866773336933852,,,
490,False,0.17108571529388428,1.1673667215402606,1.3898377645322593,0.06189721946851935,0.09353401447087525,6.3864438691456815,0.0,0.626793622970581,0.43895717767115255,0.2927276948746238,0.004530401471859994,GREEN: NOMINAL,0.995,0.23512780839412678,ELEVATED,,0.0,False,0.35,0.35,2.4397079851438344,1.3366452283011288,2.767994850922713,0.9866677385849437,,,
491,True,0.3829352855682373,3.4200806269080086,1.3910214066942757,0.06221825753461907,0.09377469803206621,6.375577425185781,0.009663672370450942,0.6322960257530212,0.4345758158219609,0.29236139501558045,0.004400851957465946,GREEN: NOMINAL,1.0,0.23589268058573265,ELEVATED,0.6377999782562256,0.3373615533144441,False,0.35,0.26144259225495836,2.602075982376067,1.3368393428138132,2.754595108376577,0.9866580328593095,,,
492,True,0.3439503610134125,2.996887170915626,1.3922167055316264,0.06249998963809786,0.09391423678100108,6.364805865689052,0.012759153886829081,0.6374281644821167,0.42993431871810395,0.2917214101115877,0.00412504950082302,GREEN: NOMINAL,1.0,0.2366567879051469,ELEVATED,0.6381999850273132,0.3377666370370716,False,0.35,0.2613362577777687,2.7073552498954934,1.3370345614367773,2.741865352957748,0.9866482719281613,,,
493,False,0.08359559625387192,0.22473557848143505,1.393423678695876,0.06252108524471363,0.09377469803206621,6.381657001932947,0.0,0.6423917412757874,0.4254917609440072,0.290865210421601,0.0037025101861644597,GREEN: NOMINAL,0.995,0.23642013111724175,ELEVATED,,0.0,False,0.35,0.35,2.6010446659254733,1.3372286639765005,2.7297720853098606,0.9866385668011751,,,
494,True,0.20689702033996582,1.535779495248319,1.3946283977509393,0.06266546117980888,0.09391423678100108,6.370906195042639,0.00955759745421141,0.6467525959014893,0.4216504023107452,0.28988183603470485,0.0031621515755003867,GREEN: NOMINAL,1.0,0.2371837109861245,ELEVATED,0.635200023651123,0.3347404146929106,False,0.35,0.26213064114311097,2.562124800330156,1.3374222967195948,2.7182834810443675,0.9866288851640204,,,
495,False,0.1694851517677307,1.1322889734705361,1.395844816725116,0.06277228087039681,0.0942452619407326,6.387683323379123,0.0,0.6512262225151062,0.4178854509605835,0.28887710218673135,0.002553220738584695,GREEN: NOMINAL,0.995,0.23694652727513837,ELEVATED,,0.0,False,0.35,0.35,2.4879279363521953,1.337614929655287,2.707369306992149,0.9866192535172358,,,
496,True,0.3844808042049408,3.391645057132762,1.3970589830806601,0.06309398939373136,0.09475838697664439,6.376953318576762,0.011240021355487682,0.6552340388298035,0.41447432140991614,0.2879495452364552,0.0019349434812228952,GREEN: NOMINAL,1.0,0.23770958074786325,ELEVATED,0.6294000148773193,0.32896630319299336,False,0.35,0.26364634541183923,2.6512576019667913,1.3378095881599372,2.6970008416425415,0.9866095205920032,,,
497,True,0.3362005352973938,2.8694885234089367,1.3982848751913464,0.06336709593963502,0.09508086097296327,6.366315789473684,0.012472512508595084,0.6580491662025452,0.41202662461056133,0.2871707401998151,0.0013649660215552912,GREEN: NOMINAL,1.0,0.23847187116711538,ELEVATED,0.6226000189781189,0.32232338277691724,False,0.35,0.26539011202105917,2.74648770912062,1.3380051627454803,2.6871507995604142,0.986599741862726,,,
498,False,0.0878329947590828,0.25759057366876414,1.3995225113838963,0.06339156183845446,0.09488481108807027,6.38294792934443,0.0,0.6600624322891235,0.410135334058554,0.28657554150229014,0.0008777760606019686,GREEN: NOMINAL,0.995,0.23823339929594825,ELEVATED,,0.0,False,0.35,0.35,2.642922270289161,1.3381997326764383,2.6777932595823932,0.9865900133661781,,,
499,True,0.2229992002248764,1.6750188713919338,1.4007579026032886,0.06355116947684088,0.09519178169947116,6.372330669461548,0.007010060826373565,0.6624252796173096,0.4078438165497933,0.2861665194523056,0.0005107998351401809,GREEN: NOMINAL,1.0,0.2389951658966523,ELEVATED,0.5982000231742859,0.29957216751271704,False,0.35,0.2713623060279118,2.6198357130157524,1.3383940496514186,2.6689035966032733,0.9865802975174292,,,
500,False,0.1719217747449875,1.138495462746158,1.402005064297016,0.06365954008210901,0.09509237252622842,6.3888907084138475,0.0,0.6645936965942383,0.4059817920901661,0.28591925511044675,0.00023698606591433382,GREEN: NOMINAL,0.995,0.23875617073075564,ELEVATED,,0.0,False,0.35,0.35,2.5455730910739196,1.3385874716132646,2.6604584167731096,0.9865706264193368,,,
501,True,0.38179850578308105,3.3503760096102986,1.4032499826947613,0.06397767904780999,0.0948612411931157,6.378293764675189,0.008272769229581266,0.6671428680419922,0.4040346330935432,0.28580451828420367,6.909945948286774e-05,GREEN: NOMINAL,1.0,0.23951741456002487,ELEVATED,0.5870000123977661,0.2896737576712637,False,0.35,0.2739606386112933,2.7034475112395357,1.3387826531729878,2.652435495934454,0.9865608673413506,,,
502,True,0.3483639657497406,3.0022357665602706,1.404506698204779,0.06426206533451191,0.09463010986000299,6.367786978405586,0.00956595944376369,0.6700389981269836,0.40171738946285784,0.2857872120044437,2.5202440836784e-05,GREEN: NOMINAL,1.0,0.24027789714546485,ELEVATED,0.5727999806404114,0.27759278034823615,False,0.35,0.277131895158588,2.8113452080763066,1.3389787608903894,2.6448137211377314,0.9865510619554806,,,
503,False,0.08105510473251343,0.17685037795837957,1.4057752298328692,0.06427885837390991,0.0948612411931157,6.384205741005325,0.0,0.6726905703544617,0.3997140115294951,0.28581165991277907,0.00012248832420019612,GREEN: NOMINAL,0.995,0.2400376192483194,ELEVATED,,0.0,False,0.35,0.35,2.7058191878428257,1.339173964978172,2.6375730350808446,0.9865413017510914,,,
504,False,0.19733379781246185,1.4046468369925784,1.4070415263678733,0.06441191331334846,0.09463010986000299,6.400623437347794,0.0,0.675311267375946,0.39765879581094643,0.28580339600053467,0.00026716824606406303,GREEN: NOMINAL,0.99,0.23979758162907108,ELEVATED,,0.0,False,0.35,0.35,2.653699119543457,1.3393686491561712,2.6306943833268024,0.9865315675421915,,,
505,True,0.3255305886268616,2.7333729396037763,1.4083055830923124,0.06467303198866198,0.09543430860042572,6.390067252974651,0.005052558922916145,0.6771160364151001,0.3962898436718033,0.28571115991775925,0.0004358194471265867,GREEN: NOMINAL,1.0,0.24055778404744202,ELEVATED,0.5234000086784363,0.23935679504642882,False,0.35,0.2871688413003124,2.741900872455984,1.339564183412952,2.6241596641604623,0.9865217908293524,,,
506,True,0.3605518937110901,3.065382432243566,1.4095814910507694,0.0649689108503844,0.09642613585554063,6.379600115908432,0.009590162432172141,0.6791409850120544,0.39472500148438144,0.2855031427338328,0.0006087758489563411,GREEN: NOMINAL,1.0,0.24131722626339458,ELEVATED,0.508400022983551,0.22882450314410946,False,0.35,0.28993356792467123,2.855639123811666,1.3397606181663535,2.617951680952439,0.9865119690916824,,,
507,False,0.09180381149053574,0.2801817539683253,1.4108692696626854,0.06499574575102456,0.09568098336104303,6.395878943979395,0.0,0.6809373497962952,0.3930577805474476,0.28516172563401865,0.0007699095935440807,GREEN: NOMINAL,0.995,0.2410759090371312,ELEVATED,,0.0,False,0.35,0.35,2.7487986729239005,1.339956212933905,2.612054096904817,0.9865021893533048,,,
508,True,0.2222372442483902,1.6339360116482315,1.412154816998456,0.06515298724952191,0.09613856104463338,6.385431695040236,0.008017575276193626,0.6813209652900696,0.39251756703624346,0.2846807282093425,0.0009068882044045645,GREEN: NOMINAL,1.0,0.24183483312809406,ELEVATED,0.4779999852180481,0.20887902040635783,False,0.35,0.29516925714333103,2.7178510520002037,1.3401515297166513,2.606451392059576,0.9864924235141674,,,
509,False,0.1917983442544937,1.3168775278898899,1.4134522626805102,0.06527963260652689,0.09607477458491921,6.40164144652475,0.0,0.6813035607337952,0.3921592589375579,0.2840637338681714,0.001011890384693327,GREEN: NOMINAL,0.995,0.24159299829496597,ELEVATED,,0.0,False,0.35,0.35,2.6579800392516013,1.3403462586163797,2.601128822456597,0.9864826870691811,,,
510,True,0.4428046941757202,3.928170554976451,1.4147474790605763,0.06565715766809609,0.09601098812520503,6.391214123806788,0.012113152209104805,0.6808666586875916,0.39223661254939385,0.28332139893678104,0.0010800252151141713,GREEN: NOMINAL,1.0,0.242351405296671,ELEVATED,0.4505999982357025,0.19239590874554913,False,0.35,0.29949607395429334,2.8682601587289227,1.340542781465144,2.596072381333767,0.9864728609267429,,,
511,True,0.37378931045532227,3.2119727149336406,1.4160546217282968,0.06596528982088332,0.09583643696699291,6.380873656768615,0.017670631225258103,0.6804128289222717,0.39225227954735065,0.2824712042599933,0.0011117003469570423,GREEN: NOMINAL,1.0,0.24310905389137435,ELEVATED,0.4368000030517578,0.18459334825611937,False,0.35,0.30154424608276864,2.9849358906050703,1.3407400230046658,2.5912687622670787,0.9864629988497668,,,
512,False,0.1070733591914177,0.4293810683697415,1.4173737107895492,0.06600639789025385,0.09564222627952694,6.3969480209823555,0.0,0.6806232333183289,0.39162602021962756,0.28153534583970297,0.001111137506479438,GREEN: NOMINAL,0.995,0.24286594483748297,ELEVATED,,0.0,False,0.35,0.35,2.8655801611541962,1.3409365273291924,2.5867053241537246,0.9864531736335405,,,
513,True,0.28041908144950867,2.221782589281572,1.4186905796446645,0.0662208105738131,0.09640829481203109,6.386626986639651,0.01624376713107239,0.6801475286483765,0.3913026211365236,0.28053848427446915,0.0010788472206288433,GREEN: NOMINAL,1.0,0.24362307889264548,ELEVATED,0.40619999170303345,0.16840221485902426,False,0.35,0.3057944185995061,2.8824746239874233,1.3411331468140844,2.5823700579460382,0.9864433426592959,,,
514,False,0.20091679692268372,1.39263688055494,1.4200194234004426,0.06635550656016198,0.09662338563725352,6.4026339949979425,0.0,0.679974377155304,0.39090046647308646,0.2795079962818921,0.0010127322848574912,GREEN: NOMINAL,0.995,0.24337945581375284,ELEVATED,,0.0,False,0.35,0.35,2.8138170917421523,1.3413292735406692,2.578251555048736,0.9864335363229666,,,
515,True,0.4353732764720917,3.8017948280969556,1.4213460491120002,0.06672452433007392,0.09696702973488718,6.39233242953528,0.019337027535625714,0.6794185042381287,0.3909010623096978,0.27847575867954333,0.0009150801346111826,GREEN: NOMINAL,1.0,0.24413607635793907,ELEVATED,0.3903999924659729,0.16060617597045085,False,0.35,0.3078408788077566,2.9957605197192203,1.3415265737582855,2.574338977296299,0.9864236713120857,,,
516,True,0.41668418049812317,3.5927168391988165,1.4226846784818326,0.06707448398624197,0.09731067383252083,6.382115608025369,0.026076327300232512,0.6785218715667725,0.3911715721312429,0.2774764513129909,0.0007926434700907017,GREEN: NOMINAL,1.0,0.24489194028158115,ELEVATED,0.38999998569488525,0.16041356089096942,False,0.35,0.30789144026612053,3.1381347638105126,1.3417245395705844,2.570622028431484,0.9864137730214708,,,
517,False,0.0871218666434288,0.20653757601202596,1.4240353323067938,0.06709453136889916,0.09696702973488718,6.397990580847724,0.0,0.6779072284698486,0.391100562426857,0.27654052442291965,0.0006505736890980195,GREEN: NOMINAL,0.995,0.24464704834129958,ELEVATED,,0.0,False,0.35,0.35,3.0027716439711027,1.3419218771308146,2.5670909270099096,0.9864039061434593,,,
518,True,0.20806919038295746,1.447258340821171,1.425383777747401,0.06723550602791321,0.09731067383252083,6.387792751946468,0.021064287507914652,0.677961528301239,0.39054096670117827,0.27569454061018983,0.0004938464258089278,GREEN: NOMINAL,1.0,0.2454024012929583,ELEVATED,0.38019999861717224,0.15576606132670373,False,0.35,0.30911140890174027,2.9273052908559087,1.3421187842845077,2.563736380659414,0.9863940607857746,,,
519,False,0.18659120798110962,1.2207858668416873,1.4267442769702867,0.0673548617298664,0.09767179444804787,6.403602026139704,0.0,0.6789647936820984,0.38931680285858894,0.27496922069416535,0.0003319966918671797,GREEN: NOMINAL,0.995,0.24515699889166534,ELEVATED,,0.0,False,0.35,0.35,2.8369153367189526,1.3423150842551552,2.560549561626443,0.9863842457872423,,,
520,True,0.43803223967552185,3.7847549669462013,1.4281025701591346,0.06772553910781207,0.09784165786206722,6.393423224239404,0.026709690032001375,0.6803772449493408,0.3880371561127209,0.2744051000475515,0.00017989468989071036,GREEN: NOMINAL,1.0,0.24591184189277368,ELEVATED,0.37560001015663147,0.15363125905055192,False,0.35,0.3096717944992301,3.0156427205049456,1.3425124890386986,2.5575220835451207,0.9863743755480651,,,
521,True,0.3624531328678131,2.9833359646988886,1.429472946709936,0.06802026670157206,0.09869249378889798,6.383327130628954,0.039046722049684957,0.6827576756477356,0.3856154307797777,0.27405852694977745,5.920833931342088e-05,GREEN: NOMINAL,1.0,0.24666593005088092,ELEVATED,0.3815999925136566,0.15642165170219136,False,0.35,0.30893931642817474,3.0963711580587794,1.3427102786224066,2.5546459793678644,0.9863644860688796,,,
522,False,0.10860473662614822,0.41035866590219156,1.4308554281153005,0.06806085117149664,0.09880109480693935,6.399007598077222,0.0,0.6853082776069641,0.3830368251719919,0.27401193191978124,3.509222083653807e-05,GREEN: NOMINAL,0.995,0.24641926412083004,ELEVATED,,0.0,False,0.35,0.35,2.968545891947723,1.3429074288961242,2.551913680399471,0.9863546285551937,,,
523,True,0.29144108295440674,2.255448904409187,1.4322357137133965,0.06828423140327955,0.09894121348299086,6.388930071658018,0.03232659595127183,0.6883225440979004,0.37942970042540847,0.2743600938450566,0.0001860018847603695,GREEN: NOMINAL,1.0,0.2471728448567092,ELEVATED,0.3991999924182892,0.1649026428193001,False,0.35,0.3067130562599337,2.982657775465298,1.3431046579260533,2.5493179963794974,0.9863447671036972,,,
524,False,0.2068435400724411,1.3930689554085174,1.4336281343192563,0.06842279071194872,0.09936388921961188,6.4045464372857275,0.0,0.6917078495025635,0.3749336225039291,0.2751819652909003,0.0004967984586520358,GREEN: NOMINAL,0.995,0.2469256720118525,ELEVATED,,0.0,False,0.35,0.35,2.9096392831102524,1.3433014547405604,2.5468520965605226,0.9863349272629719,,,
525,True,0.46729618310928345,3.981941603642308,1.4350183616573526,0.06882166410434605,0.10007040752191096,6.394487510766581,0.040122902374821155,0.6956008076667786,0.3696179537989554,0.2765718928896604,0.0010185596952773405,GREEN: NOMINAL,1.0,0.24767874633984066,ELEVATED,0.41780000925064087,0.1743657852498589,False,0.35,0.304228981371912,3.107907288225889,1.3434992944674549,2.544509491732496,0.9863250352766272,,,
526,True,0.407549113035202,3.3659095438942424,1.4364207544110927,0.0691603915532769,0.10053411034047603,6.384509329329942,0.06133048858064662,0.7007983326911926,0.36326489850443894,0.27863873421225666,0.001809273064097174,GREEN: NOMINAL,1.0,0.2484310675935008,ELEVATED,0.4334000051021576,0.18272006720825898,False,0.35,0.30203598235783197,3.226308564543015,1.3436975877507018,2.5422840171458714,0.9863151206124648,,,
527,False,0.134454607963562,0.6454220068729561,1.4378353347738588,0.06922568576968718,0.10106398836616426,6.4,0.0,0.707713782787323,0.3552382433163262,0.2814937038945825,0.0029340163376678214,GREEN: NOMINAL,0.995,0.2481826365259073,ELEVATED,,0.0,False,0.35,0.35,3.0958534985824575,1.3438953750574048,2.5401698162885777,0.9863052312471297,,,
528,True,0.39048513770103455,3.149477952894389,1.4392477326657245,0.06954694522161854,0.1019020286154002,6.390039974367581,0.053291873717734424,0.7163297533988953,0.3459679369235124,0.28522462010488564,0.004450551745884923,GREEN: NOMINAL,1.0,0.2489344538893814,ELEVATED,0.4681999981403351,0.20282738019008828,False,0.35,0.2967578127001018,3.20016937152999,1.344093577154532,2.6631613254741486,0.9862953211422733,,,
529,False,0.2061074674129486,1.337460068125736,1.4406723491522218,0.06968350574380988,0.10200226901751011,6.40546808250946,0.0,0.7262099385261536,0.33596951819165,0.28987510623588586,0.00638892537440852,GREEN: NOMINAL,0.995,0.24868551943549203,ELEVATED,,0.0,False,0.35,0.35,3.1145228685991273,1.34429144512474,2.7800032592004413,0.9862854277437628,,,
530,True,0.38396868109703064,3.0728448170722356,1.4420947858974507,0.0699977909191631,0.10217596685439348,6.395526243807556,0.05887608337820722,0.736859142780304,0.32538269328149033,0.29542968718487667,0.008730347053429066,GREEN: NOMINAL,1.0,0.24943683391605653,ELEVATED,0.5220000147819519,0.23835360904607406,False,0.35,0.2874321776254055,3.2174499618599137,1.344489708032765,2.8910030962404196,0.9862755145983616,,,
531,True,0.4980144500732422,4.170956552266432,1.4435294724798582,0.07042580757831718,0.10251572682112454,6.385663256039233,0.08590466189351391,0.747803807258606,0.31470060461194227,0.3017943881410591,0.011378886376012502,GREEN: NOMINAL,1.0,0.25018739708214044,ELEVATED,0.5447999835014343,0.2552274809091518,True,0.35,0.2830027862613476,3.4256464420558137,1.3446885608609602,2.996452941428399,0.9862655719569519,,,
532,False,0.08191033452749252,0.11228709426920233,1.4449764317988563,0.07043729210526635,0.10217596685439348,6.4009686695928565,0.0,0.7589700222015381,0.3040081413755145,0.30878142386398527,0.014191120069504027,GREEN: NOMINAL,0.995,0.2499372096850583,ELEVATED,,0.0,False,0.35,0.35,3.295098053197031,1.3448870727000035,3.096630294356979,0.9862556463649997,,,
533,True,0.30105140805244446,2.247299111805719,1.4464212227470343,0.07066790622121354,0.10251572682112454,6.391123439667129,0.06337910404973485,0.7701785564422607,0.2933451720513478,0.3160552371203463,0.017044914362309743,GREEN: NOMINAL,1.0,0.25068727247537326,ELEVATED,0.6284000277519226,0.32798089582041146,False,0.35,0.26390501484714196,3.309447978536738,1.345085626489756,3.1917987796391305,0.9862457186755121,,,
534,False,0.1362132877111435,0.6366950522059399,1.4478783182564867,0.07073345160270346,0.10284332488775252,6.406367775198239,0.0,0.7810708284378052,0.2830578777106263,0.3230219125728115,0.019522413715041723,GREEN: NOMINAL,0.995,0.2504365852028979,ELEVATED,,0.0,False,0.35,0.35,3.199808436924889,1.3452838272944037,3.282208840657174,0.9862358086352797,,,
535,True,0.39409637451171875,3.1166355392136835,1.4493332483159658,0.07105681452561248,0.10365009187683462,6.396540332752718,0.06545009990271881,0.7911500930786133,0.2730799277188238,0.3289473086808284,0.02119524958542412,GREEN: NOMINAL,1.0,0.251186148617695,ELEVATED,0.6650000214576721,0.3660446583674134,False,0.35,0.253913277178554,3.3200313849071232,1.345482411266887,3.3680983986243156,0.9862258794366555,,,
536,True,0.27073341608047485,1.9096584668447745,1.4508005150207168,0.07125649112716734,0.10445685886591673,6.386789912949834,0.0882203545641326,0.7991745471954346,0.26493473609426826,0.3331225117221676,0.02176541372053698,GREEN: NOMINAL,1.0,0.2519349624690773,ELEVATED,0.6851999759674072,0.3889128205808601,False,0.35,0.2479103845975242,3.3092262230221277,1.3456809644174077,3.4496934786931,0.9862159517791295,,,
537,False,0.15709806978702545,0.8224132899524896,1.4522801419816778,0.0713423327058272,0.10427328707948326,6.401914448100508,0.0,0.8063984513282776,0.2574560052440946,0.33499882763603345,0.02109200271645004,GREEN: NOMINAL,0.995,0.25168302750660826,ELEVATED,,0.0,False,0.35,0.35,3.2100558158090893,1.3458792015599785,3.5272088047584456,0.986206039922001,,,
538,True,0.49372223019599915,4.039091861102999,1.4537576154404916,0.07176471260331738,0.1044684132233262,6.3921814010309586,0.06042709516171645,0.8117724061012268,0.2516412532787049,0.3343047583841589,0.019231111333164873,GREEN: NOMINAL,1.0,0.25243134447910165,ELEVATED,0.7063999772071838,0.41445118970784983,True,0.35,0.2412065627016894,3.4311571787804347,1.3460780669266101,3.600848364520523,0.9861960966536694,,,
539,True,0.2535296082496643,1.727534262880177,1.4552474818262735,0.07194647749896373,0.10511116025447845,6.382524041315445,0.0752287922791256,0.8156622648239136,0.24723097582925743,0.33110867301843927,0.01642631091804261,GREEN: NOMINAL,1.0,0.25317891313462254,ELEVATED,0.7293999791145325,0.444058014118521,False,0.35,0.23343477129388823,3.3976502650924614,1.3462768538899919,3.6708059462944966,0.9861861573055003,,,
540,False,0.1484919637441635,0.7260008032101182,1.456749765248018,0.07202302298520893,0.10532900297194718,6.397530644347491,0.0,0.8177264928817749,0.2444180311871557,0.3258214648774415,0.013053737044012149,GREEN: NOMINAL,0.995,0.2529257342214879,ELEVATED,,0.0,False,0.35,0.35,3.2944030804689413,1.3464753636668458,3.737265648979772,0.9861762318166576,,,
541,True,0.4383123517036438,3.470335433592859,1.4582499075234612,0.07238931231392737,0.10544313262850045,6.387890255439924,0.049483775161692695,0.8178297281265259,0.2433945065611296,0.3191431295828351,0.009535038058788501,GREEN: NOMINAL,1.0,0.2536728084872664,ELEVATED,0.675599992275238,0.3778719024610678,False,0.35,0.2508086256039697,3.452362264490708,1.3466742760192494,3.8004023665307836,0.9861662861990375,,,
542,True,0.2679310441017151,1.850618193644264,1.4597625000954753,0.07258485404571516,0.10555726228505373,6.3783242526873805,0.06307940522622771,0.815811038017273,0.24439370703372834,0.31197693027198165,0.006261789986419475,GREEN: NOMINAL,1.0,0.25441913567877916,ELEVATED,0.650600016117096,0.35056822124942616,False,0.35,0.2579758419220256,3.4298204616540438,1.3468731383570938,3.8603822482042442,0.9861563430821453,,,
543,False,0.11861301958560944,0.4370218485995151,1.461287567573608,0.07263088221125506,0.10521702180728315,6.393214748498056,0.0,0.8118886351585388,0.2472425771185722,0.30532103421496276,0.003536409010684481,GREEN: NOMINAL,0.995,0.2541647165431004,ELEVATED,,0.0,False,0.35,0.35,3.3212502898414527,1.347071725765203,3.917363135794032,0.9861464137117398,,,
544,True,0.34439221024513245,2.5851328188970752,1.4628105066711448,0.07290264353928894,0.10501958147808908,6.383665326957491,0.038312970128075996,0.8059312105178833,0.2517526221512055,0.3001529940884112,0.001546896210185366,GREEN: NOMINAL,1.0,0.2549105518265573,ELEVATED,0.605400025844574,0.3061133188735448,False,0.35,0.26964525379569443,3.3827791630484145,1.3472704762227141,3.971494979004331,0.9861364761888642,,,
545,False,0.21456478536128998,1.3408791409938163,1.4643459545284512,0.07304430568111094,0.10554305407069622,6.398498005163107,0.0,0.7983413934707642,0.2576578536584867,0.2973089196351682,0.0003712107249865547,GREEN: NOMINAL,0.995,0.2546556412747307,ELEVATED,,0.0,False,0.35,0.35,3.3094079286224263,1.3474690298970395,4.0229202300541145,0.9861265485051479,,,
546,True,0.47858837246894836,3.8196642754892665,1.4658792773921299,0.07344984974789877,0.10606652666330336,6.3889651947748325,0.03472884334383891,0.7888906598091125,0.265070253874134,0.2973500102698125,0.0003919879425505756,GREEN: NOMINAL,1.0,0.255400985633456,ELEVATED,0.5559999942779541,0.2639488308483048,False,0.35,0.28071343190232,3.491179999151968,1.347668023290451,4.0717742185514085,0.9861165988354773,,,
547,True,0.42875048518180847,3.338786193744934,1.467425143134449,0.07380515038333267,0.10630969286486505,6.379505094614265,0.04310638134529229,0.7777430415153503,0.27374002706114936,0.3002223942076477,0.0014299819796708406,GREEN: NOMINAL,1.0,0.2561455846478225,ELEVATED,0.5410000085830688,0.25233442845278886,False,0.35,0.2837622125311429,3.602100602566878,1.3478672165518206,4.1181855076238385,0.9861066391724088,,,
548,False,0.1202731728553772,0.43825330989316913,1.4689835770899924,0.07385161840580472,0.10592402476295829,6.394224331169398,0.0,0.7648007869720459,0.28356446150250264,0.3054198361895984,0.0029252637790281167,GREEN: NOMINAL,0.995,0.2558894390631747,ELEVATED,,0.0,False,0.35,0.35,3.459641222064791,1.3480661445812825,4.162276232242647,0.9860966927709357,,,
549,True,0.3203732967376709,2.315209735107129,1.470539899404768,0.0740981400841366,0.10637271989621222,6.384780465170234,0.027751300181012767,0.7509948015213013,0.2942674044534473,0.31236726267578513,0.004706735482527909,GREEN: NOMINAL,1.0,0.2566335496241115,ELEVATED,0.5170000195503235,0.23480498947768041,False,0.35,0.2883636902621089,3.4605482189918164,1.3482650745483327,4.204162420630515,0.9860867462725832,,,
550,False,0.223481222987175,1.3986215471781547,1.4721088246498173,0.07424752316703964,0.10670055821835994,6.399443203897572,0.0,0.736089825630188,0.3055622585039324,0.32047349397250613,0.006622571269497681,GREEN: NOMINAL,0.995,0.25637691607448737,ELEVATED,,0.0,False,0.35,0.35,3.363254580523041,1.348463775408665,4.243954299598989,0.9860768112295666,,,
551,True,0.48413363099098206,3.8474065870132192,1.4736756418368908,0.07465740927486358,0.10642915232777594,6.390015600624025,0.02543517834867334,0.7198984622955322,0.3177130143219907,0.3291767142271539,0.008539467182168355,GREEN: NOMINAL,1.0,0.2571205391584129,ELEVATED,0.49959999322891235,0.22286256001865898,False,0.35,0.291498577995102,3.5181585411541545,1.3486628215502485,4.281756584619039,0.9860668589224874,,,
552,True,0.46124324202537537,3.6227043423519967,1.4752550969392506,0.07504399510761409,0.10660523476973176,6.380659087638509,0.03342046253738328,0.703011155128479,0.3299778553265131,0.3379759917767213,0.010341376397066017,GREEN: NOMINAL,1.0,0.25786341861925444,ELEVATED,0.4927999973297119,0.21836222598578875,False,0.35,0.2926799156787304,3.6289853217596493,1.3488620569631973,4.317668755388087,0.9860568971518399,,,
553,False,0.09974632412195206,0.23172163910813584,1.4768472160228372,0.07506869743662842,0.10649685881864279,6.395210959534911,0.0,0.6859441995620728,0.34235194472618385,0.34645325797919896,0.011934980763392465,GREEN: NOMINAL,0.995,0.25760555520063516,ELEVATED,,0.0,False,0.35,0.35,3.4560520696023866,1.349060977290888,4.351785317618682,0.9860469511354554,,,
554,True,0.23954494297504425,1.5409732063107393,1.478437240993279,0.07523317368216682,0.10662856993228197,6.385870344353012,0.020693281198748276,0.6703866720199585,0.3540920289221842,0.3542812478054083,0.013248626029383396,GREEN: NOMINAL,1.0,0.2583479496454345,ELEVATED,0.4830000102519989,0.21203583846291085,False,0.35,0.29434059240348587,3.350797423679965,1.3492596454865953,4.259196051737748,0.98603701772567,,,
555,False,0.20868109166622162,1.2488412138288747,1.4800399655334884,0.07536662160015087,0.10675053688958287,6.4003669935202705,0.0,0.657187283039093,0.36519151866257704,0.3612294131027978,0.014237992833509546,GREEN: NOMINAL,0.995,0.2580896016957891,ELEVATED,,0.0,False,0.35,0.35,3.221609469215987,1.349457922723591,4.17123624915086,0.9860271038638202,,,
556,True,0.4802235960960388,3.789668748519302,1.4816405997409017,0.07577147857464675,0.10672492620348929,6.391042303407695,0.016083841748484387,0.6470801830291748,0.3749153618642524,0.3671622010801455,0.014891960768644252,GREEN: NOMINAL,1.0,0.25883151209409333,ELEVATED,0.4706000089645386,0.2042930138873087,False,0.35,0.29637308385458144,3.3588511563305037,1.349656612129721,4.087674436693318,0.9860171693935137,,,
557,True,0.41018277406692505,3.1343407134846606,1.4832539693774416,0.07610588987013904,0.10658601432815193,6.381787137165623,0.01776409518435009,0.6407428979873657,0.38278587281098353,0.37202647907158964,0.015218295203211796,GREEN: NOMINAL,1.0,0.2595726805819992,ELEVATED,0.46700000762939453,0.20209852012023488,False,0.35,0.2969491384684383,3.413118801757032,1.3498554359376853,4.008290714858652,0.9860072282031155,,,
558,False,0.11074633151292801,0.32454011383025505,1.4848801012469703,0.07614053031178182,0.10663027381338179,6.396175407643494,0.0,0.6389340758323669,0.38822221595435835,0.37583548172370185,0.015220521020091225,GREEN: NOMINAL,0.995,0.2593131079014172,ELEVATED,,0.0,False,0.35,0.35,3.2433336227008422,1.35005378612092,3.932876179115719,0.9859973106939538,,,
559,True,0.28256916999816895,1.9327454759845442,1.4865041573256197,0.0763469589514682,0.10669910425823181,6.386935813109549,0.012956392348713482,0.6402763724327087,0.3917170780735242,0.3786665684690001,0.014911489675552553,GREEN: NOMINAL,1.0,0.2600537947935158,ELEVATED,0.46619999408721924,0.20161405705944965,False,0.35,0.29707631002189444,3.185518781526026,1.3502519350053765,3.8612323701599327,0.985987403249731,,,
560,False,0.21663711965084076,1.31265881398217,1.4881410121057095,0.07648724911216757,0.10676793470308184,6.401270093272474,0.0,0.6440756916999817,0.3935314706534571,0.38066157726380007,0.014343936582481428,GREEN: NOMINAL,0.995,0.2597937409987223,ELEVATED,,0.0,False,0.35,0.35,3.071049592976581,1.350449610430966,3.7931707516519357,0.9859775194784515,,,
561,True,0.4821019172668457,3.767444326085033,1.489775795074703,0.07689286378032226,0.10755541911553591,6.392046096486273,0.00981610608213149,0.6488783955574036,0.39374109999300894,0.3820027763188554,0.013816031522830915,GREEN: NOMINAL,1.0,0.2605339472577236,ELEVATED,0.4553999900817871,0.19518644875890964,False,0.35,0.2987635572007862,3.2177427993661407,1.3506478743516501,3.728512214069339,0.9859676062824173,,,
562,True,0.4368720054626465,3.3170362899541006,1.4914234134873712,0.07725284292200459,0.10841580588966608,6.3828901083438865,0.013317281370233802,0.6549566388130188,0.3927453168186223,0.38274002425618514,0.013245257698985876,GREEN: NOMINAL,1.0,0.2612734133104659,ELEVATED,0.4560000002384186,0.19553810671655467,False,0.35,0.2986712469869044,3.3055753128920995,1.3508464169375047,3.6670866033658718,0.9859576791531246,,,
563,False,0.10530543327331543,0.2588454335488705,1.4930838948923078,0.0772808955123559,0.1082674605332315,6.397118415128321,0.0,0.6618887186050415,0.3907619870347703,0.3828711042558931,0.012509202046015392,GREEN: NOMINAL,0.995,0.26101213989715544,ELEVATED,,0.0,False,0.35,0.35,3.1505594458328603,1.3510444324275044,3.608732273197578,0.9859477783786246,,,
564,True,0.2606922686100006,1.6946861008336205,1.494742319630567,0.07746430688545354,0.10811911517679691,6.387977682451566,0.010008984287589324,0.6691921353340149,0.3876765698152273,0.38247310999928247,0.011643273409787184,GREEN: NOMINAL,1.0,0.2617511277572583,ELEVATED,0.4551999866962433,0.1950693700349417,False,0.35,0.2987942903658278,3.084533877794319,1.3512421693558105,3.553295659537699,0.9859378915322092,,,
565,False,0.21279115974903107,1.24030246317442,1.4964136447182024,0.07759963373831713,0.10899883699715136,6.402153190534933,0.0,0.6757311224937439,0.3848099998781056,0.38170886639121815,0.010704180252826365,GREEN: NOMINAL,0.995,0.261489376629501,ELEVATED,,0.0,False,0.35,0.35,2.9809548503523198,1.351439388997852,3.500630876560814,0.9859280305501071,,,
566,True,0.48122406005859375,3.662141319526312,1.4980829173203996,0.0780032581646374,0.11010519985780119,6.393027738204978,0.008026864894806852,0.6815325021743774,0.381930356584747,0.38079867989552135,0.009847879359535532,GREEN: NOMINAL,1.0,0.2622278872528715,ELEVATED,0.454800009727478,0.1948354406465849,False,0.35,0.29885569683027147,3.1350092271383776,1.3516373421197407,3.450599332732773,0.9859181328940128,,,
567,True,0.42398831248283386,3.129872071355796,1.4997651279059405,0.0783492432189556,0.11043233122117817,6.383968828277205,0.009855389706782217,0.6864197850227356,0.37894907057533755,0.37984052017714254,0.009068024552372522,GREEN: NOMINAL,1.0,0.2629656593656186,ELEVATED,0.454800009727478,0.1948354406465849,False,0.35,0.29885569683027147,3.2212895083556345,1.351835618258703,3.403069366096134,0.9859082190870646,,,
568,False,0.1077803522348404,0.2675501913732778,1.5014603047752075,0.07837867432797149,0.10989219538941979,6.39804068909855,0.0,0.690896213054657,0.3759948425579251,0.378811106003299,0.008205724355931933,GREEN: NOMINAL,0.995,0.262702693706253,ELEVATED,,0.0,False,0.35,0.35,3.0834880860223532,1.352033350475516,3.3579158977913273,0.9858983324762239,,,
569,True,0.2706260681152344,1.7431866790205437,1.5031534449116728,0.07857092172175875,0.11017474416531622,6.388996727857578,0.006185699137675512,0.6948636770248413,0.3734229663989261,0.3777332252217895,0.007703621797233031,GREEN: NOMINAL,1.0,0.2634399910125467,ELEVATED,0.4521999955177307,0.19332162748256929,False,0.35,0.2992530727858256,3.0371289132987958,1.35223086374083,3.315020102901761,0.9858884568129582,,,
570,False,0.21458800137043,1.2326924964756611,1.5048595895867038,0.07870693880140743,0.1102311103194952,6.40301694257272,0.0,0.6996893286705017,0.3701832625462604,0.3765293953022413,0.007135989564361882,GREEN: NOMINAL,0.995,0.2631765510215342,ELEVATED,,0.0,False,0.35,0.35,2.945268834858461,1.3524278792247617,3.274269097756673,0.9858786060387617,,,
571,True,0.481729120016098,3.6333605772258832,1.5065637019137947,0.07910996098262212,0.11081178167592734,6.393987953804498,0.005384756084365266,0.7037407755851746,0.3673895949709959,0.3751851418343085,0.006549920450226776,GREEN: NOMINAL,1.0,0.26391337447051266,ELEVATED,0.4519999921321869,0.19320566733469538,False,0.35,0.29928351232464245,3.1073698592182404,1.3526257166409814,3.2355556428688392,0.9858687141679506,,,
572,True,0.4298841953277588,3.13623719778428,1.508280857314338,0.07946073521696725,0.1117337235711515,6.3850240880936,0.006745938443274302,0.7074118256568909,0.36488781723685954,0.3737509452604659,0.006032931822589508,GREEN: NOMINAL,1.0,0.26464946109604215,ELEVATED,0.4519999921321869,0.19320566733469538,False,0.35,0.29928351232464245,3.2041349472004477,1.3528239328778133,3.198777860725397,0.985858803356109,,,
573,False,0.10668165981769562,0.24308527292066295,1.51001108484781,0.07948795614156798,0.1118689888095483,6.398942905907615,0.0,0.7112923860549927,0.3619536724181702,0.37227118653891,0.0055963281880346705,GREEN: NOMINAL,0.995,0.2643848116349461,ELEVATED,,0.0,False,0.35,0.35,3.0749227159554886,1.3530216261371244,3.1638389676891268,0.9858489186931434,,,
574,True,0.266198992729187,1.6653325102382883,1.5117392964002137,0.07967466717815559,0.11200425404794513,6.38999369119785,0.006182659686420495,0.7148057222366333,0.3591380990851361,0.3707653478809124,0.005194180674846208,GREEN: NOMINAL,1.0,0.26512042682331116,ELEVATED,0.45500001311302185,0.19495237896842676,False,0.35,0.2988250005207879,3.0284247074231834,1.353219096009556,3.1306470193046705,0.9858390451995218,,,
575,False,0.213815376162529,1.194680122807347,1.513480619247522,0.07980880788713995,0.11216941314842552,6.403861978166658,0.0,0.7181510329246521,0.3562279980261747,0.36925003212895696,0.004802537124485533,GREEN: NOMINAL,0.995,0.26485530639648786,ELEVATED,,0.0,False,0.35,0.35,2.940107548143327,1.353416080759481,3.099114668339437,0.9858291959620256,,,
576,True,0.4815799593925476,3.5617649054265166,1.5152199307045575,0.08021057903864535,0.11268834159784018,6.394927437207904,0.005988754558273781,0.7204053997993469,0.3542888302499862,0.3677487065935063,0.004397309290812661,GREEN: NOMINAL,1.0,0.2655904510900914,ELEVATED,0.45339998602867126,0.19401883404710668,False,0.35,0.2990700560626345,3.1015163472739253,1.3536138928487993,3.069158934922465,0.9858193053575597,,,
577,True,0.4272977411746979,3.05938248961963,1.516972392901821,0.0805576662007814,0.11333662140984088,6.386056644880174,0.008344660481804721,0.7222293019294739,0.35249630837861035,0.36630373705142144,0.004069221061648704,GREEN: NOMINAL,1.0,0.2663248606390013,ELEVATED,0.45100000500679016,0.1926269263294061,False,0.35,0.2994354318385309,3.1965907819833523,1.3538120820903152,3.040700988176342,0.9858093958954839,,,
578,False,0.10722016543149948,0.23542626279974446,1.5187380356654403,0.08058432870001211,0.11313876546621322,6.399825712807385,0.0,0.7233326435089111,0.35140273790154025,0.36493048723962157,0.0038295132877977636,GREEN: NOMINAL,0.995,0.2660585357783623,ELEVATED,,0.0,False,0.35,0.35,3.072657936974385,1.3540097649380758,3.0136659387675246,0.9857995117530959,,,
579,True,0.2683063745498657,1.6540523236002231,1.520501684026211,0.08077205074586197,0.11337871307227759,6.390969282535548,0.005420927620140543,0.723901093006134,0.351037384911156,0.36361116066025073,0.003583228239779814,GREEN: NOMINAL,1.0,0.2667924772425839,ELEVATED,0.44940000772476196,0.1917045341621158,False,0.35,0.2996775597824446,3.0287239469378378,1.3542072363147133,2.987982641829148,0.985789638184264,,,
580,False,0.2141977846622467,1.1728463180916104,1.5222785530321872,0.08090547647977836,0.11364857110977172,6.404688899139826,0.0,0.7247406840324402,0.35036097016044365,0.36232680451343163,0.003346975755768686,GREEN: NOMINAL,0.995,0.26652568476534133,ELEVATED,,0.0,False,0.35,0.35,2.9406895991358923,1.3544042245462413,2.9635835097376906,0.9857797887726876,,,
581,True,0.48164641857147217,3.5084599550295876,1.5240534324345016,0.08130621742187005,0.11410710291154683,6.395846852693056,0.0069521299916772625,0.7252898216247559,0.3500288788726567,0.3610576030044553,0.0032059417588213845,GREEN: NOMINAL,1.0,0.267259159080576,ELEVATED,0.4535999894142151,0.1941352822496713,False,0.35,0.29903948840946126,3.098539403507825,1.3546020236420184,2.9404043342508057,0.9857698988178987,,,
582,True,0.4285779893398285,3.0281724621362347,1.525841572847632,0.08165348919378801,0.11456563471332191,6.387067223494544,0.008015390149978936,0.7255948185920715,0.3499546446407272,0.35975217218210975,0.0030884354130151703,GREEN: NOMINAL,1.0,0.2679918999214954,ELEVATED,0.451200008392334,0.192742539122601,False,0.35,0.2994050834803172,3.1919879690276827,1.354800196213914,3.043384117538266,0.9857599901893039,,,
583,False,0.10689602047204971,0.22099666106264476,1.5276430048721654,0.08167873172506628,0.11410710291154683,6.400689729496713,0.0,0.7265239953994751,0.34919898362070756,0.3583705544304023,0.0029571583348339714,GREEN: NOMINAL,0.995,0.2677239080215739,ELEVATED,,0.0,False,0.35,0.35,3.0695903747365687,1.3549978648850693,3.1412149116613524,0.9857501067557461,,,
584,True,0.26704180240631104,1.61634601923984,1.5294424649076364,0.08186409479574752,0.11456563471332191,6.391924181813301,0.006737042667171864,0.726812481880188,0.3487269758768947,0.3569122415541231,0.0028245815687970477,GREEN: NOMINAL,1.0,0.2684561841135523,ELEVATED,0.451200008392334,0.192742539122601,False,0.35,0.2994050834803172,3.0232210629176337,1.3551953084574013,3.2341541660782847,0.9857402345771296,,,
585,False,0.2139689028263092,1.1477035254130474,1.5312552575603056,0.08199619960377809,0.11498849685508757,6.405498281786942,0.0,0.7260704636573792,0.3490641493004842,0.3554014178934447,0.0026975939025553623,GREEN: NOMINAL,0.995,0.2681877279294388,ELEVATED,,0.0,False,0.35,0.35,2.9337451833238832,1.3553922548887045,3.3224464577743706,0.9857303872555644,,,
586,True,0.481669545173645,3.459569973828863,1.533066083234091,0.08239587294934796,0.11541135899685323,6.396746836458974,0.00611864461801266,0.7253461480140686,0.34951439148337715,0.35387563853771214,0.0025472167114080685,GREEN: NOMINAL,1.0,0.2689195402015094,ELEVATED,0.44859999418258667,0.19124498717814317,False,0.35,0.2997981908657374,3.0875148829951904,1.3555900051936673,3.4063241348856526,0.9857204997403163,,,
587,True,0.4277734160423279,2.9875479990775964,1.5348902828211592,0.08274125049244094,0.11549008272215723,6.388056518261797,0.006504976798690297,0.7246444821357727,0.3503222057314946,0.35238742770758213,0.002489822202912292,GREEN: NOMINAL,1.0,0.26965062066130785,ELEVATED,0.4449999928474426,0.18919065392239096,False,0.35,0.3003374533453724,3.1777298175848157,1.3557881251523978,3.36100792814137,0.9857105937423798,,,
588,False,0.1071753278374672,0.21141093388097193,1.5367278877046187,0.08276568456978596,0.11546064727865159,6.401535549572126,0.0,0.7239161133766174,0.3514108342696119,0.3509487756094259,0.0024194913438991923,GREEN: NOMINAL,0.995,0.26938097004064654,ELEVATED,,0.0,False,0.35,0.35,3.055797583245704,1.3559857290078552,3.3179575317343013,0.985700713549607,,,
589,True,0.2681213319301605,1.6030015976450775,1.5385635438578948,0.08295104021714633,0.11551472686305642,6.392859040433558,0.006086209588088485,0.7221525311470032,0.3532674961997371,0.3495655556010303,0.0023793503670576804,GREEN: NOMINAL,1.0,0.2701115890706059,ELEVATED,0.4424000084400177,0.1877207158483026,False,0.35,0.3007233120898205,3.007646508324221,1.3561830922297362,3.277059655147586,0.9856908453885129,,,
590,False,0.21416990458965302,1.1342822474136043,1.5404126472507125,0.08308225908151884,0.11556880644746124,6.406290678213745,0.0,0.7204341292381287,0.354929529853231,0.3482311719679509,0.00235502316034795,GREEN: NOMINAL,0.995,0.2698414774815353,ELEVATED,,0.0,False,0.35,0.35,2.9160881259175095,1.356379929768104,3.2382066723902065,0.9856810035115945,,,
591,True,0.48164576292037964,3.42954889224738,1.542259807137266,0.0834808225853577,0.11609834203999489,6.3976279980939275,0.006900795186036463,0.71918785572052,0.3562064778097419,0.34693311908259356,0.002314702244933944,GREEN: NOMINAL,1.0,0.27057163600405376,ELEVATED,0.4422000050544739,0.18760811529629903,False,0.35,0.3007528697347215,3.066051050169157,1.35657758197526,3.201296338770696,0.9856711209012367,,,
592,True,0.4285387396812439,2.9556643418043893,1.5441204565004427,0.08382588050245358,0.11662787763252853,6.38902519456536,0.008866697730257035,0.717485785484314,0.3579904476732845,0.3456747144813889,0.002273166628194415,GREEN: NOMINAL,1.0,0.2713010643680497,ELEVATED,0.43779999017715454,0.18514795265112888,False,0.35,0.30139866242907865,3.1522681811409017,1.3567756042022128,3.1662315218321613,0.985661219789889,,,
593,False,0.1069103255867958,0.19863643385461477,1.5459946275141927,0.08384896494753792,0.11609834203999489,6.402363741887828,0.0,0.7161188721656799,0.3595525209729242,0.3444689354186936,0.002236866438809913,GREEN: NOMINAL,0.995,0.2710297633036816,ELEVATED,,0.0,False,0.35,0.35,3.0296910123351974,1.3569730804339843,3.132919945740553,0.9856513459783004,,,
594,True,0.2670791745185852,1.5694959307947043,1.5478668739117105,0.08403219515710897,0.11662787763252853,6.39377448274049,0.007890363478808157,0.7153242230415344,0.3605359668245351,0.34333401343681713,0.0022425720320725174,GREEN: NOMINAL,1.0,0.27175873354037794,ELEVATED,0.4336000084877014,0.18282973400170915,False,0.35,0.30200719482455135,2.9779676451060304,1.3571702835318025,3.1012739484535254,0.9856414858234095,,,
595,False,0.21401068568229675,1.1123221455603034,1.5497526848510559,0.08416217364763416,0.11673642618097364,6.407066617592934,0.0,0.714314877986908,0.36189843485937845,0.3422624151450814,0.0022743453546501817,GREEN: NOMINAL,0.995,0.27148697480683753,ELEVATED,,0.0,False,0.35,0.35,2.8845615173479926,1.3573669169783353,3.071210251030849,0.9856316541510829,,,
596,True,0.48174700140953064,3.402157941835603,1.5516365766147209,0.08455975847539605,0.11674568016082047,6.398490921952369,0.009813509787001136,0.7135066986083984,0.3631416654735304,0.34123636645481215,0.0023038021711103977,GREEN: NOMINAL,1.0,0.2722154878320307,ELEVATED,0.4309999942779541,0.1814092015914517,False,0.35,0.3023800845822439,3.032416003941347,1.3575644068411092,3.0426497384793065,0.9856217796579442,,,
597,True,0.4278247058391571,2.9189970114930084,1.5535340761091574,0.08490302342275982,0.11747928520180284,6.389973890339426,0.010764101665608525,0.7131609916687012,0.3639094184718388,0.34025301125611335,0.0023336308155315305,GREEN: NOMINAL,1.0,0.2729432723441987,ELEVATED,0.42820000648498535,0.1798917531197913,False,0.35,0.3027784148060548,3.116272228158875,1.357762282218105,3.015517251555341,0.9856118858890944,,,
598,False,0.10718191415071487,0.19064184479089924,1.5554452163077332,0.08492530231348777,0.11674568016082047,6.403174851831545,0.0,0.7124988436698914,0.3649014163312829,0.33931503088260845,0.0023730688091763456,GREEN: NOMINAL,0.995,0.2726703290718545,ELEVATED,,0.0,False,0.35,0.35,2.9955042647375927,1.3579595810610474,2.9897413889775737,0.9856020209469473,,,
599,True,0.26814141869544983,1.5580014804411773,1.5573544568695314,0.08510851842986973,0.11747928520180284,6.394671107410491,0.0070708538498750195,0.7116896510124207,0.36578416579557854,0.3384255537925098,0.0024255568387615473,GREEN: NOMINAL,1.0,0.27339765874278266,ELEVATED,0.42719998955726624,0.1793528774563092,False,0.35,0.30291986966771883,2.9442868510850126,1.3581565907215893,2.965254319528695,0.9855921704639201,,,
600,False,0.21418821811676025,1.0926153878285922,1.5592773819859185,0.08523759812955663,0.11802013903856277,6.407826607342648,0.0,0.71043860912323,0.36725921190075134,0.3375970926404654,0.002493529235506447,GREEN: NOMINAL,0.995,0.27312426108403987,ELEVATED,,0.0,False,0.35,0.35,2.850432936930326,1.3583529884944279,2.94199160355226,0.9855823505752782,,,
601,True,0.4817058742046356,3.357146134346693,1.5611984131257537,0.0856340664056317,0.11797872119620442,6.399336168447257,0.006959357101710293,0.7086358070373535,0.3690513482307904,0.3368453149757806,0.0025362575453242425,GREEN: NOMINAL,1.0,0.2738511368229558,ELEVATED,0.42399999499320984,0.17763933092692635,False,0.35,0.3033696756316818,2.9950424718608333,1.3585502848583377,2.919892023374647,0.9855724857570827,,,
602,True,0.42852580547332764,2.9044995738191712,1.5631331729721918,0.0859769581446994,0.11793730335384607,6.390903217469957,0.009849836594020092,0.7067105174064636,0.37044143504502963,0.33618997396557465,0.00273447726378221,GREEN: NOMINAL,1.0,0.2745772856861329,ELEVATED,0.421999990940094,0.17657668391682932,False,0.35,0.3036486204718323,3.0785985710973707,1.3587479949172248,2.8988974222059145,0.9855626002541383,,,
603,False,0.10693883150815964,0.17749735950494855,1.565081695306857,0.08599792001806285,0.11797872119620442,6.4039694025222245,0.0,0.7043467164039612,0.37197340107119087,0.33562486844863404,0.0028943026208369427,GREEN: NOMINAL,0.995,0.27430270840044674,ELEVATED,,0.0,False,0.35,0.35,2.9585501124480396,1.358945088065371,2.878952551095619,0.985552745596731,,,
604,False,0.26719799637794495,1.5348737942601005,1.5670283438605908,0.08617912009442273,0.11793730335384607,6.417034912267101,0.0,0.7017145156860352,0.3738059841923757,0.3351686558330397,0.003057588911375782,GREEN: NOMINAL,0.99,0.2740284056920463,ELEVATED,,0.0,False,0.35,0.35,2.905104161882702,1.3591418559298794,2.860004923540838,0.9855429072035056,,,
605,True,0.45400315523147583,3.1086888236764256,1.5689731099140853,0.08654694412955978,0.1182029569197446,6.408571134233028,0.00810362220119916,0.6991434097290039,0.37572804795289777,0.3348618749452834,0.0032918979685258496,GREEN: NOMINAL,1.0,0.2747543772863542,ELEVATED,0.4187999963760376,0.17488966128197184,False,0.35,0.30409146391348235,3.015820739857689,1.3593392616312638,2.842004677363796,0.9855330369184363,,,
606,True,0.48105400800704956,3.3263910727417283,1.570931694002818,0.08694145119343727,0.1184805238455534,6.400164275263739,0.010912231098478251,0.6968177556991577,0.3777652133270443,0.3347339330815975,0.003561157593275476,GREEN: NOMINAL,1.0,0.27547962290906786,ELEVATED,0.4187999963760376,0.17488966128197184,False,0.35,0.30409146391348235,3.136701456720604,1.3595372216337471,2.824904443495606,0.9855231389183121,,,
607,False,0.13352380692958832,0.3943068020920071,1.572904130412694,0.08698803354917342,0.11801920010894536,6.4131416837782345,0.0,0.694837212562561,0.37964574377083526,0.33482569028321424,0.0038604976922917214,GREEN: NOMINAL,0.995,0.2752041432861588,ELEVATED,,0.0,False,0.35,0.35,3.007738652393509,1.359734585338308,2.8086592213208257,0.985513270733084,,,
608,True,0.33372700214385986,2.0861746941267447,1.5748747049169287,0.08723477251776811,0.11815512397885322,6.404747895935126,0.007740165539756547,0.6928747892379761,0.38165339770811463,0.33519247479967534,0.0042040368268437,GREEN: NOMINAL,1.0,0.27592893914287264,ELEVATED,0.41280001401901245,0.17176981936508656,False,0.35,0.3049104224166648,3.001998122399603,1.3599319188039205,2.793226260254784,0.9855034040598034,,,
609,False,0.26710861921310425,1.5163846064524278,1.576859177175842,0.08741464636446344,0.11850158072300254,6.4176813670316175,0.0,0.6923345327377319,0.382531170184245,0.33588869453247694,0.0045879862585206915,GREEN: NOMINAL,0.995,0.2756530102037298,ELEVATED,,0.0,False,0.35,0.35,2.9387363010557466,1.3601288953357809,2.7785649472420446,0.9854935552332104,,,
610,True,0.6010569930076599,4.316358959587643,1.5788417935463548,0.08792828871110664,0.11887998868972062,6.409300665425898,0.007683290949357372,0.6921641826629639,0.3831910767559022,0.3369777825014427,0.005030381218415078,GREEN: NOMINAL,1.0,0.2763773571935261,ELEVATED,0.4153999984264374,0.17311485470827193,True,0.35,0.30455735063907863,3.1658064005029445,1.3603269701410154,2.7646366998799423,0.9854836514929486,,,
611,True,0.5342009663581848,3.745480864396016,1.5808383534133736,0.08837456138875371,0.11903048529960214,6.400975758499771,0.0090757061522524,0.6931962370872498,0.3828242166493834,0.33853716988640337,0.005650770381669361,GREEN: NOMINAL,1.0,0.27710097983633253,ELEVATED,0.4480000138282776,0.19090106708344498,False,0.35,0.2998884698905957,3.312525763059303,1.3605255327737806,2.751404864885945,0.9854737233613103,,,
612,False,0.13356593251228333,0.3798874684809026,1.582848891886577,0.08841975275987723,0.11884092921763657,6.413822894168467,0.0,0.6944328546524048,0.38239861406282966,0.3406166117345125,0.006341895926842306,GREEN: NOMINAL,0.995,0.2768238788564962,ELEVATED,,0.0,False,0.35,0.35,3.1653496090276914,1.3607236058278631,2.7388346216416477,0.9854638197086062,,,
613,True,0.3339073359966278,2.0603301333791464,1.584857595736535,0.08866524034311399,0.11903048529960214,6.405510813959378,0.006727125965982235,0.6952954530715942,0.38191430404545346,0.343287904513946,0.007099125578792088,GREEN: NOMINAL,1.0,0.2775470549776397,ELEVATED,0.444599986076355,0.18896375746201383,False,0.35,0.30039701366622135,3.141697732968023,1.3609215860111978,2.726892890559565,0.9854539206994395,,,
614,False,0.26717743277549744,1.4847377838304783,1.586880324616826,0.08884375253554638,0.1201112291894853,6.418314888444298,0.0,0.6970887780189514,0.3805973999867709,0.3466527400721479,0.007857036864033351,GREEN: NOMINAL,0.995,0.2772695079226621,ELEVATED,,0.0,False,0.35,0.35,3.0626397315703984,1.3611192222404291,2.7155482460315867,0.9854440388879779,,,
615,True,0.6012226343154907,4.250665794900699,1.5889012251195702,0.08935613141732632,0.12042031239252537,6.410015649452269,0.005429875375457602,0.6984055042266846,0.37947274085827415,0.350895258432447,0.008952829392376217,GREEN: NOMINAL,1.0,0.2779922384147394,ELEVATED,0.4429999887943268,0.1880589063432941,True,0.35,0.30063453708488524,3.2727441735060543,1.3613176663021336,2.704770833730007,0.9854341166848927,,,
616,True,0.5342987775802612,3.6817686473458915,1.5909361973892715,0.08980107406348926,0.12072939559556543,6.40177111373871,0.007981719614107206,0.6994835138320923,0.3784332513159856,0.35612975064633046,0.010206871830901947,GREEN: NOMINAL,1.0,0.2787142461763247,ELEVATED,0.4458000063896179,0.18964526450167302,False,0.35,0.30021811806831084,3.404535408113013,1.3615164698052713,2.694532292043507,0.9854241765097358,,,
617,False,0.1336994767189026,0.3635235752014059,1.5929852773689135,0.08984497246614467,0.12063730455022305,6.414490566037736,0.0,0.7003664970397949,0.3776649375302783,0.36250211960844625,0.011635130071721494,GREEN: NOMINAL,0.995,0.27843553193014836,ELEVATED,,0.0,False,0.35,0.35,3.250293422662601,1.3617148427014358,2.6848056774413314,0.9854142578649275,,,
618,True,0.334350049495697,2.017199882356426,1.5950325509153795,0.09008947754317423,0.12108892831541597,6.406258619392693,0.005692355748494958,0.700656533241272,0.37703678554508385,0.37018021502928333,0.013605472400627492,GREEN: NOMINAL,1.0,0.27915709639821823,ELEVATED,0.444599986076355,0.18896375746201383,False,0.35,0.30039701366622135,3.2158873937899175,1.3619131001960059,2.6755653935692645,0.985404344990199,,,
619,False,0.2672700583934784,1.458665191093402,1.5970939795988992,0.09026665812402454,0.1213461467033252,6.418935860789328,0.0,0.7002015113830566,0.37735096668531837,0.3790571646810491,0.015926536173092785,GREEN: NOMINAL,0.995,0.27887793930182003,ELEVATED,,0.0,False,0.35,0.35,3.1280761581897325,1.362111024886192,2.666787123890801,0.9853944487556897,,,
620,True,0.6011722087860107,4.19809915664595,1.599153608326972,0.09077756367468653,0.1215775583345443,6.410716517131932,0.00574542052902241,0.6998426914215088,0.37698810218901674,0.3889039997344104,0.018508694838277003,GREEN: NOMINAL,1.0,0.2795990613625182,ELEVATED,0.4413999915122986,0.18715838809537486,True,0.35,0.3008709231249641,3.327164028491678,1.362309628845318,2.658447767696261,0.9853845185577335,,,
621,True,0.5346879363059998,3.6414315635247925,1.6012274399359925,0.09122147404731784,0.12178354982715099,6.402550817058589,0.008379581184428131,0.6989044547080994,0.3771712343239705,0.39943222642012965,0.021317077722102208,GREEN: NOMINAL,1.0,0.2803194623011557,ELEVATED,0.5705999732017517,0.2757666945354722,False,0.35,0.27761124268443854,3.4496210252756403,1.362508535234689,2.650525379311448,0.9853745732382649,,,
622,False,0.13344347476959229,0.34583869436812764,1.6033155112120483,0.09126369604804012,0.12196373456306756,6.415145099016066,0.0,0.6977497935295105,0.3776373187508824,0.4102784160935893,0.024276667716808264,GREEN: NOMINAL,0.995,0.2800391428388545,ELEVATED,,0.0,False,0.35,0.35,3.2903494611384216,1.3627070329264017,2.6429991103458756,0.9853646483536793,,,
623,True,0.33342453837394714,1.9754234765196177,1.605401805165221,0.09150585689036601,0.12246421304550022,6.406991756877545,0.00695390061697535,0.6959786415100098,0.3781302508745167,0.42101649880389336,0.02727307229534919,GREEN: NOMINAL,1.0,0.28075910369601564,ELEVATED,0.5699999928474426,0.2752707771830822,False,0.35,0.2777414209894409,3.2465943475333146,1.3629053937898807,2.635849154828582,0.9853547303105054,,,
624,False,0.2670896649360657,1.426492613920866,1.6075023872282168,0.0916814406984117,0.12296469152793288,6.419544653276064,0.0,0.6952651739120483,0.3781404501953342,0.43118515765482723,0.030160420640416165,GREEN: NOMINAL,0.995,0.28047834459231963,ELEVATED,,0.0,False,0.35,0.35,3.1513477397271132,1.3631034123906836,2.6290566970871527,0.9853448293804652,,,
625,True,0.6012086272239685,4.114375247431164,1.6096011986818128,0.09219096788493726,0.12371687770988792,6.411403682439121,0.00731481296250223,0.6953720450401306,0.3778359776869432,0.4403228956375528,0.03277159117698339,GREEN: NOMINAL,1.0,0.2811978662477273,ELEVATED,0.5672000050544739,0.27296819706881675,True,0.35,0.2783458482694356,3.3386728118084554,1.3633020480079234,2.622603862232795,0.9853348975996032,,,
626,True,0.5339696407318115,3.545755711294863,1.611714347009228,0.09263274655778414,0.12446906389184295,6.403315325982387,0.009548232532377,0.6963313817977905,0.37706636708037594,0.44800670853595914,0.034931693872598715,GREEN: NOMINAL,1.0,0.28191666838147955,ELEVATED,0.5863999724388123,0.28915277923477684,False,0.35,0.2740973954508711,3.449908725209727,1.3635009550246577,2.6164736691211554,0.9853249522487665,,,
627,False,0.13375763595104218,0.33165615248156727,1.6138418698497277,0.0926738714471774,0.12387457370068877,6.415786877158362,0.0,0.6984227895736694,0.37534478481496114,0.4538943488671546,0.03648152806145861,GREEN: NOMINAL,0.995,0.2816347517130981,ELEVATED,,0.0,False,0.35,0.35,3.2912054240898843,1.3636994552763761,2.6106499856650975,0.9853150272361806,,,
628,True,0.3346061706542969,1.9402117700293595,1.6159676454108804,0.09291580374638451,0.12456906541921198,6.407710653782794,0.008463785512915331,0.7004188895225525,0.37383707284380235,0.45776380357949553,0.0373060360164344,GREEN: NOMINAL,1.0,0.282353116961385,ELEVATED,0.5774000287055969,0.28145015569505677,False,0.35,0.2761193341300476,3.2456049991527607,1.3638978129066204,2.6051174863818427,0.9853051093546684,,,
629,False,0.2673009932041168,1.395444250524431,1.6181078449566515,0.09309018893584224,0.12484253971651196,6.420141620771046,0.0,0.7017273306846619,0.3726245803889527,0.4595342664022741,0.03734845914666039,GREEN: NOMINAL,0.995,0.2820707638444236,ELEVATED,,0.0,False,0.35,0.35,3.1497507367641213,1.3640958252002036,2.5998616120627505,0.9852952087399892,,,
630,True,0.6011689305305481,4.056800137487427,1.6202463041761879,0.09359826767743695,0.12511601401381195,6.412077543317893,0.007561640261536279,0.7025538682937622,0.37185188545169146,0.4592645824485787,0.03655379605522834,GREEN: NOMINAL,1.0,0.2827886930805792,ELEVATED,0.5753999948501587,0.2797664823318114,True,0.35,0.2765612983878995,3.334110685036498,1.3642944483545492,2.5948685314596127,0.9852852775822719,,,
631,True,0.5348125100135803,3.5164836350338335,1.622399237177635,0.0940394819197731,0.1253448256384581,6.404065080373284,0.008789744502209615,0.703570544719696,0.37109366583916437,0.4572070618775762,0.034907456853343496,GREEN: NOMINAL,1.0,0.2835059043874986,ELEVATED,0.6887999773025513,0.3931358438874733,False,0.35,0.24680184097953822,3.445528512187508,1.36449334578073,2.590125104886632,0.9852753327109629,,,
632,False,0.1334473192691803,0.31448267444044264,1.6245666824637859,0.0940788897571225,0.1251847326155752,6.416416269695859,0.0,0.704112708568573,0.37043845586197294,0.453864532848202,0.03312048692085172,GREEN: NOMINAL,0.995,0.2832223984831111,ELEVATED,,0.0,False,0.35,0.35,3.2893786030009418,1.36469184056354,2.5856188496423003,0.9852654079718224,,,
633,True,0.3334493041038513,1.9067821667116245,1.626732411460864,0.09431826017146923,0.12541078268252312,6.408415721034433,0.006243875874040988,0.7047450542449951,0.3697503346743085,0.4494025563837548,0.030927443779286124,GREEN: NOMINAL,1.0,0.283939176084628,ELEVATED,0.6850000023841858,0.38867957368180595,False,0.35,0.2479716119085259,3.2422860195874454,1.3648901873007466,2.581337907160185,0.9852554906349621,,,
634,False,0.2670651376247406,1.3735950421477385,1.6289127032563613,0.0944910070489225,0.12563683274947107,6.4207271044877885,0.0,0.7059329748153687,0.3690276549631868,0.44392794931728047,0.028244776860689283,GREEN: NOMINAL,0.995,0.2836552369085434,ELEVATED,,0.0,False,0.35,0.35,3.1461363000342204,1.3650881852455696,2.5772710118021758,0.9852455907377209,,,
635,True,0.6010891795158386,4.0066110765097225,1.6310912859595552,0.09499760522138942,0.12631412548664955,6.412738482450604,0.006347786322471642,0.7070948481559753,0.36837125331277276,0.4377382150632494,0.025335681231355926,GREEN: NOMINAL,1.0,0.28437158167163484,ELEVATED,0.6826000213623047,0.38589115316079137,True,0.35,0.24870357229529227,3.327442111394359,1.3652867899782024,2.5734074612120668,0.9852356605010892,,,
636,True,0.5340015888214111,3.4406429787942656,1.633284482305319,0.09543660920498945,0.12746599467583,6.40480050327857,0.009028041212443957,0.708187997341156,0.3676072856294069,0.4311620493716444,0.02235959580796871,GREEN: NOMINAL,1.0,0.2850872100899632,ELEVATED,0.6972000002861023,0.40316877864403894,False,0.35,0.24416819560593975,3.4335533603369677,1.3654856607540866,2.5697370881514634,0.985225716962295,,,
637,False,0.13367590308189392,0.3006535528866028,1.6354923316706025,0.09547484849886635,0.12706004707496613,6.417033631744496,0.0,0.7084155678749084,0.36729962364268465,0.4245133477136359,0.019354114500622983,GREEN: NOMINAL,0.995,0.2848021228798732,ELEVATED,,0.0,False,0.35,0.35,3.2800921619382395,1.365684127427613,2.56625023374389,0.9852157936286187,,,
638,True,0.3342670202255249,1.8645273896394934,1.6376984966977974,0.09571364067059301,0.12794308138377963,6.409107353898845,0.009897446222612976,0.70830899477005,0.3674335817325972,0.418161031370845,0.016752720541909256,GREEN: NOMINAL,1.0,0.2855173207569934,ELEVATED,0.696399986743927,0.4022023174329487,False,0.35,0.24442189167385098,3.2308891050686745,1.3658824362090252,2.5629377220566956,0.9852058781895481,,,
639,False,0.26726391911506653,1.3394894248536475,1.6399193663142162,0.09588519094903748,0.12794332302007824,6.421301432637113,0.0,0.7074058651924133,0.36817820225070097,0.4122639598482686,0.014603837834737309,GREEN: NOMINAL,0.995,0.2852318034362364,ELEVATED,,0.0,False,0.35,0.35,3.132935468624453,1.366080380867535,2.559790835953861,0.9851959809566226,,,
640,True,0.6012760400772095,3.938205905361319,1.642138559037155,0.09639058179816565,0.1282018945712596,6.413386867982593,0.01039212307856864,0.7061010599136353,0.36893260149907303,0.406775853748359,0.01251889387395728,GREEN: NOMINAL,1.0,0.28594657163280013,ELEVATED,0.6923999786376953,0.39740472303864716,False,0.35,0.2456812602023551,3.308412154482017,1.3662789316690092,2.5568012941561675,0.985186053416549,,,
641,True,0.5345562100410461,3.4024359817929333,1.644372508254257,0.09682874742640853,0.12865119724720717,6.405522001725625,0.011494506259075863,0.7037129998207092,0.37080026888190165,0.4017591985126657,0.01045882262736495,GREEN: NOMINAL,1.0,0.28666062506116735,ELEVATED,0.6931999921798706,0.39835965599968093,False,0.35,0.24543059030008374,3.4110790360263836,1.366477750683056,2.553961229448359,0.9851761124658466,,,
642,False,0.13361774384975433,0.2854124400014451,1.6466212542275405,0.09686553642283187,0.12876876504309476,6.417639304973037,0.0,0.7009481191635132,0.3727804091874224,0.3973371593591226,0.00911290844550681,GREEN: NOMINAL,0.995,0.2863739644361062,ELEVATED,,0.0,False,0.35,0.35,3.2572748962170857,1.3666761460500014,2.551263167975941,0.9851661926974993,,,
643,True,0.3340584635734558,1.8372905462895865,1.6488683487888876,0.09710272934998249,0.12897020272705703,6.409785932721713,0.0089415064825012,0.6979531049728394,0.37479798205181986,0.39343685446269844,0.007829919318468884,GREEN: NOMINAL,1.0,0.2870875904716701,ELEVATED,0.6862000226974487,0.3900813655872677,False,0.35,0.2476036415333422,3.2040832166032076,1.3668743621030968,2.548700009577144,0.9851562818948445,,,
644,False,0.26718708872795105,1.3177763652163696,1.6511302927462874,0.09727281370936046,0.12894014455229044,6.421864921040686,0.0,0.6949125528335571,0.3769342315495098,0.38999754672686227,0.006583045422046536,GREEN: NOMINAL,0.995,0.2868005028811984,ELEVATED,,0.0,False,0.35,0.35,3.1023880343304326,1.3670721779826296,2.546265009098287,0.9851463911008679,,,
645,True,0.60109943151474,3.896307340155399,1.6533905929885362,0.09777664032716583,0.12917943766918033,6.4140230542059635,0.009112282859341654,0.6932843923568726,0.3784946925853777,0.38702772107427796,0.005715476414649645,GREEN: NOMINAL,1.0,0.2875137023783172,ELEVATED,0.6844000220298767,0.38798060259890177,False,0.35,0.24815509181778825,3.2722516477611627,1.36727062051687,2.5439517586433724,0.9851364689741559,,,
646,True,0.5344476103782654,3.3628618913173356,1.6556657956068737,0.09821331129721694,0.12972114620804787,6.406229967473112,0.011116777304818368,0.6914005875587463,0.3802746317894907,0.384454197656171,0.004935828755275994,GREEN: NOMINAL,1.0,0.28822618867593885,ELEVATED,0.680400013923645,0.3833526492444646,False,0.35,0.24936992957332801,3.37021845840036,1.3674693392883255,2.5417541707112035,0.9851265330355831,,,
647,False,0.1334892064332962,0.27187492214087283,1.6579559417595846,0.09824858719235302,0.12962070559300481,6.418233618233618,0.0,0.6901712417602539,0.38154867066136977,0.3822127746552574,0.004228438902953304,GREEN: NOMINAL,0.995,0.2879379624872629,ELEVATED,,0.0,False,0.35,0.35,3.216589741860517,1.3676675992182274,2.539666462175643,0.985116620039088,,,
648,True,0.3336072266101837,1.8128196092756992,1.6602444704166213,0.09848394583177085,0.12970031853988767,6.410451823625476,0.007481392350962045,0.6899484395980835,0.3821798719280457,0.38027168260756905,0.003680085982296534,GREEN: NOMINAL,1.0,0.2886500245247756,ELEVATED,0.6791999936103821,0.3819750375766035,False,0.35,0.24973155263614158,3.16193653246867,1.3678656591377014,2.5376831390668606,0.9851067170431143,,,
649,False,0.26713094115257263,1.2958668743496253,1.6625479963326275,0.09865259282709166,0.13001208045389503,6.4224178737101205,0.0,0.689396858215332,0.38299571244580993,0.37857986457058773,0.0031981609070744024,GREEN: NOMINAL,0.995,0.28836137450025084,ELEVATED,,0.0,False,0.35,0.35,3.059948932575077,1.3680632826875578,2.5357989821135174,0.9850968358656215,,,
650,True,0.6012439131736755,3.8526237402427697,1.6648499127064174,0.09915518414743824,0.1303238423679024,6.414647382205129,0.009079507298921687,0.6886038780212402,0.3839171211914173,0.3771006011205599,0.002785597502074013,GREEN: NOMINAL,1.0,0.2890730131257506,ELEVATED,0.6776000261306763,0.3801459878039216,False,0.35,0.25021167820147056,3.227669313622482,1.3682615805895786,2.5340090330078415,0.9850869209705204,,,
651,True,0.534092366695404,3.321749014082363,1.6671668804089952,0.09959012132998621,0.13080526057910175,6.40692477772028,0.012669112559099898,0.6871451735496521,0.385278642897525,0.375803306543916,0.0024294414149386378,GREEN: NOMINAL,1.0,0.28978394011262487,ELEVATED,0.678600013256073,0.381288123409419,False,0.35,0.2499118676050275,3.324126744382588,1.368460176072417,2.5323085813574493,0.9850769911963785,,,
652,False,0.13376116752624512,0.2611127437385011,1.669498941506399,0.09962429237618246,0.1307361512169242,6.418816888157121,0.0,0.6850824356079102,0.3873082376417864,0.37466365778426425,0.002117757403735799,GREEN: NOMINAL,0.995,0.28949415617251223,ELEVATED,,0.0,False,0.35,0.35,3.172940924131632,1.3686582780238592,2.530693152289577,0.9850670860988063,,,
653,True,0.3345898389816284,1.7853400089768146,1.6718294200299388,0.09985925792278791,0.13147668224461376,6.411105379168035,0.007564181911851261,0.6834298372268677,0.3888507885301019,0.37366258361700677,0.00184064342900163,GREEN: NOMINAL,1.0,0.2902046620163397,ELEVATED,0.6765999794006348,0.37900720565500917,False,0.35,0.2505106085155601,3.117279015342774,1.3688561576519822,2.529158494675098,0.9850571921174002,,,
654,False,0.2673056423664093,1.2685237269530785,1.674175046772565,0.10002670430723153,0.13186898636966943,6.422960583393908,0.0,0.6817309856414795,0.39025699798205954,0.3727851677156012,0.001598423453192238,GREEN: NOMINAL,0.995,0.28991445735432336,ELEVATED,,0.0,False,0.35,0.35,3.014039604565269,1.3690535541555515,2.527700569941343,0.9850473222922217,,,
655,True,0.6011645793914795,3.8071448397025294,1.6765190991561103,0.10052784218231578,0.1314992621211335,6.415260180466595,0.007546201768393336,0.6796433329582214,0.39209217474496433,0.3720148673768137,0.001393210858909748,GREEN: NOMINAL,1.0,0.29062454289696904,ELEVATED,0.671999990940094,0.37381284278533866,False,0.35,0.25187412876884857,3.17837491696404,1.369251676526966,2.5263155414442755,0.9850374161736509,,,
656,True,0.5348379611968994,3.2878875946133523,1.6788783549334143,0.10096215230133036,0.13196187412440777,6.4076067957771095,0.009856509925497341,0.6783035397529602,0.39307975640364207,0.37133253160492863,0.0012459374639216718,GREEN: NOMINAL,1.0,0.2913339183540721,ELEVATED,0.6700000166893005,0.3715767096261114,False,0.35,0.2524611137231457,3.2730564159137963,1.3694501215562507,2.5249997643720614,0.9850274939221867,,,
657,False,0.1334042251110077,0.24606249778661882,1.6812528570900487,0.10099459437414003,0.13171300392542035,6.419389419715684,0.0,0.6774412989616394,0.3938174371776844,0.3707184089919952,0.0011138113371782713,GREEN: NOMINAL,0.995,0.291042584435718,ELEVATED,,0.0,False,0.35,0.35,3.124143099493095,1.3696480299431306,2.5237497761534584,0.9850175985028427,,,
658,True,0.33327043056488037,1.7624557066592739,1.6836258126161117,0.10122687021033078,0.13165922949314116,6.411746938965173,0.007290211466781677,0.6768860220909119,0.39389808541548893,0.3701620637276181,0.0009902695348548549,GREEN: NOMINAL,1.0,0.29175154185128227,ELEVATED,0.670199990272522,0.3717996930838219,False,0.35,0.25240258056549675,3.068737827926859,1.3698456946589888,2.5225622873457856,0.9850077152670498,,,
659,False,0.26703861355781555,1.2533115299155757,1.6860140704607565,0.10139268195367826,0.13216660634670405,6.423493332094234,0.0,0.6756966710090637,0.39442122996023904,0.36965989989526066,0.0008734205077602132,GREEN: NOMINAL,0.995,0.291459790309431,ELEVATED,,0.0,False,0.35,0.35,2.9667882690049687,1.3700428349693334,2.521434172978496,0.9849978582515325,,,
660,True,0.6011439561843872,3.746457306483684,1.688400790155753,0.10189243322790897,0.13325963226445017,6.415861765455261,0.00728108978101569,0.6748126149177551,0.3948873844855758,0.3692116652639321,0.000761285979271597,GREEN: NOMINAL,1.0,0.29216833051912156,ELEVATED,0.6650000214576721,0.3660446583674134,False,0.35,0.253913277178554,3.128254518291581,1.3702407603958537,2.5203624643295712,0.9849879619802066,,,
661,True,0.533846378326416,3.2446882370495964,1.6908028684643168,0.10232438717300749,0.13299336010962723,6.408276371697765,0.009800166456047574,0.6737274527549744,0.395936021872309,0.3688168991696971,0.0006529817573078372,GREEN: NOMINAL,1.0,0.2928761621886024,ELEVATED,0.6678000092506409,0.3691323702706334,False,0.35,0.2531027528039587,3.2221292560729955,1.3704390394151567,2.5193443411130927,0.9849780480292414,,,
662,False,0.13376806676387787,0.23736658504546887,1.6932203493036302,0.10235583085259836,0.1323363855332136,6.419951506754416,0.0,0.6718192100524902,0.39751232515219587,0.3684721702290537,0.0005493754112404392,GREEN: NOMINAL,0.995,0.2925832860264138,ELEVATED,,0.0,False,0.35,0.35,3.0764498082803033,1.3706367396684884,2.5183771240574377,0.9849681630165747,,,
663,True,0.33463022112846375,1.7471952015366041,1.6956363204935856,0.10258810524287423,0.1328083523131907,6.412376830279031,0.008364545863398602,0.669182538986206,0.3995160185284705,0.3681689331924536,0.0004775553397013613,GREEN: NOMINAL,1.0,0.2932907027403874,ELEVATED,0.6633999943733215,0.3642918245030439,False,0.35,0.25437339606795095,3.0216405294615867,1.3708341751988866,2.5174582678545656,0.9849582912400549,,,
664,False,0.2673191428184509,1.242821270558019,1.6980677512842528,0.10275283628044982,0.13241349374726413,6.424016391555586,0.0,0.6668227910995483,0.4013800758424187,0.3678869286888441,0.000419107350514157,GREEN: NOMINAL,0.995,0.292997412037647,ELEVATED,,0.0,False,0.35,0.35,2.920188635907887,1.3710310383640512,2.5165853544618373,0.9849484480817966,,,
665,True,0.6012014150619507,3.749739293574913,1.7004976811776007,0.10325128485923132,0.13279593358822167,6.416452442159383,0.009455748847960766,0.6652970910072327,0.4024952366343465,0.3676098769925445,0.0003583029341697631,GREEN: NOMINAL,1.0,0.29370441462560937,ELEVATED,0.6603999733924866,0.36102788501536137,False,0.35,0.2552301801834676,3.0832190902374412,1.3712287693674103,2.515756086738745,0.9849385615316286,,,
666,True,0.5348350405693054,3.242144071958256,1.7029431281028131,0.1036828686149414,0.13298365599587558,6.4089338428797,0.009775055164183612,0.6649069786071777,0.4028170234536786,0.3673350590952629,0.00029675383058490177,GREEN: NOMINAL,1.0,0.29441071021098375,ELEVATED,0.657800018787384,0.3582228702661487,False,0.35,0.255966496555136,3.178215017447339,1.371426891141085,2.514968282401808,0.984928655442945,,,
667,False,0.1334914267063141,0.22428366794698754,1.7054041369210602,0.10371267717303277,0.13277270612642167,6.42050343249428,0.0,0.6644555926322937,0.40326964898301687,0.36706971207401307,0.00023686300099003672,GREEN: NOMINAL,0.995,0.2941162995007728,ELEVATED,,0.0,False,0.35,0.35,3.0342993472662894,1.3716243903819747,2.5142198682817174,0.9849187804809004,,,
668,True,0.33357876539230347,1.7361167960650854,1.7078636741260314,0.10394254326125205,0.13227003082484007,6.412995368574753,0.0073022913029798095,0.6644982099533081,0.40347608884423747,0.3668255016178184,0.00018166857296657247,GREEN: NOMINAL,1.0,0.294822183201272,ELEVATED,0.6557999849319458,0.35607993201378585,False,0.35,0.2565290178463812,2.9808552509353867,1.3718216094739677,2.5135088748676315,0.9849089195263008,,,
669,False,0.2671269178390503,1.2386634510986214,1.7103388314408272,0.10410572763582984,0.1316105598002672,6.424530023726957,0.0,0.6643314361572266,0.4034250571909374,0.3666125449269443,0.00013988951971016892,GREEN: NOMINAL,0.995,0.29452736101807075,ELEVATED,,0.0,False,0.35,0.35,2.882156433217956,1.372018226825076,2.5128334311242497,0.9848990886587453,,,
670,True,0.6011731028556824,3.7937348660914734,1.7128125261706413,0.10460279501104969,0.13089220131933688,6.417032504606146,0.007131735504601406,0.6643736362457275,0.4029853648209863,0.3664334542997513,0.00010436503385126268,GREEN: NOMINAL,1.0,0.29523283365705266,ELEVATED,0.6539999842643738,0.354162281984674,False,0.35,0.257032400979023,3.053106594575952,1.3722158178276478,2.512191759568037,0.9848892091086168,,,
671,True,0.5341702103614807,3.2793424629579677,1.7153018995938525,0.10503236242640011,0.13086094324775038,6.409579534630562,0.006599075170760752,0.6643351316452026,0.4023373048831309,0.36628735554064407,7.097294476825987e-05,GREEN: NOMINAL,1.0,0.2959376008233956,ELEVATED,0.6507999897003174,0.3507785974977553,False,0.35,0.2579206181568392,3.154806874396087,1.3724138500217924,2.511582171589635,0.9848793074989095,,,
672,False,0.13362567126750946,0.2186213533321426,1.7178069975283012,0.10506095573524123,0.13065839679837227,6.421045470007938,0.0,0.6646616458892822,0.40176344412799264,0.36617460360940857,4.211631466752264e-05,GREEN: NOMINAL,0.995,0.2956416632225722,ELEVATED,,0.0,False,0.35,0.35,3.0135761481995798,1.3726112441267577,2.511003063010153,0.9848694377936612,,,
673,True,0.3341023325920105,1.749555125071967,1.7203106629578875,0.105289997112098,0.1307831529289484,6.413602858047303,0.005786860624679766,0.6652799248695374,0.40108818600129054,0.3660968417861833,1.9820762644781504e-05,GREEN: NOMINAL,1.0,0.29634602155934964,ELEVATED,0.6470000147819519,0.34680245480530103,False,0.35,0.2589643556136085,2.964188672817868,1.3728083696374314,2.5104529098596453,0.9848595815181276,,,
674,False,0.2672412097454071,1.2359013491469741,1.7228301122788487,0.1054519483247313,0.13090790905952454,6.425034481199267,0.0,0.6671403646469116,0.3999293188414608,0.36605606652941347,5.490687644297855e-06,GREEN: NOMINAL,0.995,0.29604967553779027,ELEVATED,,0.0,False,0.35,0.35,2.8681426647336865,1.3730048916761162,2.509930264366663,0.9848497554161934,,,
675,True,0.601310133934021,3.8041562427141877,1.725348138404803,0.1059478065103406,0.13021608362495898,6.4176022363497,0.007336462971792512,0.6691975593566895,0.3986637969282026,0.3660543867411598,4.659725893393371e-06,GREEN: NOMINAL,1.0,0.29675362586225246,ELEVATED,0.6449999809265137,0.34472783504173465,False,0.35,0.2595089433015446,3.0433671516916094,1.3732024355850532,2.50943375114833,0.9848398782207465,,,
676,True,0.5344334840774536,3.3024298942927808,1.7278820081747814,0.10637629218790771,0.12961885811090468,6.4102137607048935,0.011160041337788808,0.6707301735877991,0.39830114272717554,0.3660931881827601,1.8288724021481036e-05,GREEN: NOMINAL,1.0,0.2974568722363902,ELEVATED,0.6412000060081482,0.34082027890243644,False,0.35,0.26053467678811043,3.1504396506748193,1.3734004506018862,2.5089620635909133,0.9848299774699049,,,
677,False,0.13370440900325775,0.21074521927242304,1.730431768376286,0.10640362030472307,0.1295440475128591,6.421577882670263,0.0,0.6712292432785034,0.39877160830564135,0.36617321329851266,3.961896235336186e-05,GREEN: NOMINAL,0.995,0.29715941536415386,ELEVATED,,0.0,False,0.35,0.35,3.011558517714451,1.3735978342390596,2.5085139604113675,0.9848201082880462,,,
678,True,0.3343774974346161,1.7579708527872262,1.732980136271659,0.10663159418185296,0.12955044328048826,6.414199592120302,0.009307309539003869,0.6713609099388123,0.3993212500549896,0.3662956987161335,6.750235905654184e-05,GREEN: NOMINAL,1.0,0.2978622559487897,ELEVATED,0.6389999985694885,0.33857826426781507,False,0.35,0.26112320562969854,2.9647874019164258,1.3737949631650626,2.508088262390799,0.9848102518417461,,,
679,False,0.26728522777557373,1.2367080467524818,1.7355444551589703,0.10679224781544668,0.12977434761710463,6.42553000761956,0.0,0.6714843511581421,0.3997379150923733,0.3664620943469283,0.00010157115338317168,GREEN: NOMINAL,0.995,0.2975643936928409,ELEVATED,,0.0,False,0.35,0.35,2.8696698189603795,1.3739914957183639,2.507683849271259,0.9848004252140811,,,
680,True,0.6011818647384644,3.802480554134591,1.7381073913370397,0.1072866374323697,0.12988764052167534,6.418161910933345,0.008522963182362377,0.6708455085754395,0.40042649191979934,0.3666741784933229,0.0001417264000567757,GREEN: NOMINAL,1.0,0.29826682929914805,ELEVATED,0.6407999992370605,0.3404115329453585,False,0.35,0.26064197260184335,3.04454946911816,1.374189045392663,2.507299656807696,0.9847905477303661,,,
681,True,0.5347596406936646,3.2881222920992803,1.7406863394458416,0.10771411043563099,0.12987519694268704,6.410836823812494,0.011057039859213854,0.6700072884559631,0.40129725455344345,0.36693373735868573,0.00018781294048576634,GREEN: NOMINAL,1.0,0.29896856246984893,ELEVATED,0.6376000046730042,0.3371592238153725,False,0.35,0.2614957037484647,3.149333253705447,1.3743870560341434,2.506934673967311,0.9847806471982921,,,
682,False,0.13340967893600464,0.197759673509283,1.7432813472558428,0.10773980600413137,0.12980337435007094,6.422100924585051,0.0,0.669586718082428,0.4018060990195216,0.36724227134017284,0.00023961254319224856,GREEN: NOMINAL,0.995,0.29866959390737907,ELEVATED,,0.0,False,0.35,0.35,3.0096236731341834,1.3745844295937986,2.5065879402689455,0.9847707785203093,,,
683,False,0.3332984149456024,1.7418544424153302,1.7458750040672733,0.10796536461307284,0.1293638807270676,6.4333645234594306,0.0,0.6679049134254456,0.40299885876777236,0.3676011232517479,0.00029713817932787076,GREEN: NOMINAL,0.99,0.2983709243134717,ELEVATED,,0.0,False,0.35,0.35,2.959994191180653,1.3747815310645304,2.5062585432554982,0.9847609234467727,,,
684,True,0.5661415457725525,3.529603059460237,1.7484672975775322,0.10842354079423232,0.1296797394119203,6.426016838083391,0.0058053339042764135,0.6650681495666504,0.405073001061034,0.36801058305302164,0.00036104257225834824,GREEN: NOMINAL,1.0,0.2990725533891582,ELEVATED,0.6317999958992004,0.33134338901896315,False,0.35,0.26302236038252214,3.096030877031892,1.3749793191517223,2.505945616092723,0.984751034042413,,,
685,True,0.6001530885696411,3.785537401981298,1.7510757261657042,0.10891527034200772,0.1297669963505119,6.418711792327456,0.008297852532637354,0.6615715026855469,0.4074555063252665,0.36846906147904873,0.00042735933578915336,GREEN: NOMINAL,1.0,0.29977348083576905,ELEVATED,0.6312000155448914,0.3307475268663888,False,0.35,0.26317877419757296,3.243306642406009,1.3751776692462967,2.505648335288087,0.9847411165376844,,,
686,False,0.1663389652967453,0.44210097673143545,1.7537003382286458,0.10897269403696246,0.12975830020532012,6.429909854038849,0.0,0.6578364372253418,0.4098134771407971,0.3689734469028708,0.0005065430339888207,GREEN: NOMINAL,0.995,0.2994737073549333,ELEVATED,,0.0,False,0.35,0.35,3.0906598072485263,1.3753754335782524,2.5053659185236823,0.9847312283210866,,,
687,True,0.41556864976882935,2.355935921319742,1.7563236192093408,0.10927928999269432,0.13000750869512556,6.422614840989399,0.006467988256285191,0.6535639762878418,0.4128638801971211,0.36951554982968693,0.0005789871567342276,GREEN: NOMINAL,1.0,0.30017423364757834,ELEVATED,0.6277999877929688,0.3273910219717214,False,0.35,0.2640598567324231,3.0905220459959026,1.3755731972975906,2.505097622597498,0.9847213401351197,,,
688,False,0.3330008387565613,1.7128684392581732,1.7589631461935085,0.10950301154145818,0.1304816073976457,6.433780172699366,0.0,0.6497788429260254,0.41572782144331044,0.3700859736017362,0.0006740128710934236,GREEN: NOMINAL,0.995,0.29987405941393075,ELEVATED,,0.0,False,0.35,0.35,3.02372940010313,1.3757706434510708,2.5048427414676233,0.9847114678274457,,,
689,True,0.749657928943634,4.85541920560752,1.761601352163662,0.11014316645886035,0.1317115444421768,6.426495199506738,0.006008925825548083,0.646463930606842,0.41850908159737427,0.37066613386932107,0.0007607428288950896,GREEN: NOMINAL,1.0,0.3005741853545168,ELEVATED,0.6266000270843506,0.3262145716952041,True,0.35,0.2643686749300089,3.281860074567258,1.3759691155159253,2.504600604394242,0.984701544224203,,,
690,True,0.6656866073608398,4.178419625637963,1.7642558670544233,0.11069870989976234,0.13282244178056715,6.419252135344619,0.006894614324297749,0.6435856223106384,0.4212078008561623,0.37123616646197494,0.0008420598287707893,GREEN: NOMINAL,1.0,0.3012736111691623,ELEVATED,0.6402000188827515,0.33979936334878824,True,0.35,0.2608026671209431,3.4443126765572347,1.3761680102651639,2.50437057417453,0.984691599486741,,,
691,False,0.16681911051273346,0.4250528501721472,1.7669267402686317,0.11075483030037532,0.13189955129027367,6.43035306516775,0.0,0.6403185725212097,0.4238019332650552,0.37177193658418567,0.0009189233263739262,GREEN: NOMINAL,0.995,0.30097233755799313,ELEVATED,,0.0,False,0.35,0.35,3.2652699756341512,1.3763664309858967,2.5041520454658035,0.9846816784507044,,,
692,True,0.41734930872917175,2.3241760294824334,1.7695963255319325,0.11106142477880412,0.13178342778906224,6.42311986863711,0.0058953692344039105,0.6378445625305176,0.4260094027624056,0.37224314159798944,0.0009715585887376438,GREEN: NOMINAL,1.0,0.30167136522043514,ELEVATED,0.7071999907493591,0.4154470840162151,False,0.35,0.24094514044574353,3.238744479331717,1.3765647660202553,2.503944443192513,0.9846717616989865,,,
693,False,0.333334743976593,1.6782829371903365,1.7722823328748487,0.11128369809800191,0.132308468946442,6.434188632980121,0.0,0.6369901895523071,0.4267620145009437,0.37262698582649817,0.000999741464802843,GREEN: NOMINAL,0.995,0.3013696938552147,ELEVATED,,0.0,False,0.35,0.35,3.148910644427559,1.3767627749879552,2.5037472210328873,0.9846618612506015,,,
694,True,0.7496354579925537,4.801139628754564,1.7749670626373608,0.11192204985789647,0.13282542426288127,6.426965310978671,0.006014439620699148,0.6366750001907349,0.4273163528447577,0.37290615349651424,0.0009965271492460904,GREEN: NOMINAL,1.0,0.30206832416135954,ELEVATED,0.7053999900817871,0.4132097152651807,True,0.35,0.24153244974289004,3.3853757155543622,1.3769615318975381,2.5035598599812428,0.9846519234051224,,,
695,True,0.6669290065765381,4.163874646825388,1.777668278630334,0.11247705681461512,0.13315769488513468,6.419783186033349,0.00849840700185457,0.6376553773880005,0.4270591266747241,0.37306780937611694,0.0009469215070466472,GREEN: NOMINAL,1.0,0.3027662558371982,ELEVATED,0.7152000069618225,0.4255384464507797,True,0.35,0.2382961578066703,3.533681471406327,1.3771606071300997,2.5033818669821803,0.9846419696434944,,,
696,False,0.16641896963119507,0.4058583439166078,1.7803860312767366,0.1125309987274317,0.13277531856000424,6.430788654520125,0.0,0.6384000182151794,0.4268851774334274,0.37311343244459494,0.000855945169704966,GREEN: NOMINAL,0.995,0.302463489581361,ELEVATED,,0.0,False,0.35,0.35,3.3446965295424347,1.37735925903097,2.5032127736330714,0.9846320370484508,,,
697,True,0.41582340002059937,2.2758926014868623,1.7831025402640255,0.11283429112872487,0.13312979210615158,6.423616236162362,0.005305269536005207,0.6378413438796997,0.4273383287009522,0.3730585090215664,0.0007534562195212748,GREEN: NOMINAL,1.0,0.30316102609177964,ELEVATED,0.7426000237464905,0.46199559214364716,False,0.35,0.22872615706229257,3.3051145322728845,1.3775578002780096,2.503052134951418,0.9846221099860989,,,
698,False,0.33302706480026245,1.6479289137406852,1.7858356509068305,0.1130544839023964,0.13348426565229893,6.434590089210132,0.0,0.6379103660583496,0.4274837829325422,0.3729238023289771,0.0006115780614087072,GREEN: NOMINAL,0.995,0.30285786506568785,ELEVATED,,0.0,False,0.35,0.35,3.205644125354829,1.3777560218668556,2.5028995282038466,0.9846121989066566,,,
699,True,0.7495372295379639,4.75383814702198,1.7885675285693932,0.11369096664803198,0.13375429352559148,6.427427384095926,0.006328949854772827,0.6386154294013977,0.42721246697911125,0.37274199066107877,0.0004550957813182361,GREEN: NOMINAL,1.0,0.3035550072006222,ELEVATED,0.7396000027656555,0.4578562578108221,True,0.35,0.22981273232465918,3.4321133353752264,1.377954889395051,2.5027545517936542,0.9846022555302468,,,
700,True,0.6659233570098877,4.114362545882926,1.7913160732906288,0.11424319903839383,0.13408642330840229,6.42030518205167,0.008928540334053743,0.6393380761146545,0.42640279512273493,0.37254911995314177,0.0002990376111868336,GREEN: NOMINAL,1.0,0.30425145219342153,ELEVATED,0.801800012588501,0.5517832558634379,True,0.35,0.20515689533584755,3.571249354587004,1.3781540314209806,2.5026168242039715,0.9845922984289504,,,
701,False,0.1666136533021927,0.3911506870583182,1.79408133652811,0.11429556949265762,0.13375429352559148,6.431216817024215,0.0,0.6407467722892761,0.425335161062864,0.37238032702551815,0.00016079477862957818,GREEN: NOMINAL,0.995,0.3039472007412281,ELEVATED,,0.0,False,0.35,0.35,3.3792894120398635,1.3783527731543317,2.5024859829937727,0.9845823613422828,,,
702,True,0.41661491990089417,2.252350457050164,1.7968454015792052,0.11459788884306585,0.1340897150851786,6.424104164424836,0.007158220913651916,0.6426920294761658,0.42363183943712596,0.37226646614419384,5.712364681915933e-05,GREEN: NOMINAL,1.0,0.3046432535404869,ELEVATED,0.8101999759674072,0.5658648149801003,False,0.35,0.20146048606772365,3.335615241047463,1.378551400431336,2.502361683844084,0.9845724299784326,,,
703,False,0.3331793546676636,1.6275872803346125,1.7996262514134405,0.11481647030889044,0.134163548091799,6.4349847200103305,0.0,0.6435877084732056,0.4232148589568303,0.3722330195990368,1.3077624335147389e-05,GREEN: NOMINAL,0.995,0.3043386102869464,ELEVATED,,0.0,False,0.35,0.35,3.2330517568127988,1.3787497164812557,2.5022435996518797,0.9845625141759367,,,
704,True,0.7496446967124939,4.7244172449418205,1.8024059140548043,0.11545129853529404,0.13423738109841943,6.427881623280468,0.00694222195369007,0.6450602412223816,0.42223383150087723,0.37229331532340465,8.286596704945259e-05,GREEN: NOMINAL,1.0,0.3050342716766595,ELEVATED,0.8083999752998352,0.5628173793305171,True,0.35,0.20226043792573925,3.456124146278908,1.3789486369641535,2.5021314196692854,0.9845525681517917,,,
705,True,0.6663278937339783,4.095262707317143,1.805202428153816,0.11600217513049273,0.13438105389922855,6.420818353021743,0.008741282547776967,0.6459661722183228,0.4217246715918872,0.37243642901261714,0.0002000105389069661,GREEN: NOMINAL,1.0,0.3057292374049828,ELEVATED,0.8155999779701233,0.5751064838133261,True,0.35,0.19903454799900192,3.5932154011796937,1.37914781579101,2.502024848685821,0.9845426092104489,,,
706,False,0.16664133965969086,0.37668344718680385,1.8080158462174616,0.11605281429502191,0.13429983648732305,6.431637741017355,0.0,0.6453565359115601,0.4224168935374061,0.37264780156897576,0.0003517488931837043,GREEN: NOMINAL,0.995,0.30542350816757785,ELEVATED,,0.0,False,0.35,0.35,3.400564806282301,1.3793466097834568,2.50192360625153,0.9845326695108265,,,
707,True,0.41669654846191406,2.2338531093533716,1.8108281127694255,0.1163534580291888,0.13445068933814763,6.424583866837388,0.0073828184352325915,0.6447569131851196,0.42315895546300236,0.37291263734155883,0.0005376745676157182,GREEN: NOMINAL,1.0,0.30611808465941026,ELEVATED,0.8180000185966492,0.5792622636977924,False,0.35,0.19794365577932949,3.3534219349896053,1.3795452849284267,2.5018274259389535,0.9845227357535781,,,
708,False,0.3331577181816101,1.6091008495890302,1.8136573508370575,0.11657026228934123,0.13460154218897222,6.43537269797913,0.0,0.6437021493911743,0.4238174600661623,0.37320834347501974,0.000737638059698997,GREEN: NOMINAL,0.995,0.30581196657475085,ELEVATED,,0.0,False,0.35,0.35,3.2471312357918203,1.3797436475438265,2.5017360546420058,0.9845128176228081,,,
709,True,0.7494398951530457,4.6921775816445495,1.816485448707622,0.11720313192220493,0.13474271854162215,6.428328226081035,0.005539154343798453,0.6421362161636353,0.42485253340768453,0.37350883774878896,0.0009347899145918518,GREEN: NOMINAL,1.0,0.3065061546081761,ELEVATED,0.8185999989509583,0.5803058405390835,True,0.35,0.19766971685849058,3.4644606056176963,1.3799425858288326,2.5016492519099054,0.9845028707085578,,,
710,True,0.6665186882019043,4.068434123685165,1.8193305860591984,0.11775244747848462,0.13488389489427208,6.421322920866668,0.006201612107751929,0.6413456797599792,0.4254942143888774,0.3737925004814542,0.0011150671001347778,GREEN: NOMINAL,1.0,0.3071996484535679,ELEVATED,0.8583999872207642,0.6539005270940931,True,0.35,0.17835111163780054,3.5963597341011875,1.3801417697930667,2.50156678931441,0.9844929115103461,,,
711,False,0.1663803905248642,0.36041855727384453,1.822192816463336,0.11780107542153101,0.13478583198040722,6.432051608522197,0.0,0.6410580277442932,0.42569168165171556,0.3740518917878413,0.0012535064516648064,GREEN: NOMINAL,0.995,0.30689244880511435,ELEVATED,,0.0,False,0.35,0.35,3.401876784791145,1.3803405669363735,2.501488449848689,0.9844829716531808,,,
712,True,0.4157244563102722,2.2053130949519644,1.8250539432540847,0.11809899880241975,0.13495836858227847,6.425055549677283,0.004765849238662934,0.6398430466651917,0.42675391813287206,0.3742939276605586,0.0014626636705523009,GREEN: NOMINAL,1.0,0.30758555635630924,ELEVATED,0.8560000061988831,0.6492093887582665,False,0.35,0.179582535450955,3.3500347972175692,1.3805392331059714,2.5014140273562546,0.9844730383447009,,,
713,False,0.33301278948783875,1.5841510872617037,1.8279322319523508,0.11831391259310517,0.13552929302081465,6.435754189944134,0.0,0.6380015015602112,0.42814067527193034,0.3745095966556626,0.0016229967854038806,GREEN: NOMINAL,0.995,0.30727797079995295,ELEVATED,,0.0,False,0.35,0.35,3.2395812513482367,1.380737570912824,2.501343325988442,0.9844631214543583,,,
714,True,0.7496023774147034,4.6337705268188545,1.8308094286795833,0.11894520105792676,0.1361002174593508,6.428767383459599,0.006320609856426733,0.63542240858078,0.42999873917055276,0.37468834949713425,0.0017490107941178594,GREEN: NOMINAL,1.0,0.307970692829153,ELEVATED,0.8519999980926514,0.6414654171568253,True,0.35,0.18161532799633337,3.449454942495028,1.3809364769398684,2.5012761596890196,0.9844531761530061,,,
715,True,0.6657294631004333,4.004902942804347,1.8337038565904478,0.11949198531996927,0.13639218867011368,6.4218191001304765,0.011531310208629042,0.6337677836418152,0.4313700746561412,0.37482332028386767,0.001840370409183631,GREEN: NOMINAL,1.0,0.30866272213632384,ELEVATED,0.8641999959945679,0.6653779778744573,True,0.35,0.17533828080795494,3.5738009026118505,1.3811356233236498,2.5012123517045683,0.984443218833817,,,
716,False,0.16681556403636932,0.3473448905832499,1.8366155703365528,0.11953930889868568,0.13610753006413578,6.432458595509165,0.0,0.6318050622940063,0.433276191025007,0.374915979676445,0.001913815593947414,GREEN: NOMINAL,0.995,0.30835405941418753,ELEVATED,,0.0,False,0.35,0.35,3.37821178115492,1.3813343623507406,2.5011517341193397,0.9844332818824625,,,
717,True,0.41734257340431213,2.1812499978329796,1.839526229613343,0.1198371121631913,0.13639218867011368,6.425519412381952,0.009821463939638689,0.6309688687324524,0.43464265467006746,0.37497280288318174,0.0019724206159266113,GREEN: NOMINAL,1.0,0.3090457053547733,ELEVATED,0.8641999959945679,0.6653779778744573,False,0.35,0.17533828080795494,3.322997627802757,1.3815329546694426,2.5010941474133728,0.9844233522665274,,,
718,False,0.3332826793193817,1.5610201186856383,1.8424542449044896,0.12005055773034749,0.1365979330033064,6.436129357201318,0.0,0.6299842000007629,0.43602829023432793,0.37500312317923074,0.002026624776030856,GREEN: NOMINAL,0.995,0.30873665964941854,ELEVATED,,0.0,False,0.35,0.35,3.209757092335824,1.3817311907631307,2.501039440042704,0.984413440461843,,,
719,True,0.7494685649871826,4.598012604205813,1.8453812177032456,0.12067997573760433,0.13675225437059998,6.429199280063623,0.01135105828752306,0.6287797093391418,0.4375500569396717,0.37500452625801406,0.002056842537394374,GREEN: NOMINAL,1.0,0.3094279229897691,ELEVATED,0.8611999750137329,0.6594164017145162,True,0.35,0.17690319454993947,3.416196931065057,1.3819300217686978,2.500987468040569,0.9844034989115646,,,
720,True,0.6669030785560608,3.9856084959671825,1.8483256171236389,0.1212261988404228,0.13691181165128946,6.422307098282303,0.012915247468339172,0.6272457838058472,0.43938088760023497,0.37497700417904734,0.002064481808679061,GREEN: NOMINAL,1.0,0.31011849506677935,ELEVATED,0.8697999715805054,0.6766507045291171,False,0.35,0.17237919006110675,3.539047355278343,1.382129106850007,2.50093809463854,0.9843935446574992,,,
721,False,0.16629476845264435,0.32923406820479306,1.8512874989131802,0.12127126741003502,0.13675225437059998,6.432858872145928,0.0,0.6257922053337097,0.4407655067373349,0.3749237519209247,0.0020437254181183313,GREEN: NOMINAL,0.995,0.30980837657171256,ELEVATED,,0.0,False,0.35,0.35,3.344226644075442,1.3823277574876534,2.5008911899066133,0.9843836121256169,,,
722,True,0.4153885841369629,2.1459160148426473,1.8542483766460451,0.12156538472676195,0.13692204046100379,6.4259756478301595,0.007940995898651371,0.6238372325897217,0.44252133208329514,0.3748547574668494,0.0020183292567416584,GREEN: NOMINAL,1.0,0.3104985681951409,ELEVATED,0.8659999966621399,0.6689807389914544,False,0.35,0.17439255601474318,3.28585111855516,1.3825262416540403,2.5008466304112824,0.9843736879172975,,,
723,False,0.3329177796840668,1.5295454860273794,1.857226808272036,0.12177673712171926,0.1380416891757399,6.436498355742414,0.0,0.6205384135246277,0.44465249944518254,0.3747758480727721,0.0020250549958354546,GREEN: NOMINAL,0.995,0.31018806962694573,ELEVATED,,0.0,False,0.35,0.35,3.169559210364322,1.382724330786192,2.500804298890718,0.9843637834606899,,,
724,True,0.7494887113571167,4.506167242763184,1.8602042481598602,0.12240444909595466,0.139161337890476,6.42962409448492,0.00785336227479949,0.6173480153083801,0.44635599631698275,0.3746797285638252,0.001997742219110351,GREEN: NOMINAL,1.0,0.31087788155731877,ELEVATED,0.8592000007629395,0.6554717997296696,True,0.35,0.1779386525709617,3.3667870262944515,1.3829230407629636,2.5007640839461818,0.9843538479618513,,,
725,True,0.6655192375183105,3.8926590170233224,1.863199313900118,0.12294756388437701,0.1393833036135882,6.4227871160056305,0.009918658406980094,0.6134874820709229,0.4483992252048799,0.3745724989681443,0.0019452485008632752,GREEN: NOMINAL,1.0,0.31156700367576146,ELEVATED,0.8618000149726868,0.6606044993246037,False,0.35,0.1765913189272915,3.4807108672095266,1.383122012912309,2.5007258797488725,0.984343899354384,,,
726,False,0.1667771190404892,0.3141540381831432,1.8662120623524243,0.12299139343953312,0.13937661235928533,6.4332526030346315,0.0,0.611025869846344,0.4494295669027239,0.374464327010594,0.0018967615092603748,GREEN: NOMINAL,0.995,0.3112554366720857,ELEVATED,,0.0,False,0.35,0.35,3.287043755065304,1.383320500676411,2.5006895857614286,0.9843339749661789,,,
727,True,0.4172340929508209,2.1089215794933995,1.8692238584526355,0.1232856361390444,0.1393833036135882,6.426424442609414,0.006672327212167006,0.6084665060043335,0.4507563197900997,0.3743554851381991,0.0018805721118649208,GREEN: NOMINAL,1.0,0.3119441812354136,ELEVATED,0.8543999791145325,0.6461005981348561,False,0.35,0.18039859298960026,3.225989000912846,1.383518792873159,2.500655106473357,0.9843240603563416,,,
728,False,0.3332631587982178,1.5026068031221855,1.8722534101549069,0.12349561366170357,0.13960241940915583,6.436861336471171,0.0,0.6072248816490173,0.4512009540990036,0.3742349893777898,0.001834379306328514,GREEN: NOMINAL,0.995,0.3116322370541782,ELEVATED,,0.0,False,0.35,0.35,3.1090213561287605,1.3837166373821677,2.500622351149689,0.9843141681308911,,,
729,True,0.7495318651199341,4.476692203062969,1.8752820221723874,0.1241216499131618,0.1397036443065852,6.430041999505888,0.007351446313607419,0.6058669090270996,0.45222765067875476,0.37411080093249466,0.0017727294800658582,GREEN: NOMINAL,1.0,0.31232060481712404,ELEVATED,0.8503999710083008,0.638393709155323,True,0.35,0.18242165134672772,3.3058854408058496,1.383915180868421,2.5005912335922043,0.9843042409565784,,,
730,True,0.6667659878730774,3.862174046522279,1.8783284631245976,0.12466429425112172,0.14036179806813598,6.423259347473461,0.011827982242484726,0.6041333079338074,0.4536892729355663,0.3739975103307676,0.0017372198882277547,GREEN: NOMINAL,1.0,0.3130082842123069,ELEVATED,0.8622000217437744,0.6613977139844895,False,0.35,0.17638310007907146,3.4199376832255544,1.3841140205619156,2.500561671912594,0.9842942989719037,,,
731,False,0.1664581447839737,0.29785756336495944,1.8813927909998176,0.12470608810165457,0.14017457274086773,6.433639947437582,0.0,0.6041203737258911,0.45441037543212864,0.3738887531569481,0.001700327693096738,GREEN: NOMINAL,0.995,0.3126952759280946,ELEVATED,,0.0,False,0.35,0.35,3.229966641371551,1.3843123262335009,2.500533588316964,0.9842843836883244,,,
732,True,0.4159599840641022,2.060513832175347,1.884456219543452,0.12499734199761701,0.14120877886042,6.4268659772704,0.008403812828044643,0.6054894924163818,0.4538679538205413,0.3737753266626626,0.0016479500533056787,GREEN: NOMINAL,1.0,0.3133825806521665,ELEVATED,0.8579999804496765,0.6531163038147695,False,0.35,0.17855697024862302,3.1685451679719003,1.3845104115048879,2.500506908901116,0.984274479424755,,,
733,False,0.3330395817756653,1.4577482620694473,1.887537609287793,0.12520538423739508,0.14257207704931496,6.437218445409124,0.0,0.6064634919166565,0.45343344873403,0.3736626064620212,0.0015995049471899101,GREEN: NOMINAL,0.995,0.31306919807151434,ELEVATED,,0.0,False,0.35,0.35,3.052234480790376,1.384707998327325,2.5004815634560598,0.9842646000836331,,,
734,True,0.7494575381278992,4.332693757212379,1.8906181127240533,0.12582963639128558,0.14393537523820996,6.430453162333817,0.011619524267044204,0.607456386089325,0.4528805474079257,0.3735588697072806,0.0015638645859679737,GREEN: NOMINAL,1.0,0.31375612887344284,ELEVATED,0.8569999933242798,0.6511599161401481,True,0.35,0.1790705220132111,3.2405637953954547,1.3849063393837928,2.5004574852832566,0.9842546830308098,,,
735,True,0.6659971475601196,3.7247235753033334,1.893716652088866,0.12636980390245442,0.14487715202160178,6.423723980610208,0.015492394255706539,0.6075387597084045,0.452873502516227,0.3734593525227843,0.0015237685308563528,GREEN: NOMINAL,1.0,0.3144423727445694,ELEVATED,0.8583999872207642,0.6539005270940931,False,0.35,0.17835111163780054,3.34823778916918,1.3851050007670294,2.500434611019094,0.9842447499616479,,,
736,False,0.1665293574333191,0.278600713243801,1.896833286516106,0.1264099634559853,0.14400319909527898,6.434021059492046,0.0,0.6072313785552979,0.4529804026141426,0.3733599388722995,0.0014771592129766298,GREEN: NOMINAL,0.995,0.3141279303718248,ELEVATED,,0.0,False,0.35,0.35,3.1663458224084096,1.385303077638148,2.500412880468139,0.984234846118092,,,
737,True,0.4163024425506592,1.9989527856842344,1.8999490759728015,0.12669985593507999,0.14487715202160178,6.427300426569166,0.008627300793313192,0.6072292327880859,0.4531071405662943,0.37326565862201916,0.0014352575870856708,GREEN: NOMINAL,1.0,0.31481380244145296,ELEVATED,0.8532000184059143,0.6437788935787692,False,0.35,0.18100804043557311,3.1056347177122334,1.3855009075773383,2.500392236444732,0.9842249546211325,,,
738,False,0.33312538266181946,1.4178651688807378,1.903083036179442,0.1269062814618067,0.14544337905049323,6.437569823891451,0.0,0.6069493889808655,0.45307657765305415,0.37317952542812327,0.001408401876550914,GREEN: NOMINAL,0.995,0.3144989886390115,ELEVATED,,0.0,False,0.35,0.35,2.991796392377919,1.3856981864515072,2.500372624622495,0.984215090677424,,,
739,True,0.749657928943634,4.252877344039101,1.9062161648028486,0.12752903310928854,0.14628423194624482,6.430857744823953,0.007657143405201906,0.6070248484611511,0.45315480749520093,0.3730946030248253,0.001368453269906662,GREEN: NOMINAL,1.0,0.3151844896503725,ELEVATED,0.8521999716758728,0.6418503610271321,True,0.35,0.1815142802303778,3.178049219849023,1.3858963076051936,2.50035399339137,0.9842051846197396,,,
740,True,0.6660913228988647,3.6519443444897544,1.9093675403215267,0.1280675953990781,0.14732528120577335,6.4241811973410385,0.010240564350334231,0.6076182126998901,0.45285934263440475,0.37301354753912425,0.0013131493653859476,GREEN: NOMINAL,1.0,0.3158693051607221,ELEVATED,0.8600000143051147,0.6570468480124478,False,0.35,0.17752520239673245,3.284716647862429,1.386094788341416,2.5003362937218014,0.9841952605829285,,,
741,False,0.16676132380962372,0.2635014924589771,1.9125372230322473,0.12810628912748867,0.14669759294874965,6.434396088414758,0.0,0.6063290238380432,0.4533370984490563,0.37294223985795144,0.0013086300043658116,GREEN: NOMINAL,0.995,0.3155534358555614,ELEVATED,,0.0,False,0.35,0.35,3.108927884701604,1.3862926324496054,2.5003194790357113,0.984185368377519,,,
742,True,0.4171498119831085,1.9696246904293309,1.9157061164992268,0.12839533265034428,0.14660380768775938,6.427727959697733,0.007618883371239121,0.6050023436546326,0.453991362097512,0.37287200422450284,0.0012732054539143322,GREEN: NOMINAL,1.0,0.31623788241970585,ELEVATED,0.859000027179718,0.655078686526366,False,0.35,0.1780418447868289,3.0504141342355897,1.3864902105236836,2.5003035050839255,0.9841754894738151,,,
743,False,0.3332301676273346,1.3962832692736977,1.9188933942782187,0.12860016748532127,0.14655335679017006,6.437915608753476,0.0,0.6034084558486938,0.45535165708118464,0.37280678584428173,0.00123842939724102,GREEN: NOMINAL,0.995,0.31592164453728616,ELEVATED,,0.0,False,0.35,0.35,2.938777784588244,1.386687187304486,2.500288329829729,0.984165640634775,,,
744,True,0.7493653297424316,4.2256885991637665,1.9220798965723906,0.1292209326475784,0.14675582039281726,6.431255903691943,0.008212301409371294,0.6020644903182983,0.4566448328230512,0.37274986490286444,0.0012268824233180617,GREEN: NOMINAL,1.0,0.31660572289274885,ELEVATED,0.8600000143051147,0.6570468480124478,True,0.35,0.17752520239673245,3.1259198641666264,1.3868851030721245,2.500273913338243,0.984155744846393,,,
745,True,0.6668068170547485,3.650951921266084,1.9252848607641841,0.12975851853198556,0.14709815689288078,6.424631173829378,0.011724911458290275,0.6014818549156189,0.4577343375914793,0.37269615630398756,0.0011972606534289578,GREEN: NOMINAL,1.0,0.3172891171698561,ELEVATED,0.8615999817848206,0.6602081897773342,False,0.35,0.17669535018344976,3.2355076585545848,1.38708342733843,2.5002602176713307,0.9841458286330778,,,
746,False,0.16619746387004852,0.24803927764578088,1.9285083483309462,0.12979495747732364,0.14676105630621314,6.434765178696707,0.0,0.6022034883499146,0.45817911209723294,0.3726490531434568,0.001179627108261411,GREEN: NOMINAL,0.995,0.3169718280526862,ELEVATED,,0.0,False,0.35,0.35,3.0628392362480383,1.3872810645050695,2.500247206787764,0.9841359467747458,,,
747,True,0.4150913953781128,1.94529123720768,1.9317311037723977,0.13008025391522443,0.14651335286535322,6.428148740503799,0.00991958403684048,0.6019504070281982,0.4593231884894166,0.37260889193592156,0.0011604167979369763,GREEN: NOMINAL,1.0,0.3176548562246335,ELEVATED,0.8636000156402588,0.6641814139250581,False,0.35,0.17565237884467222,3.004798522493985,1.3874784127649322,2.5002348464483757,0.9841260793617527,,,
748,False,0.33283787965774536,1.3727149218227088,1.9349724611643733,0.13028301154096694,0.14755785407200456,6.438255932508347,0.0,0.6019079685211182,0.45985944143961605,0.37257517254325745,0.0011414734643841956,GREEN: NOMINAL,0.995,0.31733720136840887,ELEVATED,,0.0,False,0.35,0.35,2.8941603413388797,1.3876751096963509,2.500223104125957,0.9841162445151818,,,
749,True,0.7494392395019531,4.16346322772222,1.9382131005695826,0.13090216776892794,0.14856311630532146,6.431647790716223,0.010259929939781892,0.6023082733154297,0.459648410131567,0.37254883915034426,0.0011245982416659766,GREEN: NOMINAL,1.0,0.3180198641670405,ELEVATED,0.8622000217437744,0.6613977139844895,True,0.35,0.17638310007907146,3.078990593107761,1.3878728215396825,2.500211948919659,0.9841063589230151,,,
750,True,0.6651847958564758,3.568590839015988,1.9414724209745127,0.1314364503970155,0.14956837853863836,6.42507408070322,0.015254296132728062,0.6021832227706909,0.45979701879227586,0.3725317812593358,0.0011093826349280066,GREEN: NOMINAL,1.0,0.31870184430287346,ELEVATED,0.873199999332428,0.6835879179812574,False,0.35,0.17055817152991992,3.1847426684424724,1.388070967561886,2.500201351473676,0.984096451621905,,,
751,False,0.16689392924308777,0.2376705059646057,1.9447504850551531,0.13147190787586158,0.14903835553117095,6.43512847028876,0.0,0.6028690934181213,0.4590885340121888,0.37252355934877873,0.0010941792541600834,GREEN: NOMINAL,0.995,0.3183831424585706,ELEVATED,,0.0,False,0.35,0.35,3.0171106875949505,1.3882683799044213,2.500191283899992,0.9840865810047782,,,
752,False,0.4177195429801941,1.9180185408745178,1.9480278755470557,0.13175815551096592,0.1490920871593058,6.445182459978125,0.0,0.6029468178749084,0.4584960621252495,0.372525979371786,0.0010806178584412715,GREEN: NOMINAL,0.99,0.318064759316112,ELEVATED,,0.0,False,0.35,0.35,2.9613131183600916,1.3884654889557888,2.5001817197049925,0.9840767255522098,,,
753,True,0.7109982967376709,3.8738498451301506,1.9513045766261212,0.13233739565219263,0.14937618240751324,6.438590923516344,0.009770225762025072,0.6025646924972534,0.45833897155513226,0.37254139070010633,0.0010706534592708277,GREEN: NOMINAL,1.0,0.3187466945567959,ELEVATED,0.8737999796867371,0.6848194439495427,False,0.35,0.17023489596324504,3.110299413934743,1.3886633389378689,2.5001726337197425,0.9840668330531058,,,
754,True,0.7515345811843872,4.138342504185042,1.9546001183767825,0.13295659283772482,0.14947481696382164,6.432033552930935,0.013744401240785268,0.6014872789382935,0.45873979434849704,0.37256924699302163,0.0010536624671428324,GREEN: NOMINAL,1.0,0.3194279478622391,ELEVATED,0.875,0.6872892787909722,True,0.35,0.1695865643173698,3.271047402142537,1.3888617777311043,2.500164002033755,0.9840569111134441,,,
755,False,0.20930379629135132,0.5104603266212965,1.95791456425221,0.13303294004117847,0.14941583561450242,6.442035293186674,0.0,0.6014863848686218,0.45822138144742514,0.37261472226909603,0.001055527710609586,GREEN: NOMINAL,0.995,0.3191085199143769,ELEVATED,,0.0,False,0.35,0.35,3.0952119600661643,1.3890595622126642,2.5001558019320673,0.9840470218893661,,,
756,True,0.5236966609954834,2.612614638804683,1.9612283657636238,0.13342360376213275,0.14938026122823356,6.435486098778587,0.008361475091334775,0.6005396842956543,0.4583021698820794,0.3726762234617176,0.0010175535857253526,GREEN: NOMINAL,1.0,0.3197894113944625,ELEVATED,0.8740000128746033,0.6852305271320833,False,0.35,0.17012698662782813,3.1019459390851747,1.3892573761707232,2.500148011835464,0.9840371311914632,,,
757,False,0.4182133674621582,1.9037320986720292,1.9645611524207203,0.13370839352583275,0.14944590897783636,6.445461720599842,0.0,0.600818932056427,0.45787376335853114,0.3727603247454443,0.0010552787741031138,GREEN: NOMINAL,0.995,0.319469621983068,ELEVATED,,0.0,False,0.35,0.35,3.035941255876716,1.3894548835590905,2.500140611243691,0.9840272558220449,,,
758,True,0.9405242204666138,5.3909478889528355,1.967893309478844,0.13451520935277353,0.14951155672743915,6.438920706146307,0.009836833127162136,0.6019120812416077,0.45717169258431906,0.3728667405730539,0.001058802379965611,GREEN: NOMINAL,1.0,0.3201501523610849,ELEVATED,0.8733999729156494,0.6839981395953999,True,0.35,0.17045048835620752,3.3321465496716183,1.3896535013129032,2.500133580681506,0.9840173249343542,,,
759,True,0.8367545008659363,4.69007501599756,1.9712445331908388,0.13521744864428667,0.14957906852848826,6.432413332809862,0.013880580119093232,0.6030372381210327,0.4563119354033784,0.37300061085634045,0.0010771628306835627,GREEN: NOMINAL,1.0,0.3208300022087238,ELEVATED,0.902999997138977,0.7475156716021125,True,0.35,0.15377713620444544,3.5277438881085676,1.3898525655240779,2.5001269016474303,0.9840073717237955,,,
760,False,0.20882394909858704,0.49161529594236003,1.974614888239591,0.13529105514474096,0.14957405630126594,6.442337514476964,0.0,0.6059011220932007,0.45486019702447245,0.37316533429501203,0.001095947531558233,GREEN: NOMINAL,0.995,0.3205091722065151,ELEVATED,,0.0,False,0.35,0.35,3.327787983675189,1.3900511712181822,2.500120556565059,0.9839974414390903,,,
761,True,0.5218248963356018,2.5847064423934314,1.9779846598081765,0.13567758898593182,0.14939696865230798,6.435838195559384,0.009590588261891929,0.6077823638916016,0.454389030461758,0.37336644719360124,0.0011211390000918904,GREEN: NOMINAL,1.0,0.3211886630343086,ELEVATED,0.9021999835968018,0.7457237548179924,False,0.35,0.154247514360277,3.310681307437177,1.3902497285579942,2.500114528736806,0.9839875135720997,,,
762,False,0.4178394079208374,1.8903772181110203,1.9813736452541295,0.13595975080486672,0.149112914827466,6.445736661771904,0.0,0.6091414093971252,0.45402872455796384,0.37361011701476865,0.0011519793109570008,GREEN: NOMINAL,0.995,0.3208674743712743,ELEVATED,,0.0,False,0.35,0.35,3.224896428071404,1.390448017034848,2.5001088022999656,0.983977599148257,,,
763,True,0.9403228759765625,5.389838852517275,1.9847620623866278,0.13676411393003843,0.14908771561346948,6.439245400929579,0.008505724742313096,0.6096094250679016,0.45433330221399215,0.37390417843054813,0.001189740560471532,GREEN: NOMINAL,1.0,0.321546606896903,ELEVATED,0.8971999883651733,0.7346213850256743,True,0.35,0.15716188643076048,3.5041999310364798,1.3906470362383823,2.500103362184967,0.9839676481880802,,,
764,True,0.8355875611305237,4.693327695959679,1.9881697764328465,0.13746293737723891,0.14874832293391227,6.4327872684418645,0.011535551179422055,0.6098117232322693,0.45416997288406213,0.3742582290161989,0.0012351375195240053,GREEN: NOMINAL,1.0,0.3222250602900061,ELEVATED,0.902400016784668,0.746171397619515,True,0.35,0.1541300081248773,3.684685902112573,1.3908463521163903,2.5000981940757185,0.9839576823941798,,,
765,False,0.20898409187793732,0.48114745402788445,1.991596853324496,0.13753445853173962,0.14849841300845146,6.442635085122132,0.0,0.6094843745231628,0.45418788303161456,0.37468416849994535,0.0012895778368624095,GREEN: NOMINAL,0.995,0.3219028352297161,ELEVATED,,0.0,False,0.35,0.35,3.4698889113480997,1.3910453018355775,2.5000932843719323,0.9839477349082204,,,
766,True,0.5224315524101257,2.5881941007088574,1.9950234091111747,0.13791935562561802,0.14856389506459236,6.436184887990829,0.008942100911468418,0.6079544425010681,0.45498283421876967,0.3751963269374306,0.0013532141764732845,GREEN: NOMINAL,1.0,0.3225809323944864,ELEVATED,0.8989999890327454,0.7385990720692699,False,0.35,0.15611774358181665,3.4388441463457617,1.3912441844642283,2.5000886201533357,0.9839377907767879,,,
767,False,0.4180060625076294,1.8797710060318427,1.9984694118286144,0.13819944233250003,0.1488514394983649,6.446007382941519,0.0,0.6065244674682617,0.45534685533908154,0.3758132452701271,0.0014313920651013656,GREEN: NOMINAL,0.995,0.32225835146209186,ELEVATED,,0.0,False,0.35,0.35,3.3383974305215514,1.3914428193323753,2.5000841891456687,0.9839278590333805,,,
768,True,0.9406196475028992,5.3749714784833715,2.00191490901825,0.1390018625376704,0.14913898393213748,6.439565124706886,0.010360296472015619,0.6042031049728394,0.4563785289069979,0.37655671113787237,0.0014580624485400892,GREEN: NOMINAL,1.0,0.32293609311062976,ELEVATED,0.8989999890327454,0.7385990720692699,True,0.35,0.15611774358181665,3.603377496124688,1.391642014647216,2.500079979688385,0.9839178992676385,,,
769,True,0.8358694314956665,4.645779872343655,2.005379937728375,0.1396987301066284,0.14985012646280227,6.433155493698291,0.013352544602553567,0.6007992029190063,0.45837573817897276,0.3774565370487935,0.0016713388498881094,GREEN: NOMINAL,1.0,0.32361315701751914,ELEVATED,0.9034000039100647,0.7484132440373826,True,0.35,0.15354152344018704,3.7665507945882872,1.3918414336971512,2.500075980703966,0.9839079283151417,,,
770,False,0.2091933935880661,0.46586317639818975,2.008864565159041,0.13976822477010983,0.14902480456754563,6.442928111650204,0.0,0.5972099304199219,0.46056105657406654,0.37854116708642327,0.0018572029760296088,GREEN: NOMINAL,0.995,0.3232895438605016,ELEVATED,,0.0,False,0.35,0.35,3.53984040731848,1.392040520225155,2.5000721816687674,0.9838979739887416,,,
771,True,0.5232102274894714,2.552556952811807,2.01234873538023,0.1401516667728292,0.15006856567673385,6.436526299552677,0.009159870496728352,0.5931771397590637,0.46330393784051804,0.3798499819233023,0.0020855575451600296,GREEN: NOMINAL,1.0,0.3239662543166411,ELEVATED,0.9039999842643738,0.7497615568451377,False,0.35,0.15318759132815132,3.4936268300951405,1.3922395185202194,2.500068572585329,0.9838880240739883,,,
772,False,0.41811513900756836,1.8398093414399097,2.0158525899775794,0.14042963024506394,0.15093167672753333,6.4462739805263665,0.0,0.5897833704948425,0.4659931938119496,0.3814336938801867,0.0023636620465205143,GREEN: NOMINAL,0.995,0.3236422880623245,ELEVATED,,0.0,False,0.35,0.35,3.3782295558037907,1.392438257591995,2.5000651439560624,0.9838780871203996,,,
773,True,0.9403717517852783,5.287399230337911,2.01935600336208,0.14122957236660413,0.15114088129252196,6.439879990768521,0.00843411471096875,0.5866250395774841,0.4684526671466813,0.38335731203103146,0.0027014821794839722,GREEN: NOMINAL,1.0,0.32431864577426217,ELEVATED,0.902999997138977,0.7475156716021125,True,0.35,0.15377713620444544,3.6245356446406793,1.3926374861834265,2.5000618867582594,0.983868125690828,,,
774,True,0.8365585207939148,4.589581932136136,2.0228791872916014,0.14192490131503147,0.15135008585751056,6.433518138392771,0.009959538726479982,0.5833091139793396,0.471080096307384,0.385703842068452,0.003111169903864936,GREEN: NOMINAL,1.0,0.3249943271284879,ELEVATED,0.9049999713897705,0.7520141897734842,True,0.35,0.15259627518446037,3.77394305843454,1.3928369137470518,2.5000587924203463,0.9838581543126468,,,
775,False,0.20869292318820953,0.44298151483668635,2.026422210254471,0.14199166933690463,0.15057344746291637,6.443216697360344,0.0,0.5805730819702148,0.47303559701656556,0.3885784517057582,0.0036067925346225604,GREEN: NOMINAL,0.995,0.3246693328013594,ELEVATED,,0.0,False,0.35,0.35,3.5406649111216684,1.393036001776705,2.500055852799329,0.9838481999111641,,,
776,True,0.521345317363739,2.51720720607478,2.0299648414533045,0.14237102298493148,0.15055347587764262,6.436862549991389,0.006684129159486967,0.5769863724708557,0.4751448936698958,0.39211248389537345,0.004203475182175786,GREEN: NOMINAL,1.0,0.32534466346855806,ELEVATED,0.9047999978065491,0.7515631761567375,False,0.35,0.1527146662588564,3.485204252844218,1.3932349830983088,2.5000530601593627,0.9838382508450839,,,
777,False,0.41779395937919617,1.8072511738180828,2.033527398937517,0.14264644592132575,0.1522464156858623,6.446536548029085,0.0,0.573875904083252,0.4763993049828133,0.3964689339100069,0.0049170497891799355,GREEN: NOMINAL,0.995,0.3250193188050895,ELEVATED,,0.0,False,0.35,0.35,3.362126689253932,1.393433681034307,2.5000504071513943,0.983828315948284,,,
778,True,0.9405936598777771,5.177851247392676,2.037089581083016,0.1434443931352822,0.1539536824554205,6.440190108988185,0.007408105656746043,0.5721508860588074,0.4769855381099399,0.40184650940476346,0.00576152917999072,GREEN: NOMINAL,1.0,0.3256942994862844,ELEVATED,0.8999999761581421,0.7408181676942714,True,0.35,0.15553523098025374,3.5944896354060525,1.3936328619469531,2.5000478867938245,0.9838183569026517,,,
779,True,0.8351293206214905,4.485422633673553,2.040671777288197,0.1441360780627684,0.1540530957709998,6.433875328433799,0.00987620138463667,0.5713755488395691,0.4775169893180362,0.40848504938772556,0.006817520095024194,GREEN: NOMINAL,1.0,0.3263686051867981,ELEVATED,0.901199996471405,0.743489964673608,True,0.35,0.1548338842731779,3.732793763644878,1.393832240483297,2.500045492454133,0.9838083879758346,,,
780,False,0.20935706794261932,0.42475960735155344,2.044274057350023,0.14420129905264825,0.1533944559752941,6.443500942444262,0.0,0.5721837282180786,0.47728727677976124,0.41662371423927663,0.008460339111354439,GREEN: NOMINAL,0.995,0.3260422365816113,ELEVATED,,0.0,False,0.35,0.35,3.5011106409173367,1.3940312536231392,2.5000432178314265,0.9837984373188425,,,
781,True,0.5238781571388245,2.4678736997216077,2.047876012673565,0.14458097591073443,0.1536939192920923,6.437193755460174,0.006541023051230332,0.5741100311279297,0.47638006296518853,0.42636818846613406,0.010669667743799224,GREEN: NOMINAL,1.0,0.3267161943450297,ELEVATED,0.9034000039100647,0.7484132440373826,False,0.35,0.15354152344018704,3.443881417394547,1.394230147421305,2.500041056939855,0.9837884926289342,,,
782,False,0.418220579624176,1.7751799426603792,2.051498140728876,0.14485461551444787,0.15399338260889053,6.4467951761466145,0.0,0.5771156549453735,0.47455000338729875,0.4377634928193061,0.013502971182443077,GREEN: NOMINAL,0.995,0.32638947815068464,ELEVATED,,0.0,False,0.35,0.35,3.3227521574780474,1.3944287390511831,2.500039004092862,0.9837785630474403,,,
783,True,0.9270274043083191,5.069298069605077,2.0551199609093818,0.14563678830324173,0.15414177767336368,6.440495585950821,0.006126887988331571,0.5812274217605591,0.47251613263912073,0.4508228583822321,0.01711552936839065,GREEN: NOMINAL,1.0,0.327063088672534,ELEVATED,0.9020000100135803,0.745276513831947,True,0.35,0.1543649151191139,3.550736849068892,1.3946278452270229,2.500037053888219,0.9837686077386483,,,
784,True,0.6189790964126587,3.0648028802507468,2.058762043228282,0.14611013061135114,0.15429017273783682,6.4342271859704825,0.005637085183347006,0.5858977437019348,0.47039102879098393,0.4655101175292294,0.021679532493987932,GREEN: NOMINAL,1.0,0.32773602558386145,ELEVATED,0.9043999910354614,0.7506618260060597,False,0.35,0.1529512706734093,3.5529820338744265,1.394826955398557,2.500035201193808,0.9837586522300715,,,
785,False,0.20861272513866425,0.4055586472763328,2.0624244588119605,0.14617263320587845,0.15396069681197405,6.443780944102196,0.0,0.5900691747665405,0.46829911654701967,0.48172396845145243,0.027374298382699763,GREEN: NOMINAL,0.995,0.3274082895582776,ELEVATED,,0.0,False,0.35,0.35,3.3446455011951213,1.3950256071623015,2.5000334411341174,0.9837487196418843,,,
786,True,0.5210505127906799,2.4305108013198113,2.0660866182945057,0.14654751108546324,0.15408407216370104,6.437520028652755,0.00548830134549319,0.5935004949569702,0.46613640489394403,0.4992858396819155,0.03436936003871037,GREEN: NOMINAL,1.0,0.3280808812687193,ELEVATED,0.8981999754905701,0.7368285298261356,False,0.35,0.1565825109206394,3.3052179806300788,1.3952241487100208,2.5000317690774114,0.9837387925644983,,,
787,False,0.4176977872848511,1.7400379563995307,2.0697692015673037,0.1468186613616626,0.15567426269464194,6.4470499528746466,0.0,0.5953269600868225,0.46533836937609496,0.5179331881261237,0.042798460741441384,GREEN: NOMINAL,0.995,0.3277528003874506,ELEVATED,,0.0,False,0.35,0.35,3.1999189186902304,1.3954223499103935,2.5000301806235408,0.9837288825044797,,,
788,True,0.9403969049453735,5.0907950008058345,2.0734515460503027,0.14761223960524633,0.15572904923781752,6.440796525074744,0.006565667196562882,0.5972813367843628,0.4643411491839986,0.5373217973568135,0.05272671409022437,GREEN: NOMINAL,1.0,0.32842504758706315,ELEVATED,0.8967999815940857,0.7337403531748724,True,0.35,0.157393157291596,3.447349525733681,1.395621251333866,2.5000286715923634,0.9837189374333061,,,
789,True,0.834952175617218,4.3759724248146314,2.0771544053899538,0.1482995795412583,0.15691428770944477,6.4345738295318124,0.009795558298751271,0.598143458366394,0.4638974612038303,0.5570407447957254,0.06412213045503469,GREEN: NOMINAL,1.0,0.3290966225394761,ELEVATED,0.8985999822616577,0.7377132697761021,True,0.35,0.1563502666837732,3.597497917269504,1.395820437149807,2.5000272380127453,0.983708978142509,,,
790,False,0.20924639701843262,0.3909407207032873,2.0808778520632893,0.14836052635873548,0.15574195123538373,6.444056796653724,0.0,0.598730742931366,0.46306062620781974,0.5766395194137726,0.07683189021286861,GREEN: NOMINAL,0.995,0.3287675259169366,ELEVATED,,0.0,False,0.35,0.35,3.387497728849993,1.3960191993076279,2.5000258761121077,0.9836990400346179,,,
791,True,0.5235053300857544,2.386007997369511,2.08460111291587,0.14873567116246247,0.15706974131539464,6.437841478931218,0.0069143231098419515,0.5980299115180969,0.4627932007169686,0.5956613634385624,0.09057074558311687,GREEN: NOMINAL,1.0,0.32943875839101966,ELEVATED,0.8967999815940857,0.7337403531748724,False,0.35,0.157393157291596,3.3409399144882426,1.3962178410762964,2.5000245823065024,0.9836891079461845,,,
792,False,0.4181385934352875,1.6991017282884162,2.0883450533057974,0.1490050740847353,0.15839753139540552,6.4473009636074465,0.0,0.5979278683662415,0.4620929174525905,0.613685711554322,0.10494630832958673,GREEN: NOMINAL,0.995,0.3291093196326286,ELEVATED,,0.0,False,0.35,0.35,3.2291498184689313,1.3964161439894403,2.5000233531911773,0.9836791928005273,,,
793,True,0.9404188394546509,4.951607969154728,2.092088825644097,0.1497964878501052,0.15966981968879698,6.441093026728386,0.007472819112550339,0.597316324710846,0.4624472299410589,0.6303640986490999,0.11949730911659802,GREEN: NOMINAL,1.0,0.329780210312996,ELEVATED,0.8902000188827515,0.7193552578543609,True,0.35,0.16116924481323025,3.460124687984652,1.3966150730521498,2.5000221855316185,0.9836692463473918,,,
794,True,0.8365607857704163,4.262883978742961,2.095853370273955,0.1504832521480255,0.16094210798218844,6.434915374159793,0.010611530675489358,0.5960411429405212,0.46266190636720084,0.6454472778651759,0.13374840796274073,GREEN: NOMINAL,1.0,0.330450430102683,ELEVATED,0.88919997215271,0.7172003254003759,True,0.35,0.16173491458240133,3.5975334741972773,1.3968142589258707,2.5000210762550372,0.9836592870537058,,,
795,False,0.20888014137744904,0.36404598045462794,2.0996387610447225,0.15054164903725492,0.16025034054033457,6.444328591643703,0.0,0.5947420001029968,0.4623614995674519,0.6588023208092654,0.14728371268584445,GREEN: NOMINAL,0.995,0.33011997967258033,ELEVATED,,0.0,False,0.35,0.35,3.3868672286518766,1.397013019526627,2.500020022442285,0.983649349023668,,,
796,True,0.5220305323600769,2.3125389145493433,2.1034240379509233,0.15091313792057776,0.1604804970435798,6.438158212448225,0.010452636213991362,0.5936598181724548,0.4621571977081896,0.6704044033207314,0.1597766591501588,GREEN: NOMINAL,1.0,0.33078985969290775,ELEVATED,0.8862000107765198,0.710774564499284,False,0.35,0.16342167681893793,3.3322603029889772,1.397211637593788,2.5000190213201705,0.98363941812031,,,
797,False,0.41785305738449097,1.6584926540759861,2.1072302549083126,0.15118007784004167,0.16079237908534705,6.447548291233284,0.0,0.5942667126655579,0.46099384424916867,0.6803280339389094,0.17103207081566155,GREEN: NOMINAL,0.995,0.3304590698332148,ELEVATED,,0.0,False,0.35,0.35,3.216761274998262,1.3974098981179515,2.500018070254162,0.9836295050941019,,,
798,True,0.9402316808700562,4.896623708314081,2.1110363762382374,0.1519691294430717,0.16098083054423332,6.441385188341887,0.011180582457167153,0.5966416597366333,0.45902628661091077,0.6887207412089889,0.1809818476417321,GREEN: NOMINAL,1.0,0.3311286107633816,ELEVATED,0.8827999830245972,0.7035614544653254,True,0.35,0.16531511820285208,3.444023488965864,1.3976087922295235,2.5000171667414537,0.9836195603885233,,,
799,True,0.8357381224632263,4.205247302098557,2.11486353209001,0.15265289843609187,0.16243639789894224,6.435251931536727,0.012965943196200196,0.600684404373169,0.4566685611398672,0.6957720556252809,0.18965977343497312,GREEN: NOMINAL,1.0,0.33179748215261823,ELEVATED,0.885200023651123,0.7086454634658255,True,0.35,0.1639805658402208,3.5793957654565838,1.3978079480917494,2.5000163084043807,0.983609602595412,,,
800,False,0.20885424315929413,0.34599069316273556,2.118711797707426,0.1527090997808151,0.16227356541082263,6.444596417943552,0.0,0.6049938797950745,0.454351738099731,0.7016938075827034,0.19718145603492382,GREEN: NOMINAL,0.995,0.3314656846704656,ELEVATED,,0.0,False,0.35,0.35,3.374195295289485,1.3980066769810053,2.5000154929841614,0.9835996661509492,,,
801,True,0.521996259689331,2.2680993346002616,2.122560023125621,0.1530783869407236,0.16265507736839352,6.438470332263893,0.008183045108341315,0.6095170378684998,0.45211037601395954,0.706693453277015,0.2036974062875825,GREEN: NOMINAL,1.0,0.33213421898579515,ELEVATED,0.8858000040054321,0.7099221321540946,False,0.35,0.16364544030955014,3.3215919848375877,1.3982052653507304,2.500014718334953,0.983589736732463,,,
802,False,0.41793036460876465,1.6220299352617864,2.1264294539553883,0.15334323891839163,0.16312098805233835,6.4477920162256845,0.0,0.612476646900177,0.45052762367898525,0.7109667400620161,0.20939032183783507,GREEN: NOMINAL,0.995,0.33180208476680934,ELEVATED,,0.0,False,0.35,0.35,3.2092497140818557,1.3984034996614798,2.500013982418205,0.9835798250169255,,,
803,True,0.9406867623329163,4.804367850347867,2.1302988633014404,0.15413058244180616,0.16371689354181287,6.441673104513851,0.007458501504522708,0.6142033338546753,0.44921050932502804,0.7146844550305357,0.21443901633474524,GREEN: NOMINAL,1.0,0.33247028268204254,ELEVATED,0.8855999708175659,0.7094962359952306,True,0.35,0.16375723805125195,3.4335186771435477,1.398602370359252,2.5000132832972946,0.983569881482037,,,
804,True,0.8355144262313843,4.1760226640320965,2.134189574275412,0.15481196628559574,0.1630025779813528,6.4355836101069785,0.008859112096923149,0.6150573492050171,0.44826046537286424,0.7179829022927082,0.218997658643669,GREEN: NOMINAL,1.0,0.3331378123993605,ELEVATED,0.8873999714851379,0.7133378801985223,True,0.35,0.1627488064478879,3.5715723829267256,1.3988015129381146,2.5000126191324297,0.9835599243530938,,,
805,False,0.2094016820192337,0.33596166234153846,2.1381016635381314,0.1548665560013294,0.16232544403374194,6.444860361848141,0.0,0.6161440014839172,0.4469183609304435,0.7209679462915122,0.22321193083282964,GREEN: NOMINAL,0.995,0.33280467458696117,ELEVATED,,0.0,False,0.35,0.35,3.370877793769988,1.3990002333925742,2.500011988175808,0.9835499883303709,,,
806,True,0.5239982604980469,2.2806699114102056,2.142013788010259,0.1552356877058261,0.16169046250283717,6.438777938457596,0.006436434873809029,0.6161196827888489,0.44659983368786754,0.7237052403613786,0.22718626763972807,GREEN: NOMINAL,1.0,0.3334718699123742,ELEVATED,0.8848000168800354,0.7077955845527335,False,0.35,0.1642036590549074,3.322310953610432,1.3991988237835287,2.5000113887670175,0.9835400588108232,,,
807,False,0.4182663559913635,1.6332422812372958,2.14594738818236,0.15549871837411167,0.1608871143221855,6.448032216730734,0.0,0.6150192022323608,0.44678598005509035,0.7262291208947358,0.231013600393175,GREEN: NOMINAL,0.995,0.3331383980424618,ELEVATED,,0.0,False,0.35,0.35,3.2122790602584645,1.3993970687129078,2.5000108193286663,0.9835301465643542,,,
808,True,0.9243620038032532,4.787918978498285,2.1498810427684623,0.1562675816595408,0.16042343773841858,6.441956867113457,0.005801294852740203,0.6140724420547485,0.4471792672677824,0.7285183581332222,0.23469472989002882,GREEN: NOMINAL,1.0,0.33380525964441937,ELEVATED,0.8820000290870667,0.7018750286018486,True,0.35,0.16575780499201476,3.434776212087381,1.3995959422393967,2.500010278362233,0.9835202028880298,,,
809,True,0.8371630311012268,4.232910686087432,2.153836271046431,0.1569484771089825,0.16069664692617952,6.435910515193471,0.009216032038926942,0.6131381392478943,0.44726643465909915,0.7305415486861004,0.23825219394610275,GREEN: NOMINAL,1.0,0.33447145438477494,ELEVATED,0.8862000107765198,0.710774564499284,True,0.35,0.16342167681893793,3.5782285382939105,1.3997950961328927,2.5000097644441213,0.983510245193355,,,
810,False,0.2084580808877945,0.3195338360608903,2.1578131511171827,0.1569999867127613,0.1610411429643631,6.445120507168491,0.0,0.6112614274024963,0.44819835816843595,0.7322365030466607,0.24158010557381487,GREEN: NOMINAL,0.995,0.3341369829303902,ELEVATED,,0.0,False,0.35,0.35,3.375624024322429,1.399993828637617,2.500009276221915,0.9835003085681188,,,
811,True,0.5204476714134216,2.2465743336214703,2.1617901435841818,0.15736343439746198,0.16161683661304413,6.439081128234952,0.0061819946190334076,0.6088946461677551,0.44899488657015046,0.7336065144060708,0.2445723537311555,GREEN: NOMINAL,1.0,0.3348028459474598,ELEVATED,0.8913999795913696,0.7219495187042644,False,0.35,0.1604882513401306,3.321204603064522,1.4001924159171026,2.5000088124108193,0.9834903792041445,,,
812,False,0.4176349341869354,1.6024244745309704,2.165788887050756,0.15762370589725144,0.1622611439242959,6.448268968650614,0.0,0.6072774529457092,0.4497038269899991,0.7348088788505057,0.24707253063697107,GREEN: NOMINAL,0.995,0.33446804310151235,ELEVATED,,0.0,False,0.35,0.35,3.2060617520796457,1.4003906389841565,2.5000083717902783,0.9834804680507918,,,
813,True,0.8866933584213257,4.49128737611904,2.1697877626181983,0.1583527755497755,0.1621674415100366,6.4422365653782,0.005601707330194996,0.6051187515258789,0.4508971475256488,0.7363154269452669,0.24920136259212808,GREEN: NOMINAL,1.0,0.33513357505841085,ELEVATED,0.8912000060081482,0.7215165360983944,True,0.35,0.16060190927417145,3.396512302263898,1.4005894231920137,2.500007953200764,0.983470528840399,,,
814,True,0.7096719741821289,3.3891868548925914,2.173808488983143,0.15890409474840786,0.16250738097801803,6.436232749109194,0.0064587779392942715,0.6024980545043945,0.4527437503318062,0.7384893050534233,0.25103316352635474,GREEN: NOMINAL,1.0,0.3357984414833524,ELEVATED,0.8939999938011169,0.7276027748836218,False,0.35,0.15900427159304928,3.4546015180385616,1.4007883403914072,2.500007555540726,0.9834605829804293,,,
815,False,0.20952342450618744,0.3069560700828664,2.17785114571013,0.15895471407816564,0.16474250017069278,6.445376935320503,0.0,0.6011707186698914,0.4541340123921076,0.740466173584751,0.25154260126760813,GREEN: NOMINAL,0.995,0.33546264304186907,ELEVATED,,0.0,False,0.35,0.35,3.2611677502965897,1.4009867481535117,2.5000071777636896,0.983450662592324,,,
816,True,0.524502694606781,2.185783499545856,2.181893993834146,0.15932026205869423,0.16707163935676217,6.439379996030242,0.0064652906683263425,0.5992971062660217,0.4562502487894992,0.7401139534673584,0.24941046306057305,GREEN: NOMINAL,1.0,0.3361271803988272,ELEVATED,0.899399995803833,0.7394859379812374,False,0.35,0.15588494127992517,3.2087949803994054,1.401184980864792,2.500006818875505,0.98344075095676,,,
817,False,0.4183486998081207,1.5415772251476891,2.185958873353471,0.15957929049644365,0.1678601662572473,6.448502345723566,0.0,0.5972805023193359,0.4583052542127733,0.7347092275032601,0.2437367959921163,GREEN: NOMINAL,0.995,0.3357910532184284,ELEVATED,,0.0,False,0.35,0.35,3.095097613243148,1.4013827648424262,2.5000064779317297,0.9834308617578783,,,
818,True,0.9405058026313782,4.625862027244711,2.1900239644856767,0.16036021700857858,0.16864869315773248,6.442512286007452,0.007794597773468671,0.5952473878860474,0.45968342429478587,0.7213347511004644,0.23371324818858522,GREEN: NOMINAL,1.0,0.33645526216521,ELEVATED,0.8970000147819519,0.7341808025841386,True,0.35,0.15727753932166358,3.307043169894449,1.401581311685037,2.5000061540351433,0.9834209344157477,,,
819,True,0.8372898697853088,3.9944153401087688,2.194111188648281,0.16103714666135532,0.1692995508838445,6.436550411263963,0.011318948460890366,0.5947717428207397,0.4602724263096945,0.6974999740108427,0.21890630391901242,GREEN: NOMINAL,1.0,0.3371188069030448,ELEVATED,0.8984000086784363,0.73727083300503,False,0.35,0.1564664063361796,3.4331463735904064,1.4017801815439865,2.500005846333386,0.9834109909228003,,,
820,False,0.20865799486637115,0.2809168053744708,2.198220626893467,0.16108476750956036,0.16934988027289508,6.445629725409909,0.0,0.5949299335479736,0.46033018741178133,0.6619344795749427,0.19959970836440202,GREEN: NOMINAL,0.995,0.33678168809614173,ELEVATED,,0.0,False,0.35,0.35,3.239359910394434,1.4019785186179132,2.5000055540167163,0.9834010740691039,,,
821,False,0.5212020874023438,2.121520990726484,2.2023303373869645,0.16144488482945313,0.16957513224966822,6.454708713454493,0.0,0.5954936742782593,0.460309928966996,0.6151258723650297,0.17648837699122644,GREEN: NOMINAL,0.99,0.3364449064080456,ELEVATED,,0.0,False,0.35,0.35,3.1811277935824207,1.4021766512505525,2.50000527631588,0.983391167437472,,,
822,True,0.885311484336853,4.262402859266571,2.206440300341016,0.16216875142896053,0.16965612045228481,6.448732419600466,0.008884453296851787,0.5967466831207275,0.4600139383680134,0.559652626563227,0.15122866476828403,GREEN: NOMINAL,1.0,0.33710846150163754,ELEVATED,0.8899999856948853,0.7189237025790673,True,0.35,0.16128252807299479,3.347668242655589,1.4023753111132229,2.500005012500086,0.9833812344443384,,,
823,True,0.9383987784385681,4.56609924713661,2.2105726015779865,0.16294498145597014,0.16982850240692496,6.442784113252064,0.01457319115872901,0.5963540077209473,0.4606934024002073,0.4994762186818861,0.12575797953380619,GREEN: NOMINAL,1.0,0.3377713530401359,ELEVATED,0.8917999863624573,0.7228163928211061,True,0.35,0.16026069688445965,3.5283734488983214,1.4025743764991767,2.500004761875082,0.9833712811750408,,,
824,False,0.2603749930858612,0.573926767996555,2.2147273231296114,0.16304241146760004,0.16959059421122072,6.451820472947611,0.0,0.5938259959220886,0.46289091792122716,0.4384547506285737,0.10128344496129375,GREEN: NOMINAL,0.995,0.33743358168709575,ELEVATED,,0.0,False,0.35,0.35,3.324977807022235,1.402772974362273,2.5000045237813278,0.983361351281886,,,
825,True,0.6507822275161743,2.8694147415102194,2.218882358625448,0.1635301512836486,0.16980887049324808,6.445878954313635,0.010872510315304548,0.5911373496055603,0.4651291606270923,0.37986187959341133,0.07860224362898544,GREEN: NOMINAL,1.0,0.33809614810540867,ELEVATED,0.8921999931335449,0.7236843078289174,False,0.35,0.1600328691949092,3.3327579161106793,1.402971593799341,2.500004297592261,0.9833514203100325,,,
826,False,0.5208320617675781,2.0997154996797027,2.2230599185559803,0.16388745319413253,0.1699966536551714,6.454893988837176,0.0,0.5891638994216919,0.46677535203656734,0.32654137997433175,0.058812088435490927,GREEN: NOMINAL,0.995,0.33775805195730324,ELEVATED,,0.0,False,0.35,0.35,3.2604417847167015,1.403169999257169,2.500004082712648,0.9833415000371412,,,
827,True,1.1719186305999756,5.921497578630473,2.227237813492614,0.1648954843715384,0.17006224065050482,6.448959259918164,0.011277451721217076,0.5865023136138916,0.46852991561088,0.28017701963814273,0.04221720525102898,GREEN: NOMINAL,1.0,0.33842029390534595,ELEVATED,0.88919997215271,0.7172003254003759,True,0.35,0.16173491458240133,3.584790826591181,1.403369164159867,2.5000038785770156,0.9833315417920062,,,
828,True,1.0417203903198242,5.147033829173092,2.2314383376039735,0.16577230927748668,0.1701850250288844,6.443052129000195,0.014063970785082163,0.5854521989822388,0.46864515742135426,0.24157033661812863,0.02886669168116248,GREEN: NOMINAL,1.0,0.3390818736114406,ELEVATED,0.8894000053405762,0.7176308461674038,True,0.35,0.1616219028810565,3.797398040040547,1.4035686179205362,2.500003684648165,0.9833215691039727,,,
829,False,0.2603045105934143,0.5553123888840833,2.2356615744506363,0.16586684147880262,0.17006224065050482,6.452025132228178,0.0,0.5842384696006775,0.4685730962405954,0.21083606427678983,0.018661738743471053,GREEN: NOMINAL,0.995,0.3387427917378292,ELEVATED,,0.0,False,0.35,0.35,3.5640451170909264,1.4037677475219736,2.5000035004157564,0.9833116126239009,,,
830,True,0.6505895853042603,2.8448868068056936,2.239885209169254,0.1663515642226281,0.17021345802694557,6.446124696757742,0.010081747857658169,0.5837536454200745,0.4681615834374391,0.18752087432775155,0.011073206423931713,GREEN: NOMINAL,1.0,0.33940404894609133,ELEVATED,0.8895999789237976,0.7180614969678782,False,0.35,0.16150885704593193,3.543380068275234,1.403966840479291,2.5000033253949683,0.983301657976035,,,
831,False,0.5208508968353271,2.07983830311129,2.244131662655111,0.16670606355524079,0.17027517607994377,6.45507667245104,0.0,0.5826804637908936,0.4685142486129232,0.17104270575142017,0.005686175610842022,GREEN: NOMINAL,0.995,0.3390646448971452,ELEVATED,,0.0,False,0.35,0.35,3.4463697710048753,1.4041657397539116,2.5000031591252196,0.983291713012304,,,
832,True,1.1722818613052368,5.897549248304448,2.2483785356167236,0.1677116393529908,0.17033689413294195,6.449182934369755,0.012939409806336188,0.5822883248329163,0.4686600182874251,0.1608485503626342,0.002299592396712056,GREEN: NOMINAL,1.0,0.3397255802522481,ELEVATED,0.8873999714851379,0.7133378801985223,True,0.35,0.1627488064478879,3.748866903310246,1.4043651379207278,2.5000030011689587,0.9832817431039632,,,
833,True,1.0413446426391602,5.121954919237457,2.252648334008787,0.16858527235627696,0.17039575397372245,6.44331641285956,0.014553633646027362,0.5817452073097229,0.4689067296937293,0.1561828895737781,0.0005212180938631611,GREEN: NOMINAL,1.0,0.34038585467199584,ELEVATED,0.8913999795913696,0.7219495187042644,True,0.35,0.1604882513401306,3.9417602084591556,1.4045647285277982,2.500002851110511,0.9832717635736097,,,
834,False,0.26084932684898376,0.5407794681183963,2.2569411429460664,0.16867753641076966,0.17044247400686144,6.452226941854522,0.0,0.581497311592102,0.46945917538007204,0.1562044061335171,0.0005320561986148418,GREEN: NOMINAL,0.995,0.34004546881732384,ELEVATED,,0.0,False,0.35,0.35,3.6932524314412585,1.4047640560075314,2.500002708554985,0.983261797199623,,,
835,True,0.6525561213493347,2.8349761270057776,2.261234435634034,0.16916141499570822,0.1705110324382782,6.446367025392136,0.008915618834418845,0.5815926790237427,0.4697639282821625,0.15957872789577066,0.0018612447067225821,GREEN: NOMINAL,1.0,0.3407054233485065,ELEVATED,0.8944000005722046,0.7284764370948258,False,0.35,0.15877493526260822,3.6579475026628936,1.4049633343727956,2.5000025731272357,0.9832518332813598,,,
836,False,0.5211920738220215,2.061815580743739,2.265550846844368,0.16951344565453452,0.17056745106205343,6.455256818301711,0.0,0.5825955867767334,0.4692120083340062,0.16482504370905374,0.003656622786443535,GREEN: NOMINAL,0.995,0.340364717925158,ELEVATED,,0.0,False,0.35,0.35,3.5475259270822987,1.4051624348031162,2.5000024444708737,0.9832418782598438,,,
837,True,1.1720376014709473,5.870788939125798,2.2698677639633,0.17051596981035094,0.1705940448626876,6.44940350877193,0.008453596920449216,0.5827066898345947,0.469035009811228,0.17084175584618014,0.005623679147674746,GREEN: NOMINAL,1.0,0.34102435320723284,ELEVATED,0.8970000147819519,0.7341808025841386,True,0.35,0.15727753932166358,3.837237034309709,1.4053619303455036,2.50000232224733,0.9832319034827244,,,
838,True,1.0429576635360718,5.108228751574567,2.2742079082245454,0.17138841150407666,0.17062063866332172,6.443577042236264,0.0101182725855328,0.5830417275428772,0.46870733472420745,0.17692028754267672,0.00759496605390746,GREEN: NOMINAL,1.0,0.34168332885402564,ELEVATED,0.897599995136261,0.7355034747672121,True,0.35,0.15693033787360683,4.0202400553941295,1.4055615803695696,2.500002206134963,0.9832219209815211,,,
839,False,0.2600184679031372,0.5188771261565467,2.2785713663229235,0.17147704156047572,0.17064045007824896,6.452425960932577,0.0,0.5831068158149719,0.4686196766439166,0.18256492744648736,0.009378267971114872,GREEN: NOMINAL,0.995,0.3413416455251716,ELEVATED,,0.0,False,0.35,0.35,3.764363708537717,1.4057609968764784,2.500002095828215,0.9832119501561756,,,
840,True,0.6494277119636536,2.7975977140627895,2.2829353960413963,0.1719549922308789,0.1706724013008177,6.446606010862162,0.007690180860895546,0.5829792618751526,0.46884090727278327,0.18748424648001116,0.010865830029930676,GREEN: NOMINAL,1.0,0.3420003038796464,ELEVATED,0.8989999890327454,0.7385990720692699,False,0.35,0.15611774358181665,3.7186326264102436,1.4059603575884672,2.5000019910368043,0.9832019821205762,,,
841,False,0.5206639766693115,2.0402150769730154,2.2873228495533797,0.17230370121531732,0.17074683908857405,6.4554344789047216,0.0,0.5828121304512024,0.46943446568530794,0.1915499424153113,0.012034197198738614,GREEN: NOMINAL,0.995,0.34165830357576676,ELEVATED,,0.0,False,0.35,0.35,3.599974704128066,1.4061595474194077,2.5000018914849638,0.9831920226290292,,,
842,True,1.1723017692565918,5.848206313880201,2.291710897409961,0.1733036992833586,0.17082127687633036,6.449621047129541,0.007856768912557799,0.5838407278060913,0.4693021549083796,0.1946570295828021,0.012822604270261937,GREEN: NOMINAL,1.0,0.342316645272191,ELEVATED,0.9021999835968018,0.7457237548179924,True,0.35,0.154247514360277,3.8823593517985295,1.4063590864424698,2.5000017969107153,0.983182045677876,,,
843,True,1.0406500101089478,5.0650476941040585,2.2961224796709896,0.17417104559418417,0.1710702478721738,6.4438340924103885,0.011422159189124185,0.5844284892082214,0.46893967595341474,0.1967692126316244,0.013230626615104641,GREEN: NOMINAL,1.0,0.34297432862691885,ELEVATED,0.9049999713897705,0.7520141897734842,True,0.35,0.15259627518446037,4.056734073806406,1.4065587610806214,2.5000017070651794,0.9831720619459685,,,
844,False,0.2610042691230774,0.5077499793800744,2.3005576846377322,0.17425787881771304,0.17084469488561152,6.452622246944913,0.0,0.5847242474555969,0.4684087855327173,0.1978570263298741,0.013237185529573939,GREEN: NOMINAL,0.995,0.34263135429829195,ELEVATED,,0.0,False,0.35,0.35,3.79758631217438,1.4067582150466544,2.5000016217119203,0.9831620892476669,,,
845,True,0.653200626373291,2.796227744155319,2.3049935511252335,0.1747368215652686,0.17111045615226028,6.446841721877276,0.009698245212176496,0.5840564370155334,0.4684651797155193,0.19796328030462357,0.012906818222527268,GREEN: NOMINAL,1.0,0.34328872294399365,ELEVATED,0.9089999794960022,0.7610927408126011,False,0.35,0.15021315553669218,3.748733714662143,1.4069576130533759,2.5000015406263243,0.9831521193473308,,,
846,False,0.5213086605072021,2.020264376921592,2.309453152288772,0.17508339340421053,0.17137621741890907,6.455609705336547,0.0,0.5831175446510315,0.46911267886597585,0.19712368538508082,0.012246808256099341,GREEN: NOMINAL,0.995,0.34294543422104967,ELEVATED,,0.0,False,0.35,0.35,3.625204112301439,1.4071568426734566,2.500001463595008,0.9831421578663267,,,
847,True,1.1720936298370361,5.8078553213932365,2.3139134382769435,0.17608040364064334,0.17149415250197053,6.449835611697526,0.008888982818925969,0.5815173387527466,0.4706305551087397,0.19542323773710213,0.01131636614666206,GREEN: NOMINAL,1.0,0.34360248878682864,ELEVATED,0.9057999849319458,0.7538212219886247,True,0.35,0.152121929227986,3.9002977603123834,1.4073563979236854,2.500001390415257,0.9831321801038153,,,
848,True,1.0433045625686646,5.048375348642891,2.31839757157804,0.17694762779957135,0.17161103819310664,6.444087636608484,0.012027018652074901,0.5805354714393616,0.47151509208286935,0.19300910313317435,0.010230178964921396,GREEN: NOMINAL,1.0,0.3442588862980418,ELEVATED,0.9103999733924866,0.7642960385751588,True,0.35,0.14937228987402082,4.069950902048841,1.4075560810429397,2.5000013208944942,0.9831221959478526,,,
849,False,0.26000311970710754,0.4838148538021326,2.322905642126712,0.1770306832914789,0.1714962568089366,6.452815855806084,0.0,0.5802895426750183,0.472302367492502,0.1899767656840238,0.008987734161781207,GREEN: NOMINAL,0.995,0.3439146274117438,ELEVATED,,0.0,False,0.35,0.35,3.8078032858767994,1.4077555460386055,2.5000012548497694,0.9831122226980693,,,
850,True,0.6493656635284424,2.7513838907127104,2.3274144661695666,0.17750301827171586,0.17150011194348333,6.447074225276902,0.010426623282673762,0.5800624489784241,0.4727279700790557,0.18647701546507947,0.00766163522425012,GREEN: NOMINAL,1.0,0.34457071278433204,ELEVATED,0.906000018119812,0.7542737255349822,False,0.35,0.1520031470470672,3.7517453129343696,1.407954947654945,2.500001192107281,0.9831022526172524,,,
851,False,0.5206087827682495,1.9961568818743396,2.331947341479701,0.1778461240362124,0.17171128273755312,6.4557825472835635,0.0,0.579786479473114,0.4729394920760788,0.18266365700146636,0.0062882824221268795,GREEN: NOMINAL,0.995,0.3442261420715477,ELEVATED,,0.0,False,0.35,0.35,3.624063477092377,1.4081541755189713,2.5000011325019167,0.9830922912240511,,,
852,True,1.1721100807189941,5.775296389646924,2.3364809941803433,0.17884038799289517,0.17198592517375946,6.450047263040302,0.011328815182065936,0.5795175433158875,0.47307506242976327,0.1787354043278096,0.004952738714976715,GREEN: NOMINAL,1.0,0.3448819159294762,ELEVATED,0.8999999761581421,0.7408181676942714,True,0.35,0.15553523098025374,3.895126640534044,1.4083537261508177,2.5000010758768205,0.9830823136924588,,,
853,True,1.0406670570373535,5.0007727596860745,2.341038812846791,0.1797022146619396,0.1721663598306477,6.444337746073119,0.015913332598119105,0.5786526799201965,0.473059605727081,0.17487778080163988,0.003704091765457827,GREEN: NOMINAL,1.0,0.34553703401354674,ELEVATED,0.894599974155426,0.7289135963424209,True,0.35,0.15866018096011453,4.059818205500838,1.4085534027880924,2.5000010220829796,0.983072329860595,,,
854,False,0.26080334186553955,0.4707286960521859,2.34562088907456,0.17978331578914322,0.1721161823272705,6.4530068419157365,0.0,0.5780643224716187,0.4732687443776588,0.1712697927928379,0.0025582970787688475,GREEN: NOMINAL,0.995,0.3451914969795332,ELEVATED,,0.0,False,0.35,0.35,3.7980555423428655,1.4087528572656178,2.5000009709788307,0.9830623571367187,,,
855,True,0.6524832844734192,2.7255564474456064,2.3502038128851375,0.18025601575782751,0.1732590308882296,6.447303586093621,0.008349004078226602,0.5784096717834473,0.4730538576562423,0.16814606144834135,0.0015892835432801619,GREEN: NOMINAL,1.0,0.3458463054825537,ELEVATED,0.8939999938011169,0.7276027748836218,False,0.35,0.15900427159304928,3.7400328367344984,1.4089522447211027,2.500000922429889,0.9830523877639445,,,
856,False,0.5212091207504272,1.9530302824909818,2.354811110362292,0.18059696886282012,0.1744018794491887,6.455953053089018,0.0,0.5787760019302368,0.47287622824764025,0.16568891432959176,0.0008187674052036991,GREEN: NOMINAL,0.995,0.3455004591770711,ELEVATED,,0.0,False,0.35,0.35,3.6090276500560465,1.4091514490599624,2.5000008763083943,0.9830424275470016,,,
857,True,1.1723004579544067,5.670812915827479,2.359419279924411,0.1815886723519117,0.17470366247445343,6.450256060088767,0.00901772467114185,0.5795021057128906,0.47282197206679655,0.16412112413882743,0.00028564913417598154,GREEN: NOMINAL,1.0,0.34615495871789403,ELEVATED,0.8849999904632568,0.7082203332054534,True,0.35,0.16409216253356845,3.871195959086839,1.4093509776874011,2.5000008324929746,0.9830324511156296,,,
858,True,1.0426901578903198,4.906291175655602,2.3640519399496944,0.18244977383745012,0.17533414818942547,6.444584490129618,0.014240557505157101,0.5814260244369507,0.4720521511649547,0.163637252004237,5.0159125116793904e-05,GREEN: NOMINAL,1.0,0.34680880375917617,ELEVATED,0.8867999911308289,0.7120550688949185,True,0.35,0.16308554441508388,4.029613882371743,1.4095506342059918,2.5000007908683255,0.9830224682897001,,,
859,False,0.26045113801956177,0.4450076839036393,2.3687091837225647,0.18252777520163224,0.17510565690547228,6.453195258209566,0.0,0.5823268890380859,0.47202064192297893,0.16434196256877465,0.0003697619974516234,GREEN: NOMINAL,0.995,0.34646199495541696,ELEVATED,,0.0,False,0.35,0.35,3.7719693827828347,1.409750059508797,2.500000751324909,0.9830124970245598,,,
860,True,0.6510439515113831,2.6691938993610083,2.3733673713254655,0.182996291377942,0.17535168960392475,6.44752986761382,0.008418329689728325,0.5834323763847351,0.4712683456273527,0.16616075952136958,0.0009898840865182799,GREEN: NOMINAL,1.0,0.34711553296046155,ELEVATED,0.8859999775886536,0.7103481569495997,False,0.35,0.16353360880073006,3.7122626899860207,1.4099494120375047,2.5000007137586633,0.9830025293981245,,,
861,False,0.5208745002746582,1.9190652083743356,2.378050260903676,0.1833341695868387,0.17588789021596313,6.4561212697981105,0.0,0.5858515501022339,0.4694212170830089,0.16889965640316876,0.0018844041450315377,GREEN: NOMINAL,0.995,0.3467684174275011,ELEVATED,,0.0,False,0.35,0.35,3.5827399396821304,1.4101485735149832,2.50000067807073,0.9829925713242506,,,
862,True,1.1425117254257202,5.43844406460719,2.382734119433599,0.1842933471426776,0.17619347866773605,6.450462060194998,0.007543840712529156,0.5879282355308533,0.4681652986539568,0.17235269020182392,0.0030360922580000334,GREEN: NOMINAL,1.0,0.3474216490100736,ELEVATED,0.878600001335144,0.6947522331836423,True,0.35,0.1676275387892939,3.8265443361178373,1.4103480581672134,2.5000006441671934,0.982982597091639,,,
863,True,1.0419517755508423,4.854438272609128,2.3874427988706546,0.18515100557108574,0.17649843748435376,6.444827936250127,0.011217434387533828,0.5888858437538147,0.4674754250056708,0.1763066258021261,0.004415612372103185,GREEN: NOMINAL,1.0,0.3480742273610635,ELEVATED,0.8766000270843506,0.6905962536980438,True,0.35,0.1687184834042635,3.9866402107109806,1.410547683887555,2.5000006119588334,0.982972615805622,,,
864,False,0.26010406017303467,0.4240636625386088,2.3921763942167837,0.1852259586256877,0.17657278414070604,6.453381156208232,0.0,0.5889573693275452,0.46721662162107785,0.18051607199924755,0.005968563242317405,GREEN: NOMINAL,0.995,0.3477261531337025,ELEVATED,,0.0,False,0.35,0.35,3.735575639933339,1.4107470658666406,2.5000005813608914,0.9829626467066678,,,
865,True,0.649860143661499,2.6280524857441105,2.396911031843133,0.1856905928107235,0.1766211114004254,6.447753131435903,0.006663702660940866,0.5884318947792053,0.46773058327217093,0.18472924989226255,0.007627689691485565,GREEN: NOMINAL,1.0,0.34837842698056876,ELEVATED,0.878600001335144,0.6947522331836423,False,0.35,0.1676275387892939,3.677086838611592,1.410946371286056,2.5000005522928466,0.982952681435697,,,
866,False,0.5207277536392212,1.892256732690162,2.401670705766421,0.186025629971552,0.17687986935675143,6.4562872432012695,0.0,0.5886279940605164,0.467577663558333,0.1887483270462673,0.009340878205634296,GREEN: NOMINAL,0.995,0.3480300485535882,ELEVATED,,0.0,False,0.35,0.35,3.5493229910403756,1.4111454749365095,2.500000524678204,0.9829427262531744,,,
867,True,0.8163836002349854,3.5534575512036137,2.4064314477251476,0.18665598794181543,0.17721545937135816,6.450665319184774,0.005307662579078385,0.5889202952384949,0.4673784438348733,0.19238017716201672,0.011009640445207166,GREEN: NOMINAL,1.0,0.3486820185050346,ELEVATED,0.8781999945640564,0.6939190164296417,False,0.35,0.16784625818721904,3.6042496123403613,1.4113446716508684,2.500000498444294,0.9829327664174564,,,
868,True,0.6785358190536499,2.7675868601177984,2.4112173470858114,0.18714786777292725,0.17755104938596486,6.445068150115124,0.0063665081693382135,0.5888945460319519,0.46770520764237067,0.1955017145660636,0.01259257127832751,GREEN: NOMINAL,1.0,0.3493333364865296,ELEVATED,0.8808000087738037,0.6993527785777836,False,0.35,0.16641989562333181,3.5733029025341922,1.4115438171858414,2.500000473522079,0.9829228091407077,,,
869,False,0.2611672580242157,0.4166344772429866,2.416028500597064,0.18722188716317853,0.17748260141685604,6.453564586064334,0.0,0.5883368253707886,0.468095515672006,0.1980195589332578,0.013986030171634092,GREEN: NOMINAL,0.995,0.3489840031500431,ELEVATED,,0.0,False,0.35,0.35,3.3632854649458324,1.4117425181261571,2.5000004498459747,0.982912874093692,,,
870,False,0.5493212342262268,2.036295561413767,2.420840797087055,0.18758398651024155,0.17764476560801268,6.4620607364334575,0.0,0.5867105722427368,0.4688765873710383,0.1999249197435456,0.015158363586928805,GREEN: NOMINAL,0.99,0.34863501914689304,ELEVATED,,0.0,False,0.35,0.35,3.2810197869947935,1.4119409876308762,2.500000427353676,0.982902950618456,,,
871,True,0.6359707117080688,2.517142835586751,2.425654213650675,0.18803237323543937,0.1779550735618919,6.456451017875708,0.0033650357274054095,0.5844682455062866,0.47041419632040105,0.2012230607109366,0.016046433681078574,GREEN: NOMINAL,1.0,0.34928638412774615,ELEVATED,0.8848000168800354,0.7077955845527335,False,0.35,0.1642036590549074,3.255392535587517,1.4121393769698105,2.500000405985992,0.9828930311515093,,,
872,False,0.5764626264572144,2.1767648865364424,2.4304930321762894,0.18842080348866114,0.17826538151577115,6.464928313909617,0.0,0.5836288332939148,0.47085711321789586,0.2019725600759719,0.016635665810345646,GREEN: NOMINAL,0.995,0.3489370977436184,ELEVATED,,0.0,False,0.35,0.35,3.1972898975283286,1.4123375687299784,2.5000003856866924,0.9828831215635009,,,
873,True,0.6872340440750122,2.7925969211775015,2.43533299712204,0.18891961672924748,0.1784412292253226,6.459324699662015,0.0046195993875219445,0.5825901627540588,0.4714226322604755,0.20223190894323412,0.016921180258080953,GREEN: NOMINAL,1.0,0.3495881606458748,ELEVATED,0.8888000249862671,0.7163403147280499,False,0.35,0.1619606673838869,3.2076445315429005,1.4125357973882546,2.500000366402358,0.982873210130587,,,
874,True,0.8057655692100525,3.4500010699033483,2.440198487312629,0.18953646268172827,0.17861707693487405,6.45374559660751,0.007563782738138972,0.5821442008018494,0.4718766948075234,0.20204462748361918,0.016903658263400227,GREEN: NOMINAL,1.0,0.3502385724852289,ELEVATED,0.8925999999046326,0.7245532649775381,False,0.35,0.1598047679433962,3.2840057561929363,1.4127342759710986,2.50000034808224,0.9828632862014448,,,
875,False,0.2901868522167206,0.5632475751370238,2.4450896012435237,0.18963711307126327,0.17851783759742973,6.462185715716719,0.0,0.5821537375450134,0.4719282521990099,0.20138255899498372,0.016561190797755754,GREEN: NOMINAL,0.995,0.34988833391274365,ELEVATED,,0.0,False,0.35,0.35,3.1012776132955526,1.4129320870212283,2.500000330678128,0.9828533956489384,,,
876,True,0.7275710701942444,3.003106885819361,2.4499819380864674,0.19017504702838625,0.17894668541550635,6.456612637225341,0.006537200579755046,0.5824579000473022,0.47127623170014976,0.20020113161113418,0.01592715734652104,GREEN: NOMINAL,1.0,0.3505384455788309,ELEVATED,0.8925999999046326,0.7245532649775381,False,0.35,0.1598047679433962,3.1427915125947923,1.413130071595964,2.5000003141442213,0.9828434964202016,,,
877,False,0.5781756043434143,2.162414233927228,2.4549000234598477,0.19056304758570128,0.1792499099738896,6.465034149591871,0.0,0.5829104781150818,0.4707234355216827,0.19846963346508212,0.01502534320131679,GREEN: NOMINAL,0.995,0.3501879071332521,ELEVATED,,0.0,False,0.35,0.35,3.0944183883010083,1.4133278525779087,2.50000029843701,0.9828336073711044,,,
878,True,0.9991621971130371,4.498894171255008,2.4598193587533492,0.19137164673522863,0.1795531345322728,6.459467096624059,0.00660430441303177,0.5839858055114746,0.47005725514100033,0.19614869858545605,0.013856555933754539,GREEN: NOMINAL,1.0,0.35083771922611884,ELEVATED,0.8974000215530396,0.7350623633004398,True,0.35,0.1570461296336345,3.2901412041344162,1.4135263496461101,2.50000028351516,0.9828236825176943,,,
879,True,1.1340240240097046,5.200080313716537,2.4647645681111534,0.1923142991125031,0.18109522701278327,6.453924235387779,0.010166657903943891,0.5846287608146667,0.46974160193384373,0.19325111102762813,0.012482543090650437,GREEN: NOMINAL,1.0,0.3514868815068927,ELEVATED,0.8985999822616577,0.7377132697761021,True,0.35,0.1563502666837732,3.5382878471689145,1.4137254333397729,2.500000269339402,0.9828137283330111,,,
880,False,0.28673869371414185,0.5164879251882625,2.469735751835666,0.19240872350710475,0.18263731949329376,6.462309057436187,0.0,0.5863558053970337,0.46881234216465173,0.189819067194862,0.010938697117853191,GREEN: NOMINAL,0.995,0.35113539462538584,ELEVATED,,0.0,False,0.35,0.35,3.331551988769926,1.4139240494546388,2.5000002558724317,0.9828037975272678,,,
881,True,0.7145051956176758,2.84933713172288,2.4747082636505793,0.19293081997921532,0.1830511278681457,6.456772143519132,0.006198391395645922,0.5874831080436707,0.46808181142994537,0.1859411816964955,0.009292206474645025,GREEN: NOMINAL,1.0,0.35178425923076045,ELEVATED,0.899399995803833,0.7394859379812374,False,0.35,0.15588494127992517,3.3361420773331876,1.414122678172326,2.50000024307881,0.9827938660913834,,,
882,False,0.5757715702056885,2.084637627811805,2.479706876899801,0.1933136607294418,0.18346493624299764,6.465138601572197,0.0,0.5883809328079224,0.4675469604482432,0.18174266931167854,0.007624915105803143,GREEN: NOMINAL,0.995,0.3514324749715297,ELEVATED,,0.0,False,0.35,0.35,3.262355571480556,1.4143210896975251,2.5000002309248694,0.9827839455151235,,,
883,True,0.7546610236167908,3.0355643896881954,2.4847068459240402,0.19387500809232916,0.18473863293081522,6.459607635907259,0.005020703327954969,0.5892199277877808,0.4668721930105151,0.17735646535562635,0.005947489358440104,GREEN: NOMINAL,1.0,0.35208104249655814,ELEVATED,0.8981999754905701,0.7368285298261356,False,0.35,0.1565825109206394,3.293579263051983,1.414519597026182,2.500000219378626,0.9827740201486906,,,
884,False,0.6188938021659851,2.2800630295117275,2.489733044207765,0.1943000268864028,0.18622019206658005,6.46795581022838,0.0,0.5902037024497986,0.4656581934395309,0.1730118342865445,0.00437664495272369,GREEN: NOMINAL,0.995,0.3517289614540616,ELEVATED,,0.0,False,0.35,0.35,3.244872914027086,1.414717952259851,2.5000002084096944,0.9827641023870072,,,
885,False,0.5686944723129272,2.0037617259361986,2.494760626160293,0.19467442133182933,0.1866589455921203,6.476303708841111,0.0,0.5910170674324036,0.464674011554459,0.1689257328012501,0.002948292663789727,GREEN: NOMINAL,0.99,0.3513772324926075,ELEVATED,,0.0,False,0.35,0.35,3.1731390872974976,1.4149160549598232,2.5000001979892095,0.9827541972520085,,,
886,False,0.2967313528060913,0.5449947995008048,2.4997895679389783,0.19477647826330358,0.18707494940534233,6.484651331759111,0.0,0.5928072333335876,0.4631700498490304,0.16537858206076056,0.0017469953044472136,GREEN: NOMINAL,0.985,0.35102585526011487,ELEVATED,,0.0,False,0.35,0.35,3.0054617571747357,1.4151134067115338,2.5000001880897487,0.9827443296644229,,,
887,False,0.5787274241447449,2.048572004313455,2.5048198456830546,0.19516042920918503,0.18723627684451638,6.492998678996037,0.0,0.5938783884048462,0.4622646936427165,0.1626633769061864,0.0008200790809827481,GREEN: NOMINAL,0.98,0.3506748294048548,ELEVATED,,0.0,False,0.35,0.35,2.9633296136428426,1.4153105273148314,2.5000001786852613,0.982734473634258,,,
888,True,1.110683798789978,4.880573845686095,2.5098514355138986,0.1960759525787658,0.18739760428369046,6.487419881036727,0.0046625808668129005,0.5953882932662964,0.4611521965909335,0.16110112638682159,0.000224119352785981,GREEN: NOMINAL,1.0,0.3513241545754499,ELEVATED,0.8835999965667725,0.7052520584869502,True,0.35,0.16487133464717557,3.2157848036671153,1.4155087844533951,2.500000169750998,0.9827245607773298,,,
889,True,0.9378377795219421,3.9179256293196976,2.5149094625041766,0.196817714405709,0.18913581706881522,6.481865114596692,0.008722020250358363,0.5965732932090759,0.46013636526703605,0.16101218511928164,0.00017983534827443172,GREEN: NOMINAL,1.0,0.35197283042087446,ELEVATED,0.8830000162124634,0.7039837880955543,False,0.35,0.16520425562491697,3.345009244064806,1.4157074371943033,2.500000161263448,0.9827146281402844,,,
890,False,0.2891700267791748,0.48353518629165165,2.5199940293214196,0.19691006671808245,0.19080299154371022,6.490176413527777,0.0,0.5966599583625793,0.45968710446209116,0.1625172337286239,0.0007570145932492387,GREEN: NOMINAL,0.995,0.3516208575904536,ELEVATED,,0.0,False,0.35,0.35,3.1615175157731628,1.415905495495139,2.5000001532002756,0.9827047252252427,,,
891,True,0.7228847742080688,2.751620164079131,2.52507998834876,0.19743604142557244,0.19095976241268217,6.484627752075336,0.008056776267221106,0.5967456698417664,0.4588069836887279,0.16547485618954355,0.001729376316324308,GREEN: NOMINAL,1.0,0.35226923673286314,ELEVATED,0.8787999749183655,0.6951691545115783,False,0.35,0.16751809694071068,3.1771515775119683,1.4161036132886182,2.5000001455402616,0.9826948193355687,,,
892,False,0.5782315135002136,1.9904854387555164,2.5301926172627263,0.1978168368976471,0.19111653328165412,6.492921007300468,0.0,0.5960558652877808,0.4587462784527968,0.16964914495853062,0.0030482393980498126,GREEN: NOMINAL,0.995,0.3519169674961303,ELEVATED,,0.0,False,0.35,0.35,3.1131747749220726,1.416301475533481,2.5000001382632484,0.9826849262233255,,,
893,True,1.049816608428955,4.451015574044478,2.535306666796664,0.1986688366691784,0.19122552091777323,6.487378450054022,0.006926712155727067,0.595753014087677,0.458596372971228,0.17474906177725813,0.004677012440808525,GREEN: NOMINAL,1.0,0.3525650505286341,ELEVATED,0.8754000067710876,0.6881145349496521,True,0.35,0.1693699345757163,3.3075128906629647,1.4165000237356549,2.500000131350086,0.9826749988132168,,,
894,True,0.9320131540298462,3.8289536925690317,2.540447517052422,0.19940218098653906,0.19133450855389236,6.4818596141594655,0.008785497533814917,0.5955430865287781,0.4584949055012393,0.18043773473542568,0.006543769028844114,GREEN: NOMINAL,1.0,0.3532124854781055,ELEVATED,0.8805999755859375,0.6989332231806538,False,0.35,0.16653002891507837,3.418716771484452,1.4166988606006725,2.5000001247825816,0.982665056969966,,,
895,False,0.28866633772850037,0.4641744725809155,2.545615272577947,0.19949144514328102,0.1921150296986103,6.490117285765624,0.0,0.5956515669822693,0.45866019758706544,0.1863551619163662,0.008551525333920305,GREEN: NOMINAL,0.995,0.3528592729926274,ELEVATED,,0.0,False,0.35,0.35,3.227851697436654,1.4168971591208097,2.5000001185434524,0.9826551420439591,,,
896,True,0.7210975885391235,2.701381835787788,2.550784530600003,0.20001305128667685,0.19289555084332824,6.484604476030579,0.007779185936333226,0.5952293872833252,0.45899407638468637,0.192136559863563,0.010576647667096734,GREEN: NOMINAL,1.0,0.3535064137196348,ELEVATED,0.8759999871253967,0.6893542158987358,False,0.35,0.16904451832658185,3.2314654933082343,1.4170954698424667,2.50000011261628,0.9826452265078762,,,
897,False,0.5779886841773987,1.9475907284618552,2.5559808263241144,0.2003910269195676,0.19387936681956053,6.492844335778321,0.0,0.5941780805587769,0.4597992969910839,0.1974806432635632,0.01255342396917866,GREEN: NOMINAL,0.995,0.3531529073059152,ELEVATED,,0.0,False,0.35,0.35,3.1571786320893525,1.417293511303229,2.500000106985466,0.9826353244348381,,,
898,True,1.1444352865219116,4.8398070985583,2.561178653663985,0.20133507117916993,0.19486318279579282,6.487337551438656,0.007347451910883768,0.5921221971511841,0.4613271622593907,0.2021308746313693,0.014349552038534356,GREEN: NOMINAL,1.0,0.3537997543986093,ELEVATED,0.878000020980835,0.6935028448605606,True,0.35,0.16795550322410285,3.38590592679613,1.4174922695262242,2.5000001016361924,0.9826253865236884,,,
899,True,0.8149645328521729,3.1438622263906977,2.566403651928203,0.20194870064084294,0.19498813499696552,6.481854184249822,0.007459460454392466,0.5894250869750977,0.4632166302523516,0.20591973527949567,0.015889873877734398,GREEN: NOMINAL,1.0,0.3544459546442107,ELEVATED,0.8794000148773193,0.696421669324577,False,0.35,0.1671893118022985,3.417130304760788,1.4176911027056134,2.5000000965543827,0.9826154448647189,,,
900,False,0.28993743658065796,0.4505643300261561,2.571655927577496,0.20203668937678276,0.19509033748582005,6.490058916137828,0.0,0.5862489342689514,0.4647221341231272,0.20876064846012013,0.017080815488674423,GREEN: NOMINAL,0.995,0.35409150868956646,ELEVATED,,0.0,False,0.35,0.35,3.223346852271132,1.417889385892771,2.5000000917266636,0.9826055307053609,,,
901,False,0.7031694054603577,2.5328466751202807,2.5769098185073407,0.20253782209286633,0.1976557003173977,6.498263381698965,0.0,0.5828028321266174,0.466519282490544,0.21068914373311076,0.017902187922706876,GREEN: NOMINAL,0.99,0.35373741718087687,ELEVATED,,0.0,False,0.35,0.35,3.2063431620515166,1.4180876099551978,2.5000000871403305,0.9825956195022396,,,
902,True,0.8520450592041016,3.241074905855403,2.5821652998877487,0.20318732932997757,0.20019831343665717,6.492768645234432,0.004681125451229607,0.5792611837387085,0.4682562163110037,0.21179587893150736,0.018333580417982425,GREEN: NOMINAL,1.0,0.354383679763696,ELEVATED,0.8845999836921692,0.7073709641513279,False,0.35,0.1643151219102764,3.2626678931574977,1.4182860224683809,2.500000082783314,0.9825856988765804,,,
903,True,0.7386981248855591,2.6624282067248313,2.5874482212207353,0.20372284012553316,0.20093510255366562,6.487297174995152,0.006680389988035115,0.5769895315170288,0.46916479704486125,0.21223301434054992,0.01843901175947917,GREEN: NOMINAL,1.0,0.3550292960839323,ELEVATED,0.8848000168800354,0.7077955845527335,False,0.35,0.1642036590549074,3.2534425979697343,1.4184844055391148,2.500000078644148,0.9825757797230438,,,
904,False,0.3499573767185211,0.7243424329907939,2.5927586902435666,0.20386907466212614,0.20168403147831557,6.495466813193917,0.0,0.5741096138954163,0.470456605867443,0.21208770572163968,0.018267274918313876,GREEN: NOMINAL,0.995,0.35467426678784836,ELEVATED,,0.0,False,0.35,0.35,3.073203406987337,1.4186820908987512,2.5000000747119406,0.9825658954550619,,,
905,True,0.8731839656829834,3.3144893960493103,2.5980708345241292,0.204538389553147,0.20173411232717334,6.490001290156109,0.00691165550989154,0.5712210536003113,0.4718063860873862,0.2113779364990903,0.017829708900548465,GREEN: NOMINAL,1.0,0.3553195925210605,ELEVATED,0.8867999911308289,0.7120550688949185,False,0.35,0.16308554441508388,3.1481297389671568,1.41888009676992,2.5000000709763435,0.9825559951615035,,,
906,False,0.7017126679420471,2.461427212374477,2.603410662956084,0.2050355638315359,0.2017841931760311,6.498153493847667,0.0,0.5701180696487427,0.47203564298589956,0.21005163166485902,0.017092129083891225,GREEN: NOMINAL,0.995,0.35496427292853944,ELEVATED,,0.0,False,0.35,0.35,3.127847379989733,1.4190780205152478,2.5000000674275262,0.9825460989742371,,,
907,True,1.18465256690979,4.837074951013186,2.6087521969409058,0.20601518083461415,0.20232007897049187,6.4926939169616995,0.007884715737219413,0.5709787607192993,0.47190045817355186,0.20808387659317024,0.016072849247291566,GREEN: NOMINAL,1.0,0.3556093086556109,ELEVATED,0.8895999789237976,0.7180614969678782,True,0.35,0.16150885704593193,3.3533939546876,1.4192766955863214,2.5000000640561497,0.9825361652206834,,,
908,True,1.1061151027679443,4.432700921825451,2.614121552353258,0.2069152807565475,0.20285596476495266,6.487257310786722,0.01023304069221778,0.573356568813324,0.4711287095650263,0.20548818000986552,0.01482498270187667,GREEN: NOMINAL,1.0,0.3562536993469553,ELEVATED,0.8953999876976013,0.7306651196096101,True,0.35,0.15820040610247735,3.5155966620356445,1.4194757368397672,2.500000060853342,0.9825262131580111,,,
909,False,0.35283926129341125,0.7169052175031569,2.6195188388986304,0.20706120473708436,0.20334355643838642,6.495375128468654,0.0,0.5768155455589294,0.4699113803188611,0.20232242503039197,0.013420816793165476,GREEN: NOMINAL,0.995,0.35589744564760833,ELEVATED,,0.0,False,0.35,0.35,3.3098283196462615,1.4196742917252347,2.500000057810675,0.9825162854137378,,,
910,True,0.8841314911842346,3.317055062853174,2.6249179176514073,0.2077382750235315,0.20391377391815185,6.489944393699021,0.007488173639269663,0.5808034539222717,0.4686356240355729,0.19865775454604417,0.01189955010430338,GREEN: NOMINAL,1.0,0.3565415482019607,ELEVATED,0.8953999876976013,0.7306651196096101,False,0.35,0.15820040610247735,3.3640362035840954,1.419872994608275,2.500000054920141,0.9825063502695858,,,
911,False,0.7036203742027283,2.401522827640254,2.6303450664868446,0.2082341571227107,0.2062800367243588,6.49804499711557,0.0,0.5843862891197205,0.46742477889370754,0.1945920248547172,0.010314235345584365,GREEN: NOMINAL,0.995,0.35618500665375874,ELEVATED,,0.0,False,0.35,0.35,3.319972422712448,1.4200715784143558,2.500000052174134,0.9824964210792817,,,
912,True,0.9943958520889282,3.7683129479396817,2.635774038577115,0.20902031881767694,0.20841568737030028,6.492620132725674,0.006510544572256546,0.5872597098350525,0.4663499597452882,0.19023155948182593,0.008698817997150941,GREEN: NOMINAL,1.0,0.356828821647105,ELEVATED,0.8935999870300293,0.7267301604560117,False,0.35,0.15923333288029695,3.421418373404236,1.4202704215289532,2.500000049565427,0.9824864789235518,,,
913,True,1.0724444389343262,4.175981256942159,2.641231220529546,0.2098837429377936,0.2065528178706765,6.4872179491271185,0.009981286030197633,0.5895035862922668,0.46538400345068054,0.18572045745611043,0.007114170048648577,GREEN: NOMINAL,1.0,0.3574719928254579,ELEVATED,0.8873999714851379,0.7133378801985223,True,0.35,0.1627488064478879,3.5551041338130247,1.4204695354607462,2.5000000470871555,0.9824765232269621,,,
914,False,0.34975484013557434,0.6835541130305032,2.6467167240519656,0.2100236140349914,0.20441867503523825,6.495284599550002,0.0,0.5910995602607727,0.4646182482574807,0.18122163161450774,0.005613571998351087,GREEN: NOMINAL,0.995,0.35711452083263245,ELEVATED,,0.0,False,0.35,0.35,3.3492619183340757,1.4206681995738621,2.5000000447327975,0.9824665900213063,,,
915,True,0.8723801374435425,3.233900690981574,2.652204139368165,0.21068597055839994,0.20461177695728838,6.489888213000414,0.006431452866007559,0.5917861461639404,0.46440556963644736,0.176883487134948,0.004210517066303033,GREEN: NOMINAL,1.0,0.3577574063117998,ELEVATED,0.8858000040054321,0.7099221321540946,False,0.35,0.16364544030955014,3.3941066626223684,1.4208669779360175,2.5000000424961573,0.9824566511031986,,,
916,False,0.6149425506591797,1.968774805699521,2.657720017737106,0.21109022713850073,0.20512875436618924,6.497937865252632,0.0,0.5909045338630676,0.4651810685107031,0.17289471224285882,0.0029680810913794756,GREEN: NOMINAL,0.995,0.35739964890548803,ELEVATED,,0.0,False,0.35,0.35,3.304404951883796,1.4210655171189481,2.5000000403713494,0.982446724144052,,,
917,True,0.8628885746002197,3.168703755032004,2.663237839716598,0.21174202548596244,0.20549303420372306,6.492547274749722,0.005611564721767942,0.5900065898895264,0.466211725651459,0.1694203747368458,0.0019007305534069557,GREEN: NOMINAL,1.0,0.35804224925658257,ELEVATED,0.8755999803543091,0.6885274729899785,False,0.35,0.1692615383401306,3.346379912228733,1.4212641735357003,2.500000038352782,0.9824367913232144,,,
918,False,0.6517294645309448,2.1352044431991644,2.66878426707703,0.2121820129250074,0.2058573140412569,6.500580000317808,0.0,0.5891159176826477,0.46749347535007296,0.1666446637194927,0.0010440527119940004,GREEN: NOMINAL,0.995,0.357684207007326,ELEVATED,,0.0,False,0.35,0.35,3.277733472098928,1.4214626329867797,2.5000000364351425,0.9824268683506604,,,
919,True,0.7817354798316956,2.743521840781803,2.6743326701029435,0.21275156639191412,0.20739179290719328,6.495195204719165,0.005017002141313802,0.5873360633850098,0.4687513915842336,0.164744929821708,0.00043302881282809906,GREEN: NOMINAL,1.0,0.3583265228003187,ELEVATED,0.8695999979972839,0.6762448894718032,False,0.35,0.1724857165136517,3.2778009368252667,1.4216610926449098,2.500000034613385,0.9824169453677539,,,
920,True,0.7762696743011475,2.701193882470137,2.6799098216886,0.21331508449982334,0.20840954566597938,6.48983273463833,0.007216840806142055,0.5850532054901123,0.47038710327919164,0.16387242108841024,8.083445394386223e-05,GREEN: NOMINAL,1.0,0.35896819627751836,ELEVATED,0.868399977684021,0.6738147436207079,False,0.35,0.17312362979956414,3.272776822760702,1.4218595368078162,2.5000000328827157,0.9824070231596086,,,
921,False,0.32557833194732666,0.5370701812776425,2.685515836258597,0.21342734774727085,0.20881997941732405,6.497832072665126,0.0,0.5830616354942322,0.4715288313741424,0.1641672704614203,0.00022397799582926612,GREEN: NOMINAL,0.995,0.35860922808124085,ELEVATED,,0.0,False,0.35,0.35,3.0918754304579914,1.4220573065383602,2.5000000312385797,0.9823971346730814,,,
922,False,0.6614500284194946,2.14042568423159,2.6911239175684196,0.21387537042794308,0.20910544163659214,6.505831157528285,0.0,0.5802490711212158,0.47296301009762026,0.16556260402955583,0.0007220020246569229,GREEN: NOMINAL,0.99,0.3582506188531596,ELEVATED,,0.0,False,0.35,0.35,3.0464557933953142,1.4222548654801996,2.5000000296766505,0.9823872567259895,,,
923,True,0.8152767419815063,2.8681580666950155,2.696734039309971,0.21447677179949665,0.20947240570820866,6.5004579477623725,0.004378680059349844,0.5779911279678345,0.4739251109788604,0.16788204516216046,0.001491134638977297,GREEN: NOMINAL,1.0,0.3588923682343065,ELEVATED,0.8569999933242798,0.6511599161401481,False,0.35,0.1790705220132111,3.0796301833978483,1.4224525802319141,2.500000028192818,0.9823773709884037,,,
924,True,0.838295042514801,2.971993187489557,2.702373198745926,0.21510059007021196,0.20968905819430947,6.495106922798115,0.007543295597175812,0.5763779282569885,0.47468928895750084,0.17092622258035356,0.002519631767660708,GREEN: NOMINAL,1.0,0.35953347586607215,ELEVATED,0.8521999716758728,0.6418503610271321,False,0.35,0.1815142802303778,3.119682899698352,1.422650469976176,2.500000026783177,0.9823674765011906,,,
925,False,0.33136072754859924,0.5540540265240222,2.708041511672821,0.21521685020769035,0.2096255451288074,6.503072898610104,0.0,0.5764842629432678,0.4746032080917695,0.1744721837801544,0.003763959915213271,GREEN: NOMINAL,0.995,0.35917394239020606,ELEVATED,,0.0,False,0.35,0.35,2.952232829793174,1.4228475264365004,2.500000025444018,0.9823576236781744,,,
926,True,0.8293374180793762,2.9140054453463877,2.7137119573442052,0.21583097077556204,0.21053716570213435,6.497727594395257,0.009193304460533533,0.5774915218353271,0.47428394481573244,0.17830036480800351,0.005195273433172629,GREEN: NOMINAL,1.0,0.35981476844781585,ELEVATED,0.8501999974250793,0.6380108383802898,False,0.35,0.18252215492517393,2.9994183244784067,1.4230448462007452,2.500000024171817,0.9823477576899621,,,
927,False,0.6614764332771301,2.1157326240069776,2.719411703167135,0.2162766162380636,0.2104234778948128,6.50567699323793,0.0,0.5783320069313049,0.4740146617166225,0.18217763359087996,0.0067449794698910565,GREEN: NOMINAL,0.995,0.35945495367936803,ELEVATED,,0.0,False,0.35,0.35,2.9601816788901645,1.423241948750279,2.500000022963226,0.9823379025624854,,,
928,True,1.486493468284607,6.006551924893693,2.7251136150742377,0.21754683309011014,0.2112604121401906,6.48730598756441,0.009860184456131009,0.5795314311981201,0.47396916783888665,0.18591222541807878,0.008363453891520042,GREEN: NOMINAL,1.0,0.36009549872568863,ELEVATED,0.8528000116348267,0.6430068091803588,True,0.35,0.1812107125901558,3.3245123245159216,1.4234405453120091,2.5000000218150644,0.982327972734399,,,
929,True,1.324770450592041,5.223377349054236,2.7308449746707426,0.21865405670761207,0.21176268149279057,6.482025633010315,0.01307372409691963,0.5811788439750671,0.47355257289992775,0.18933488060230194,0.009985746550198694,GREEN: NOMINAL,1.0,0.36073540322696296,ELEVATED,0.8555999994277954,0.648430791563855,True,0.35,0.17978691721448803,3.5724837118171817,1.423639689448893,2.500000020724311,0.9823180155275548,,,
930,False,0.3286336660385132,0.5199949111326991,2.73660589986209,0.21876403631694297,0.21128981720656156,6.489926696988168,0.0,0.5826247930526733,0.47313324412239927,0.19231408335993963,0.011542338880000093,GREEN: NOMINAL,0.995,0.360374667823736,ELEVATED,,0.0,False,0.35,0.35,3.361241571247,1.4238383850854122,2.5000000196880956,0.9823080807457288,,,
931,True,0.819229781627655,2.8178123298326208,2.742369085449303,0.2193645020622537,0.21288333265297113,6.484651859246319,0.009489516678259867,0.5843464136123657,0.4718760989709121,0.19477117190464097,0.01296479809367318,GREEN: NOMINAL,1.0,0.36101429315591227,ELEVATED,0.8593999743461609,0.6558651488404966,False,0.35,0.17783539842936963,3.3596330823041987,1.4240370765328154,2.5000000187036906,0.9822981461733586,,,
932,False,0.6598823070526123,2.0638255158068644,2.748161985965223,0.21980501986724404,0.21323376604020594,6.4925366150390715,0.0,0.5860667824745178,0.4704026651295112,0.19667001162574654,0.014190308668546342,GREEN: NOMINAL,0.995,0.36065327886275633,ELEVATED,,0.0,False,0.35,0.35,3.2814336779616244,1.4242355472990849,2.5000000177685058,0.9822882226350451,,,
933,True,0.8457660675048828,2.9265659576360012,2.753957181038332,0.2204309809148817,0.21367537777796386,6.487267293443746,0.0058574970453502285,0.5868287086486816,0.4697409009495951,0.19802176384127243,0.015177409794535291,GREEN: NOMINAL,1.0,0.3612926255838936,ELEVATED,0.8618000149726868,0.6606044993246037,False,0.35,0.1765913189272915,3.2999365433126906,1.4244340734167706,2.5000000168800804,0.9822782963291609,,,
934,False,0.7499898076057434,2.4738444706339617,2.7597822412678106,0.22096053974157256,0.213849041095376,6.495135808234104,0.0,0.5869284868240356,0.46959208199361163,0.1988556617987924,0.01587113277800248,GREEN: NOMINAL,0.995,0.3609313329583097,ELEVATED,,0.0,False,0.35,0.35,3.270169489605974,1.4246325094771193,2.5000000160360765,0.9822683745261435,,,
935,False,0.6710451245307922,2.1013651324785925,2.7656096304703217,0.22141062432636177,0.21397257109433412,6.503004078074899,0.0,0.5871289372444153,0.46912116077538424,0.1992440006335563,0.016292688948634657,GREEN: NOMINAL,0.99,0.36057040162535137,ELEVATED,,0.0,False,0.35,0.35,3.205278673243677,1.4248307297714276,2.5000000152342725,0.9822584635114281,,,
936,False,0.30553701519966125,0.3940616373867162,2.7714393214243547,0.22149475071723507,0.21327187553644178,6.510872102977571,0.0,0.5863404870033264,0.46914404791110187,0.1992015169393214,0.016406494578017225,GREEN: NOMINAL,0.985,0.360209831223726,ELEVATED,,0.0,False,0.35,0.35,3.0320093064277502,1.4250282176044657,2.5000000144725587,0.9822485891197762,,,
937,False,0.7023807764053345,2.2451715993570738,2.7772712868792264,0.22197563674292317,0.21397257109433412,6.518739882953555,0.0,0.5860404372215271,0.4685621959355293,0.19872269102204346,0.01620487820765958,GREEN: NOMINAL,0.98,0.3598496213925023,ELEVATED,,0.0,False,0.35,0.35,3.005600943682949,1.425225570088396,2.5000000137489304,0.9822387214955797,,,
938,True,0.9773070216178894,3.5099028852717593,2.783105499555388,0.22273096812779813,0.21498488082289693,6.513428291834294,0.004077966974757389,0.585374116897583,0.46800838332990174,0.1977719262635314,0.01570014723664776,GREEN: NOMINAL,1.0,0.3604897717711098,ELEVATED,0.8762000203132629,0.6897680212126374,False,0.35,0.1689358944316827,3.1117206223255898,1.4254234261403371,2.500000013061484,0.9822288286929827,,,
939,True,0.9734419584274292,3.4728247141966837,2.7889698217035015,0.22348167911809777,0.2159510891072452,6.508138273135948,0.009496267978559049,0.5852117538452148,0.46721921526279775,0.19630613179072318,0.01492395085271204,GREEN: NOMINAL,1.0,0.3611292819993387,ELEVATED,0.8772000074386597,0.6918404056171434,False,0.35,0.16839189352549983,3.2035975637095255,1.425621640467572,2.5000000124084094,0.982218917976621,,,
940,False,0.34827104210853577,0.5777805633065144,2.7948643740366426,0.2236064684810882,0.21576456797719,6.515974019934585,0.0,0.5856216549873352,0.4665489691734733,0.19426907753219008,0.013859077137890766,GREEN: NOMINAL,0.995,0.36076815271733936,ELEVATED,,0.0,False,0.35,0.35,3.0314057325277024,1.4258191252853023,2.500000011787989,0.9822090437357345,,,
941,True,0.8678737282752991,2.9782343828011086,2.800761270255377,0.22425073574088242,0.21610891212970018,6.510689644503573,0.006615236708107093,0.5857803821563721,0.4665147260929279,0.19166520499782871,0.012572019409412306,GREEN: NOMINAL,1.0,0.361407384564622,ELEVATED,0.8844000101089478,0.7069467248999123,False,0.35,0.16442648471377302,3.080790150371173,1.426016845302313,2.500000011198589,0.982199157734884,,,
942,False,0.6991878151893616,2.192787562111399,2.8066885495502194,0.22472567282033087,0.2163739664375782,6.518509351360549,0.0,0.5869556069374084,0.46610934690194705,0.1885100042227982,0.011100484975961767,GREEN: NOMINAL,0.995,0.3610459771800574,ELEVATED,,0.0,False,0.35,0.35,3.0448989912421554,1.4262143966784178,2.5000000106386597,0.9821892801660788,,,
943,True,1.0215812921524048,3.6692136673331945,2.812618207777682,0.22552252843966294,0.21695622983202337,6.51323061722296,0.006834516356191817,0.5883474946022034,0.46568521638231547,0.1848635943956755,0.009493535076388171,GREEN: NOMINAL,1.0,0.3616849312028773,ELEVATED,0.8827999830245972,0.7035614544653254,False,0.35,0.16531511820285208,3.1646326806471423,1.4264124669808929,2.5000000101067266,0.982179376650955,,,
944,True,0.8759415149688721,2.9796521005476784,2.818578402887613,0.22617294742619215,0.2180686018422246,6.5079731915877055,0.008300234246907345,0.5899085402488708,0.4649722453030372,0.18084085045802115,0.007830298216608921,GREEN: NOMINAL,1.0,0.36232324627167445,ELEVATED,0.8831999897956848,0.7044062492864067,False,0.35,0.16509335956231821,3.202071150563474,1.4266106758728965,2.50000000960139,0.9821694662063548,,,
945,False,0.3515769839286804,0.5752765809799106,2.8245692577895176,0.22629835146269464,0.21777113237008452,6.515761254737621,0.0,0.5912150740623474,0.46437318416416085,0.17657446514684733,0.006148661172038165,GREEN: NOMINAL,0.995,0.3619609230254028,ELEVATED,,0.0,False,0.35,0.35,3.0316271257858722,1.426808161797071,2.50000000912132,0.9821595919101461,,,
946,False,0.715515673160553,2.2354487910037997,2.8305625903774816,0.2267875687843925,0.21862639231234787,6.523549077911474,0.0,0.5926576852798462,0.46375389962971153,0.17227387625863902,0.0045346145301503864,GREEN: NOMINAL,0.99,0.36159896210237735,ELEVATED,,0.0,False,0.35,0.35,3.006733995352199,1.427005520234178,2.500000008665254,0.9821497239882908,,,
947,True,0.9606411457061768,3.345012818250196,2.8365583727098387,0.22752142236131428,0.21916798624657094,6.518281619976014,0.005339455199221846,0.5930699110031128,0.4635987017170656,0.1681909578474826,0.003076530771841054,GREEN: NOMINAL,1.0,0.362237363140275,ELEVATED,0.8712000250816345,0.6794987229732548,False,0.35,0.17163158521952063,3.0984641338205354,1.427203319000431,2.500000008231991,0.9821398340499782,,,
948,True,1.051713228225708,3.747527137328281,2.8425850025218815,0.22834561416717866,0.21970958018079398,6.5130353388881215,0.00987050766143499,0.5934784412384033,0.4634876658120831,0.16459833496723608,0.0018292856135811463,GREEN: NOMINAL,1.0,0.3628751257771347,ELEVATED,0.8673999905586243,0.6717963544736326,False,0.35,0.17365345695067144,3.2225150046093956,1.4274015993412474,2.5000000078203914,0.9821299200329373,,,
949,False,0.3572731912136078,0.584726113737305,2.8486426041973716,0.2284745417442251,0.2202717587660998,6.520791775356759,0.0,0.5942115783691406,0.46292361883642563,0.16181608440192832,0.0008586076758650982,GREEN: NOMINAL,0.995,0.36251225065135756,ELEVATED,,0.0,False,0.35,0.35,3.0509870109451693,1.4275991801718935,2.500000007429372,0.982120040991405,,,
950,True,0.8923946022987366,3.0061472719392652,2.854702755710041,0.2291384618047796,0.22063328256905076,6.515551063536546,0.008071817585852323,0.5928676128387451,0.46342871303677363,0.1602073933759078,0.00023321258518766832,GREEN: NOMINAL,1.0,0.3631497384007062,ELEVATED,0.8659999966621399,0.6689807389914544,False,0.35,0.17439255601474318,3.1035457495337075,1.4277970010752365,2.500000007057903,0.9821101499462379,,,
951,False,0.7156641483306885,2.201926389583161,2.860794036634432,0.2296249874913055,0.2207336099602282,6.523291782793789,0.0,0.5894131064414978,0.46544505917873596,0.160116002144154,0.00018729016930573448,GREEN: NOMINAL,0.995,0.3627865886623055,ELEVATED,,0.0,False,0.35,0.35,3.0671232248453393,1.427994658282031,2.5000000067050077,0.9821002670858981,,,
952,True,1.3266518115997314,4.957540347032319,2.8668879038403894,0.23072201431541395,0.2210632129177451,6.518056638087815,0.008674027441657689,0.5864382982254028,0.4665990895472501,0.16169747358015557,0.0007986075911604152,GREEN: NOMINAL,1.0,0.3634238020736432,ELEVATED,0.8578000068664551,0.6527246032985484,True,0.35,0.17865979163413104,3.3167159264446644,1.4281932328673255,2.500000006369757,0.9820903383566334,,,
953,True,0.8894466757774353,2.973766302472894,2.873013058950422,0.23138073897687594,0.22129040074646472,6.512842413519614,0.008462036212423241,0.5828230381011963,0.4682267749725614,0.1648150785592659,0.0018186759978055357,GREEN: NOMINAL,1.0,0.36406037827156956,ELEVATED,0.857200026512146,0.6515507941928009,False,0.35,0.17896791652438973,3.3364583001204324,1.4283918624490295,2.5000000060512693,0.9820804068775482,,,
954,False,0.35968634486198425,0.5786326092824864,2.8791696286094752,0.23150904458276106,0.22151758857518433,6.5205521238465645,0.0,0.5801535844802856,0.4695879812357572,0.16923562025975766,0.003209019421198147,GREEN: NOMINAL,0.995,0.363696317893298,ELEVATED,,0.0,False,0.35,0.35,3.1494216700680697,1.4285898734405131,2.5000000057487055,0.982070506327974,,,
955,False,0.6049659252166748,1.6805220376961019,2.885328886801788,0.23188250146339495,0.22200448157452046,6.528261598999482,0.0,0.5789999961853027,0.47024189439208863,0.17465156235544588,0.004917684975971408,GREEN: NOMINAL,0.99,0.3633326215754047,ELEVATED,,0.0,False,0.35,0.35,3.0518454012547243,1.4287874583957254,2.50000000546127,0.9820606270802134,,,
956,False,0.8668932318687439,2.851237360953788,2.8914908049108465,0.23251751219380032,0.2224913745738566,6.535970838989126,0.0,0.5789057016372681,0.4703606761730184,0.18069335340743495,0.006855221210952097,GREEN: NOMINAL,0.985,0.3629692889538293,ELEVATED,,0.0,False,0.35,0.35,3.0843297677158397,1.4289851944052414,2.5000000051882063,0.9820507402797376,,,
957,True,0.8906601667404175,2.9537272344428245,2.8976553542867274,0.23317565484834693,0.22259486394859848,6.530731529118086,0.0043762320382612005,0.5789017677307129,0.4706894027364119,0.1869799337054784,0.008938690752528537,GREEN: NOMINAL,1.0,0.36360631966487544,ELEVATED,0.8565999865531921,0.6503789796771224,False,0.35,0.17927551783475534,3.124045239471654,1.4291831023848518,2.500000004928796,0.982040844880757,,,
958,False,0.766412079334259,2.3920391871420046,2.9038515446166726,0.23370889127283284,0.2226983533233404,6.538425242393339,0.0,0.5793338418006897,0.4704165796668464,0.19311654384621496,0.011039406800479854,GREEN: NOMINAL,0.995,0.3632427133452106,ELEVATED,,0.0,False,0.35,0.35,3.102208237657136,1.429380917483139,2.5000000046823563,0.9820309541258427,,,
959,True,0.9599817395210266,3.25589691981487,2.910050403400286,0.23443516412108104,0.22284076961539684,6.533191554002734,0.006402890287572728,0.5809555053710938,0.4699055971988099,0.19875835889908794,0.013044721733643664,GREEN: NOMINAL,1.0,0.3638794706318654,ELEVATED,0.8550000190734863,0.647264704114817,False,0.35,0.18009301516986054,3.171786859251379,1.4295790150694387,2.5000000044482382,0.9820210492465278,,,
960,True,0.962221622467041,3.2605986362997417,2.916281064475511,0.235162950579427,0.22298318590745328,6.527978654053153,0.00910746745158705,0.5823166966438293,0.46993177896049615,0.2036325763235599,0.014838730149004182,GREEN: NOMINAL,1.0,0.3645155911612335,ELEVATED,0.8546000123023987,0.6464884391818201,False,0.35,0.1802967847147722,3.2351727907737198,1.4297773382177763,2.5000000042258264,0.9820111330891109,,,
961,False,0.38307666778564453,0.6616599871973398,2.9225436567577776,0.2353108642966332,0.223325886933133,6.535641733119069,0.0,0.5836778879165649,0.4702162383685889,0.2075766130071843,0.0163477560192947,GREEN: NOMINAL,0.995,0.36415107557007226,ELEVATED,,0.0,False,0.35,0.35,3.0591362999532636,1.429974957925133,2.500000004014535,0.9820012521037431,,,
962,True,0.9573238492012024,3.225467854400581,2.928809021711498,0.23603287728153777,0.22362367398440836,6.530434387907948,0.008550025693975229,0.585808515548706,0.4699490582222248,0.21051089834503475,0.017498629642388557,GREEN: NOMINAL,1.0,0.3647869244945022,ELEVATED,0.8565999865531921,0.6503789796771224,False,0.35,0.17927551783475534,3.1309078949783067,1.4301728942750955,2.500000003813808,0.981991355286245,,,
963,False,0.7667930126190186,2.3673511813028747,2.9351064811722707,0.23656363741687522,0.2239758002065122,6.538082125457682,0.0,0.587988018989563,0.4693776859611692,0.21245428810207842,0.018235486495069796,GREEN: NOMINAL,0.995,0.3644221375700077,ELEVATED,,0.0,False,0.35,0.35,3.10785920287418,1.430370733795347,2.5000000036231174,0.9819814633102325,,,
964,True,1.3261804580688477,4.851562340823706,2.941406751402318,0.2376532542375272,0.2243663231268525,6.532880332200831,0.008863878857464069,0.5894835591316223,0.4685068532291002,0.21352534738688136,0.01857164015808165,GREEN: NOMINAL,1.0,0.3650577154324377,ELEVATED,0.8586000204086304,0.6542930502797557,True,0.35,0.17824807430156409,3.3430021135754977,1.4305693811354616,2.5000000034419614,0.9819715309432268,,,
965,True,1.2879729270935059,4.673336972201005,2.9477392804189226,0.2387035739103832,0.22452251130715012,6.527699077702092,0.011966087017334454,0.5904414057731628,0.4679095796000578,0.21387929348651802,0.018553966168922964,GREEN: NOMINAL,1.0,0.36569265771700527,ELEVATED,0.8622000217437744,0.6613977139844895,True,0.35,0.17638310007907146,3.5366416262613387,1.4307684618142122,2.500000003269863,0.9819615769092892,,,
966,False,0.3847491145133972,0.6493695014046584,2.9541041994793247,0.2388496194509862,0.22467869948744773,6.535316545353165,0.0,0.590446949005127,0.46801230884169404,0.21369226833482208,0.018391105325912135,GREEN: NOMINAL,0.995,0.36532696505928824,ELEVATED,,0.0,False,0.35,0.35,3.332273755599309,1.4309670799184253,2.50000000310637,0.9819516460040786,,,
967,True,0.9634437561035156,3.2207088948431246,2.9604720357706555,0.23957421358763875,0.22475472517088055,6.530140777283119,0.00922572349685321,0.5901942849159241,0.4683738765171357,0.21290915169400523,0.017911644208582843,GREEN: NOMINAL,1.0,0.36596163809422894,ELEVATED,0.8712000250816345,0.6794987229732548,False,0.35,0.17163158521952063,3.3775243981547427,1.4311658172162574,2.5000000029510514,0.981941709139187,,,
968,False,0.7677292823791504,2.3451230495522006,2.966872428383204,0.24010236865643025,0.22498901020288467,6.537743085322385,0.0,0.59086674451828,0.46767464472913056,0.21149616642782576,0.01713432757431667,GREEN: NOMINAL,0.995,0.3655956764561347,ELEVATED,,0.0,False,0.35,0.35,3.328519299282058,1.4313644249411333,2.5000000028034988,0.9819317787529432,,,
969,True,1.3967005014419556,5.131092413348978,2.9732757772561165,0.24125896678921577,0.225184315847978,6.532572800960672,0.009334839197148132,0.5920124650001526,0.4667289118300958,0.20943518587080676,0.016089057647146906,GREEN: NOMINAL,1.0,0.3662300807796786,ELEVATED,0.8741999864578247,0.6856417344771897,True,0.35,0.1700190446997377,3.5712920775907855,1.431563567040213,2.500000002663324,0.9819218216479892,,,
970,True,1.2964879274368286,4.677324971545278,2.9797118497257515,0.24231419574986338,0.2253796214930713,6.527422810145167,0.011952437808694847,0.5928049087524414,0.4659991171288505,0.20675564728477802,0.01483004912473287,GREEN: NOMINAL,1.0,0.36686385069889893,ELEVATED,0.8769999742507935,0.6914253570393435,True,0.35,0.16850084377717234,3.7434626244039135,1.431762958676746,2.5000000025301574,0.9819118520661626,,,
971,False,0.38155484199523926,0.614780333028725,2.986180779432551,0.24245343639610875,0.22626196403168142,6.534995206136146,0.0,0.5931520462036133,0.4655986798768225,0.20351393198774123,0.013417722368218693,GREEN: NOMINAL,0.995,0.36649698684820003,ELEVATED,,0.0,False,0.35,0.35,3.519396470753821,1.4319620071714168,2.5000000024036493,0.981901899641429,,,
972,True,0.9514316916465759,3.119315390020865,2.992652774150735,0.2431624146513592,0.22705920640826224,6.52985063469043,0.006979079215258246,0.5930256247520447,0.4657481297186297,0.19979122099479507,0.011905367425891997,GREEN: NOMINAL,1.0,0.3671304898613518,ELEVATED,0.8826000094413757,0.7031394999324228,False,0.35,0.16542588126773902,3.5367367578327906,1.4321610880246618,2.5000000022834667,0.9818919455987668,,,
973,False,0.7657632231712341,2.2985819923369357,2.999157795415672,0.24368501545987908,0.2271305567745119,6.53740804975779,0.0,0.5927472710609436,0.46625855139926725,0.19568789093068237,0.01033154552485541,GREEN: NOMINAL,0.995,0.36676335937149046,ELEVATED,,0.0,False,0.35,0.35,3.467791065505181,1.4323600333395805,2.500000002169293,0.9818819983330208,,,
974,True,1.1108466386795044,3.8115587738043253,3.0056659216741464,0.2445521770830987,0.22728088769093155,6.532268895023503,0.0073711730919566835,0.5927024483680725,0.4662687857692972,0.19133633843479783,0.008770323495110355,GREEN: NOMINAL,1.0,0.367396596012119,ELEVATED,0.8772000074386597,0.6918404056171434,False,0.35,0.16839189352549983,3.5613401518383445,1.4325591582297919,2.5000000020608284,0.9818720420885102,,,
975,True,1.2502042055130005,4.417950640250287,3.0122072448060133,0.2455578291115286,0.22740099611990153,6.527149792988413,0.011634483618452363,0.5913473963737488,0.467222404741129,0.18684363845169744,0.007221691347822526,GREEN: NOMINAL,1.0,0.3680291994161069,ELEVATED,0.8737999796867371,0.6848194439495427,True,0.35,0.17023489596324504,3.7074537515749753,1.4327585045113838,2.500000001957787,0.9818620747744305,,,
976,False,0.3859545886516571,0.616454297981229,3.0187819008771357,0.2456982258710687,0.2275211045488715,6.534677647549406,0.0,0.5900459885597229,0.46761236227864006,0.18237594598781132,0.005754758335694697,GREEN: NOMINAL,0.995,0.3676611702166908,ELEVATED,,0.0,False,0.35,0.35,3.4860195340318403,1.432957487488433,2.5000000018598976,0.9818521256255781,,,
977,True,0.9681060314178467,3.1679017032760832,3.0253597730286597,0.24642063367661549,0.22781180268153547,6.52956389904575,0.009574146836466855,0.5890892744064331,0.4677918142462885,0.17807553868908294,0.004394194754328053,GREEN: NOMINAL,1.0,0.3682935090464741,ELEVATED,0.8659999966621399,0.6689807389914544,False,0.35,0.17439255601474318,3.5105685683810166,1.4331565190753632,2.5000000017669026,0.9818421740462316,,,
978,False,0.7685750722885132,2.2868328155603193,3.031971150517061,0.24694278811522738,0.22810250081419944,6.537076948230503,0.0,0.5893207788467407,0.46749505256463236,0.17409522551038253,0.003172287717480974,GREEN: NOMINAL,0.995,0.36792521553742763,ELEVATED,,0.0,False,0.35,0.35,3.442167326758975,1.4333554090853025,2.5000000016785573,0.9818322295457347,,,
979,True,1.338426947593689,4.763591514976153,3.0385857850423124,0.24803427227470584,0.22890138079449532,6.53196855066014,0.008982353481991716,0.5896444916725159,0.46703923755696286,0.17059165522059092,0.0021174553562097738,GREEN: NOMINAL,1.0,0.3685572903218902,ELEVATED,0.853600025177002,0.6445519050502833,True,0.35,0.18080512492430065,3.6355611332487245,1.4335546544691313,2.5000000015946293,0.9818222672765432,,,
980,True,1.260766863822937,4.404522030336831,3.045234098338471,0.24904700486625406,0.22970026077479122,6.526879969203891,0.011666584115482432,0.590083658695221,0.46615908173438714,0.167709015273917,0.001254366042256139,GREEN: NOMINAL,1.0,0.36918873303156835,ELEVATED,0.8532000184059143,0.6437788935787692,True,0.35,0.18100804043557311,3.7730017241474885,1.4337540809555802,2.5000000015148975,0.9818122959522207,,,
981,False,0.38070306181907654,0.5720290692632691,3.051916228939881,0.2491786609232069,0.2299260788708925,6.534363803263155,0.0,0.5908997654914856,0.4653320605178573,0.16559272619359522,0.0005979758264409175,GREEN: NOMINAL,0.995,0.3688195442985368,ELEVATED,,0.0,False,0.35,0.35,3.545573881000204,1.433953177874978,2.5000000014391524,0.9818023411062509,,,
982,False,0.9481320381164551,3.0338851559246196,3.058601730048325,0.24987761430040015,0.23015189696699379,6.541847415720356,0.0,0.5919753909111023,0.4647945808452228,0.16438241791937386,0.00017985732605507607,GREEN: NOMINAL,0.99,0.3684507247542383,ELEVATED,,0.0,False,0.35,0.35,3.5516928209822773,1.4341522857543187,2.500000001367195,0.9817923857122838,,,
983,True,1.2292636632919312,4.22136198646418,3.0652905709457015,0.2508570003493917,0.23177511572800574,6.536749711853887,0.006877997635623371,0.5922407507896423,0.4647179983160603,0.16418594052857952,8.539578729350897e-05,GREEN: NOMINAL,1.0,0.36908227402948407,ELEVATED,0.8410000205039978,0.6206425674703977,True,0.35,0.1870813260390206,3.679530083816333,1.4343515945536658,2.500000001298835,0.9817824202723164,,,
984,True,1.0238786935806274,3.3087154337613405,3.0720134408532953,0.2516300220426229,0.2333983344890177,6.531671705626429,0.00976448005960877,0.5920392870903015,0.4650841574383305,0.16501971893160283,0.00042145228811777275,GREEN: NOMINAL,1.0,0.3697131917554546,ELEVATED,0.8381999731063843,0.615450917479685,False,0.35,0.1884441341615827,3.7006381284109864,1.434550931878114,2.500000001233893,0.981772453406094,,,
985,False,0.47052088379859924,0.9353886451071116,3.078770479970269,0.2518489129043789,0.2337765933316201,6.539126331003156,0.0,0.5909279584884644,0.4657950606140753,0.16673269231937576,0.001008886456953319,GREEN: NOMINAL,0.995,0.36934347856369915,ELEVATED,,0.0,False,0.35,0.35,3.4814824061922485,1.4347499056082238,2.5000000011721983,0.9817625047195885,,,
986,False,0.7041897773742676,1.9298704229677548,3.0855309738787993,0.25230125376884877,0.23415485217422247,6.546580736502131,0.0,0.5897597670555115,0.46649320587649507,0.16914125908541056,0.001829112318725544,GREEN: NOMINAL,0.99,0.36897413508513544,ELEVATED,,0.0,False,0.35,0.35,3.379776892322781,1.434948648563884,2.5000000011135883,0.9817525675718055,,,
987,False,0.6919321417808533,1.8714507474799464,3.092294891554018,0.2527408846568608,0.23467957022935151,6.554034922133082,0.0,0.5900404453277588,0.46599953771939967,0.17205501693029385,0.002865426096500482,GREEN: NOMINAL,0.985,0.3686051609500503,ELEVATED,,0.0,False,0.35,0.35,3.28240161113243,1.435147122276397,2.500000001057909,0.9817426438861798,,,
988,False,0.47354790568351746,0.9378494568042489,3.0990622019286374,0.2529616916778874,0.23520428828448056,6.561488887905735,0.0,0.5898346900939941,0.46581013177542074,0.17527720360076773,0.004088424533434611,GREEN: NOMINAL,0.98,0.36823655578910025,ELEVATED,,0.0,False,0.35,0.35,3.104885710503946,1.4353449489800443,2.5000000010050134,0.9817327525509975,,,
989,False,0.16792245209217072,0.36200083485369244,3.1058328738933043,0.2528766524383017,0.23467957022935151,6.568942633829819,0.0,0.5909991264343262,0.46492212492926044,0.17861491307125504,0.005457051707724888,GREEN: NOMINAL,0.975,0.36786831923331115,ELEVATED,,0.0,False,0.35,0.35,2.9417115704057166,1.435541943314958,2.5000000009547625,0.9817229028342518,,,
990,False,0.27434012293815613,0.09127843533572393,3.1126068762969514,0.25289811590880157,0.23490769698768854,6.576396159915058,0.0,0.5925392508506775,0.4642884001192894,0.18188665005769278,0.006917636432891192,GREEN: NOMINAL,0.97,0.36750045091407785,ELEVATED,,0.0,False,0.35,0.35,2.7966198350481495,1.4357379358625815,2.5000000009070242,0.9817131032068707,,,
991,False,0.6697460412979126,1.7701401484169728,3.119384177947154,0.2533149638341907,0.23525316785573958,6.583849466171179,0.0,0.5935937166213989,0.4639360854359296,0.1849449347687298,0.008431928695168176,GREEN: NOMINAL,0.965,0.36713295046316374,ELEVATED,,0.0,False,0.35,0.35,2.7482752181383496,1.4359335260667083,2.500000000861673,0.9817033236966644,,,
992,True,1.0837541818618774,3.52128001801517,3.1261647476104826,0.2541454030522184,0.23559863872379064,6.578690961541292,0.004144086534957231,0.5939823985099792,0.46415020107467264,0.18766598797040426,0.009934556862866963,GREEN: NOMINAL,0.985,0.3677658175127006,ELEVATED,0.8240000009536743,0.5897833593002342,False,0.35,0.19518186818368852,2.8850890648863663,1.4361301630335537,2.500000000818589,0.9816934918483221,,,
993,True,1.0396935939788818,3.3225067325314637,3.1329798836550466,0.254930951243145,0.23619595260769127,6.573552310720686,0.009651606528656745,0.5941410660743713,0.4645759088088637,0.18996937589124127,0.01136706057907207,GREEN: NOMINAL,1.0,0.3683980516951879,ELEVATED,0.8248000144958496,0.5912005633167305,False,0.35,0.19480985212935825,2.987740033028714,1.4363274198942122,2.5000000007776597,0.9816836290052892,,,
994,False,0.33115825057029724,0.32207147048749607,3.13982972792148,0.2550071785424722,0.23644153241068122,6.580976863753214,0.0,0.5935335755348206,0.4646816172335566,0.19181296060063913,0.01266937604990338,GREEN: NOMINAL,0.995,0.3680296536434927,ELEVATED,,0.0,False,0.35,0.35,2.838875899518224,1.4365237342113117,2.5000000007387766,0.9816738132894341,,,
995,False,0.8237706422805786,2.3978992236474395,3.1466829561222727,0.25557594200621025,0.23695520423501729,6.588401198660321,0.0,0.592214047908783,0.46531383492739303,0.19318692979667323,0.013779224365267361,GREEN: NOMINAL,0.99,0.3676616239898492,ELEVATED,,0.0,False,0.35,0.35,2.850455407555931,1.4367201321445775,2.5000000007018377,0.9816639933927709,,,
996,True,1.2481287717819214,4.180670102418154,3.1535395367116994,0.256568494835986,0.2371773549824953,6.583253918219538,0.006864144508526401,0.5905845165252686,0.4662206982498414,0.19411819926995966,0.014658148523523814,GREEN: NOMINAL,1.0,0.3682939623658594,ELEVATED,0.8429999947547913,0.6243775685864391,True,0.35,0.18610088824605972,3.043951250344513,1.4369176789034515,2.5000000006667458,0.9816541160548272,,,
997,True,1.0187575817108154,3.2072663419223946,3.160431042254788,0.25733068392286085,0.23740681833475827,6.578126371857532,0.009505649560398146,0.5883699059486389,0.4675312934502864,0.19465492162509201,0.015291457434106594,GREEN: NOMINAL,1.0,0.3689256684034935,ELEVATED,0.8482000231742859,0.634194283601117,False,0.35,0.18352400055470677,3.117184951773357,1.4371155581347526,2.5000000006334084,0.9816442220932622,,,
998,False,0.4068300426006317,0.6283216734567251,3.1673576162962354,0.2574801832815386,0.23769649469107387,6.5855221762097775,0.0,0.5872326493263245,0.46820115399827406,0.19482033808981905,0.015642779534315133,GREEN: NOMINAL,0.995,0.36855674273509,ELEVATED,,0.0,False,0.35,0.35,2.9543581311941396,1.437312626988851,2.5000000006017378,0.9816343686505573,,,
999,False,0.7818521857261658,2.202580644900324,3.1742876602137478,0.25800455528398325,0.23783357565365731,6.592917764120574,0.0,0.5863140821456909,0.4686143842128395,0.1946247520660408,0.01569274620422108,GREEN: NOMINAL,0.99,0.36818818599235487,ELEVATED,,0.0,False,0.35,0.35,2.9324934744729054,1.4375095658247945,2.5000000005716507,0.9816245217087601,,,
1000,False,0.7283644676208496,1.9744703829098784,3.1812211421463426,0.25847491519632015,0.23798257826082408,6.6003131355994205,0.0,0.5863716006278992,0.4686534640847005,0.19404669485565978,0.015439628936950636,GREEN: NOMINAL,0.985,0.3678199978063625,ELEVATED,,0.0,False,0.35,0.35,2.889339348470503,1.437706231020841,2.5000000005430683,0.9816146884489578,,,
1001,False,0.22503404319286346,0.14046638727573574,3.1881580301903703,0.2584414743243167,0.23783220868259666,6.607708290655819,0.0,0.5874659419059753,0.46761632283964477,0.19303087149042542,0.014887388955557877,GREEN: NOMINAL,0.98,0.3674521778085561,ELEVATED,,0.0,False,0.35,0.35,2.74718826297663,1.4379018117340685,2.500000000515915,0.9816049094132965,,,
1002,False,0.7986426949501038,2.2688858258574545,3.1950982923998796,0.2589816755449425,0.23785287618041037,6.61510322929927,0.0,0.5890088081359863,0.46651279838624415,0.19151834638107545,0.014046813346294536,GREEN: NOMINAL,0.975,0.36708472563074757,ELEVATED,,0.0,False,0.35,0.35,2.7538402549015375,1.4380974502152128,2.500000000490119,0.9815951274892393,,,
1003,True,1.3265283107757568,4.478520209330754,3.2020418967869784,0.2600492221801733,0.23813202547878026,6.609924935011829,0.005171912529291054,0.5899187922477722,0.46579124024992025,0.18946125325199611,0.012942844247111573,GREEN: NOMINAL,0.995,0.3677176409051168,ELEVATED,0.873199999332428,0.6835879179812574,True,0.35,0.17055817152991992,2.9877153646287264,1.4382947069414584,2.500000000465613,0.981585264652927,,,
1004,True,1.1916677951812744,3.90353958000676,3.2090209013707627,0.2609808407531744,0.23842129312455654,6.60476641644195,0.011078422642028962,0.5907153487205505,0.46527314279176024,0.18683518699232815,0.011601702544659264,GREEN: NOMINAL,1.0,0.36834992326421173,ELEVATED,0.8718000054359436,0.6807228820034927,False,0.35,0.17131024347408313,3.139282074792054,1.4384926773924416,2.500000000442332,0.9815753661303778,,,
1005,False,0.39807218313217163,0.573476648645712,3.2160354513918117,0.2611179320955534,0.23881399767547845,6.6121330495874995,0.0,0.5910723209381104,0.4651539053710688,0.18367580716941687,0.010092880900552366,GREEN: NOMINAL,0.995,0.3679815733409475,ELEVATED,,0.0,False,0.35,0.35,2.9755134527154095,1.4386898668249384,2.5000000004202154,0.981565506658753,,,
1006,False,0.99461829662323,3.0617263778976342,3.2230534622743314,0.2618514324600811,0.23933127057105302,6.619499467984316,0.0,0.590873122215271,0.4655454401231393,0.18003882799414267,0.00845515138973524,GREEN: NOMINAL,0.99,0.36761359176760655,ELEVATED,,0.0,False,0.35,0.35,3.0416330103598486,1.438887402253245,2.5000000003992047,0.9815556298873377,,,
1007,False,0.932401716709137,2.7962677966100413,3.230074901710578,0.26252198274433014,0.23956208156347272,6.626865671641791,0.0,0.5900561213493347,0.46624575843672983,0.1760522597976024,0.006771277886193232,GREEN: NOMINAL,0.985,0.3672459781758389,ELEVATED,,0.0,False,0.35,0.35,3.0735135830262528,1.4390850890400269,2.500000000379244,0.9815457455479986,,,
1008,True,1.1115546226501465,3.5332899888118874,3.2370997373502046,0.26337101538423596,0.2400549091503024,6.621684924133316,0.005407220434684627,0.5890566110610962,0.4673749389136302,0.1718882957698811,0.005105121519229051,GREEN: NOMINAL,1.0,0.3678787321976631,ELEVATED,0.857200026512146,0.6515507941928009,False,0.35,0.17896791652438973,3.1777219908174366,1.439283208969466,2.500000000360282,0.9815358395515266,,,
1009,False,0.8856124877929688,2.5839162673501406,3.2441603782422086,0.26399325685664465,0.24057251343280076,6.629036950829212,0.0,0.5884300470352173,0.46828253826953964,0.1677894678794533,0.0035449689516674075,GREEN: NOMINAL,0.995,0.3675108534654654,ELEVATED,,0.0,False,0.35,0.35,3.1734410763212546,1.4394813128095894,2.500000000342268,0.9815259343595204,,,
1010,True,1.1149747371673584,3.531415716940958,3.2512244589547645,0.26484423833695536,0.24073362270891666,6.62386200287494,0.00742722001332303,0.5875455141067505,0.46864396574813155,0.1640561043875839,0.002189617383364586,GREEN: NOMINAL,1.0,0.36814334261199994,ELEVATED,0.8496000170707703,0.6368634893637646,False,0.35,0.1828233340420118,3.266956034269541,1.4396797388259477,2.5000000003251546,0.9815160130587025,,,
1011,True,1.0517998933792114,3.2603693388077843,3.2583245300159542,0.26563119399199764,0.24112872429192064,6.618706704153503,0.010114113581962847,0.5856587886810303,0.4696579044145577,0.161020204537285,0.0010959905676967787,GREEN: NOMINAL,1.0,0.36877519926938795,ELEVATED,0.8471999764442444,0.6322944631314089,False,0.35,0.18402270342800514,3.3226450402439,1.4398783301551348,2.500000000308897,0.9815060834922431,,,
1012,False,0.43959641456604004,0.7189802645871995,3.2654607392810484,0.2658051592125717,0.2417190900966525,6.626030752286132,0.0,0.5829689502716064,0.47069539615173767,0.15908203326909945,0.00035064071150848927,GREEN: NOMINAL,0.995,0.3684064240701186,ELEVATED,,0.0,False,0.35,0.35,3.138330202225559,1.4400762967583538,2.500000000293452,0.9814961851620821,,,
1013,True,1.0955342054367065,3.4241193128102374,3.272600509331213,0.26663488825879583,0.2420766455411911,6.620881187259525,0.009221134665162342,0.5797988772392273,0.47181350107750974,0.15864935846715172,0.00012690303754936045,GREEN: NOMINAL,1.0,0.3690380176460485,ELEVATED,0.8399999737739563,0.6187833431214219,False,0.35,0.18756937243062674,3.222200366084329,1.4402745760213445,2.500000000278779,0.9814862711989326,,,
1014,False,0.8828902840614319,2.541656700617878,3.279776604931999,0.26725114365459846,0.24221962795257568,6.628191220076662,0.0,0.5774733424186707,0.47270865796300604,0.15998597519854615,0.0006938811215235015,GREEN: NOMINAL,0.995,0.36866897962840245,ELEVATED,,0.0,False,0.35,0.35,3.206135064979585,1.4404727993477664,2.50000000026484,0.9814763600326115,,,
1015,True,1.243686318397522,4.026288961422763,3.286956305996746,0.26822757882934134,0.24227241236642003,6.623047382554211,0.00871340702793541,0.5753607749938965,0.47375768089107595,0.16300950214908158,0.001706791611918609,GREEN: NOMINAL,1.0,0.36930031064877406,ELEVATED,0.8324000239372253,0.6048347926822817,True,0.35,0.19123086692090108,3.3440171524244358,1.4406714494218422,2.500000000251598,0.9814664275289077,,,
1016,True,1.121017336845398,3.5097406124906194,3.294172521085684,0.2690803685873574,0.24273502298891542,6.617922964969667,0.010766528695091263,0.5733663439750671,0.47463314011918584,0.16750547779060987,0.0031256197247269816,GREEN: NOMINAL,1.0,0.36993101033812525,ELEVATED,0.8312000036239624,0.6026612653330652,False,0.35,0.19180141785007038,3.414348855912798,1.4408702761113328,2.5000000002390177,0.9814564861944332,,,
1017,False,0.44547533988952637,0.7254585982669491,3.301425400735842,0.2692567635586596,0.24290645496770738,6.625205337329606,0.0,0.5724747180938721,0.47526784630710495,0.17315601611731452,0.004883107238773948,GREEN: NOMINAL,0.995,0.36956107932778715,ELEVATED,,0.0,False,0.35,0.35,3.2179237864274906,1.441068540657593,2.500000000227067,0.9814465729671201,,,
1018,False,0.7937898635864258,2.1634344235372382,3.3086820094078955,0.26978129665868733,0.24221143993400035,6.632487499819882,0.0,0.5724143385887146,0.4752022341814335,0.17957968781312172,0.0069024491421634145,GREEN: NOMINAL,0.99,0.36919151824845936,ELEVATED,,0.0,False,0.35,0.35,3.161839644314752,1.4412666002029129,2.5000000002157132,0.9814366699898541,,,
1019,False,1.0051695108413696,3.0369486979116536,3.315942313817223,0.27051668487287006,0.24190491807572542,6.639769452449568,0.0,0.5730841159820557,0.47441993575996605,0.1863398289300454,0.009066427594925063,GREEN: NOMINAL,0.985,0.3688223267302109,ELEVATED,,0.0,False,0.35,0.35,3.201648004604377,1.4414648075852707,2.5000000002049276,0.9814267596207362,,,
1020,False,0.7663299441337585,2.042875861229733,3.3232062806334324,0.27101249813213096,0.2424608638253063,6.647051195227735,0.0,0.5748651027679443,0.4735993285493112,0.192999254522419,0.011253048434222831,GREEN: NOMINAL,0.98,0.36845350440348074,ELEVATED,,0.0,False,0.35,0.35,3.135603069412311,1.4416627631243437,2.500000000194681,0.9814168618437825,,,
1021,False,0.38415229320526123,0.4657343951115734,3.3304738764807422,0.2711256379272041,0.24268479301594195,6.654332728163453,0.0,0.5774688720703125,0.47251108555253063,0.1991583449213243,0.0133226163066254,GREEN: NOMINAL,0.975,0.3680850508990773,ELEVATED,,0.0,False,0.35,0.35,2.9678362234397024,1.4418599093793445,2.500000000184947,0.9814070045310325,,,
1022,False,0.5505823493003845,1.1460151262363665,3.3377450679383602,0.2714050946385773,0.24360695445500313,6.661614051265795,0.0,0.5803945660591125,0.47137521067605587,0.20451403908979598,0.015176821543298311,GREEN: NOMINAL,0.97,0.3677169658481782,ELEVATED,,0.0,False,0.35,0.35,2.8343402641622353,1.442056190422775,2.5000000001757,0.981397190478861,,,
1023,True,1.1763626337051392,3.688273532426056,3.3450198215408626,0.27231005217764387,0.24511538354717194,6.656427071648403,0.005408975732778403,0.583396315574646,0.47052838665450236,0.20885996360439982,0.01672521068918381,GREEN: NOMINAL,0.99,0.36834924888233,ELEVATED,0.8312000036239624,0.6026612653330652,False,0.35,0.19180141785007038,2.97701170969396,1.4422533882056594,2.500000000166915,0.9813873305897167,,,
1024,False,1.0892410278320312,3.3143187217092316,3.3523316269272287,0.27312698315329825,0.24623885425776243,6.663694542316819,0.0,0.5875067710876465,0.4684141130130069,0.21208529214841348,0.017875577535755575,GREEN: NOMINAL,0.985,0.36798089963344766,ELEVATED,,0.0,False,0.35,0.35,3.0681764553583157,1.4424510503134491,2.500000000158569,0.9813774474843272,,,
1025,True,1.3929197788238525,4.5030172480065955,3.3596470397710263,0.2742467759489688,0.24842743015699087,6.6585134785978815,0.009588469109295799,0.5913474559783936,0.46627607600548293,0.21420990843622278,0.018591625375122434,GREEN: NOMINAL,1.0,0.3686129187338142,ELEVATED,0.8334000110626221,0.6066519981094829,True,0.35,0.19075385049626073,3.274086307853024,1.4426494985299283,2.5000000001506404,0.9813675250735032,,,
1026,True,1.313194990158081,4.13997874117435,3.366999696223968,0.2752857241631779,0.25070400861538944,6.653351863260599,0.012337803709100663,0.5937449932098389,0.4650472155684279,0.21534886973663195,0.01881903221687252,GREEN: NOMINAL,1.0,0.3692443058150804,ELEVATED,0.8374000191688538,0.6139756912029313,True,0.35,0.18883138105923053,3.4228300440904147,1.4428483448967946,2.500000000143108,0.9813575827551599,,,
1027,False,0.5420339107513428,1.0481928147690573,3.3743897495100508,0.2755524723497661,0.2542294076498598,6.660591994039944,0.0,0.5953203439712524,0.46362982541770464,0.21573235524493584,0.01861684404022959,GREEN: NOMINAL,0.995,0.3688750615092653,ELEVATED,,0.0,False,0.35,0.35,3.2384798487533804,1.4430466790533891,2.5000000001359526,0.9813476660473303,,,
1028,True,1.3525859117507935,4.1816062695501675,3.381783535775231,0.2766295057891671,0.25730696211084725,6.655436228174291,0.009058694288266857,0.5962554812431335,0.4625785242908267,0.21557798177374507,0.018608314710254745,GREEN: NOMINAL,1.0,0.369506186447756,ELEVATED,0.847599983215332,0.6330536847807213,True,0.35,0.18382340774506065,3.3964352061204055,1.443245463074336,2.500000000129155,0.981337726846283,,,
1029,False,1.0864901542663574,3.1357516187096515,3.3892149130310547,0.27743936643764433,0.25800856898277996,6.662662662662663,0.0,0.5971840023994446,0.46176380534786027,0.21480919926384615,0.018168375189100285,GREEN: NOMINAL,0.995,0.36913668026130825,ELEVATED,,0.0,False,0.35,0.35,3.4310320137179766,1.4434443281577052,2.500000000122697,0.9813277835921145,,,
1030,True,1.1958740949630737,3.540682721571745,3.3966500696807627,0.27835780116616976,0.2591354170784354,6.6575127388989594,0.008008137050338593,0.5966970920562744,0.46181245365471496,0.213385633107902,0.017387214465553403,GREEN: NOMINAL,1.0,0.36976754358104696,ELEVATED,0.8582000136375427,0.6535083562471491,False,0.35,0.17845405648512336,3.503922438370704,1.4436433468180965,2.500000000116562,0.9813178326590949,,,
1031,False,1.0415898561477661,2.92384506075653,3.4041230126468185,0.27912103322115134,0.26077606955319643,6.664725528817333,0.0,0.5964251756668091,0.4615292910674822,0.21131795885603857,0.016345458746074133,GREEN: NOMINAL,0.995,0.36939777603746593,ELEVATED,,0.0,False,0.35,0.35,3.505913750730999,1.4438423693694913,2.5000000001107336,0.9813078815315252,,,
1032,False,1.0718910694122314,3.03173116165576,3.4115997817635835,0.27991380325734244,0.26122938477247953,6.6719381128413,0.0,0.5960313081741333,0.4614771378393844,0.20865180524769203,0.015116077036446417,GREEN: NOMINAL,0.99,0.3690283782614285,ELEVATED,,0.0,False,0.35,0.35,3.518804964258078,1.4440414167405353,2.5000000001051967,0.981297929162973,,,
1033,False,0.6160531640052795,1.2857563703737673,3.4190803427234604,0.28024994261809033,0.26117173449397085,6.6791504909796755,0.0,0.596252977848053,0.461731525023211,0.20543841698955914,0.013736427846588092,GREEN: NOMINAL,0.985,0.36865934988316706,ELEVATED,,0.0,False,0.35,0.35,3.3501050599846818,1.4442400830969324,2.500000000099937,0.9812879958451531,,,
1034,False,0.35506266355514526,0.28748079696976414,3.426564661171877,0.2803247553390274,0.2599753061905503,6.686362663241276,0.0,0.5965390801429749,0.46170919867489224,0.2017666462074473,0.012260189326299098,GREEN: NOMINAL,0.98,0.3682906905332839,ELEVATED,,0.0,False,0.35,0.35,3.1664988135742695,1.4444381605535768,2.50000000009494,0.981278091972321,,,
1035,False,1.1272156238555908,3.2704506830560436,3.434052702707679,0.281171646207544,0.2586933911070228,6.693574629634916,0.0,0.5972038507461548,0.46209764909626877,0.19774190595953658,0.010744524372602276,GREEN: NOMINAL,0.975,0.3679223998427506,ELEVATED,,0.0,False,0.35,0.35,3.238005436150619,1.444636493135419,2.5000000000901927,0.9812681753432289,,,
1036,True,1.337727665901184,4.0976253665140785,3.4415444328835165,0.2822282022272376,0.25758808316141363,6.688376996167928,0.0053683176577410344,0.596272349357605,0.46370325351774827,0.19346982718689298,0.009224830601492711,GREEN: NOMINAL,0.995,0.36855447744290787,ELEVATED,0.8712000250816345,0.6794987229732548,True,0.35,0.17163158521952063,3.3872028441787014,1.444835254565244,2.500000000085683,0.9812582372717376,,,
1037,True,1.1975986957550049,3.556045004052093,3.4490743077768626,0.2831435727207654,0.25715510405302044,6.683198725969742,0.01097724843276803,0.5952120423316956,0.46509684525323064,0.18907471079737445,0.00773546551929384,GREEN: NOMINAL,1.0,0.369185922965465,ELEVATED,0.8695999979972839,0.6762448894718032,False,0.35,0.1724857165136517,3.4650800832786715,1.445034194161368,2.500000000081399,0.9812482902919314,,,
1038,False,0.5676195621490479,1.105234171455574,3.4566424842909518,0.2834280487101937,0.25713239852562547,6.690383767720286,0.0,0.5929961204528809,0.46709552659212755,0.18468570088349104,0.006311930591321367,GREEN: NOMINAL,0.995,0.3688167370424995,ELEVATED,,0.0,False,0.35,0.35,3.2813708553953758,1.4452326647362195,2.500000000077329,0.9812383667631889,,,
1039,True,1.2966476678848267,3.93713220902896,3.464214477959766,0.2844412683293684,0.25709230623096224,6.685211467499291,0.00834878883096605,0.5899204015731812,0.4687592776570307,0.18043094426552897,0.004983929517871832,GREEN: NOMINAL,1.0,0.36944792030545703,ELEVATED,0.8605999946594238,0.6582305585995176,False,0.35,0.1772144783676266,3.407387311390525,1.4454314750242772,2.500000000073462,0.981228426248786,,,
1040,False,0.9140071868896484,2.447633836497664,3.4718249720679126,0.2850708342479287,0.2569568794414401,6.692383020394261,0.0,0.5877310633659363,0.4695263997695153,0.17643698989943088,0.0037713114556946798,GREEN: NOMINAL,0.995,0.36907847238515157,ELEVATED,,0.0,False,0.35,0.35,3.3664779864566436,1.445630184206039,2.500000000069789,0.9812184907896979,,,
1041,False,0.9437370300292969,2.5628530710814115,3.4794393308456018,0.28572950044371004,0.25674805044829846,6.699554369731203,0.0,0.585364818572998,0.4701313491760802,0.17283039039890047,0.0026989798898475028,GREEN: NOMINAL,0.99,0.3687093939127664,ELEVATED,,0.0,False,0.35,0.35,3.3409589016738703,1.4458288260261096,2.5000000000662994,0.9812085586986944,,,
1042,False,0.5266846418380737,0.9385095839948736,3.4870575193278612,0.2859704555851044,0.25648559200465676,6.706725515518783,0.0,0.5836698412895203,0.47067815193922147,0.16972828438462775,0.0017855259412039538,GREEN: NOMINAL,0.985,0.36834068451885366,ELEVATED,,0.0,False,0.35,0.35,3.156044907399519,1.4460268630627628,2.5000000000629843,0.9811986568468617,,,
1043,False,0.1188858151435852,0.6510751781379182,3.494679502502245,0.2858033709446629,0.2563721693068743,6.713896457765667,0.0,0.5822263956069946,0.471413414317606,0.1672375477625163,0.0010477104000571542,GREEN: NOMINAL,0.98,0.3679723438343348,ELEVATED,,0.0,False,0.35,0.35,2.98408908560674,1.4462240999588687,2.500000000059835,0.9811887950020564,,,
1044,False,0.882606565952301,2.328712370089907,3.502305245309231,0.28640017413967056,0.2560240583896637,6.721067196480522,0.0,0.5798916220664978,0.47306615992980566,0.1654523407894963,0.0004949703482479829,GREEN: NOMINAL,0.975,0.36760437149050046,ELEVATED,,0.0,False,0.35,0.35,2.970949088556799,1.4464212637997442,2.500000000056843,0.9811789368100126,,,
1045,False,0.942554235458374,2.5634056952944877,3.509934712642618,0.28705632820098925,0.255713681396842,6.728237731672012,0.0,0.577876627445221,0.47423438522935457,0.16445705336091282,0.00014511729526750156,GREEN: NOMINAL,0.97,0.36723676711900993,ELEVATED,,0.0,False,0.35,0.35,2.9827051256169708,1.446618493090255,2.500000000054001,0.981169075345487,,,
1046,False,1.130910038948059,3.3060435138271846,3.517567869349927,0.28790018191173633,0.2549905509442091,6.735408063348801,0.0,0.5760279297828674,0.4752432067107657,0.16431402484152705,7.496470992877187e-05,GREEN: NOMINAL,0.965,0.3668695303518909,ELEVATED,,0.0,False,0.35,0.35,3.0693322845392634,1.4468161605647327,2.5000000000513007,0.9811591919717632,,,
1047,False,0.7146400809288025,1.6738199022334133,3.525204680232797,0.2883269218107534,0.2546947604991495,6.742578191519555,0.0,0.5747500658035278,0.4760603790986023,0.16500534188156113,0.0003606354742685419,GREEN: NOMINAL,0.96,0.36650266082153904,ELEVATED,,0.0,False,0.35,0.35,2.9784519846612736,1.4470133663516231,2.5000000000487357,0.9811493316824187,,,
1048,False,1.0924708843231201,3.1322915520983816,3.532845110047389,0.2891310657732658,0.25647032059058544,6.749748116192936,0.0,0.5729860663414001,0.4769563070667721,0.16638728298275565,0.0008558144714863449,GREEN: NOMINAL,0.955,0.3661361581607175,ELEVATED,,0.0,False,0.35,0.35,3.0466977793139494,1.4472109264673756,2.500000000046299,0.981139453676631,,,
1049,True,1.5034135580062866,4.689041626292958,3.5404891235047824,0.2903453482654988,0.25870280249565836,6.7444759206798865,0.004597080392387211,0.5718162655830383,0.476983925846168,0.16829583030185563,0.001547590260463915,GREEN: NOMINAL,0.975,0.36677002200255676,ELEVATED,0.8055999875068665,0.5581095344990714,True,0.35,0.20349624719399376,3.268691301434303,1.4474093579154463,2.500000000043984,0.9811295321042275,,,
1050,False,1.066985011100769,2.9905731074278386,3.5481721668156365,0.29112198792833405,0.25943623355850576,6.7516324131386245,0.0,0.5725705027580261,0.47612129462980796,0.17057185784318124,0.0024243737671985916,GREEN: NOMINAL,0.97,0.3664032519805542,ELEVATED,,0.0,False,0.35,0.35,3.29350663629806,1.4476078650280808,2.500000000041785,0.9811196067485958,,,
1051,False,1.1126326322555542,3.1705841321020296,3.555858840877066,0.2919434985726612,0.2588447741769254,6.758788702869607,0.0,0.5737312436103821,0.474848237135877,0.1730556096137795,0.0034640472786180688,GREEN: NOMINAL,0.965,0.3660368487285736,ELEVATED,,0.0,False,0.35,0.35,3.3348988950765523,1.4478064903437502,2.5000000000396954,0.9811096754828124,,,
1052,False,0.6554749011993408,1.4033602413881903,3.563549110178865,0.2923070299752879,0.258784494895488,6.76594478988145,0.0,0.5740986466407776,0.4740487295511058,0.17560058909064885,0.00464277780757269,GREEN: NOMINAL,0.96,0.365670811879845,ELEVATED,,0.0,False,0.35,0.35,3.1899484493906423,1.4480046554805344,2.5000000000377103,0.9810997672259731,,,
1053,False,0.17107875645160675,0.4679841630352214,3.5712429391659954,0.2921858017017642,0.258784494895488,6.773100674182766,0.0,0.575464129447937,0.4728405131001727,0.1780718488946846,0.00592240170080354,GREEN: NOMINAL,0.955,0.3653051410679652,ELEVATED,,0.0,False,0.35,0.35,3.0136168121767763,1.4482020497960426,2.5000000000358247,0.9810898975101977,,,
1054,False,0.9282832741737366,2.414213582656749,3.578940292238986,0.2928218991742362,0.26321671767756344,6.780256355782169,0.0,0.5769496560096741,0.47116915635617207,0.1803578653561645,0.007269217833814354,GREEN: NOMINAL,0.95,0.3649398359268972,ELEVATED,,0.0,False,0.35,0.35,3.006436130082646,1.4483994066694228,2.500000000034033,0.9810800296665287,,,
1055,False,0.9353960156440735,2.423894251017914,3.586641133754337,0.293464473290706,0.26483479717969893,6.78741183468827,0.0,0.5785724520683289,0.46875012981258607,0.18236969341575654,0.00862794838739403,GREEN: NOMINAL,0.945,0.3645748960909703,ELEVATED,,0.0,False,0.35,0.35,3.001838856822872,1.4485967392911907,2.5000000000323315,0.9810701630354404,,,
1056,False,1.0418986082077026,2.814659729774867,3.594345428024925,0.294212907425623,0.26563981886431576,6.794567110909683,0.0,0.5806567668914795,0.466669608562662,0.18405625589762117,0.009958595089296472,GREEN: NOMINAL,0.94,0.36421032119487934,ELEVATED,,0.0,False,0.35,0.35,3.0389421083864314,1.4487942615022837,2.500000000030715,0.9810602869248857,,,
1057,False,0.28849679231643677,0.021484895875556128,3.6020531393204083,0.2942071913105138,0.26578667297959324,6.801722184455019,0.0,0.5849249362945557,0.4634551050937344,0.1853944407159839,0.011209144217392813,GREEN: NOMINAL,0.9349999999999999,0.36384611087368446,ELEVATED,,0.0,False,0.35,0.35,2.882948073691908,1.448990884159654,2.5000000000291793,0.9810504557920172,,,
1058,False,0.9233509302139282,2.3623687473901165,3.6097642318676284,0.29483633504941725,0.2660527048788965,6.808877055332889,0.0,0.5894168019294739,0.46043957600377955,0.18639696087312532,0.012329972481389184,GREEN: NOMINAL,0.9299999999999999,0.36348226476281076,ELEVATED,,0.0,False,0.35,0.35,2.888227472874542,1.4491875419937055,2.50000000002772,0.9810406229003147,,,
1059,True,1.4798959493637085,4.438792834626932,3.6174786698510193,0.29602139466373156,0.2667109276793897,6.8035057958722085,0.0045851208414229155,0.5943480134010315,0.4576337463518014,0.18709082150194173,0.013271206740193369,GREEN: NOMINAL,0.95,0.36411878249804797,ELEVATED,0.8212000131607056,0.5848499499178565,True,0.35,0.19647688814656264,3.1091255618266733,1.4493853869494762,2.500000000026334,0.9810307306525261,,,
1060,True,1.311071753501892,3.793442101665494,3.6252326695584443,0.2970364450225697,0.2673127152867615,6.798154393193267,0.012529916220743105,0.5985632538795471,0.4553462244532578,0.18751773085177953,0.013999345380108948,GREEN: NOMINAL,0.97,0.36475466371554993,ELEVATED,0.8312000036239624,0.6026612653330652,False,0.35,0.19180141785007038,3.2425890186145874,1.4495837346841163,2.5000000000250173,0.9810208132657942,,,
1061,False,0.45389696955680847,0.5851618665658538,3.633026391482156,0.297193305547104,0.267795413479954,6.805282763291568,0.0,0.602400541305542,0.4533893568247914,0.18770705840068985,0.014475710462537482,GREEN: NOMINAL,0.965,0.3643899090518344,ELEVATED,,0.0,False,0.35,0.35,3.0738060657687387,1.4497814228158339,2.5000000000237663,0.9810109288592083,,,
1062,False,1.1272101402282715,3.0918111204007532,3.6408235886741447,0.29802332238178514,0.26818805727660655,6.8124109322308914,0.0,0.6058717370033264,0.45169097713800616,0.1876743192059558,0.014682456116343461,GREEN: NOMINAL,0.96,0.3640255191427825,ELEVATED,,0.0,False,0.35,0.35,3.1405328499578578,1.4499793983118272,2.500000000022578,0.9810010300844086,,,
1063,True,1.3430255651474,3.8840877410772396,3.6486242249593372,0.2990683246245508,0.26877797570899126,6.807053123767675,0.007613876040230528,0.6085696220397949,0.4504080007169571,0.18739399791069075,0.014609311071154466,GREEN: NOMINAL,0.98,0.36466149362363975,ELEVATED,0.855400025844574,0.6480419011406553,False,0.35,0.179889000950578,3.2833084828987062,1.4501778747795908,2.500000000021449,0.9809911062610205,,,
1064,True,1.3159830570220947,3.7712852969010173,3.6564648285850123,0.3000852393569483,0.26937707908228037,6.8017150488507765,0.012658064976792144,0.610619843006134,0.44899355470007807,0.18679925244184034,0.014244940577430155,GREEN: NOMINAL,1.0,0.3652968321300161,ELEVATED,0.864799976348877,0.6665766975079136,False,0.35,0.17502361690417267,3.400881210172925,1.4503766695326683,2.5000000000203766,0.9809811665233666,,,
1065,False,0.5579320192337036,0.9532535900751823,3.6643455619694545,0.3003430861368251,0.2702207846671343,6.808816914080072,0.0,0.6114460229873657,0.4481192520959784,0.1857990330295097,0.013582163723283499,GREEN: NOMINAL,0.995,0.36493153529788613,ELEVATED,,0.0,False,0.35,0.35,3.220432593574331,1.4505749427274586,2.500000000019358,0.9809712528636272,,,
1066,True,1.3902102708816528,4.003900135801355,3.6722298660371404,0.30143295332156994,0.27192918919846415,6.803485484165182,0.00959169115420218,0.6123252511024475,0.4475777768131267,0.18429482590189564,0.012619616741572942,GREEN: NOMINAL,1.0,0.36556660376258826,ELEVATED,0.873199999332428,0.6835879179812574,True,0.35,0.17055817152991992,3.369106471040918,1.4507736586554805,2.5000000000183897,0.9809613170672261,,,
1067,False,1.1195157766342163,2.966969623591271,3.6801545056111595,0.3022510361448826,0.2754543673083186,6.810574170735814,0.0,0.6116948127746582,0.44765516547417505,0.1822196523114291,0.011385321106219821,GREEN: NOMINAL,0.995,0.3652010371588257,ELEVATED,,0.0,False,0.35,0.35,3.395694662963978,1.4509724408796103,2.50000000001747,0.9809513779560196,,,
1068,True,1.5789108276367188,4.574518305934519,3.688082764063746,0.3035276959363744,0.2788016237787902,6.805249373240522,0.010839927344538758,0.6100435256958008,0.4487237108135692,0.17956000613244513,0.009935462619137305,GREEN: NOMINAL,1.0,0.36583583612166687,ELEVATED,0.8672000169754028,0.6713934507682655,True,0.35,0.1737592191733303,3.5855773755829374,1.4511716070922294,2.5000000000165965,0.9809414196453886,,,
1069,False,1.1349775791168213,2.9737678422346425,3.6960515650049306,0.30435914581955487,0.2793151575252414,6.812324929971989,0.0,0.6070852875709534,0.45064787752683716,0.17635049886786638,0.00831629071040937,GREEN: NOMINAL,0.995,0.3654700002855452,ELEVATED,,0.0,False,0.35,0.35,3.5898711239958914,1.4513707804196045,2.5000000000157665,0.9809314609790198,,,
1070,False,1.324533224105835,3.6200594922227856,3.7040240333769097,0.3053793198978412,0.28152960093542934,6.819400288511366,0.0,0.6040145754814148,0.45206186790395453,0.17270485294788027,0.006615412220657066,GREEN: NOMINAL,0.99,0.3651045302852597,ELEVATED,,0.0,False,0.35,0.35,3.659837167635396,1.451570061502125,2.5000000000149782,0.9809214969248938,,,
1071,False,1.0796184539794922,2.7335182544436454,3.7120001322751457,0.3061535590319228,0.28295581845492124,6.8264754488669785,0.0,0.6016616821289062,0.45299449239753997,0.168805890184327,0.004925302841348805,GREEN: NOMINAL,0.985,0.3647394257549744,ELEVATED,,0.0,False,0.35,0.35,3.630433944937238,1.451769299122849,2.500000000014229,0.9809115350438576,,,
1072,False,0.7837168574333191,1.6859134802403053,3.7199798247497187,0.30663112233032425,0.28298352240175007,6.833550411047155,0.0,0.6007005572319031,0.45284423642384686,0.16491266119399037,0.0033377703034754187,GREEN: NOMINAL,0.98,0.36437468632921943,ELEVATED,,0.0,False,0.35,0.35,3.495349623347072,1.4519683008548363,2.5000000000135176,0.9809015849572583,,,
1073,False,0.9418958425521851,2.2424934034520687,3.7279630738057463,0.3072663870505461,0.28300170449763534,6.840625175060221,0.0,0.6002228856086731,0.45269261353086887,0.16136730434670465,0.00195706425461323,GREEN: NOMINAL,0.975,0.3640103116428902,ELEVATED,,0.0,False,0.35,0.35,3.431343753805035,1.452167166643577,2.5000000000128417,0.9808916416678213,,,
1074,True,1.556615948677063,4.409881411301776,3.735949842403803,0.30851573661217263,0.2830235318496823,6.835255469350668,0.009548509754854984,0.5997375249862671,0.4529628429587145,0.15858480546696338,0.0008884401345353505,GREEN: NOMINAL,0.995,0.3646463013312473,ELEVATED,0.8256000280380249,0.5926211727653958,True,0.35,0.1944369421490836,3.5980101553186827,1.4523663532915079,2.5000000000121996,0.9808816823354247,,,
1075,True,1.6491063833236694,4.731477219719694,3.7439775330484717,0.3098563272588841,0.2830511474266648,6.829905394468786,0.020098173836140886,0.6002707481384277,0.45311390506429355,0.15702720308623327,0.0002101173984432685,GREEN: NOMINAL,1.0,0.36528165502991605,ELEVATED,0.8220000267028809,0.586255299331334,True,0.35,0.1961079839255248,3.7814020601651563,1.4525657893194088,2.5000000000115894,0.9808717105340297,,,
1076,False,0.47613656520843506,0.5868347424779716,3.7520463120297225,0.3100226074968337,0.2830676946803927,6.836954246724434,0.0,0.6006741523742676,0.4531137298182314,0.1571824840448378,0.00029227098470125756,GREEN: NOMINAL,0.995,0.36491637337488614,ELEVATED,,0.0,False,0.35,0.35,3.5587256457249534,1.4527649096317654,2.50000000001101,0.9808617545184118,,,
1077,False,1.1947100162506104,3.1218179824138694,3.7601187452741196,0.31090729490558744,0.283105141402781,6.844002902271586,0.0,0.6015291213989258,0.4528413974376399,0.15923713225152325,0.0010829068086328894,GREEN: NOMINAL,0.99,0.36455145700151126,ELEVATED,,0.0,False,0.35,0.35,3.579706299389235,1.45296406601699,2.500000000010459,0.9808517966991506,,,
1078,True,1.5202733278274536,4.266892022802549,3.768194795370673,0.3121166609385093,0.283146763600409,6.8386467778102755,0.008699256686354831,0.6028413772583008,0.45250878041166653,0.16306707747518925,0.002346054350009634,GREEN: NOMINAL,1.0,0.3651869055445097,ELEVATED,0.8098000288009644,0.5651862740442676,True,0.35,0.20163860306337975,3.7174948076977365,1.4531634252748675,2.500000000009936,0.9808418287362567,,,
1079,False,1.164578914642334,3.00750019140251,3.7763121877961803,0.31296912319221315,0.28316200739890335,6.845682451253482,0.0,0.6046248078346252,0.45162343730565097,0.1684138728414633,0.0040255829452731295,GREEN: NOMINAL,0.995,0.36482171863896523,ELEVATED,,0.0,False,0.35,0.35,3.711652856607038,1.4533627770146749,2.500000000009439,0.9808318611492663,,,
1080,False,1.1939162015914917,3.1075548043472105,3.784433246314804,0.3138500702706124,0.2832021273091435,6.852717928719656,0.0,0.6073983311653137,0.45027183452666136,0.17490338004081946,0.006033111071531894,GREEN: NOMINAL,0.99,0.3644568969203263,ELEVATED,,0.0,False,0.35,0.35,3.7175923032286793,1.453562136397279,2.500000000008967,0.9808218931801361,,,
1081,False,0.6964635252952576,1.3494421809319823,3.7925579332827444,0.314232683725637,0.28325099583417174,6.859753210216986,0.0,0.6108083128929138,0.44823319708559267,0.18207728356557992,0.008255092039841365,GREEN: NOMINAL,0.985,0.36409244002340596,ELEVATED,,0.0,False,0.35,0.35,3.5419981082266645,1.4537612268498439,2.5000000000085185,0.9808119386575079,,,
1082,False,0.5156579613685608,0.7103546467027458,3.8006862110107686,0.3144341090032799,0.283272381336987,6.8667882957536595,0.0,0.6139214634895325,0.4460490353145091,0.18943444230966136,0.01055561858087559,GREEN: NOMINAL,0.98,0.36372834758338257,ELEVATED,,0.0,False,0.35,0.35,3.3478185075561098,1.4539598871138562,2.5000000000080926,0.9808020056443073,,,
1083,False,1.377234935760498,3.7479079977808865,3.808818041764637,0.3154969098300371,0.283288177447021,6.873823185337864,0.0,0.6173706650733948,0.44402799257808095,0.1964882237058812,0.012789360224155891,GREEN: NOMINAL,0.975,0.3633646192357992,ELEVATED,,0.0,False,0.35,0.35,3.4597114277746566,1.454158815293421,2.500000000007688,0.9807920592353291,,,
1084,True,1.6106253862380981,4.566828849636739,3.816953387765532,0.31679203830644515,0.28331110942214727,6.868422881768263,0.006421708762466482,0.6198812127113342,0.44282580459168613,0.20282763532873607,0.014832837686323893,GREEN: NOMINAL,0.995,0.3640012546165634,ELEVATED,0.801800012588501,0.5517832558634379,True,0.35,0.20515689533584755,3.645967068912771,1.4543580761912085,2.5000000000073035,0.9807820961904398,,,
1085,False,1.3423019647598267,3.615917842812654,3.82513046230385,0.31781754823289854,0.2833262427583337,6.875444839857651,0.0,0.6213860511779785,0.4417434849118065,0.20814151635567585,0.016572236886851867,GREEN: NOMINAL,0.99,0.36363725336194686,ELEVATED,,0.0,False,0.35,0.35,3.715669434115491,1.454557433109391,2.500000000006938,0.9807721283445306,,,
1086,False,1.2337158918380737,3.229277276469273,3.833311101295823,0.3187334465765037,0.28333969706743956,6.882466602721826,0.0,0.6226866841316223,0.44051455437632653,0.21224413969528727,0.017909080174083762,GREEN: NOMINAL,0.985,0.3632736161085849,ELEVATED,,0.0,False,0.35,0.35,3.7388860929499046,1.454756819160559,2.500000000006591,0.9807621590419723,,,
1087,False,0.47515010833740234,0.5505934604677244,3.8414952667288493,0.3188898632382646,0.2838033073738217,6.889488170368929,0.0,0.6228657960891724,0.43966811589610977,0.2150995657894835,0.018806633079575117,GREEN: NOMINAL,0.98,0.3629103424924763,ELEVATED,,0.0,False,0.35,0.35,3.527576396047744,1.4549558830589406,2.5000000000062617,0.9807522058470532,,,
1088,False,0.9589232802391052,2.2482346945685974,3.8496829205460243,0.3195298966552655,0.28439797016233204,6.896509542807101,0.0,0.6218776106834412,0.440082222340986,0.21678623667699132,0.019228361767043067,GREEN: NOMINAL,0.975,0.3625474321499838,ELEVATED,,0.0,False,0.35,0.35,3.4679878445713093,1.4551548287877638,2.5000000000059486,0.980742258560612,,,
1089,True,1.6852830648422241,4.794829081776682,3.8578740246465713,0.3208956498234524,0.2845539208486676,6.891078118495907,0.007299019944459556,0.6192574501037598,0.4415920723141031,0.21749177365500755,0.01913960798715523,GREEN: NOMINAL,0.995,0.36318488471783383,ELEVATED,0.8136000037193298,0.5716662203141929,True,0.35,0.19993761716752437,3.677271082160306,1.4553541344626317,2.500000000005651,0.9807322932768686,,,
1090,True,1.5486456155776978,4.308256373990415,3.8661072017649833,0.3221233997892067,0.28469109294265504,6.885666403512417,0.014496472503547577,0.6163293719291687,0.4434853256220066,0.21752965047148345,0.019024398213041197,GREEN: NOMINAL,1.0,0.363821699833116,ELEVATED,0.8208000063896179,0.5841485390355698,True,0.35,0.1966610085031629,3.81429649079947,1.4555536063520507,2.500000000005368,0.9807223196823976,,,
1091,False,0.48339998722076416,0.5649053839490211,3.874382622070435,0.3222846763766382,0.28520760364830494,6.8926622531231825,0.0,0.6137570738792419,0.44518205799580757,0.21698078789377284,0.018727048026115432,GREEN: NOMINAL,0.995,0.3634578781332829,ELEVATED,,0.0,False,0.35,0.35,3.5926243447364694,1.45575278420961,2.5000000000050995,0.9807123607895196,,,
1092,False,1.212430715560913,3.111843613160018,3.8826616299599994,0.3231748224158225,0.2857649688385427,6.899657908951152,0.0,0.6114017963409424,0.4466782738252889,0.21580048422325168,0.018080311976005143,GREEN: NOMINAL,0.99,0.3630944202551496,ELEVATED,,0.0,False,0.35,0.35,3.612646360026466,1.4559519942748842,2.5000000000048446,0.9807024002862559,,,
1093,True,1.5468213558197021,4.26041802029243,3.8909441869500276,0.32439846894922636,0.2869255742155015,6.894240606077363,0.008339751111623685,0.609528124332428,0.44762751164556674,0.21399224750255616,0.017156468011877334,GREEN: NOMINAL,1.0,0.3637313258348944,ELEVATED,0.8371999859809875,0.6136073551887746,True,0.35,0.18892806926294664,3.7491389155381816,1.4561513927685312,2.500000000004602,0.9806924303615735,,,
1094,False,1.4093029499053955,3.7536897172844075,3.899269247009766,0.3254833734301825,0.2887344607852399,6.9012234741134995,0.0,0.6076486706733704,0.4482024939755028,0.21160777759892677,0.016038181365226556,GREEN: NOMINAL,0.995,0.36336759450905953,ELEVATED,,0.0,False,0.35,0.35,3.8190995179261953,1.4563508697001186,2.500000000004372,0.9806824565149941,,,
1095,True,1.5692508220672607,4.240250567576119,3.907597906175665,0.3267271408788196,0.2930307210355997,6.8958132089531645,0.010644985964100538,0.6067306995391846,0.44851744619841083,0.20870215365292413,0.014773930310470957,GREEN: NOMINAL,1.0,0.3640042269145505,ELEVATED,0.8474000096321106,0.6326740166363558,True,0.35,0.1839230706329566,3.932472908835183,1.4565504526398194,2.500000000004153,0.980672477368009,,,
1096,False,1.4639729261398315,3.8304458814258666,3.9159692852232886,0.3278643866640806,0.29659955384954806,6.90278333586322,0.0,0.6058558821678162,0.4488546196220003,0.20534946920361197,0.013408897116365765,GREEN: NOMINAL,0.995,0.3636402226876359,ELEVATED,,0.0,False,0.35,0.35,3.9919701201801625,1.4567500823250508,2.5000000000039453,0.9806624958837474,,,
1097,True,1.5473268032073975,4.105083527678963,3.924344313753969,0.3290838490806239,0.29676447407528755,6.897380093115513,0.010016264709637353,0.6048901081085205,0.44964627618318687,0.2016433957626753,0.011992757181281333,GREEN: NOMINAL,1.0,0.36427658246494826,ELEVATED,0.8651999831199646,0.667377083228783,True,0.35,0.17481351565244446,4.073671812355202,1.4569497677918746,2.500000000003748,0.9806525116104062,,,
1098,False,1.4702142477035522,3.8435648054234055,3.932762280278243,0.3302249794792468,0.29659686409235,6.904337525310266,0.0,0.6036434769630432,0.45084569528179963,0.1976798942143614,0.01055839838080565,GREEN: NOMINAL,0.995,0.3639123058824833,ELEVATED,,0.0,False,0.35,0.35,4.119598346094565,1.4571494808425867,2.5000000000035607,0.9806425259578706,,,
1099,True,1.549364447593689,4.1167660054899144,3.9411839470362864,0.3314441189473612,0.2958439530014992,6.898941289701636,0.01024276280455267,0.603848397731781,0.450741879514578,0.19356633940206772,0.009145293333893257,GREEN: NOMINAL,1.0,0.3645483935766008,ELEVATED,0.8695999979972839,0.6762448894718032,True,0.35,0.1724857165136517,4.189303471272462,1.4573492312103933,2.5000000000033826,0.9806325384394803,,,
1100,False,1.2285228967666626,3.0374686887368187,3.949648771207654,0.3323411977251805,0.295042283847928,6.905886073338741,0.0,0.6039548516273499,0.4509535417084508,0.18940384779059763,0.007774778524057169,GREEN: NOMINAL,0.995,0.3641838451830242,ELEVATED,,0.0,False,0.35,0.35,4.140076791212261,1.4575489557683048,2.5000000000032134,0.9806225522115847,,,
1101,False,1.2490670680999756,3.09773789919889,3.9581173467399586,0.3332579235955553,0.29563803469017147,6.91283066600671,0.0,0.6035357713699341,0.4510937385581762,0.18530073494560598,0.006476129152482334,GREEN: NOMINAL,0.99,0.3638196613378412,ELEVATED,,0.0,False,0.35,0.35,4.101944646924525,1.4577486585142665,2.5000000000030527,0.9806125670742866,,,
1102,False,0.7118386626243591,1.2691446365260743,3.966589634326565,0.3336365043345841,0.2979976808041334,6.9197750677134175,0.0,0.6031814217567444,0.4512589254963651,0.1813512818364247,0.005261400151729391,GREEN: NOMINAL,0.985,0.36345584167650336,ELEVATED,,0.0,False,0.35,0.35,3.8779471284195606,1.4579481934562113,2.5000000000029,0.9806025903271893,,,
1103,False,0.5725671648979187,0.799903407435844,3.9750655946142768,0.3338754349951474,0.29840069148838516,6.9267192784667415,0.0,0.603184700012207,0.45138689017095185,0.17765048744009102,0.004145674217448726,GREEN: NOMINAL,0.98,0.36309238583482684,ELEVATED,,0.0,False,0.35,0.35,3.6476690671070795,1.4581474568609976,2.5000000000027547,0.9805926271569501,,,
1104,False,1.3446747064590454,3.3692862735591516,3.9835451882037805,0.3348862342666113,0.2997039699822664,6.933663298274558,0.0,0.6043325662612915,0.4508828474469768,0.17428808536423687,0.003141740094035176,GREEN: NOMINAL,0.975,0.362729293448992,ELEVATED,,0.0,False,0.35,0.35,3.687329165345888,1.458346776339955,2.500000000002617,0.9805826611830022,,,
1105,False,1.3765158653259277,3.4569147048430935,3.9920283756500927,0.33592786389767065,0.3010163947552442,6.940607127144743,0.0,0.6058568954467773,0.45038104787259736,0.17133924663536554,0.0022622268136595195,GREEN: NOMINAL,0.97,0.362366564155543,ELEVATED,,0.0,False,0.35,0.35,3.732589337127019,1.4585461546225547,2.500000000002486,0.9805726922688722,,,
1106,False,0.6898787021636963,1.1738255999877496,4.000515117463005,0.33628181473593666,0.30123460199832913,6.94755076508517,0.0,0.607260525226593,0.4501885926471369,0.1688664921873017,0.001514722633952226,GREEN: NOMINAL,0.965,0.36200419759138747,ELEVATED,,0.0,False,0.35,0.35,3.53675083370603,1.4587452355016155,2.5000000000023617,0.9805627382249191,,,
1107,False,0.796838104724884,1.5254759621780978,4.009005374107531,0.3367423710259256,0.3016079866915941,6.9544942121037145,0.0,0.6077948808670044,0.450780153254553,0.166916405463582,0.0009124464268359965,GREEN: NOMINAL,0.96,0.36164219339379605,ELEVATED,,0.0,False,0.35,0.35,3.3969867683847883,1.4589440208591282,2.5000000000022435,0.9805527989570435,,,
1108,False,1.4057337045669556,3.534756449773517,4.017499106004355,0.3378113623594666,0.3021204876154661,6.961437468208252,0.0,0.6069085001945496,0.45186352441080563,0.16551990052618337,0.0004692882953769815,GREEN: NOMINAL,0.955,0.36128055120040226,ELEVATED,,0.0,False,0.35,0.35,3.479344402987497,1.4591429902028372,2.500000000002131,0.980542850489858,,,
1109,False,1.3112008571624756,3.215535381639976,4.025996273530276,0.33878475185426965,0.30241188166067,6.968380533406654,0.0,0.6070343255996704,0.45243668418169525,0.1646860691102076,0.00016626378408204277,GREEN: NOMINAL,0.95,0.3609192706492019,ELEVATED,,0.0,False,0.35,0.35,3.520273039850871,1.4593420403602093,2.5000000000020246,0.9805328979819894,,,
1110,False,0.4414307773113251,0.339175197785722,4.034496837018659,0.3388873978797267,0.3023315976552665,6.975323407706795,0.0,0.6072382926940918,0.4526425282063045,0.16442768365909247,2.4518873614309618e-05,GREEN: NOMINAL,0.945,0.3605583513785527,ELEVATED,,0.0,False,0.35,0.35,3.3246827734797333,1.4595406373986093,2.5000000000019234,0.9805229681300693,,,
1111,False,1.045278787612915,2.325568355803891,4.043000756759879,0.3395937892694599,0.3034462507121265,6.982266091116549,0.0,0.6073977947235107,0.45294791199421874,0.16473090913056823,0.00019196523874225854,GREEN: NOMINAL,0.94,0.36019779302717414,ELEVATED,,0.0,False,0.35,0.35,3.2887272931031686,1.4597391302268088,2.500000000001827,0.9805130434886594,,,
1112,False,1.0514371395111084,2.3334561068317,4.051507993001772,0.34030563261970154,0.3047546104721725,6.989208583643787,0.0,0.6077061295509338,0.45287711258510743,0.16548949380643796,0.000511754248220195,GREEN: NOMINAL,0.9349999999999999,0.359837595234147,ELEVATED,,0.0,False,0.35,0.35,3.257308942113076,1.4599375257025744,2.5000000000017355,0.9805031237148711,,,
1113,False,0.984194278717041,2.107621012815578,4.060018505950086,0.34094952126579886,0.30519944218620654,6.996150885296382,0.0,0.6059149503707886,0.4538288038502555,0.16658374331304157,0.0009764772172844146,GREEN: NOMINAL,0.9299999999999999,0.3594777576389128,ELEVATED,,0.0,False,0.35,0.35,3.205059806971396,1.4601357452211454,2.5000000000016485,0.9804932127389426,,,
1114,False,1.040860891342163,2.274849104388794,4.068532255768921,0.3416494326358752,0.3073660830326378,7.003092996082205,0.0,0.6036299467086792,0.4553052519239255,0.16790536483003962,0.0016043546992856833,GREEN: NOMINAL,0.9249999999999999,0.3591182798812739,ELEVATED,,0.0,False,0.35,0.35,3.174714436811864,1.4603338538613106,2.500000000001566,0.9804833073069343,,,
1115,False,0.9543130397796631,1.969003917079552,4.077049202581186,0.342262096243019,0.3108429283596575,7.010034916009127,0.0,0.5998604893684387,0.4578837523840741,0.16934185299191012,0.0023715750635001144,GREEN: NOMINAL,0.9199999999999999,0.35875916160139265,ELEVATED,,0.0,False,0.35,0.35,3.1144676452327515,1.4605317215972853,2.5000000000014873,0.9804734139201357,,,
1116,False,0.7404156923294067,1.2673978109905297,4.085569306469048,0.3426602498391054,0.3138363022573292,7.016976645085021,0.0,0.595907986164093,0.46076504299041693,0.1707912472838558,0.0032647872938069544,GREEN: NOMINAL,0.9149999999999999,0.35840040243979127,ELEVATED,,0.0,False,0.35,0.35,2.9860444465973823,1.460728969203812,2.5000000000014126,0.9804635515398094,,,
1117,False,0.4510674476623535,0.34341281833561355,4.094092527474377,0.3427686570369287,0.31536036176607013,7.023918183317755,0.0,0.5919806361198425,0.4633330987852609,0.17216476680657852,0.004267074330047398,GREEN: NOMINAL,0.9099999999999999,0.3580420020373515,ELEVATED,,0.0,False,0.35,0.35,2.83880785250034,1.4609252830239008,2.500000000001342,0.9804537358488049,,,
1118,False,0.12699782848358154,0.6858370222608791,4.102618825599199,0.3425528862083754,0.3142948699593544,7.030859530715198,0.0,0.5884226560592651,0.4654536111865692,0.17339218179475993,0.005352344948684464,GREEN: NOMINAL,0.9049999999999999,0.3576839600353141,ELEVATED,,0.0,False,0.35,0.35,2.7011083490808905,1.4611204422620283,2.500000000001275,0.9804439778868985,,,
1119,False,0.2543392479419708,0.28092301407193715,4.111148160806147,0.342464672570109,0.31369955544322725,7.037800687285223,0.0,0.5857192277908325,0.4666116371653005,0.17443093689864447,0.006498276179562222,GREEN: NOMINAL,0.8999999999999999,0.3573262760752788,ELEVATED,,0.0,False,0.35,0.35,2.577998272897182,1.4613142709013598,2.500000000001211,0.9804342864549319,,,
1120,False,0.6087614893913269,0.8445959321777445,4.119680493018909,0.3427309693869302,0.3149796368524432,7.044741653035697,0.0,0.5833788514137268,0.46759869308579183,0.17525859012976341,0.007671281673677105,GREEN: NOMINAL,0.8949999999999999,0.3569689497992035,ELEVATED,,0.0,False,0.35,0.35,2.470963995890443,1.4615066544406634,2.50000000000115,0.9804246672779667,,,
1121,False,0.768496036529541,1.3456929285000037,4.1282157821226795,0.34315673445407285,0.3160745613411069,7.051682427974488,0.0,0.5823118090629578,0.46755775560567203,0.17588659919235322,0.008835710952533235,GREEN: NOMINAL,0.8899999999999999,0.3566119808494043,ELEVATED,,0.0,False,0.35,0.35,2.4109939002994754,1.4616980882039448,2.5000000000010925,0.9804150955898027,,,
1122,False,0.7152127623558044,1.1647325483521125,4.13675398796461,0.3435287904819746,0.31911529595330357,7.058623012109466,0.0,0.5833392143249512,0.46622486910612077,0.17635025679078095,0.009944863889345857,GREEN: NOMINAL,0.8849999999999999,0.3562553688685549,ELEVATED,,0.0,False,0.35,0.35,2.3387307936779527,1.4618882228372911,2.500000000001038,0.9804055888581353,,,
1123,False,0.7512332201004028,1.2763777052295913,4.145295070354261,0.343936494911593,0.31910360351800915,7.065563405448498,0.0,0.5848513245582581,0.4644898279431323,0.1767057632921014,0.010943460536771114,GREEN: NOMINAL,0.8799999999999999,0.35589911349968634,ELEVATED,,0.0,False,0.35,0.35,2.285958199407397,1.4620772893116527,2.500000000000986,0.9803961355344173,,,
1124,False,1.010863184928894,2.090801052985824,4.153838989064052,0.3446034216016103,0.31866243915259834,7.07250360799945,0.0,0.5876772403717041,0.4616000554273811,0.17702710458770451,0.011740216107919947,GREEN: NOMINAL,0.8749999999999999,0.35554321438618663,ELEVATED,,0.0,False,0.35,0.35,2.3242937115657156,1.4622671422698537,2.5000000000009366,0.9803866428865072,,,
1125,False,1.2798008918762207,2.946104795392972,4.162385703829714,0.34553861907188493,0.3171178005158901,7.079443619770191,0.0,0.5909497737884521,0.4587498184232524,0.177427230229822,0.01214558782457437,GREEN: NOMINAL,0.8699999999999999,0.35518767117180045,ELEVATED,,0.0,False,0.35,0.35,2.4489123221699343,1.462459189208506,2.5000000000008895,0.9803770405395746,,,
1126,False,1.4383513927459717,3.470849150919475,4.170935174350739,0.346631431845559,0.3145397317573428,7.086383440768586,0.0,0.5969851613044739,0.45384383996238853,0.17800672408278762,0.01308738489860806,GREEN: NOMINAL,0.8649999999999999,0.3548324835006286,ELEVATED,,0.0,False,0.35,0.35,2.61771366172263,1.462653482357735,2.500000000000845,0.9803673258821132,,,
1127,False,1.409531593322754,3.3889553957743033,4.179487360290837,0.3476943320070362,0.313322878973186,7.0933230710025015,0.0,0.6031017303466797,0.4493336021590869,0.1785820442455399,0.013492510749311718,GREEN: NOMINAL,0.8599999999999999,0.35447765101712797,ELEVATED,,0.0,False,0.35,0.35,2.7632106056818504,1.4628492009489154,2.500000000000803,0.9803575399525541,,,
1128,False,1.5416620969772339,3.767812732013774,4.18804222127838,0.3488882997720064,0.3165692888796329,7.100262510479803,0.0,0.6104198098182678,0.44404050514691895,0.17900021344745234,0.013546437780328845,GREEN: NOMINAL,0.8549999999999999,0.3541231733661108,ELEVATED,,0.0,False,0.35,0.35,2.936217455461528,1.4630461623270443,2.5000000000007625,0.9803476918836477,,,
1129,True,1.9715758562088013,5.066748927376519,4.196599716906861,0.3505109873284432,0.31994181912615893,7.094525998079297,0.004636779850754915,0.6173771023750305,0.439504401024843,0.17910002084274898,0.013234010397064238,GREEN: NOMINAL,0.8749999999999999,0.3547690501927447,ELEVATED,0.8596000075340271,0.656258851348632,True,0.35,0.17773205152098406,3.229489841125675,1.4632444663890003,2.5000000000007243,0.9803377766805499,,,
1130,True,2.1650803089141846,5.623140562493956,4.205201858543668,0.3523255566500289,0.32237407763823867,7.088810068336506,0.021535179208379406,0.6242040395736694,0.43558235910456405,0.1787385668262407,0.012568748553452129,GREEN: NOMINAL,0.8949999999999999,0.3554142811425519,ELEVATED,0.8636000156402588,0.6641814139250581,True,0.35,0.17565237884467222,3.5536427532177517,1.463443577733001,2.500000000000688,0.9803278211133498,,,
1131,False,0.7648729681968689,1.2693790400338776,4.213848821720123,0.35273810406157574,0.324674388923496,7.095724576155131,0.0,0.6308261752128601,0.43174499608151923,0.17778135311874776,0.011554500229685065,GREEN: NOMINAL,0.8899999999999999,0.35505886686140936,ELEVATED,,0.0,False,0.35,0.35,3.3945935298280934,1.4636423572805006,2.5000000000006533,0.9803178821359748,,,
1132,True,1.9048806428909302,4.730744224027301,4.222498557859703,0.3542902466004051,0.32776880821734666,7.090016814074611,0.01428536625376208,0.6364444494247437,0.42838689598926044,0.17614959923954612,0.010229752662622625,GREEN: NOMINAL,0.9099999999999999,0.3557038079945479,ELEVATED,0.8543999791145325,0.6461005981348561,True,0.35,0.18039859298960026,3.6136311179712473,1.4638415688969693,2.5000000000006204,0.9803079215551513,,,
1133,False,1.5384374856948853,3.5922355907925123,4.231193337866593,0.3554743938394996,0.3293111105762422,7.096918828772179,0.0,0.6390855312347412,0.4269825441455617,0.1738320539036991,0.008662962602959052,GREEN: NOMINAL,0.9049999999999999,0.3553481041865534,ELEVATED,,0.0,False,0.35,0.35,3.6931426312423956,1.4640408962292488,2.5000000000005893,0.9802979551885374,,,
1134,True,2.4643523693084717,6.378090219804014,4.239890940294892,0.3575832718149686,0.3303134676508605,7.078855243621702,0.017347580406381905,0.6406444311141968,0.4262189269543202,0.17089355389958757,0.006937984643870662,GREEN: NOMINAL,0.9249999999999999,0.3559927560823668,ELEVATED,0.8366000056266785,0.6125038914963775,True,0.35,0.1892177284822009,4.055326895546889,1.4642405699511742,2.5000000000005596,0.9802879715024411,,,
1135,True,1.9530872106552124,4.8073207781181795,4.248633810245525,0.35917877575380885,0.33155857669338584,7.07320787555749,0.019135416155711182,0.6404635310173035,0.4263008720129846,0.16750266872142452,0.005167002550982947,GREEN: NOMINAL,0.945,0.3566367633262844,ELEVATED,0.8266000151634216,0.594401682789708,True,0.35,0.19396955826770165,4.217772405738072,1.4644403341272882,2.5000000000005316,0.9802779832936354,,,
1136,False,0.779788076877594,1.262917048186231,4.257422126455602,0.35959938505493266,0.3327128194414079,7.08007342443402,0.0,0.6373757123947144,0.42799788478048506,0.16393567333731038,0.003477573974475095,GREEN: NOMINAL,0.94,0.3562801265629581,ELEVATED,,0.0,False,0.35,0.35,3.9939097864667032,1.4646399652449886,2.500000000000505,0.9802680017377503,,,
1137,False,1.7721681594848633,4.239824694768253,4.266213406420743,0.36101195382936263,0.33283362102136016,7.086938786609741,0.0,0.6326616406440735,0.4306023567070452,0.16057728994118323,0.0019963745500270556,GREEN: NOMINAL,0.9349999999999999,0.35592384643639513,ELEVATED,,0.0,False,0.35,0.35,4.101065236077825,1.464839667468063,2.5000000000004796,0.9802580166265966,,,
1138,True,1.8493189811706543,4.466207942872331,4.275007608736642,0.3625002608567039,0.3329040517888963,7.081287240251368,0.010722349028263248,0.6261906027793884,0.433539305462729,0.15792263991101282,0.000854833996892967,GREEN: NOMINAL,0.955,0.35656792258995873,ELEVATED,0.7942000031471252,0.5393449180536211,True,0.35,0.20842195901092445,4.219226253485241,1.4650394323284825,2.5000000000004556,0.9802480283835756,,,
1139,True,1.8355607986450195,4.420197154921086,4.283847530222307,0.3639733213944922,0.332923493155092,7.075655755473662,0.018538726759058755,0.6176539063453674,0.4377040982283074,0.1565477926558469,0.00016521605548526985,GREEN: NOMINAL,0.975,0.35721135466736875,ELEVATED,0.7893999814987183,0.5316339685386258,True,0.35,0.2104460832586107,4.3182578152353,1.4652392394188594,2.5000000000004325,0.9802380380290567,,,
1140,False,0.8761965036392212,1.5369309898738168,4.292733351757767,0.36448554457673693,0.33294335427805777,7.082496714492812,0.0,0.6088882088661194,0.4419706739067864,0.15703313086919993,0.00043796474781409287,GREEN: NOMINAL,0.97,0.3568541433127014,ELEVATED,,0.0,False,0.35,0.35,4.104461095986508,1.4654389436560085,2.500000000000411,0.9802280528171993,,,
1141,False,1.5862239599227905,3.665036536338119,4.301622238903394,0.365707282992083,0.33301623730883,7.089337488145238,0.0,0.6006110906600952,0.4460229587004602,0.15956325745089506,0.0014191809478147012,GREEN: NOMINAL,0.965,0.35649728916938866,ELEVATED,,0.0,False,0.35,0.35,4.131264065912631,1.4656386633195253,2.50000000000039,0.9802180668340235,,,
1142,False,1.7136383056640625,4.04253281961978,4.310514149834876,0.367055214014755,0.3331038118265569,7.096178076438472,0.0,0.5923057794570923,0.4500393881498167,0.16400390637463683,0.0029149785968303065,GREEN: NOMINAL,0.96,0.3561407918802193,ELEVATED,,0.0,False,0.35,0.35,4.192264698365602,1.4658384151604833,2.5000000000003704,0.9802080792419756,,,
1143,False,1.5797922611236572,3.6370551002718856,4.319409042688906,0.3682679510618639,0.3331058443330228,7.103018479380046,0.0,0.5855949521064758,0.4532671752702558,0.17005228800292455,0.004839940603980987,GREEN: NOMINAL,0.955,0.35578465108833907,ELEVATED,,0.0,False,0.35,0.35,4.20295669718752,1.466038172248549,2.5000000000003517,0.9801980913875723,,,
1144,False,1.3958021402359009,3.0816230710098624,4.328306875563655,0.3692954852510379,0.3331058443330228,7.109858696977497,0.0,0.5809897184371948,0.4561236510341972,0.17726390779183865,0.007075025492432083,GREEN: NOMINAL,0.95,0.35542886643725075,ELEVATED,,0.0,False,0.35,0.35,4.153244074803302,1.466237903960629,2.500000000000334,0.9801881048019683,,,
1145,False,1.3356930017471313,2.898271331482275,4.337207606519239,0.37026188276753397,0.3331058443330228,7.1166987292383554,0.0,0.5794499516487122,0.45716629500560463,0.18509321638578918,0.009473206842729771,GREEN: NOMINAL,0.945,0.3550734375708135,ELEVATED,,0.0,False,0.35,0.35,4.08889969432166,1.466437598855201,2.500000000000317,0.9801781200572397,,,
1146,False,1.5080221891403198,3.412196349608546,4.34611119357819,0.37139964307390677,0.3331058443330228,7.123538576170155,0.0,0.5811333656311035,0.45649983423122276,0.19296342997105537,0.011876089419816634,GREEN: NOMINAL,0.94,0.3547183641332427,ELEVATED,,0.0,False,0.35,0.35,4.085006343494579,1.4666372913665675,2.500000000000301,0.9801681354316714,,,
1147,True,1.8880878686904907,4.548453355541622,4.355017594725931,0.37291633129952334,0.3331179675713181,7.117842750114948,0.008217845858930982,0.5857124924659729,0.4549833950061686,0.2003338786350257,0.01412978377087311,GREEN: NOMINAL,0.96,0.35536364576910945,ELEVATED,0.7541999816894531,0.4783559994680776,True,0.35,0.22443155013962962,4.201097962549875,1.4668370475504864,2.500000000000286,0.9801581476224754,,,
1148,True,2.0815937519073486,5.123897883038041,4.3639704073971135,0.37462500872013116,0.3331387123927474,7.112167069400758,0.019574964389758826,0.5929708480834961,0.4523689691032779,0.2067653521454869,0.01610306088500201,GREEN: NOMINAL,0.98,0.35600828212334035,ELEVATED,0.7544000148773193,0.47864314684449355,True,0.35,0.22435617395332044,4.367518252293578,1.4670368727323557,2.500000000000272,0.9801481563633819,,,
1149,False,0.7524307370185852,1.132814011022701,4.372969814444947,0.3750028144484296,0.3331773079231381,7.118982693917222,0.0,0.601516842842102,0.4488338003898161,0.211962965563811,0.01769769748081829,GREEN: NOMINAL,0.975,0.355652273841217,ELEVATED,,0.0,False,0.35,0.35,4.103989820869679,1.4672365766908086,2.500000000000258,0.9801381711654593,,,
1150,True,1.879174828529358,4.508849342774051,4.38197217991459,0.3765069864625105,0.33327080322057007,7.113315096551632,0.014017923864928878,0.61019366979599,0.44454770230001284,0.21578558481631813,0.018848827992171906,GREEN: NOMINAL,0.995,0.3562966215673758,ELEVATED,0.7527999877929688,0.4763511261919335,True,0.35,0.22495782937461742,4.221094651915928,1.4674363424277437,2.500000000000245,0.9801281828786126,,,
1151,False,1.5070441961288452,3.3861030738097595,4.391021371358572,0.37763752367217684,0.33354172860011455,7.120118582401294,0.0,0.6157785654067993,0.4418727814564657,0.21825443278123707,0.019549179028504678,GREEN: NOMINAL,0.99,0.3559403249458084,ELEVATED,,0.0,False,0.35,0.35,4.211214703346989,1.4676361034924201,2.5000000000002327,0.9801181948253788,,,
1152,False,1.8385854959487915,4.374226072916189,4.400073572906523,0.3790984716444534,0.3336560570888221,7.12692188489577,0.0,0.6203041672706604,0.43889082951202,0.21951809187285992,0.019825663844624416,GREEN: NOMINAL,0.985,0.3555843846208626,ELEVATED,,0.0,False,0.35,0.35,4.306780826554997,1.4678359061057527,2.500000000000221,0.9801082046947122,,,
1153,True,2.0502169132232666,5.001742794370663,4.409128741901675,0.38076959008603223,0.3337731250427663,7.121250437168761,0.011261592729555844,0.6238243579864502,0.4361765834521249,0.21981042491868366,0.019753254451095756,GREEN: NOMINAL,1.0,0.35622880023624176,ELEVATED,0.7685999870300293,0.49947384785545973,True,0.35,0.21888811493794183,4.459434289658719,1.4680357606331895,2.50000000000021,0.9800982119683403,,,
1154,False,1.7092936038970947,3.9750314880773523,4.418231017738074,0.3820981140998433,0.3338830129466951,7.128041644808523,0.0,0.6268936395645142,0.43358553537392597,0.21937290338907162,0.019435371006977138,GREEN: NOMINAL,0.995,0.35587257143600554,ELEVATED,,0.0,False,0.35,0.35,4.491021800387414,1.4682356240635392,2.5000000000001994,0.9800882187968228,,,
1155,False,1.8568788766860962,4.409703079491858,4.42733631298305,0.38357289486242957,0.33410548403486606,7.134832669751426,0.0,0.6289249062538147,0.43174359411302193,0.21834739657581687,0.018891632858335627,GREEN: NOMINAL,0.99,0.35551669886456955,ELEVATED,,0.0,False,0.35,0.35,4.565537176684593,1.4684355063974026,2.500000000000189,0.9800782246801297,,,
1156,False,1.225219488143921,2.5147358698273066,4.436444584724936,0.3844145414557111,0.33435119639262556,7.141623512004842,0.0,0.6295867562294006,0.43075857104685167,0.2168135088476757,0.01814412925563056,GREEN: NOMINAL,0.985,0.35516118216570497,ELEVATED,,0.0,False,0.35,0.35,4.435537926637173,1.468635353806207,2.5000000000001794,0.9800682323096895,,,
1157,False,0.29623284935951233,0.2636226389553803,4.4455557900134846,0.3843263597636149,0.33416519443541765,7.148414171576144,0.0,0.6286422610282898,0.4304805606938463,0.21481759122984753,0.01721933554929817,GREEN: NOMINAL,0.98,0.35480602098353925,ELEVATED,,0.0,False,0.35,0.35,4.155319384657338,1.4688350866287982,2.5000000000001705,0.9800582456685599,,,
1158,False,1.1082615852355957,2.1633022091303453,4.454669885860347,0.3850502949890869,0.33430895008295775,7.1552046484727025,0.0,0.6257913708686829,0.4315446547832617,0.2124120819564354,0.01616291206171837,GREEN: NOMINAL,0.975,0.3544512149625557,ELEVATED,,0.0,False,0.35,0.35,4.028820280137168,1.46903474260225,2.500000000000162,0.9800482628698873,,,
1159,True,2.3065192699432373,5.738086303283011,4.463786829239554,0.38697176396404104,0.3345274721436202,7.149493810252692,0.008753539646424965,0.6230480074882507,0.43257632835117804,0.20965184816253746,0.015012484452252658,GREEN: NOMINAL,0.995,0.35509676374759314,ELEVATED,0.8083999752998352,0.5628173793305171,True,0.35,0.20226043792573925,4.286672709153458,1.4692345371198123,2.5000000000001537,0.9800382731440093,,,
1160,True,1.9439136981964111,4.6477913152324,4.47295130637742,0.38852870589827343,0.33465035041496155,7.143803026444531,0.018007668451268763,0.6211363077163696,0.4329980404751519,0.20660097745341507,0.01380164860609881,GREEN: NOMINAL,1.0,0.3557416669838455,ELEVATED,0.8181999921798706,0.5796098794097958,True,0.35,0.1978524066549286,4.4047111444370515,1.4694343748286975,2.5000000000001457,0.980028281258565,,,
1161,False,0.5587016940116882,0.5080049029971155,4.482163504373824,0.3886988788863868,0.33464798099845644,7.150569628736094,0.0,0.6198967695236206,0.4333468151880561,0.20333726492134147,0.012564836665671661,GREEN: NOMINAL,0.995,0.3553859253168617,ELEVATED,,0.0,False,0.35,0.35,4.128533792035605,1.4696340929583183,2.500000000000138,0.980018295352084,,,
1162,False,1.4014172554016113,3.0224540006063507,4.49137869747691,0.38971159726290205,0.3347298777535558,7.1573360496441545,0.0,0.6189927458763123,0.4335159977364622,0.19994153874903367,0.011332742465313283,GREEN: NOMINAL,0.99,0.35503053939154483,ELEVATED,,0.0,False,0.35,0.35,4.09253887821317,1.4698337900638223,2.500000000000131,0.9800083104968087,,,
1163,True,1.9977902173995972,4.796757015571929,4.500596842223179,0.39131967588303873,0.3349076336994767,7.151641647266597,0.010945726371100679,0.6197881698608398,0.4329405597667645,0.1964869755965313,0.010123758481427107,GREEN: NOMINAL,1.0,0.35567550885215327,ELEVATED,0.8389999866485596,0.6169297986628426,True,0.35,0.18805592785100378,4.2453025916853555,1.470033566866442,2.5000000000001243,0.9799983216566777,,,
1164,False,1.6866527795791626,3.8619099328233655,4.5098629935152115,0.3926150089867349,0.3350771491572261,7.158396103982982,0.0,0.6210891008377075,0.43188775152375203,0.19304422778346364,0.008951429359022734,GREEN: NOMINAL,0.995,0.35531983334330114,ELEVATED,,0.0,False,0.35,0.35,4.285886755406687,1.470233361060917,2.500000000000118,0.9799883319469539,,,
1165,False,1.7790299654006958,4.133092392722828,4.519132149148685,0.39400142394314885,0.3351070844426751,7.165150379963609,0.0,0.6240562796592712,0.43000508307800284,0.18968328336672943,0.00782818630985135,GREEN: NOMINAL,0.99,0.35496451350995784,ELEVATED,,0.0,False,0.35,0.35,4.351655433022064,1.4704331806101951,2.500000000000112,0.97997834096949,,,
1166,False,1.1112858057022095,2.1308075053861213,4.528404265400996,0.3947187083249079,0.33628898695260284,7.171904475215734,0.0,0.6273056268692017,0.428797777906593,0.18646661833198203,0.006760663731346977,GREEN: NOMINAL,0.985,0.35460954899644787,ELEVATED,,0.0,False,0.35,0.35,4.203163282622269,1.4706329377985432,2.500000000000106,0.9799683531100726,,,
1167,False,0.5987774729728699,0.6010362997925146,4.537679298511045,0.39492276708955587,0.3391720366202295,7.178658389746609,0.0,0.6311246752738953,0.42751939293237246,0.1834534812239145,0.0057564174110090105,GREEN: NOMINAL,0.98,0.3542549394474514,ELEVATED,,0.0,False,0.35,0.35,3.9510527292405073,1.4708325359363579,2.500000000000101,0.9799583732031818,,,
1168,False,1.6503760814666748,3.6755220586919495,4.546957204679727,0.39617822040393297,0.3412298555240035,7.185412123563488,0.0,0.6346619129180908,0.42587281598156074,0.180693984573131,0.004804634167928154,GREEN: NOMINAL,0.975,0.35390068450800394,ELEVATED,,0.0,False,0.35,0.35,4.005887182591291,1.4710321757776972,2.5000000000000955,0.9799483912111149,,,
1169,False,1.5642054080963135,3.4030322355066365,4.5562379400704245,0.39734624759162535,0.34288807150572537,7.192165676673623,0.0,0.6381893754005432,0.42388661216228934,0.17824274178755797,0.003994352760438592,GREEN: NOMINAL,0.97,0.3535467838234959,ELEVATED,,0.0,False,0.35,0.35,4.0280148081316804,1.4712318311969728,2.5000000000000906,0.9799384084401511,,,
1170,False,1.8165843486785889,4.129036851452499,4.565521460809493,0.3987654856927123,0.3433776238851249,7.198919049084268,0.0,0.640716552734375,0.42240809618508585,0.17610720989876533,0.0032978256465349136,GREEN: NOMINAL,0.965,0.3531932370396724,ELEVATED,,0.0,False,0.35,0.35,4.124486008132102,1.4714315470370587,2.500000000000086,0.9799284226481468,,,
1171,False,1.1279658079147339,2.115781400935144,4.574807722986758,0.3994946860149343,0.34430358522757887,7.205672240802675,0.0,0.6419811248779297,0.4219143228803532,0.1742584497996679,0.0026330192682832293,GREEN: NOMINAL,0.96,0.35284004380263273,ELEVATED,,0.0,False,0.35,0.35,4.001728480410856,1.4716311838730514,2.5000000000000817,0.9799184408063472,,,
1172,False,1.8245989084243774,4.117975524876862,4.584096682656002,0.4009197902373438,0.34572306454628704,7.212425251836096,0.0,0.6421496868133545,0.42233116316379904,0.17269199253845804,0.0020270028182757397,GREEN: NOMINAL,0.955,0.3524872037588301,ELEVATED,,0.0,False,0.35,0.35,4.100124375942673,1.4718308855356836,2.5000000000000777,0.9799084557232155,,,
1173,False,1.8788291215896606,4.262624505142613,4.593388295835452,0.40239769956869614,0.3463667560301721,7.219178082191781,0.0,0.6410983204841614,0.4232444054429099,0.17140022019993353,0.00148696417961548,GREEN: NOMINAL,0.95,0.3521347165550712,ELEVATED,,0.0,False,0.35,0.35,4.203430535890788,1.4720306428537029,2.5000000000000737,0.9798984678573145,,,
1174,False,1.7800500392913818,3.949642238424198,4.602682518508279,0.40377535190841884,0.3484555319957435,7.225930731876981,0.0,0.6387892961502075,0.4256128209237451,0.17037416725571686,0.001021082187042743,GREEN: NOMINAL,0.945,0.35178258183851613,ELEVATED,,0.0,False,0.35,0.35,4.262937626680563,1.4722304273871347,2.5000000000000697,0.9798884786306429,,,
1175,False,1.1121609210968018,2.014275326660627,4.611979306623081,0.4044837374776072,0.35133091005608436,7.232683200898949,0.0,0.6364719271659851,0.4283006048282545,0.16960066942594146,0.0006348360308590449,GREEN: NOMINAL,0.94,0.35143079925667764,ELEVATED,,0.0,False,0.35,0.35,4.1136076726598265,1.4724301369816402,2.500000000000066,0.9798784931509176,,,
1176,False,1.7302981615066528,3.7664105511506065,4.621278616094381,0.40580955190163626,0.35165805522724985,7.239435489264932,0.0,0.6328843832015991,0.4313090189280858,0.16906441488141197,0.0003357908956268581,GREEN: NOMINAL,0.9349999999999999,0.35107936845742094,ELEVATED,,0.0,False,0.35,0.35,4.1608317603824405,1.472629872731683,2.5000000000000626,0.9798685063634154,,,
1177,False,1.6381162405014038,3.489855369377935,4.630580402803114,0.40704185859023606,0.35275799470469354,7.246187596982182,0.0,0.6278871297836304,0.43461787487687853,0.16874641347967947,0.00012764128843719726,GREEN: NOMINAL,0.9299999999999999,0.35072828908896353,ELEVATED,,0.0,False,0.35,0.35,4.172864425269608,1.4728296147610274,2.5000000000000595,0.9798585192619481,,,
1178,False,0.8479083776473999,1.2443540152186539,4.639884622597117,0.40748272510929323,0.3539391902558505,7.252939524057948,0.0,0.6219694018363953,0.4383333367390872,0.16863312749969472,1.717024137999482e-05,GREEN: NOMINAL,0.9249999999999999,0.3503775607998746,ELEVATED,,0.0,False,0.35,0.35,3.9473394520045666,1.473029209906313,2.5000000000000564,0.9798485395046839,,,
1179,False,0.9165433049201965,1.4313704222263697,4.649191231291627,0.4079917856891041,0.35528994544968007,7.259691270499478,0.0,0.6159598231315613,0.4418544857675765,0.16870726504537817,0.00010418825210367789,GREEN: NOMINAL,0.9199999999999999,0.3500271832390747,ELEVATED,,0.0,False,0.35,0.35,3.7620204078110464,1.4732286236762213,2.5000000000000533,0.9798385688161885,,,
1180,False,1.4607897996902466,2.9413831015826606,4.658500184669766,0.4090445837031052,0.35756825264319775,7.266442836314022,0.0,0.610392689704895,0.445084095447062,0.1689055145268545,0.0003028940548445606,GREEN: NOMINAL,0.9149999999999999,0.34967715605583566,ELEVATED,,0.0,False,0.35,0.35,3.751278268535903,1.4734280247341935,2.5000000000000506,0.9798285987632899,,,
1181,False,1.3448442220687866,2.5957466665510887,4.667811438483035,0.40998038334147086,0.36015218695029616,7.273194221508828,0.0,0.6055288314819336,0.44822814999900257,0.16915814609732757,0.0006040769290229914,GREEN: NOMINAL,0.9099999999999999,0.34932747889977983,ELEVATED,,0.0,False,0.35,0.35,3.703995797409868,1.473627366486525,2.500000000000048,0.9798186316756733,,,
1182,False,0.611035943031311,0.5531713078484961,4.677124948451808,0.4101814389011607,0.3630963885515928,7.279945426091143,0.0,0.6011829376220703,0.45111529382382143,0.16940896854730253,0.0010095751929474618,GREEN: NOMINAL,0.9049999999999999,0.34897815142088007,ELEVATED,,0.0,False,0.35,0.35,3.4912476957164222,1.4738263600158719,2.5000000000000453,0.9798086819992059,,,
1183,False,1.0492823123931885,1.7744095010118575,4.686440670265819,0.41082053977465277,0.35981647542715073,7.2866964500682165,0.0,0.5978334546089172,0.4532144963039715,0.16961216143548039,0.001517413534570929,GREEN: NOMINAL,0.8999999999999999,0.3486291732694592,ELEVATED,,0.0,False,0.35,0.35,3.3816036968118697,1.4740251075415463,2.500000000000043,0.9797987446229222,,,
1184,False,1.1228246688842773,1.9899083675512834,4.695758559584661,0.4115325439037624,0.3574496879249811,7.293447293447294,0.0,0.5961878895759583,0.45450507840411813,0.16974220808765142,0.0021320551542088574,GREEN: NOMINAL,0.8949999999999999,0.34828054409618975,ELEVATED,,0.0,False,0.35,0.35,3.3048060344812327,1.4742236478915494,2.500000000000041,0.979788817605422,,,
1185,False,0.9679503440856934,1.563545055820947,4.705078572038269,0.4120889617039444,0.3555135045915842,7.300197956235621,0.0,0.5964904427528381,0.45451093162259415,0.16979290124687985,0.0028524593897453657,GREEN: NOMINAL,0.8899999999999999,0.34793226355209356,ELEVATED,,0.0,False,0.35,0.35,3.191175218142324,1.4744218175041455,2.5000000000000386,0.9797789091247923,,,
1186,False,0.6553097367286682,0.6796807360090857,4.714400663227416,0.4123321824789691,0.35748777532875536,7.306948438440447,0.0,0.598285973072052,0.453138159119296,0.16978712103972496,0.003679151654599046,GREEN: NOMINAL,0.8849999999999999,0.34758433128854144,ELEVATED,,0.0,False,0.35,0.35,3.0292786308277515,1.4746192916666971,2.5000000000000364,0.9797690354166647,,,
1187,False,0.29976311326026917,0.3147572692456875,4.723724788724206,0.41221961340975033,0.3572800730511546,7.313698740069015,0.0,0.6028226017951965,0.4497165849033241,0.16978034673720932,0.004611803090148509,GREEN: NOMINAL,0.8799999999999999,0.3472367469572529,ELEVATED,,0.0,False,0.35,0.35,2.8807190100391042,1.4748158993618086,2.5000000000000346,0.9797592050319092,,,
1188,False,0.26147037744522095,0.42193467936435297,4.733050904072567,0.4120688641737858,0.3569236995533108,7.320448861128573,0.0,0.6083644032478333,0.4459127639765761,0.1698557658126377,0.005642764529798565,GREEN: NOMINAL,0.8749999999999999,0.3468895102102956,ELEVATED,,0.0,False,0.35,0.35,2.7484058166075105,1.475011490704917,2.500000000000033,0.9797494254647537,,,
1189,False,0.6135507822036743,0.5524480575627096,4.742378964788738,0.4122703460918157,0.36434273477196694,7.3271988016263645,0.0,0.6130833625793457,0.44228268199585014,0.1701183280500836,0.006762775885089486,GREEN: NOMINAL,0.8699999999999999,0.34654262070008535,ELEVATED,,0.0,False,0.35,0.35,2.6353947558410047,1.4752059794024475,2.500000000000031,0.9797397010298772,,,
1190,False,0.9786567091941833,1.5288327784290006,4.751708926361764,0.41283673245491803,0.3700993233025074,7.333948561569635,0.0,0.617493748664856,0.43862922219043254,0.1706728111171684,0.007950811900681636,GREEN: NOMINAL,0.8649999999999999,0.34619607807938524,ELEVATED,,0.0,False,0.35,0.35,2.5927446722596166,1.4753999847067525,2.5000000000000293,0.9797300007646619,,,
1191,False,1.3156605958938599,2.431634881392791,4.761040744253987,0.413739556318357,0.3709113759130239,7.340698140965628,0.0,0.6227988004684448,0.4348137649251573,0.17160240059788304,0.00917367140737252,GREEN: NOMINAL,0.8599999999999999,0.34584988200130584,ELEVATED,,0.0,False,0.35,0.35,2.650676457730265,1.4755946370824828,2.5000000000000275,0.9797202681458753,,,
1192,False,1.616431474685669,3.2303768122189496,4.770374373901538,0.4149422482367243,0.3719346987336874,7.347447539821588,0.0,0.6275867223739624,0.43158433049173395,0.1729506947476933,0.010381003836149653,GREEN: NOMINAL,0.8549999999999999,0.3455040321193045,ELEVATED,,0.0,False,0.35,0.35,2.7880523649891504,1.4757905610767204,2.500000000000026,0.9797104719461635,,,
1193,False,1.879305362701416,3.9232195864078334,4.7797097707148275,0.416406611351189,0.3728822002261877,7.35419675814476,0.0,0.631798267364502,0.4293365193508751,0.17470680608834865,0.011494918390037447,GREEN: NOMINAL,0.8499999999999999,0.3451585280871852,ELEVATED,,0.0,False,0.35,0.35,2.985552753767512,1.4759878059939033,2.500000000000025,0.9797006097003043,,,
1194,False,2.1061928272247314,4.52437110604228,4.789046890079041,0.41809639756706257,0.3731118403181434,7.360945795942386,0.0,0.6354106664657593,0.4276424156680064,0.17680487403216133,0.012416905244606145,GREEN: NOMINAL,0.8449999999999999,0.344813369559098,ELEVATED,,0.0,False,0.35,0.35,3.227315649494849,1.4761861026966847,2.5000000000000235,0.9796906948651651,,,
1195,True,2.3020033836364746,5.044125851054707,4.7983856873546245,0.41998030455313196,0.3731118403181434,7.354907615080637,0.007458845367019438,0.6384561061859131,0.4261139195138759,0.1791353909242202,0.013052359775950427,GREEN: NOMINAL,0.8649999999999999,0.3454685561895389,ELEVATED,0.8371999859809875,0.6136073551887746,True,0.35,0.18892806926294664,3.5002401492806983,1.4763851141211732,2.500000000000022,0.9796807442939407,,,
1196,True,3.2866055965423584,7.675335803482891,4.807774195379347,0.4228469298451212,0.3731118403181434,7.336375610340194,0.03538635641840142,0.6405404806137085,0.42429136046744637,0.18154636663794582,0.013356704532449748,GREEN: NOMINAL,0.8849999999999999,0.34612308763334937,ELEVATED,0.8485999703407288,0.6349556729031168,True,0.35,0.18332413586293184,4.022082108686949,1.4765847654310937,2.500000000000021,0.9796707617284447,,,
1197,False,1.0437713861465454,1.6625136616308,4.817212603000644,0.4234678543014226,0.3731118403181434,7.343089777020914,0.0,0.6391206979751587,0.42421102767255375,0.18381960931901883,0.013347049042618783,GREEN: NOMINAL,0.8799999999999999,0.345776964545716,ELEVATED,,0.0,False,0.35,0.35,3.8621543403686873,1.4767842854673747,2.5000000000000195,0.9796607857266306,,,
1198,True,2.6044018268585205,5.839410072665534,4.826652833493606,0.4256487882739797,0.3731118403181434,7.337114018195099,0.026253133932369315,0.6349344253540039,0.4259585814043802,0.18562845566231173,0.012878338016848295,GREEN: NOMINAL,0.8999999999999999,0.34643118758117025,ELEVATED,0.8428000211715698,0.6240031038632289,True,0.35,0.1861991852359024,4.154230105224029,1.4769840177076599,2.5000000000000187,0.9796507991146164,,,
1199,False,2.0893192291259766,4.45444660505545,4.836143202946003,0.42731245871483164,0.3731118403181434,7.3438164045898855,0.0,0.6294013857841492,0.42861622298619867,0.18666110473980532,0.011896277325964454,GREEN: NOMINAL,0.8949999999999999,0.3460847563935891,ELEVATED,,0.0,False,0.35,0.35,4.270525278130836,1.4771838054844557,2.5000000000000178,0.9796408097257766,,,
